ISO-10303-21;
HEADER;
/* Generated by software containing ST-Developer
 * from STEP Tools, Inc. (www.steptools.com) 
 */

FILE_DESCRIPTION(
/* description */ (''),
/* implementation_level */ '2;1');

FILE_NAME(
/* name */ 'ROBO_CONTROLLER.step',
/* time_stamp */ '2026-03-23T09:27:51Z',
/* author */ (''),
/* organization */ (''),
/* preprocessor_version */ 'ST-DEVELOPER v20.1',
/* originating_system */ 'Autodesk Translation Framework v14.24.0.0',
/* authorisation */ '');

FILE_SCHEMA (('AUTOMOTIVE_DESIGN { 1 0 10303 214 3 1 1 }'));
ENDSEC;

DATA;
#10=MECHANICAL_DESIGN_GEOMETRIC_PRESENTATION_REPRESENTATION('',(#13,#14),
#15342);
#11=SHAPE_REPRESENTATION_RELATIONSHIP('SRR','None',#15348,#12);
#12=ADVANCED_BREP_SHAPE_REPRESENTATION('',(#15,#16),#15341);
#13=STYLED_ITEM('',(#15357),#15);
#14=STYLED_ITEM('',(#15357),#16);
#15=MANIFOLD_SOLID_BREP('Body3',#7251);
#16=MANIFOLD_SOLID_BREP('Body4',#7252);
#17=TOROIDAL_SURFACE('',#7587,10.,4.);
#18=TOROIDAL_SURFACE('',#7827,10.,4.);
#19=(
BOUNDED_SURFACE()
B_SPLINE_SURFACE(1,2,((#11636,#11637,#11638),(#11639,#11640,#11641)),
 .UNSPECIFIED.,.F.,.F.,.F.)
B_SPLINE_SURFACE_WITH_KNOTS((2,2),(3,3),(2.71692263060146E-16,4.78937132704393),
(-3.15171247192747,-3.13147283525212),.UNSPECIFIED.)
GEOMETRIC_REPRESENTATION_ITEM()
RATIONAL_B_SPLINE_SURFACE(((1.,0.999948795075403,1.),(1.,0.999948795075403,
1.)))
REPRESENTATION_ITEM('')
SURFACE()
);
#20=(
BOUNDED_SURFACE()
B_SPLINE_SURFACE(1,2,((#11730,#11731,#11732),(#11733,#11734,#11735)),
 .UNSPECIFIED.,.F.,.F.,.F.)
B_SPLINE_SURFACE_WITH_KNOTS((2,2),(3,3),(0.208874386593789,0.208953131841964),
(3.13147283525212,3.15171247192747),.UNSPECIFIED.)
GEOMETRIC_REPRESENTATION_ITEM()
RATIONAL_B_SPLINE_SURFACE(((1.,0.999948795075403,1.),(1.,0.999948795075403,
1.)))
REPRESENTATION_ITEM('')
SURFACE()
);
#21=(
BOUNDED_SURFACE()
B_SPLINE_SURFACE(1,2,((#12155,#12156,#12157),(#12158,#12159,#12160)),
 .UNSPECIFIED.,.F.,.F.,.F.)
B_SPLINE_SURFACE_WITH_KNOTS((2,2),(3,3),(3.39814967355745,3.50363240186045),
(3.13147283525212,3.15171247192747),.UNSPECIFIED.)
GEOMETRIC_REPRESENTATION_ITEM()
RATIONAL_B_SPLINE_SURFACE(((1.,0.999948795075403,1.),(1.,0.999948795075403,
1.)))
REPRESENTATION_ITEM('')
SURFACE()
);
#22=(
BOUNDED_CURVE()
B_SPLINE_CURVE(2,(#10206,#10207,#10208),.UNSPECIFIED.,.F.,.F.)
B_SPLINE_CURVE_WITH_KNOTS((3,3),(0.691517373838771,1.11030691710276),
 .UNSPECIFIED.)
CURVE()
GEOMETRIC_REPRESENTATION_ITEM()
RATIONAL_B_SPLINE_CURVE((0.99925414552828,0.99919016484803,0.999322241334853))
REPRESENTATION_ITEM('')
);
#23=(
BOUNDED_CURVE()
B_SPLINE_CURVE(2,(#13672,#13673,#13674),.UNSPECIFIED.,.F.,.F.)
B_SPLINE_CURVE_WITH_KNOTS((3,3),(0.537882286171679,1.21323342442786),
 .UNSPECIFIED.)
CURVE()
GEOMETRIC_REPRESENTATION_ITEM()
RATIONAL_B_SPLINE_CURVE((0.999368941034197,0.999182025241886,0.999520579559639))
REPRESENTATION_ITEM('')
);
#24=SPHERICAL_SURFACE('',#7310,6.);
#25=SPHERICAL_SURFACE('',#7387,4.);
#26=SPHERICAL_SURFACE('',#7390,4.);
#27=SPHERICAL_SURFACE('',#7392,4.);
#28=SPHERICAL_SURFACE('',#7393,4.);
#29=SPHERICAL_SURFACE('',#7394,4.);
#30=SPHERICAL_SURFACE('',#7395,4.);
#31=SPHERICAL_SURFACE('',#7396,4.);
#32=SPHERICAL_SURFACE('',#7397,4.);
#33=SPHERICAL_SURFACE('',#7399,4.);
#34=SPHERICAL_SURFACE('',#7401,4.);
#35=SPHERICAL_SURFACE('',#7404,4.);
#36=SPHERICAL_SURFACE('',#7409,4.);
#37=SPHERICAL_SURFACE('',#7445,10.);
#38=SPHERICAL_SURFACE('',#7553,4.);
#39=SPHERICAL_SURFACE('',#7555,4.);
#40=SPHERICAL_SURFACE('',#7559,4.);
#41=SPHERICAL_SURFACE('',#7562,4.);
#42=SPHERICAL_SURFACE('',#7565,4.);
#43=SPHERICAL_SURFACE('',#7691,10.);
#44=SPHERICAL_SURFACE('',#7727,6.);
#45=SPHERICAL_SURFACE('',#7782,4.);
#46=SPHERICAL_SURFACE('',#7783,4.);
#47=SPHERICAL_SURFACE('',#7784,4.);
#48=SPHERICAL_SURFACE('',#7785,4.);
#49=SPHERICAL_SURFACE('',#7786,4.);
#50=SPHERICAL_SURFACE('',#7787,4.);
#51=CYLINDRICAL_SURFACE('',#7270,10.);
#52=CYLINDRICAL_SURFACE('',#7274,10.);
#53=CYLINDRICAL_SURFACE('',#7308,6.);
#54=CYLINDRICAL_SURFACE('',#7314,6.);
#55=CYLINDRICAL_SURFACE('',#7317,6.);
#56=CYLINDRICAL_SURFACE('',#7318,6.);
#57=CYLINDRICAL_SURFACE('',#7324,6.);
#58=CYLINDRICAL_SURFACE('',#7329,4.);
#59=CYLINDRICAL_SURFACE('',#7332,4.);
#60=CYLINDRICAL_SURFACE('',#7335,4.);
#61=CYLINDRICAL_SURFACE('',#7337,4.);
#62=CYLINDRICAL_SURFACE('',#7340,4.);
#63=CYLINDRICAL_SURFACE('',#7343,4.);
#64=CYLINDRICAL_SURFACE('',#7346,4.);
#65=CYLINDRICAL_SURFACE('',#7348,4.);
#66=CYLINDRICAL_SURFACE('',#7351,4.);
#67=CYLINDRICAL_SURFACE('',#7354,4.);
#68=CYLINDRICAL_SURFACE('',#7357,4.);
#69=CYLINDRICAL_SURFACE('',#7359,4.);
#70=CYLINDRICAL_SURFACE('',#7361,4.);
#71=CYLINDRICAL_SURFACE('',#7363,4.);
#72=CYLINDRICAL_SURFACE('',#7364,4.);
#73=CYLINDRICAL_SURFACE('',#7369,4.);
#74=CYLINDRICAL_SURFACE('',#7374,4.);
#75=CYLINDRICAL_SURFACE('',#7376,4.);
#76=CYLINDRICAL_SURFACE('',#7379,4.);
#77=CYLINDRICAL_SURFACE('',#7382,4.);
#78=CYLINDRICAL_SURFACE('',#7384,4.);
#79=CYLINDRICAL_SURFACE('',#7407,4.);
#80=CYLINDRICAL_SURFACE('',#7415,4.);
#81=CYLINDRICAL_SURFACE('',#7417,4.);
#82=CYLINDRICAL_SURFACE('',#7427,4.);
#83=CYLINDRICAL_SURFACE('',#7429,4.);
#84=CYLINDRICAL_SURFACE('',#7438,1.81219088262127);
#85=CYLINDRICAL_SURFACE('',#7439,1.71903843850666);
#86=CYLINDRICAL_SURFACE('',#7440,10.);
#87=CYLINDRICAL_SURFACE('',#7443,10.);
#88=CYLINDRICAL_SURFACE('',#7448,10.);
#89=CYLINDRICAL_SURFACE('',#7459,4.);
#90=CYLINDRICAL_SURFACE('',#7462,4.);
#91=CYLINDRICAL_SURFACE('',#7481,20.);
#92=CYLINDRICAL_SURFACE('',#7483,2.117);
#93=CYLINDRICAL_SURFACE('',#7488,2.117);
#94=CYLINDRICAL_SURFACE('',#7518,10.);
#95=CYLINDRICAL_SURFACE('',#7524,10.);
#96=CYLINDRICAL_SURFACE('',#7528,17.5);
#97=CYLINDRICAL_SURFACE('',#7542,4.);
#98=CYLINDRICAL_SURFACE('',#7544,4.);
#99=CYLINDRICAL_SURFACE('',#7547,4.);
#100=CYLINDRICAL_SURFACE('',#7551,4.);
#101=CYLINDRICAL_SURFACE('',#7569,4.);
#102=CYLINDRICAL_SURFACE('',#7571,4.);
#103=CYLINDRICAL_SURFACE('',#7572,4.);
#104=CYLINDRICAL_SURFACE('',#7573,4.);
#105=CYLINDRICAL_SURFACE('',#7575,4.);
#106=CYLINDRICAL_SURFACE('',#7577,4.);
#107=CYLINDRICAL_SURFACE('',#7578,4.);
#108=CYLINDRICAL_SURFACE('',#7579,4.);
#109=CYLINDRICAL_SURFACE('',#7582,4.);
#110=CYLINDRICAL_SURFACE('',#7584,4.);
#111=CYLINDRICAL_SURFACE('',#7586,4.);
#112=CYLINDRICAL_SURFACE('',#7590,4.);
#113=CYLINDRICAL_SURFACE('',#7592,4.);
#114=CYLINDRICAL_SURFACE('',#7594,4.);
#115=CYLINDRICAL_SURFACE('',#7595,4.);
#116=CYLINDRICAL_SURFACE('',#7597,4.);
#117=CYLINDRICAL_SURFACE('',#7598,4.);
#118=CYLINDRICAL_SURFACE('',#7608,16.);
#119=CYLINDRICAL_SURFACE('',#7615,16.);
#120=CYLINDRICAL_SURFACE('',#7617,6.);
#121=CYLINDRICAL_SURFACE('',#7624,6.);
#122=CYLINDRICAL_SURFACE('',#7627,13.5);
#123=CYLINDRICAL_SURFACE('',#7635,6.);
#124=CYLINDRICAL_SURFACE('',#7638,6.);
#125=CYLINDRICAL_SURFACE('',#7641,6.);
#126=CYLINDRICAL_SURFACE('',#7644,10.);
#127=CYLINDRICAL_SURFACE('',#7648,10.);
#128=CYLINDRICAL_SURFACE('',#7656,10.);
#129=CYLINDRICAL_SURFACE('',#7666,20.);
#130=CYLINDRICAL_SURFACE('',#7688,10.);
#131=CYLINDRICAL_SURFACE('',#7696,10.);
#132=CYLINDRICAL_SURFACE('',#7700,10.);
#133=CYLINDRICAL_SURFACE('',#7701,10.);
#134=CYLINDRICAL_SURFACE('',#7706,10.);
#135=CYLINDRICAL_SURFACE('',#7719,6.);
#136=CYLINDRICAL_SURFACE('',#7722,6.);
#137=CYLINDRICAL_SURFACE('',#7724,6.);
#138=CYLINDRICAL_SURFACE('',#7728,6.);
#139=CYLINDRICAL_SURFACE('',#7739,4.);
#140=CYLINDRICAL_SURFACE('',#7745,4.);
#141=CYLINDRICAL_SURFACE('',#7747,4.);
#142=CYLINDRICAL_SURFACE('',#7750,4.);
#143=CYLINDRICAL_SURFACE('',#7752,4.);
#144=CYLINDRICAL_SURFACE('',#7754,4.);
#145=CYLINDRICAL_SURFACE('',#7756,4.);
#146=CYLINDRICAL_SURFACE('',#7757,4.);
#147=CYLINDRICAL_SURFACE('',#7763,4.);
#148=CYLINDRICAL_SURFACE('',#7766,4.);
#149=CYLINDRICAL_SURFACE('',#7769,4.);
#150=CYLINDRICAL_SURFACE('',#7772,4.);
#151=CYLINDRICAL_SURFACE('',#7775,4.);
#152=CYLINDRICAL_SURFACE('',#7778,4.);
#153=CYLINDRICAL_SURFACE('',#7780,4.);
#154=CYLINDRICAL_SURFACE('',#7790,6.);
#155=CYLINDRICAL_SURFACE('',#7802,20.);
#156=CYLINDRICAL_SURFACE('',#7806,20.);
#157=CYLINDRICAL_SURFACE('',#7819,2.117);
#158=CYLINDRICAL_SURFACE('',#7823,10.);
#159=CYLINDRICAL_SURFACE('',#7825,4.);
#160=CYLINDRICAL_SURFACE('',#7831,4.);
#161=CYLINDRICAL_SURFACE('',#7834,4.);
#162=CYLINDRICAL_SURFACE('',#7836,4.);
#163=CYLINDRICAL_SURFACE('',#7838,4.);
#164=CYLINDRICAL_SURFACE('',#7839,4.);
#165=CYLINDRICAL_SURFACE('',#7840,4.);
#166=CYLINDRICAL_SURFACE('',#7842,6.);
#167=CYLINDRICAL_SURFACE('',#7847,6.);
#168=CYLINDRICAL_SURFACE('',#7855,6.);
#169=CYLINDRICAL_SURFACE('',#7856,16.);
#170=CYLINDRICAL_SURFACE('',#7861,16.);
#171=CYLINDRICAL_SURFACE('',#7874,10.);
#172=CYLINDRICAL_SURFACE('',#7878,10.);
#173=B_SPLINE_SURFACE_WITH_KNOTS('',3,3,((#9860,#9861,#9862,#9863,#9864,
#9865),(#9866,#9867,#9868,#9869,#9870,#9871),(#9872,#9873,#9874,#9875,#9876,
#9877),(#9878,#9879,#9880,#9881,#9882,#9883),(#9884,#9885,#9886,#9887,#9888,
#9889),(#9890,#9891,#9892,#9893,#9894,#9895)),.UNSPECIFIED.,.F.,.F.,.F.,
(4,1,1,4),(4,1,1,4),(0.,0.285714285714286,0.571428571428571,1.),(0.440913434687368,
0.763737118146662,1.08656080160596,1.5707963267949),.UNSPECIFIED.);
#174=B_SPLINE_SURFACE_WITH_KNOTS('',3,3,((#10107,#10108,#10109,#10110,#10111,
#10112),(#10113,#10114,#10115,#10116,#10117,#10118),(#10119,#10120,#10121,
#10122,#10123,#10124),(#10125,#10126,#10127,#10128,#10129,#10130),(#10131,
#10132,#10133,#10134,#10135,#10136),(#10137,#10138,#10139,#10140,#10141,
#10142)),.UNSPECIFIED.,.F.,.F.,.F.,(4,1,1,4),(4,1,1,4),(0.,0.285714285714286,
0.571428571428571,1.),(0.440913434687368,0.763737118146662,1.08656080160596,
1.5707963267949),.UNSPECIFIED.);
#175=B_SPLINE_SURFACE_WITH_KNOTS('',3,3,((#10409,#10410,#10411,#10412,#10413),
(#10414,#10415,#10416,#10417,#10418),(#10419,#10420,#10421,#10422,#10423),
(#10424,#10425,#10426,#10427,#10428),(#10429,#10430,#10431,#10432,#10433)),
 .UNSPECIFIED.,.F.,.F.,.F.,(4,1,4),(4,1,4),(0.35384741635122,0.427068056189065,
0.524695575972858),(0.,0.254378262591413,0.593549279379964),
 .UNSPECIFIED.);
#176=B_SPLINE_SURFACE_WITH_KNOTS('',3,3,((#10444,#10445,#10446,#10447),
(#10448,#10449,#10450,#10451),(#10452,#10453,#10454,#10455),(#10456,#10457,
#10458,#10459),(#10460,#10461,#10462,#10463)),.UNSPECIFIED.,.F.,.F.,.F.,
(4,1,4),(4,4),(0.5,0.584009946978418,0.696023209616309),(5.05392093758401,
5.378780795024),.UNSPECIFIED.);
#177=B_SPLINE_SURFACE_WITH_KNOTS('',3,3,((#10470,#10471,#10472,#10473,#10474),
(#10475,#10476,#10477,#10478,#10479),(#10480,#10481,#10482,#10483,#10484),
(#10485,#10486,#10487,#10488,#10489),(#10490,#10491,#10492,#10493,#10494)),
 .UNSPECIFIED.,.F.,.F.,.F.,(4,1,4),(4,1,4),(0.171891132620256,0.261158409625677,
0.328108867379744),(0.841253044616294,1.15391445126427,1.5707963267949),
 .UNSPECIFIED.);
#178=B_SPLINE_SURFACE_WITH_KNOTS('',3,3,((#10502,#10503,#10504,#10505,#10506),
(#10507,#10508,#10509,#10510,#10511),(#10512,#10513,#10514,#10515,#10516),
(#10517,#10518,#10519,#10520,#10521),(#10522,#10523,#10524,#10525,#10526)),
 .UNSPECIFIED.,.F.,.F.,.F.,(4,1,4),(4,1,4),(0.,0.142857142857143,0.25),
(0.729543282178604,1.09008030129987,1.5707963267949),.UNSPECIFIED.);
#179=B_SPLINE_SURFACE_WITH_KNOTS('',3,3,((#10527,#10528,#10529,#10530,#10531),
(#10532,#10533,#10534,#10535,#10536),(#10537,#10538,#10539,#10540,#10541),
(#10542,#10543,#10544,#10545,#10546),(#10547,#10548,#10549,#10550,#10551)),
 .UNSPECIFIED.,.F.,.F.,.F.,(4,1,4),(4,1,4),(0.,0.142857142857143,0.25),
(-1.5707963267949,-1.18146247567018,-0.662350674170557),.UNSPECIFIED.);
#180=B_SPLINE_SURFACE_WITH_KNOTS('',3,3,((#10569,#10570,#10571,#10572,#10573,
#10574,#10575),(#10576,#10577,#10578,#10579,#10580,#10581,#10582),(#10583,
#10584,#10585,#10586,#10587,#10588,#10589),(#10590,#10591,#10592,#10593,
#10594,#10595,#10596),(#10597,#10598,#10599,#10600,#10601,#10602,#10603)),
 .UNSPECIFIED.,.F.,.F.,.F.,(4,1,4),(4,1,1,1,4),(0.741922264008158,0.849153634860589,
0.992128795997163),(0.,0.114448740538795,0.343346221616385,0.572243702693975,
0.801141183771566),.UNSPECIFIED.);
#181=B_SPLINE_SURFACE_WITH_KNOTS('',3,3,((#10875,#10876,#10877,#10878,#10879,
#10880,#10881,#10882,#10883,#10884,#10885),(#10886,#10887,#10888,#10889,
#10890,#10891,#10892,#10893,#10894,#10895,#10896),(#10897,#10898,#10899,
#10900,#10901,#10902,#10903,#10904,#10905,#10906,#10907),(#10908,#10909,
#10910,#10911,#10912,#10913,#10914,#10915,#10916,#10917,#10918),(#10919,
#10920,#10921,#10922,#10923,#10924,#10925,#10926,#10927,#10928,#10929),
(#10930,#10931,#10932,#10933,#10934,#10935,#10936,#10937,#10938,#10939,
#10940),(#10941,#10942,#10943,#10944,#10945,#10946,#10947,#10948,#10949,
#10950,#10951)),.UNSPECIFIED.,.F.,.F.,.F.,(4,1,1,1,4),(4,1,1,1,1,1,1,1,
4),(0.,0.285714285714286,0.571428571428571,0.857142857142857,1.),(1.60378987861759,
4.20220009772634,5.50140520728072,6.80061031683509,8.09981542638947,9.39902053594384,
10.6982256454982,11.9974307550526,12.0001176667155),.UNSPECIFIED.);
#182=B_SPLINE_SURFACE_WITH_KNOTS('',3,3,((#11357,#11358,#11359,#11360,#11361,
#11362,#11363,#11364,#11365,#11366,#11367,#11368,#11369,#11370,#11371,#11372,
#11373,#11374),(#11375,#11376,#11377,#11378,#11379,#11380,#11381,#11382,
#11383,#11384,#11385,#11386,#11387,#11388,#11389,#11390,#11391,#11392),
(#11393,#11394,#11395,#11396,#11397,#11398,#11399,#11400,#11401,#11402,
#11403,#11404,#11405,#11406,#11407,#11408,#11409,#11410),(#11411,#11412,
#11413,#11414,#11415,#11416,#11417,#11418,#11419,#11420,#11421,#11422,#11423,
#11424,#11425,#11426,#11427,#11428),(#11429,#11430,#11431,#11432,#11433,
#11434,#11435,#11436,#11437,#11438,#11439,#11440,#11441,#11442,#11443,#11444,
#11445,#11446),(#11447,#11448,#11449,#11450,#11451,#11452,#11453,#11454,
#11455,#11456,#11457,#11458,#11459,#11460,#11461,#11462,#11463,#11464),
(#11465,#11466,#11467,#11468,#11469,#11470,#11471,#11472,#11473,#11474,
#11475,#11476,#11477,#11478,#11479,#11480,#11481,#11482)),.UNSPECIFIED.,
 .F.,.F.,.F.,(4,1,1,1,4),(4,1,1,1,1,1,1,1,1,1,1,1,1,1,1,4),(0.,0.285714285714286,
0.571428571428571,0.857142857142857,1.),(1.60378987861759,2.90299498817197,
4.20220009772634,4.85180265250353,5.50140520728072,6.1510077620579,6.80061031683509,
7.45021287161228,8.09981542638947,8.74941798116665,9.39902053594384,10.048623090721,
10.6982256454982,11.3478282002754,11.9974307550526,12.0001176667155),
 .UNSPECIFIED.);
#183=B_SPLINE_SURFACE_WITH_KNOTS('',3,3,((#11683,#11684,#11685,#11686),
(#11687,#11688,#11689,#11690),(#11691,#11692,#11693,#11694),(#11695,#11696,
#11697,#11698)),.UNSPECIFIED.,.F.,.F.,.F.,(4,4),(4,4),(0.828837332570395,
1.),(1.60378987861759,2.9030758777402),.UNSPECIFIED.);
#184=B_SPLINE_SURFACE_WITH_KNOTS('',3,1,((#11789,#11790),(#11791,#11792),
(#11793,#11794),(#11795,#11796),(#11797,#11798),(#11799,#11800),(#11801,
#11802),(#11803,#11804)),.UNSPECIFIED.,.F.,.F.,.F.,(4,2,2,4),(2,2),(-0.822143600518895,
-0.742779409283028,-0.371504738530285,0.),(0.,4.),.UNSPECIFIED.);
#185=B_SPLINE_SURFACE_WITH_KNOTS('',3,1,((#11843,#11844),(#11845,#11846),
(#11847,#11848),(#11849,#11850),(#11851,#11852),(#11853,#11854),(#11855,
#11856),(#11857,#11858)),.UNSPECIFIED.,.F.,.F.,.F.,(4,2,2,4),(2,2),(-0.822143600518895,
-0.742779409283028,-0.371504738530285,0.),(0.,4.),.UNSPECIFIED.);
#186=B_SPLINE_SURFACE_WITH_KNOTS('',3,1,((#11900,#11901),(#11902,#11903),
(#11904,#11905),(#11906,#11907),(#11908,#11909),(#11910,#11911),(#11912,
#11913),(#11914,#11915),(#11916,#11917),(#11918,#11919)),.UNSPECIFIED.,
 .F.,.F.,.F.,(4,2,2,2,4),(2,2),(-2.75538980166536,-2.40427475067014,-2.05379871169666,
-1.36814381552268,-1.21060857399001),(0.,4.),.UNSPECIFIED.);
#187=B_SPLINE_SURFACE_WITH_KNOTS('',3,3,((#11951,#11952,#11953,#11954,#11955,
#11956),(#11957,#11958,#11959,#11960,#11961,#11962),(#11963,#11964,#11965,
#11966,#11967,#11968),(#11969,#11970,#11971,#11972,#11973,#11974),(#11975,
#11976,#11977,#11978,#11979,#11980),(#11981,#11982,#11983,#11984,#11985,
#11986),(#11987,#11988,#11989,#11990,#11991,#11992)),.UNSPECIFIED.,.F.,
 .F.,.F.,(4,1,1,1,4),(4,1,1,4),(0.,0.285714285714286,0.571428571428571,
0.857142857142857,1.),(1.50361533966105,1.53223676895011,1.56085819823918,
1.60379034217278),.UNSPECIFIED.);
#188=B_SPLINE_SURFACE_WITH_KNOTS('',3,3,((#11998,#11999,#12000,#12001,#12002,
#12003,#12004,#12005),(#12006,#12007,#12008,#12009,#12010,#12011,#12012,
#12013),(#12014,#12015,#12016,#12017,#12018,#12019,#12020,#12021),(#12022,
#12023,#12024,#12025,#12026,#12027,#12028,#12029),(#12030,#12031,#12032,
#12033,#12034,#12035,#12036,#12037),(#12038,#12039,#12040,#12041,#12042,
#12043,#12044,#12045),(#12046,#12047,#12048,#12049,#12050,#12051,#12052,
#12053)),.UNSPECIFIED.,.F.,.F.,.F.,(4,1,1,1,4),(4,1,1,1,1,4),(0.0292513034533834,
0.306608073895274,0.445286459116219,0.72264322955811,1.),(0.00172009402317785,
0.859945948673391,1.07450241233594,1.2890588759985,1.39633710782977,1.50361533966105),
 .UNSPECIFIED.);
#189=B_SPLINE_SURFACE_WITH_KNOTS('',3,3,((#12286,#12287,#12288,#12289,#12290),
(#12291,#12292,#12293,#12294,#12295),(#12296,#12297,#12298,#12299,#12300),
(#12301,#12302,#12303,#12304,#12305),(#12306,#12307,#12308,#12309,#12310),
(#12311,#12312,#12313,#12314,#12315),(#12316,#12317,#12318,#12319,#12320)),
 .UNSPECIFIED.,.F.,.F.,.F.,(4,1,1,1,4),(4,1,4),(0.,0.285714285714286,0.571428571428571,
0.714285714285714,1.),(1.50752196731475,1.5487798422539,1.60379034217278),
 .UNSPECIFIED.);
#190=B_SPLINE_SURFACE_WITH_KNOTS('',3,3,((#12341,#12342,#12343,#12344,#12345,
#12346),(#12347,#12348,#12349,#12350,#12351,#12352),(#12353,#12354,#12355,
#12356,#12357,#12358),(#12359,#12360,#12361,#12362,#12363,#12364),(#12365,
#12366,#12367,#12368,#12369,#12370),(#12371,#12372,#12373,#12374,#12375,
#12376)),.UNSPECIFIED.,.F.,.F.,.F.,(4,1,1,4),(4,1,1,4),(0.,0.285714285714286,
0.571428571428571,1.),(0.00583472856336103,0.861709363476327,1.28964668093281,
1.50361533966105),.UNSPECIFIED.);
#191=B_SPLINE_SURFACE_WITH_KNOTS('',3,3,((#12477,#12478,#12479,#12480,#12481,
#12482,#12483),(#12484,#12485,#12486,#12487,#12488,#12489,#12490),(#12491,
#12492,#12493,#12494,#12495,#12496,#12497),(#12498,#12499,#12500,#12501,
#12502,#12503,#12504)),.UNSPECIFIED.,.F.,.F.,.F.,(4,4),(4,1,1,1,4),(0.,
0.193942219304341),(-1.5707963267949,-1.12199737628207,-0.897597901025657,
-0.448798950512829,-2.11185103794993E-15),.UNSPECIFIED.);
#192=B_SPLINE_SURFACE_WITH_KNOTS('',3,3,((#12619,#12620,#12621,#12622,#12623),
(#12624,#12625,#12626,#12627,#12628),(#12629,#12630,#12631,#12632,#12633),
(#12634,#12635,#12636,#12637,#12638)),.UNSPECIFIED.,.F.,.F.,.F.,(4,4),(4,
1,4),(-0.296958996053182,-0.249990757078348),(-1.25909831295679,-0.719485607318471,
-1.99980071371186E-6),.UNSPECIFIED.);
#193=B_SPLINE_SURFACE_WITH_KNOTS('',3,3,((#12640,#12641,#12642,#12643,#12644,
#12645,#12646,#12647,#12648,#12649),(#12650,#12651,#12652,#12653,#12654,
#12655,#12656,#12657,#12658,#12659),(#12660,#12661,#12662,#12663,#12664,
#12665,#12666,#12667,#12668,#12669),(#12670,#12671,#12672,#12673,#12674,
#12675,#12676,#12677,#12678,#12679)),.UNSPECIFIED.,.F.,.F.,.F.,(4,4),(4,
1,1,1,1,1,1,4),(0.211413303120708,0.250000192483804),(-2.6005337717396,
-2.55576589258354,-2.51099801342749,-2.42146225511539,-2.24239073849118,
-1.88424770524276,-1.52610467199434,-0.0935325390006633),.UNSPECIFIED.);
#194=B_SPLINE_SURFACE_WITH_KNOTS('',3,3,((#12726,#12727,#12728,#12729),
(#12730,#12731,#12732,#12733),(#12734,#12735,#12736,#12737),(#12738,#12739,
#12740,#12741)),.UNSPECIFIED.,.F.,.F.,.F.,(4,4),(4,4),(0.828837332570395,
1.),(1.60378987861759,4.15497399458844),.UNSPECIFIED.);
#195=B_SPLINE_SURFACE_WITH_KNOTS('',3,3,((#12854,#12855,#12856,#12857),
(#12858,#12859,#12860,#12861),(#12862,#12863,#12864,#12865),(#12866,#12867,
#12868,#12869)),.UNSPECIFIED.,.F.,.F.,.F.,(4,4),(4,4),(0.209181593027233,
0.25),(-1.5707963267949,-1.31400565630886),.UNSPECIFIED.);
#196=B_SPLINE_SURFACE_WITH_KNOTS('',3,3,((#12873,#12874,#12875,#12876,#12877,
#12878),(#12879,#12880,#12881,#12882,#12883,#12884),(#12885,#12886,#12887,
#12888,#12889,#12890),(#12891,#12892,#12893,#12894,#12895,#12896)),
 .UNSPECIFIED.,.F.,.F.,.F.,(4,4),(4,1,1,4),(-0.296958996053179,-0.249981068058424),
(-2.68313034071988,-1.53321733755421,-0.766608668777107,0.),
 .UNSPECIFIED.);
#197=B_SPLINE_SURFACE_WITH_KNOTS('',3,3,((#13011,#13012,#13013,#13014,#13015),
(#13016,#13017,#13018,#13019,#13020),(#13021,#13022,#13023,#13024,#13025),
(#13026,#13027,#13028,#13029,#13030),(#13031,#13032,#13033,#13034,#13035),
(#13036,#13037,#13038,#13039,#13040),(#13041,#13042,#13043,#13044,#13045)),
 .UNSPECIFIED.,.F.,.F.,.F.,(4,1,1,1,4),(4,1,4),(0.,0.285714285714286,0.571428571428571,
0.714285714285714,1.),(1.50361533966105,1.54654748359465,1.60379034217278),
 .UNSPECIFIED.);
#198=B_SPLINE_SURFACE_WITH_KNOTS('',3,3,((#13068,#13069,#13070,#13071,#13072,
#13073,#13074),(#13075,#13076,#13077,#13078,#13079,#13080,#13081),(#13082,
#13083,#13084,#13085,#13086,#13087,#13088),(#13089,#13090,#13091,#13092,
#13093,#13094,#13095),(#13096,#13097,#13098,#13099,#13100,#13101,#13102),
(#13103,#13104,#13105,#13106,#13107,#13108,#13109)),.UNSPECIFIED.,.F.,.F.,
 .F.,(4,1,1,4),(4,1,1,1,4),(0.,0.285714285714286,0.571428571428571,1.),
(-1.5707963267949,-1.23419711391028,-0.897597901025657,-0.448798950512829,
-2.11185103794993E-15),.UNSPECIFIED.);
#199=B_SPLINE_SURFACE_WITH_KNOTS('',3,3,((#13125,#13126,#13127,#13128,#13129,
#13130,#13131),(#13132,#13133,#13134,#13135,#13136,#13137,#13138),(#13139,
#13140,#13141,#13142,#13143,#13144,#13145),(#13146,#13147,#13148,#13149,
#13150,#13151,#13152),(#13153,#13154,#13155,#13156,#13157,#13158,#13159),
(#13160,#13161,#13162,#13163,#13164,#13165,#13166)),.UNSPECIFIED.,.F.,.F.,
 .F.,(4,1,1,4),(4,1,1,1,4),(0.,0.285714285714286,0.571428571428571,1.),
(-1.5707963267949,-1.12199737628207,-0.897597901025655,-0.448798950512828,
3.44427165099849E-49),.UNSPECIFIED.);
#200=B_SPLINE_SURFACE_WITH_KNOTS('',3,3,((#13174,#13175,#13176,#13177,#13178,
#13179),(#13180,#13181,#13182,#13183,#13184,#13185),(#13186,#13187,#13188,
#13189,#13190,#13191),(#13192,#13193,#13194,#13195,#13196,#13197)),
 .UNSPECIFIED.,.F.,.F.,.F.,(4,4),(4,1,1,4),(0.,0.193942219304341),(-1.5707963267949,
-0.897597901025657,-0.448798950512829,-2.11185103794993E-15),
 .UNSPECIFIED.);
#201=B_SPLINE_SURFACE_WITH_KNOTS('',3,3,((#13198,#13199,#13200,#13201,#13202,
#13203),(#13204,#13205,#13206,#13207,#13208,#13209),(#13210,#13211,#13212,
#13213,#13214,#13215),(#13216,#13217,#13218,#13219,#13220,#13221),(#13222,
#13223,#13224,#13225,#13226,#13227),(#13228,#13229,#13230,#13231,#13232,
#13233),(#13234,#13235,#13236,#13237,#13238,#13239)),.UNSPECIFIED.,.F.,
 .F.,.F.,(4,1,1,1,4),(4,1,1,4),(0.,0.285714285714286,0.571428571428571,
0.857142857142857,1.),(1.50361533966105,1.53223676895011,1.56085819823918,
1.60379034217278),.UNSPECIFIED.);
#202=B_SPLINE_SURFACE_WITH_KNOTS('',3,3,((#13252,#13253,#13254,#13255,#13256,
#13257,#13258,#13259),(#13260,#13261,#13262,#13263,#13264,#13265,#13266,
#13267),(#13268,#13269,#13270,#13271,#13272,#13273,#13274,#13275),(#13276,
#13277,#13278,#13279,#13280,#13281,#13282,#13283)),.UNSPECIFIED.,.F.,.F.,
 .F.,(4,4),(4,1,1,1,1,4),(0.635113069890175,1.),(0.00172009402317608,0.645389485010837,
1.07450241233594,1.23541976008286,1.2890588759985,1.50361533966105),
 .UNSPECIFIED.);
#203=B_SPLINE_SURFACE_WITH_KNOTS('',3,3,((#13289,#13290,#13291,#13292,#13293,
#13294,#13295),(#13296,#13297,#13298,#13299,#13300,#13301,#13302),(#13303,
#13304,#13305,#13306,#13307,#13308,#13309),(#13310,#13311,#13312,#13313,
#13314,#13315,#13316),(#13317,#13318,#13319,#13320,#13321,#13322,#13323),
(#13324,#13325,#13326,#13327,#13328,#13329,#13330)),.UNSPECIFIED.,.F.,.F.,
 .F.,(4,1,1,4),(4,1,1,1,4),(0.,0.285714285714286,0.571428571428571,1.),
(-1.5707963267949,-1.34639685153848,-0.897597901025655,-0.448798950512828,
3.44427165099849E-49),.UNSPECIFIED.);
#204=B_SPLINE_SURFACE_WITH_KNOTS('',3,3,((#13350,#13351,#13352,#13353,#13354,
#13355,#13356),(#13357,#13358,#13359,#13360,#13361,#13362,#13363),(#13364,
#13365,#13366,#13367,#13368,#13369,#13370),(#13371,#13372,#13373,#13374,
#13375,#13376,#13377),(#13378,#13379,#13380,#13381,#13382,#13383,#13384),
(#13385,#13386,#13387,#13388,#13389,#13390,#13391)),.UNSPECIFIED.,.F.,.F.,
 .F.,(4,1,1,4),(4,1,1,1,4),(0.,0.285714285714286,0.571428571428571,1.),
(-1.5707963267949,-1.12199737628207,-0.897597901025657,-0.448798950512829,
-2.11185103794993E-15),.UNSPECIFIED.);
#205=B_SPLINE_SURFACE_WITH_KNOTS('',3,3,((#13533,#13534,#13535,#13536,#13537,
#13538),(#13539,#13540,#13541,#13542,#13543,#13544),(#13545,#13546,#13547,
#13548,#13549,#13550),(#13551,#13552,#13553,#13554,#13555,#13556),(#13557,
#13558,#13559,#13560,#13561,#13562),(#13563,#13564,#13565,#13566,#13567,
#13568)),.UNSPECIFIED.,.F.,.F.,.F.,(4,1,1,4),(4,1,1,4),(0.,0.285714285714286,
0.571428571428571,1.),(0.440913434687368,0.763737118146662,1.08656080160596,
1.5707963267949),.UNSPECIFIED.);
#206=B_SPLINE_SURFACE_WITH_KNOTS('',3,3,((#13723,#13724,#13725,#13726,#13727,
#13728),(#13729,#13730,#13731,#13732,#13733,#13734),(#13735,#13736,#13737,
#13738,#13739,#13740),(#13741,#13742,#13743,#13744,#13745,#13746),(#13747,
#13748,#13749,#13750,#13751,#13752),(#13753,#13754,#13755,#13756,#13757,
#13758)),.UNSPECIFIED.,.F.,.F.,.F.,(4,1,1,4),(4,1,1,4),(0.,0.285714285714286,
0.571428571428571,1.),(0.440913434687368,0.763737118146662,1.08656080160596,
1.5707963267949),.UNSPECIFIED.);
#207=B_SPLINE_SURFACE_WITH_KNOTS('',3,3,((#13860,#13861,#13862,#13863),
(#13864,#13865,#13866,#13867),(#13868,#13869,#13870,#13871),(#13872,#13873,
#13874,#13875),(#13876,#13877,#13878,#13879)),.UNSPECIFIED.,.F.,.F.,.F.,
(4,1,4),(4,4),(0.803976790383691,0.887986737362109,1.),(5.05392093758401,
5.378780795024),.UNSPECIFIED.);
#208=B_SPLINE_SURFACE_WITH_KNOTS('',3,3,((#13896,#13897,#13898,#13899,#13900,
#13901),(#13902,#13903,#13904,#13905,#13906,#13907),(#13908,#13909,#13910,
#13911,#13912,#13913),(#13914,#13915,#13916,#13917,#13918,#13919),(#13920,
#13921,#13922,#13923,#13924,#13925)),.UNSPECIFIED.,.F.,.F.,.F.,(4,1,4),
(4,1,1,4),(0.507871204002835,0.615102435121942,0.758077409947416),(0.,0.343346221616385,
0.572243702693975,0.801141183771566),.UNSPECIFIED.);
#209=B_SPLINE_SURFACE_WITH_KNOTS('',3,3,((#13942,#13943,#13944,#13945,#13946),
(#13947,#13948,#13949,#13950,#13951),(#13952,#13953,#13954,#13955,#13956),
(#13957,#13958,#13959,#13960,#13961),(#13962,#13963,#13964,#13965,#13966)),
 .UNSPECIFIED.,.F.,.F.,.F.,(4,1,4),(4,1,4),(0.975304424027142,1.04852506386499,
1.14615258364878),(0.,0.254378262591413,0.593549279379964),
 .UNSPECIFIED.);
#210=B_SPLINE_SURFACE_WITH_KNOTS('',3,3,((#14096,#14097,#14098,#14099,#14100),
(#14101,#14102,#14103,#14104,#14105),(#14106,#14107,#14108,#14109,#14110),
(#14111,#14112,#14113,#14114,#14115),(#14116,#14117,#14118,#14119,#14120)),
 .UNSPECIFIED.,.F.,.F.,.F.,(4,1,4),(4,1,4),(0.25,0.357142857142857,0.5),
(0.729543282178604,1.09008030129987,1.5707963267949),.UNSPECIFIED.);
#211=B_SPLINE_SURFACE_WITH_KNOTS('',3,3,((#14124,#14125,#14126,#14127,#14128),
(#14129,#14130,#14131,#14132,#14133),(#14134,#14135,#14136,#14137,#14138),
(#14139,#14140,#14141,#14142,#14143),(#14144,#14145,#14146,#14147,#14148)),
 .UNSPECIFIED.,.F.,.F.,.F.,(4,1,4),(4,1,4),(0.171891132620256,0.238841590374323,
0.328108867379744),(0.841253044616294,1.15391445126427,1.5707963267949),
 .UNSPECIFIED.);
#212=B_SPLINE_SURFACE_WITH_KNOTS('',3,3,((#14178,#14179,#14180,#14181,#14182),
(#14183,#14184,#14185,#14186,#14187),(#14188,#14189,#14190,#14191,#14192),
(#14193,#14194,#14195,#14196,#14197),(#14198,#14199,#14200,#14201,#14202)),
 .UNSPECIFIED.,.F.,.F.,.F.,(4,1,4),(4,1,4),(0.25,0.357142857142857,0.5),
(-1.5707963267949,-1.18146247567016,-0.662350674170512),.UNSPECIFIED.);
#213=B_SPLINE_SURFACE_WITH_KNOTS('',3,3,((#14238,#14239,#14240,#14241,#14242,
#14243,#14244),(#14245,#14246,#14247,#14248,#14249,#14250,#14251),(#14252,
#14253,#14254,#14255,#14256,#14257,#14258),(#14259,#14260,#14261,#14262,
#14263,#14264,#14265),(#14266,#14267,#14268,#14269,#14270,#14271,#14272),
(#14273,#14274,#14275,#14276,#14277,#14278,#14279)),.UNSPECIFIED.,.F.,.F.,
 .F.,(4,1,1,4),(4,1,1,1,4),(0.,0.285714285714286,0.571428571428571,1.),
(-1.5707963267949,-1.12199737628207,-0.897597901025655,-0.448798950512828,
3.44427165099849E-49),.UNSPECIFIED.);
#214=B_SPLINE_SURFACE_WITH_KNOTS('',3,3,((#14311,#14312,#14313,#14314,#14315,
#14316,#14317),(#14318,#14319,#14320,#14321,#14322,#14323,#14324),(#14325,
#14326,#14327,#14328,#14329,#14330,#14331),(#14332,#14333,#14334,#14335,
#14336,#14337,#14338),(#14339,#14340,#14341,#14342,#14343,#14344,#14345),
(#14346,#14347,#14348,#14349,#14350,#14351,#14352)),.UNSPECIFIED.,.F.,.F.,
 .F.,(4,1,1,4),(4,1,1,1,4),(0.,0.285714285714286,0.571428571428571,1.),
(-1.5707963267949,-1.34639685153848,-0.897597901025655,-0.448798950512828,
3.44427165099849E-49),.UNSPECIFIED.);
#215=B_SPLINE_SURFACE_WITH_KNOTS('',3,3,((#14712,#14713,#14714,#14715,#14716,
#14717,#14718,#14719,#14720,#14721,#14722,#14723,#14724,#14725,#14726,#14727,
#14728,#14729,#14730),(#14731,#14732,#14733,#14734,#14735,#14736,#14737,
#14738,#14739,#14740,#14741,#14742,#14743,#14744,#14745,#14746,#14747,#14748,
#14749),(#14750,#14751,#14752,#14753,#14754,#14755,#14756,#14757,#14758,
#14759,#14760,#14761,#14762,#14763,#14764,#14765,#14766,#14767,#14768),
(#14769,#14770,#14771,#14772,#14773,#14774,#14775,#14776,#14777,#14778,
#14779,#14780,#14781,#14782,#14783,#14784,#14785,#14786,#14787),(#14788,
#14789,#14790,#14791,#14792,#14793,#14794,#14795,#14796,#14797,#14798,#14799,
#14800,#14801,#14802,#14803,#14804,#14805,#14806),(#14807,#14808,#14809,
#14810,#14811,#14812,#14813,#14814,#14815,#14816,#14817,#14818,#14819,#14820,
#14821,#14822,#14823,#14824,#14825),(#14826,#14827,#14828,#14829,#14830,
#14831,#14832,#14833,#14834,#14835,#14836,#14837,#14838,#14839,#14840,#14841,
#14842,#14843,#14844)),.UNSPECIFIED.,.F.,.F.,.F.,(4,1,1,1,4),(4,1,1,1,1,
1,1,1,1,1,1,1,1,1,1,1,4),(0.,0.285714285714286,0.571428571428571,0.857142857142857,
1.),(1.60378987861759,2.25339243339478,2.90299498817197,4.20220009772634,
4.85180265250353,5.50140520728072,6.1510077620579,6.80061031683509,7.45021287161228,
8.09981542638947,8.74941798116665,9.39902053594384,10.048623090721,10.6982256454982,
11.3478282002754,11.9974307550526,12.0001176667155),.UNSPECIFIED.);
#216=B_SPLINE_SURFACE_WITH_KNOTS('',3,3,((#14943,#14944,#14945,#14946),
(#14947,#14948,#14949,#14950),(#14951,#14952,#14953,#14954),(#14955,#14956,
#14957,#14958)),.UNSPECIFIED.,.F.,.F.,.F.,(4,4),(4,4),(1.24999996769762,
1.25161061911163),(-0.0935325390006947,0.),.UNSPECIFIED.);
#217=B_SPLINE_SURFACE_WITH_KNOTS('',3,3,((#14963,#14964,#14965,#14966,#14967,
#14968,#14969,#14970,#14971,#14972,#14973),(#14974,#14975,#14976,#14977,
#14978,#14979,#14980,#14981,#14982,#14983,#14984),(#14985,#14986,#14987,
#14988,#14989,#14990,#14991,#14992,#14993,#14994,#14995),(#14996,#14997,
#14998,#14999,#15000,#15001,#15002,#15003,#15004,#15005,#15006),(#15007,
#15008,#15009,#15010,#15011,#15012,#15013,#15014,#15015,#15016,#15017),
(#15018,#15019,#15020,#15021,#15022,#15023,#15024,#15025,#15026,#15027,
#15028),(#15029,#15030,#15031,#15032,#15033,#15034,#15035,#15036,#15037,
#15038,#15039)),.UNSPECIFIED.,.F.,.F.,.F.,(4,1,1,1,4),(4,1,1,1,1,1,1,1,
4),(0.,0.285714285714286,0.571428571428571,0.857142857142857,1.),(1.60378987861759,
4.20220009772634,5.50140520728072,6.80061031683509,8.09981542638947,9.39902053594384,
10.6982256454982,11.9974307550526,11.9997322361776),.UNSPECIFIED.);
#218=B_SPLINE_SURFACE_WITH_KNOTS('',3,3,((#15120,#15121,#15122,#15123,#15124,
#15125),(#15126,#15127,#15128,#15129,#15130,#15131),(#15132,#15133,#15134,
#15135,#15136,#15137),(#15138,#15139,#15140,#15141,#15142,#15143),(#15144,
#15145,#15146,#15147,#15148,#15149)),.UNSPECIFIED.,.F.,.F.,.F.,(4,1,4),
(4,1,1,4),(0.278254124419855,0.587573785382774,1.),(-1.5707963267949,-0.897597901025657,
-0.448798950512829,-2.11185103794993E-15),.UNSPECIFIED.);
#219=B_SPLINE_SURFACE_WITH_KNOTS('',3,3,((#15172,#15173,#15174,#15175,#15176),
(#15177,#15178,#15179,#15180,#15181),(#15182,#15183,#15184,#15185,#15186),
(#15187,#15188,#15189,#15190,#15191),(#15192,#15193,#15194,#15195,#15196),
(#15197,#15198,#15199,#15200,#15201)),.UNSPECIFIED.,.F.,.F.,.F.,(4,1,1,
4),(4,1,4),(0.,0.303126249552966,0.505210415921611,0.707294582290255),(1.5358586850045,
1.56497225236233,1.60379034217278),.UNSPECIFIED.);
#220=B_SPLINE_SURFACE_WITH_KNOTS('',3,3,((#15219,#15220,#15221,#15222,#15223),
(#15224,#15225,#15226,#15227,#15228),(#15229,#15230,#15231,#15232,#15233),
(#15234,#15235,#15236,#15237,#15238),(#15239,#15240,#15241,#15242,#15243),
(#15244,#15245,#15246,#15247,#15248),(#15249,#15250,#15251,#15252,#15253)),
 .UNSPECIFIED.,.F.,.F.,.F.,(4,1,1,1,4),(4,1,4),(0.,0.236810666448684,0.355215999673027,
0.592026666121711,0.828837332570396),(1.52234466310912,1.5572499541364,
1.60379034217278),.UNSPECIFIED.);
#221=B_SPLINE_SURFACE_WITH_KNOTS('',3,3,((#15287,#15288,#15289,#15290,#15291,
#15292,#15293),(#15294,#15295,#15296,#15297,#15298,#15299,#15300),(#15301,
#15302,#15303,#15304,#15305,#15306,#15307),(#15308,#15309,#15310,#15311,
#15312,#15313,#15314),(#15315,#15316,#15317,#15318,#15319,#15320,#15321),
(#15322,#15323,#15324,#15325,#15326,#15327,#15328)),.UNSPECIFIED.,.F.,.F.,
 .F.,(4,1,1,4),(4,1,1,1,4),(0.163478018190938,0.402484298707813,0.641490579224688,
1.),(-1.5707963267949,-1.12199737628207,-0.897597901025657,-0.448798950512829,
-2.11185103794993E-15),.UNSPECIFIED.);
#222=ELLIPSE('',#7265,15.0030929393467,10.);
#223=ELLIPSE('',#7266,9.00185576360804,6.);
#224=ELLIPSE('',#7267,17.8193509442767,10.);
#225=ELLIPSE('',#7269,24.8501361782043,20.);
#226=ELLIPSE('',#7271,342.367021625152,10.);
#227=ELLIPSE('',#7272,24.6564472791584,10.);
#228=ELLIPSE('',#7275,13.1454064038869,10.);
#229=ELLIPSE('',#7297,4.04925360478855,4.);
#230=ELLIPSE('',#7298,4.04925360478855,4.);
#231=ELLIPSE('',#7301,4.01527935017339,4.);
#232=ELLIPSE('',#7303,4.01527935017339,4.);
#233=ELLIPSE('',#7305,4.01527935017339,4.);
#234=ELLIPSE('',#7307,4.01527935017339,4.);
#235=ELLIPSE('',#7309,14.793868367495,6.);
#236=ELLIPSE('',#7315,21.7607276550049,16.);
#237=ELLIPSE('',#7319,11.6619037896906,6.);
#238=ELLIPSE('',#7321,15.0030929393467,10.);
#239=ELLIPSE('',#7323,13.4872879211224,10.);
#240=ELLIPSE('',#7325,11.6619037896906,6.);
#241=ELLIPSE('',#7326,12.6922337571712,6.);
#242=ELLIPSE('',#7355,4.16014555304746,4.);
#243=ELLIPSE('',#7356,7.91707303164105,4.);
#244=ELLIPSE('',#7358,4.19238765929827,4.);
#245=ELLIPSE('',#7360,10.7122109106525,4.);
#246=ELLIPSE('',#7362,4.2279133290655,4.);
#247=ELLIPSE('',#7375,4.00489682842944,4.);
#248=ELLIPSE('',#7441,30.0695680844807,10.);
#249=ELLIPSE('',#7442,14.142135623731,10.);
#250=ELLIPSE('',#7449,30.0695680844807,10.);
#251=ELLIPSE('',#7454,7.50918155330521,7.5);
#252=ELLIPSE('',#7455,2.12739840639909,2.117);
#253=ELLIPSE('',#7457,4.66844007091205,4.);
#254=ELLIPSE('',#7469,202.28143187526,9.99999999999999);
#255=ELLIPSE('',#7473,19.9857651039012,4.00020445725221);
#256=ELLIPSE('',#7475,7.50918155330521,7.5);
#257=ELLIPSE('',#7476,2.12739840639909,2.117);
#258=ELLIPSE('',#7478,21.6168015145284,20.);
#259=ELLIPSE('',#7482,37.8543978400562,20.);
#260=ELLIPSE('',#7484,2.15422587026272,2.117);
#261=ELLIPSE('',#7485,21.4399412975875,2.117);
#262=ELLIPSE('',#7486,21.4399412975875,2.117);
#263=ELLIPSE('',#7487,2.15422587026272,2.117);
#264=ELLIPSE('',#7489,2.11959164644628,2.117);
#265=ELLIPSE('',#7490,2.11959164644628,2.117);
#266=ELLIPSE('',#7494,121.368859125156,5.99999999999999);
#267=ELLIPSE('',#7497,6.00734524264417,6.);
#268=ELLIPSE('',#7501,19.9857632406513,4.);
#269=ELLIPSE('',#7502,4.08632550710279,4.);
#270=ELLIPSE('',#7504,19.9857632406513,4.);
#271=ELLIPSE('',#7506,4.66844007091205,4.);
#272=ELLIPSE('',#7510,19.9857651039012,4.00020445725221);
#273=ELLIPSE('',#7526,17.5039369171766,17.5);
#274=ELLIPSE('',#7529,17.5039369171766,17.5);
#275=ELLIPSE('',#7537,17.135433725812,10.);
#276=ELLIPSE('',#7570,4.31807408591958,4.);
#277=ELLIPSE('',#7574,56.2285431474706,4.);
#278=ELLIPSE('',#7580,5.65538506302336,4.);
#279=ELLIPSE('',#7581,6.43116819727261,4.);
#280=ELLIPSE('',#7583,5.65685424949236,4.);
#281=ELLIPSE('',#7585,5.10934858843328,4.);
#282=ELLIPSE('',#7593,4.20232603467982,4.);
#283=ELLIPSE('',#7596,4.31807408591958,4.);
#284=ELLIPSE('',#7599,4.66820102379024,4.);
#285=ELLIPSE('',#7600,202.123174528566,5.99999999999999);
#286=ELLIPSE('',#7609,224.914172589882,16.);
#287=ELLIPSE('',#7610,30.283518272045,16.);
#288=ELLIPSE('',#7612,17.2934412116227,16.);
#289=ELLIPSE('',#7616,21.2043176964432,16.);
#290=ELLIPSE('',#7625,15.9476664969379,6.);
#291=ELLIPSE('',#7628,13.5051030207288,13.5);
#292=ELLIPSE('',#7631,17.135433725812,10.);
#293=ELLIPSE('',#7647,24.3643815634974,20.);
#294=ELLIPSE('',#7651,26.5794441615632,10.);
#295=ELLIPSE('',#7689,24.6564472791584,10.);
#296=ELLIPSE('',#7697,24.8501361782043,20.);
#297=ELLIPSE('',#7699,17.8193509442767,10.);
#298=ELLIPSE('',#7702,14.142135623731,10.);
#299=ELLIPSE('',#7704,9.00185576360804,6.);
#300=ELLIPSE('',#7705,15.0030929393467,10.);
#301=ELLIPSE('',#7707,30.0695680844807,10.);
#302=ELLIPSE('',#7716,13.4872879211224,10.);
#303=ELLIPSE('',#7718,15.0030929393467,10.);
#304=ELLIPSE('',#7721,11.6619037896906,6.);
#305=ELLIPSE('',#7725,14.793868367495,6.);
#306=ELLIPSE('',#7731,4.01527935017339,4.);
#307=ELLIPSE('',#7733,4.01527935017339,4.);
#308=ELLIPSE('',#7735,4.01527935017339,4.);
#309=ELLIPSE('',#7737,4.01527935017339,4.);
#310=ELLIPSE('',#7748,4.2279133290655,4.);
#311=ELLIPSE('',#7749,10.7122109106525,4.);
#312=ELLIPSE('',#7751,4.19238765929826,4.);
#313=ELLIPSE('',#7753,7.91707303164102,4.);
#314=ELLIPSE('',#7755,4.16014555304746,4.);
#315=ELLIPSE('',#7761,12.6922337571712,6.);
#316=ELLIPSE('',#7762,11.6619037896906,6.);
#317=ELLIPSE('',#7796,17.135433725812,10.);
#318=ELLIPSE('',#7799,17.135433725812,10.);
#319=ELLIPSE('',#7800,24.3643815634974,20.);
#320=ELLIPSE('',#7803,37.8543978400562,20.);
#321=ELLIPSE('',#7804,21.6168015145284,20.);
#322=ELLIPSE('',#7813,7.50918155330521,7.5);
#323=ELLIPSE('',#7816,202.28143187526,9.99999999999999);
#324=ELLIPSE('',#7817,121.368859125156,5.99999999999999);
#325=ELLIPSE('',#7832,5.65685424949235,4.);
#326=ELLIPSE('',#7833,5.10934858843328,4.);
#327=ELLIPSE('',#7835,5.65538506302339,4.);
#328=ELLIPSE('',#7837,6.43116819727261,4.);
#329=ELLIPSE('',#7841,56.2285431474706,4.);
#330=ELLIPSE('',#7844,15.9476664969379,6.);
#331=ELLIPSE('',#7857,17.2934412116227,16.);
#332=ELLIPSE('',#7858,30.283518272045,16.);
#333=ELLIPSE('',#7860,224.914172589882,16.);
#334=ELLIPSE('',#7876,26.5794441615632,10.);
#335=B_SPLINE_CURVE_WITH_KNOTS('',3,(#9823,#9824,#9825,#9826,#9827,#9828,
#9829,#9830),.UNSPECIFIED.,.F.,.F.,(4,2,2,4),(0.,0.238958167151016,0.516603725639085,
0.593549279379964),.UNSPECIFIED.);
#336=B_SPLINE_CURVE_WITH_KNOTS('',3,(#9902,#9903,#9904,#9905,#9906,#9907),
 .UNSPECIFIED.,.F.,.F.,(4,2,4),(5.05392093758401,5.21262869324228,5.378780795024),
 .UNSPECIFIED.);
#337=B_SPLINE_CURVE_WITH_KNOTS('',3,(#10036,#10037,#10038,#10039,#10040,
#10041),.UNSPECIFIED.,.F.,.F.,(4,1,1,4),(0.440913434687368,0.763737118146662,
1.08656080160596,1.5707963267949),.UNSPECIFIED.);
#338=B_SPLINE_CURVE_WITH_KNOTS('',3,(#10085,#10086,#10087,#10088,#10089,
#10090),.UNSPECIFIED.,.F.,.F.,(4,1,1,4),(0.,0.285714285714286,0.571428571428571,
1.),.UNSPECIFIED.);
#339=B_SPLINE_CURVE_WITH_KNOTS('',3,(#10144,#10145,#10146,#10147,#10148,
#10149,#10150),.UNSPECIFIED.,.F.,.F.,(4,3,4),(0.,0.44242449582307,0.593549279379964),
 .UNSPECIFIED.);
#340=B_SPLINE_CURVE_WITH_KNOTS('',3,(#10152,#10153,#10154,#10155,#10156,
#10157,#10158,#10159,#10160,#10161,#10162,#10163,#10164,#10165,#10166,#10167,
#10168,#10169,#10170,#10171,#10172,#10173,#10174,#10175,#10176,#10177,#10178,
#10179),.UNSPECIFIED.,.F.,.F.,(4,3,3,3,3,3,3,3,3,4),(5.05392093758401,5.09363340126302,
5.13277446056143,5.14337023254912,5.18287110419527,5.21262869324228,5.25416671868771,
5.29499880685795,5.33688980094097,5.378780795024),.UNSPECIFIED.);
#341=B_SPLINE_CURVE_WITH_KNOTS('',3,(#10210,#10211,#10212,#10213,#10214,
#10215,#10216,#10217,#10218,#10219,#10220,#10221,#10222,#10223,#10224,#10225,
#10226,#10227),.UNSPECIFIED.,.F.,.F.,(4,2,2,2,2,2,2,2,4),(-0.866933141531547,
-0.851136967980167,-0.83480312385672,-0.798637933817492,-0.698571259531697,
-0.450336790718862,-0.244555007876326,-0.0743364525740264,-0.00293046331204708),
 .UNSPECIFIED.);
#342=B_SPLINE_CURVE_WITH_KNOTS('',3,(#10233,#10234,#10235,#10236,#10237,
#10238,#10239),.UNSPECIFIED.,.F.,.F.,(4,3,4),(-0.507045130489595,-0.469385415776862,
-0.435882559854876),.UNSPECIFIED.);
#343=B_SPLINE_CURVE_WITH_KNOTS('',3,(#10240,#10241,#10242,#10243),
 .UNSPECIFIED.,.F.,.F.,(4,4),(0.,0.181441809051559),.UNSPECIFIED.);
#344=B_SPLINE_CURVE_WITH_KNOTS('',3,(#10267,#10268,#10269,#10270,#10271,
#10272),.UNSPECIFIED.,.F.,.F.,(4,2,4),(1.97846960742767,2.07165524466001,
2.09952966509273),.UNSPECIFIED.);
#345=B_SPLINE_CURVE_WITH_KNOTS('',3,(#10275,#10276,#10277,#10278,#10279,
#10280),.UNSPECIFIED.,.F.,.F.,(4,2,4),(1.4051346365192,1.43300905695106,
1.5261946941834),.UNSPECIFIED.);
#346=B_SPLINE_CURVE_WITH_KNOTS('',3,(#10301,#10302,#10303,#10304,#10305,
#10306),.UNSPECIFIED.,.F.,.F.,(4,2,4),(1.97846960742767,2.07165524466001,
2.09952966509273),.UNSPECIFIED.);
#347=B_SPLINE_CURVE_WITH_KNOTS('',3,(#10309,#10310,#10311,#10312,#10313,
#10314),.UNSPECIFIED.,.F.,.F.,(4,2,4),(1.4051346365192,1.43300905695106,
1.5261946941834),.UNSPECIFIED.);
#348=B_SPLINE_CURVE_WITH_KNOTS('',3,(#10328,#10329,#10330,#10331,#10332,
#10333,#10334,#10335),.UNSPECIFIED.,.F.,.F.,(4,2,2,4),(0.801556544241043,
0.947742749482072,1.02083585210259,1.03078125175686),.UNSPECIFIED.);
#349=B_SPLINE_CURVE_WITH_KNOTS('',3,(#10337,#10338,#10339,#10340),
 .UNSPECIFIED.,.F.,.F.,(4,4),(0.69347385288162,0.801556544241041),
 .UNSPECIFIED.);
#350=B_SPLINE_CURVE_WITH_KNOTS('',3,(#10347,#10348,#10349,#10350,#10351,
#10352,#10353,#10354),.UNSPECIFIED.,.F.,.F.,(4,2,2,4),(0.572331836725223,
0.582277236379497,0.655370339000012,0.801556544241041),.UNSPECIFIED.);
#351=B_SPLINE_CURVE_WITH_KNOTS('',3,(#10359,#10360,#10361,#10362),
 .UNSPECIFIED.,.F.,.F.,(4,4),(0.801556544241042,0.919645591663943),
 .UNSPECIFIED.);
#352=B_SPLINE_CURVE_WITH_KNOTS('',3,(#10364,#10365,#10366,#10367,#10368,
#10369,#10370,#10371),.UNSPECIFIED.,.F.,.F.,(4,2,2,4),(0.801556544241041,
0.94774274948207,1.02083585210258,1.03078125175686),.UNSPECIFIED.);
#353=B_SPLINE_CURVE_WITH_KNOTS('',3,(#10372,#10373,#10374,#10375),
 .UNSPECIFIED.,.F.,.F.,(4,4),(0.68346749681814,0.801556544241041),
 .UNSPECIFIED.);
#354=B_SPLINE_CURVE_WITH_KNOTS('',3,(#10380,#10381,#10382,#10383,#10384,
#10385,#10386,#10387),.UNSPECIFIED.,.F.,.F.,(4,2,2,4),(0.572331836725224,
0.582277236379497,0.655370339000012,0.801556544241041),.UNSPECIFIED.);
#355=B_SPLINE_CURVE_WITH_KNOTS('',3,(#10392,#10393,#10394,#10395),
 .UNSPECIFIED.,.F.,.F.,(4,4),(0.801556544241041,0.929687820021765),
 .UNSPECIFIED.);
#356=B_SPLINE_CURVE_WITH_KNOTS('',3,(#10397,#10398,#10399,#10400),
 .UNSPECIFIED.,.F.,.F.,(4,4),(0.801556544241045,0.909639235600459),
 .UNSPECIFIED.);
#357=B_SPLINE_CURVE_WITH_KNOTS('',3,(#10401,#10402,#10403,#10404),
 .UNSPECIFIED.,.F.,.F.,(4,4),(0.673425268460317,0.801556544241044),
 .UNSPECIFIED.);
#358=B_SPLINE_CURVE_WITH_KNOTS('',3,(#10434,#10435,#10436,#10437,#10438,
#10439,#10440,#10441,#10442,#10443),.UNSPECIFIED.,.F.,.F.,(4,2,2,2,4),(-0.549423087714547,
-0.548573970162365,-0.289188374688939,-0.121424614541947,-0.00052555870175415),
 .UNSPECIFIED.);
#359=B_SPLINE_CURVE_WITH_KNOTS('',3,(#10465,#10466,#10467,#10468),
 .UNSPECIFIED.,.F.,.F.,(4,4),(5.31804200741685,5.378780795024),
 .UNSPECIFIED.);
#360=B_SPLINE_CURVE_WITH_KNOTS('',3,(#10553,#10554,#10555,#10556,#10557,
#10558),.UNSPECIFIED.,.F.,.F.,(4,2,4),(-0.942766359396072,-0.54264585422469,
0.),.UNSPECIFIED.);
#361=B_SPLINE_CURVE_WITH_KNOTS('',3,(#10559,#10560,#10561,#10562,#10563,
#10564,#10565,#10566,#10567,#10568),.UNSPECIFIED.,.F.,.F.,(4,2,2,2,4),(-0.826568697632748,
-0.607048547269451,-0.305101380577635,-0.128184227437071,0.),
 .UNSPECIFIED.);
#362=B_SPLINE_CURVE_WITH_KNOTS('',3,(#10607,#10608,#10609,#10610),
 .UNSPECIFIED.,.F.,.F.,(4,4),(0.,0.155143588925946),.UNSPECIFIED.);
#363=B_SPLINE_CURVE_WITH_KNOTS('',3,(#10613,#10614,#10615,#10616,#10617,
#10618,#10619),.UNSPECIFIED.,.F.,.F.,(4,3,4),(0.,0.685821450058278,0.801141183771566),
 .UNSPECIFIED.);
#364=B_SPLINE_CURVE_WITH_KNOTS('',3,(#10830,#10831,#10832,#10833,#10834,
#10835,#10836,#10837,#10838,#10839,#10840,#10841,#10842,#10843,#10844,#10845,
#10846,#10847,#10848,#10849,#10850,#10851),.UNSPECIFIED.,.F.,.F.,(4,3,3,
3,3,3,3,4),(-11.4118435060132,-10.6982256454982,-9.39902053594384,-8.09981542638947,
-6.80061031683509,-5.50140520728072,-4.20220009772634,-1.60378987861759),
 .UNSPECIFIED.);
#365=B_SPLINE_CURVE_WITH_KNOTS('',3,(#10859,#10860,#10861,#10862),
 .UNSPECIFIED.,.F.,.F.,(4,4),(-11.8917914817141,-11.4118435060132),
 .UNSPECIFIED.);
#366=B_SPLINE_CURVE_WITH_KNOTS('',3,(#10954,#10955,#10956,#10957,#10958,
#10959,#10960,#10961,#10962,#10963,#10964,#10965,#10966,#10967,#10968,#10969,
#10970,#10971,#10972,#10973,#10974,#10975),.UNSPECIFIED.,.F.,.F.,(4,3,3,
3,3,3,3,4),(1.60378987861759,4.20220009772621,5.5014052072806,6.800610316835,
8.09981542638939,9.39902053594379,10.6982256454982,11.2775967651071),
 .UNSPECIFIED.);
#367=B_SPLINE_CURVE_WITH_KNOTS('',3,(#10976,#10977,#10978,#10979,#10980,
#10981,#10982),.UNSPECIFIED.,.F.,.F.,(4,1,1,1,4),(-1.,-0.857142857142857,
-0.571428571428571,-0.285714285714286,0.),.UNSPECIFIED.);
#368=B_SPLINE_CURVE_WITH_KNOTS('',3,(#10983,#10984,#10985,#10986),
 .UNSPECIFIED.,.F.,.F.,(4,4),(11.2775967651071,11.9974307550526),
 .UNSPECIFIED.);
#369=B_SPLINE_CURVE_WITH_KNOTS('',3,(#11003,#11004,#11005,#11006,#11007,
#11008),.UNSPECIFIED.,.F.,.F.,(4,1,1,4),(0.0119122731075646,0.861709363476327,
1.28964668093281,1.50361533966105),.UNSPECIFIED.);
#370=B_SPLINE_CURVE_WITH_KNOTS('',3,(#11009,#11010,#11011,#11012,#11013),
 .UNSPECIFIED.,.F.,.F.,(4,1,4),(1.50361533966105,1.54654748359465,1.60378987861777),
 .UNSPECIFIED.);
#371=B_SPLINE_CURVE_WITH_KNOTS('',3,(#11062,#11063,#11064,#11065,#11066,
#11067,#11068,#11069,#11070,#11071,#11072,#11073,#11074,#11075,#11076,#11077,
#11078,#11079,#11080,#11081,#11082,#11083,#11084,#11085,#11086,#11087,#11088,
#11089,#11090,#11091,#11092),.UNSPECIFIED.,.F.,.F.,(4,3,3,3,3,3,3,3,3,3,
4),(-2.6005337717396,-2.56671450720562,-2.55785649077736,-2.51542390464724,
-2.43097328894614,-2.26207509553001,-2.02351954716595,-1.92711069959671,
-1.69803363071022,-1.47667613496813,-1.2983788340428),.UNSPECIFIED.);
#372=B_SPLINE_CURVE_WITH_KNOTS('',3,(#11094,#11095,#11096,#11097,#11098,
#11099,#11100,#11101,#11102,#11103,#11104,#11105),.UNSPECIFIED.,.F.,.F.,
(4,2,2,2,2,4),(-1.25909831295679,-0.999275956354089,-0.726057341481441,
-0.438027350115343,-0.242706714538432,-1.99980071371186E-6),
 .UNSPECIFIED.);
#373=B_SPLINE_CURVE_WITH_KNOTS('',3,(#11109,#11110,#11111,#11112,#11113,
#11114,#11115,#11116,#11117,#11118,#11119,#11120,#11121,#11122,#11123,#11124,
#11125,#11126,#11127,#11128,#11129,#11130,#11131,#11132,#11133,#11134,#11135,
#11136,#11137,#11138,#11139,#11140,#11141,#11142,#11143,#11144,#11145,#11146,
#11147,#11148,#11149,#11150,#11151,#11152,#11153,#11154,#11155,#11156,#11157,
#11158,#11159,#11160,#11161,#11162,#11163,#11164,#11165,#11166,#11167,#11168,
#11169,#11170,#11171,#11172,#11173,#11174,#11175,#11176,#11177,#11178,#11179,
#11180,#11181,#11182,#11183,#11184,#11185,#11186,#11187),.UNSPECIFIED.,
 .F.,.F.,(4,3,3,3,3,3,3,3,3,3,3,3,3,3,3,3,3,3,3,3,3,3,3,3,3,3,4),(-2.68313034071988,
-2.57205576577497,-2.45974773618726,-2.34658558612741,-2.23360645165244,
-2.12192116171415,-2.01593125361121,-1.91166200844139,-1.79907208867511,
-1.68624867463649,-1.57397234853401,-1.52721443424943,-1.41445265614807,
-1.34363670585993,-1.23154493825656,-1.11421342756378,-1.00121425706666,
-0.888783320683622,-0.777779574411855,-0.762218895485443,-0.67150822063111,
-0.560064359482062,-0.447564127409563,-0.334550046502866,-0.221900615178489,
-0.110778645743051,0.),.UNSPECIFIED.);
#374=B_SPLINE_CURVE_WITH_KNOTS('',3,(#11214,#11215,#11216,#11217),
 .UNSPECIFIED.,.F.,.F.,(4,4),(0.,5.12697135390494),.UNSPECIFIED.);
#375=B_SPLINE_CURVE_WITH_KNOTS('',3,(#11219,#11220,#11221,#11222,#11223,
#11224,#11225,#11226,#11227,#11228,#11229,#11230,#11231,#11232,#11233,#11234,
#11235,#11236,#11237,#11238,#11239,#11240,#11241,#11242,#11243,#11244),
 .UNSPECIFIED.,.F.,.F.,(4,2,2,2,2,2,2,2,2,2,2,2,4),(0.,0.12786179864264,
0.384054199342761,0.640868029671427,0.76893752731706,0.897177181227004,
1.02559199018574,1.15357599830767,1.26578558004686,1.46227687989448,1.75766075380027,
1.90494629793544,2.05257072267219),.UNSPECIFIED.);
#376=B_SPLINE_CURVE_WITH_KNOTS('',3,(#11248,#11249,#11250,#11251,#11252,
#11253,#11254,#11255,#11256,#11257,#11258,#11259,#11260,#11261,#11262,#11263,
#11264,#11265,#11266,#11267,#11268,#11269),.UNSPECIFIED.,.F.,.F.,(4,2,2,
2,2,2,2,2,2,2,4),(0.,0.0483102556385805,0.0967372831817074,0.193965720621526,
0.24271455505329,0.340961139703932,0.432638966727645,0.502569769269622,
0.611553035282352,0.669050123509254,0.72860628474034),.UNSPECIFIED.);
#377=B_SPLINE_CURVE_WITH_KNOTS('',3,(#11271,#11272,#11273,#11274,#11275,
#11276,#11277,#11278,#11279,#11280,#11281,#11282,#11283,#11284,#11285,#11286,
#11287,#11288,#11289,#11290,#11291,#11292),.UNSPECIFIED.,.F.,.F.,(4,3,3,
3,3,3,3,4),(0.,0.0565775409168112,0.113155081833624,0.226310163667246,0.452620327334492,
0.905240654668984,1.35786098200348,3.16834229134144),.UNSPECIFIED.);
#378=B_SPLINE_CURVE_WITH_KNOTS('',3,(#11294,#11295,#11296,#11297),
 .UNSPECIFIED.,.F.,.F.,(4,4),(1.29637605634761,1.34478603837544),
 .UNSPECIFIED.);
#379=B_SPLINE_CURVE_WITH_KNOTS('',3,(#11306,#11307,#11308,#11309,#11310,
#11311,#11312,#11313,#11314,#11315,#11316,#11317,#11318,#11319,#11320,#11321),
 .UNSPECIFIED.,.F.,.F.,(4,1,1,1,1,1,1,1,1,1,1,1,1,4),(1.60378987861759,
2.90299498817197,4.20220009772634,4.85180265250353,5.50140520728072,6.1510077620579,
6.80061031683509,7.45021287161228,8.09981542638947,8.74941798116665,9.39902053594384,
10.048623090721,10.6982256454982,10.8612023988963),.UNSPECIFIED.);
#380=B_SPLINE_CURVE_WITH_KNOTS('',3,(#11323,#11324,#11325,#11326,#11327,
#11328),.UNSPECIFIED.,.F.,.F.,(4,1,1,4),(1.50361533966105,1.53223676895011,
1.56085819823918,1.60378941506492),.UNSPECIFIED.);
#381=B_SPLINE_CURVE_WITH_KNOTS('',3,(#11330,#11331,#11332,#11333,#11334,
#11335,#11336,#11337),.UNSPECIFIED.,.F.,.F.,(4,1,1,1,1,4),(0.00172009402317785,
0.859945948673391,1.07450241233594,1.2890588759985,1.39633710782977,1.50361533966105),
 .UNSPECIFIED.);
#382=B_SPLINE_CURVE_WITH_KNOTS('',3,(#11352,#11353,#11354,#11355,#11356),
 .UNSPECIFIED.,.F.,.F.,(4,1,4),(10.8612023988963,11.3478282002754,11.9974307550526),
 .UNSPECIFIED.);
#383=B_SPLINE_CURVE_WITH_KNOTS('',3,(#11485,#11486,#11487,#11488,#11489,
#11490,#11491,#11492,#11493,#11494,#11495,#11496,#11497,#11498,#11499,#11500,
#11501),.UNSPECIFIED.,.F.,.F.,(4,1,1,1,1,1,1,1,1,1,1,1,1,1,4),(-11.4264033699591,
-11.3478282002754,-10.6982256454982,-10.048623090721,-9.39902053594384,
-8.74941798116665,-8.09981542638947,-7.45021287161228,-6.80061031683509,
-6.1510077620579,-5.50140520728072,-4.85180265250353,-4.20220009772634,
-2.90299498817197,-1.60378987861759),.UNSPECIFIED.);
#384=B_SPLINE_CURVE_WITH_KNOTS('',3,(#11502,#11503,#11504,#11505,#11506,
#11507,#11508),.UNSPECIFIED.,.F.,.F.,(4,1,1,1,4),(-1.,-0.857142857142857,
-0.571428571428571,-0.285714285714286,0.),.UNSPECIFIED.);
#385=B_SPLINE_CURVE_WITH_KNOTS('',3,(#11510,#11511,#11512,#11513,#11514,
#11515,#11516,#11517,#11518,#11519),.UNSPECIFIED.,.F.,.F.,(4,2,2,2,4),(0.,
0.210074316966088,0.414263699439526,0.607698433568061,0.801141183771566),
 .UNSPECIFIED.);
#386=B_SPLINE_CURVE_WITH_KNOTS('',3,(#11520,#11521,#11522,#11523),
 .UNSPECIFIED.,.F.,.F.,(4,4),(-11.8917877532338,-11.4264033699591),
 .UNSPECIFIED.);
#387=B_SPLINE_CURVE_WITH_KNOTS('',3,(#11562,#11563,#11564,#11565,#11566,
#11567,#11568,#11569,#11570,#11571,#11572),.UNSPECIFIED.,.F.,.F.,(4,2,3,
2,4),(-0.135498114397048,-0.0799235502642404,0.,0.0806259324428969,0.116565052443083),
 .UNSPECIFIED.);
#388=B_SPLINE_CURVE_WITH_KNOTS('',3,(#11573,#11574,#11575,#11576),
 .UNSPECIFIED.,.F.,.F.,(4,4),(0.116565052443083,0.135530772389821),
 .UNSPECIFIED.);
#389=B_SPLINE_CURVE_WITH_KNOTS('',3,(#11661,#11662,#11663,#11664),
 .UNSPECIFIED.,.F.,.F.,(4,4),(1.60378987861759,4.15497399458844),
 .UNSPECIFIED.);
#390=B_SPLINE_CURVE_WITH_KNOTS('',3,(#11666,#11667,#11668,#11669),
 .UNSPECIFIED.,.F.,.F.,(4,4),(1.54973959007598,1.60378987861777),
 .UNSPECIFIED.);
#391=B_SPLINE_CURVE_WITH_KNOTS('',3,(#11676,#11677,#11678,#11679,#11680,
#11681),.UNSPECIFIED.,.F.,.F.,(4,2,4),(-0.126804705329776,-0.0743189490501311,
0.),.UNSPECIFIED.);
#392=B_SPLINE_CURVE_WITH_KNOTS('',3,(#11700,#11701,#11702,#11703),
 .UNSPECIFIED.,.F.,.F.,(4,4),(1.60378987861759,2.8610470387996),
 .UNSPECIFIED.);
#393=B_SPLINE_CURVE_WITH_KNOTS('',3,(#11704,#11705,#11706,#11707,#11708),
 .UNSPECIFIED.,.F.,.F.,(4,1,4),(-1.,-0.857142857142857,-0.82868055436828),
 .UNSPECIFIED.);
#394=B_SPLINE_CURVE_WITH_KNOTS('',3,(#11714,#11715,#11716,#11717,#11718,
#11719,#11720,#11721),.UNSPECIFIED.,.F.,.F.,(4,1,1,1,1,4),(0.00172009402317608,
0.645389485010837,1.07450241233594,1.23541976008286,1.2890588759985,1.50361533966105),
 .UNSPECIFIED.);
#395=B_SPLINE_CURVE_WITH_KNOTS('',3,(#11722,#11723,#11724,#11725,#11726,
#11727),.UNSPECIFIED.,.F.,.F.,(4,1,1,4),(1.50361533966105,1.53223676895011,
1.56085819823918,1.60378941506492),.UNSPECIFIED.);
#396=B_SPLINE_CURVE_WITH_KNOTS('',3,(#11752,#11753,#11754,#11755),
 .UNSPECIFIED.,.F.,.F.,(4,4),(-0.188934666657549,-0.00506725384463718),
 .UNSPECIFIED.);
#397=B_SPLINE_CURVE_WITH_KNOTS('',3,(#11760,#11761,#11762,#11763,#11764,
#11765,#11766),.UNSPECIFIED.,.F.,.F.,(4,3,4),(-0.105209704636161,-0.0608857861407608,
-0.0502250719378681),.UNSPECIFIED.);
#398=B_SPLINE_CURVE_WITH_KNOTS('',3,(#11768,#11769,#11770,#11771,#11772,
#11773,#11774),.UNSPECIFIED.,.F.,.F.,(4,3,4),(-0.0134346289159824,-0.000681563654516264,
0.),.UNSPECIFIED.);
#399=B_SPLINE_CURVE_WITH_KNOTS('',3,(#11779,#11780,#11781,#11782),
 .UNSPECIFIED.,.F.,.F.,(4,4),(-0.054998524315711,0.),.UNSPECIFIED.);
#400=B_SPLINE_CURVE_WITH_KNOTS('',3,(#11785,#11786,#11787,#11788),
 .UNSPECIFIED.,.F.,.F.,(4,4),(-1.95367351480185,-1.84542662317827),
 .UNSPECIFIED.);
#401=B_SPLINE_CURVE_WITH_KNOTS('',3,(#11806,#11807,#11808,#11809,#11810,
#11811,#11812,#11813,#11814,#11815),.UNSPECIFIED.,.F.,.F.,(4,3,3,4),(0.,
0.371139900888167,0.742049959937729,0.796959003333653),.UNSPECIFIED.);
#402=B_SPLINE_CURVE_WITH_KNOTS('',3,(#11816,#11817,#11818,#11819,#11820,
#11821,#11822,#11823),.UNSPECIFIED.,.F.,.F.,(4,2,2,4),(-0.822143600518895,
-0.742779409283028,-0.371504738530285,0.),.UNSPECIFIED.);
#403=B_SPLINE_CURVE_WITH_KNOTS('',3,(#11825,#11826,#11827,#11828),
 .UNSPECIFIED.,.F.,.F.,(4,4),(5.83880642754359E-5,0.00125522413807787),
 .UNSPECIFIED.);
#404=B_SPLINE_CURVE_WITH_KNOTS('',3,(#11830,#11831,#11832,#11833),
 .UNSPECIFIED.,.F.,.F.,(4,4),(0.0528759372457919,1.52051578207641),
 .UNSPECIFIED.);
#405=B_SPLINE_CURVE_WITH_KNOTS('',3,(#11835,#11836,#11837,#11838),
 .UNSPECIFIED.,.F.,.F.,(4,4),(0.00051981055170161,0.0086162771216585),
 .UNSPECIFIED.);
#406=B_SPLINE_CURVE_WITH_KNOTS('',3,(#11839,#11840,#11841,#11842),
 .UNSPECIFIED.,.F.,.F.,(4,4),(0.0504555334916873,0.0606351621089413),
 .UNSPECIFIED.);
#407=B_SPLINE_CURVE_WITH_KNOTS('',3,(#11859,#11860,#11861,#11862,#11863,
#11864,#11865,#11866,#11867,#11868),.UNSPECIFIED.,.F.,.F.,(4,3,3,4),(-0.821384496655205,
-0.450222776889792,-0.0792909124751155,0.),.UNSPECIFIED.);
#408=B_SPLINE_CURVE_WITH_KNOTS('',3,(#11869,#11870,#11871,#11872,#11873,
#11874,#11875,#11876,#11877,#11878,#11879,#11880,#11881,#11882,#11883,#11884),
 .UNSPECIFIED.,.F.,.F.,(4,2,2,2,2,2,2,4),(-3.95527666490072,-3.35161179417474,
-2.74678968405551,-2.0991302373332,-1.74954554637824,-1.42338429970851,
-1.05394254891997,0.),.UNSPECIFIED.);
#409=B_SPLINE_CURVE_WITH_KNOTS('',3,(#11888,#11889,#11890,#11891),
 .UNSPECIFIED.,.F.,.F.,(4,4),(-0.258680937135434,-0.234987406452088),
 .UNSPECIFIED.);
#410=B_SPLINE_CURVE_WITH_KNOTS('',3,(#11895,#11896,#11897,#11898),
 .UNSPECIFIED.,.F.,.F.,(4,4),(-0.0236357701908362,0.),.UNSPECIFIED.);
#411=B_SPLINE_CURVE_WITH_KNOTS('',3,(#11920,#11921,#11922,#11923,#11924,
#11925,#11926,#11927,#11928,#11929,#11930,#11931,#11932),.UNSPECIFIED.,
 .F.,.F.,(4,3,3,3,4),(-1.54498755550981,-1.38743127287135,-0.701684797587404,
-0.351161947479208,0.),.UNSPECIFIED.);
#412=B_SPLINE_CURVE_WITH_KNOTS('',3,(#11933,#11934,#11935,#11936,#11937,
#11938,#11939,#11940,#11941,#11942),.UNSPECIFIED.,.F.,.F.,(4,2,2,2,4),(-2.75538980166536,
-2.40427475067014,-2.05379871169666,-1.36814381552268,-1.21060857399001),
 .UNSPECIFIED.);
#413=B_SPLINE_CURVE_WITH_KNOTS('',3,(#11944,#11945,#11946,#11947,#11948,
#11949),.UNSPECIFIED.,.F.,.F.,(4,1,1,4),(-1.60378987861777,-1.56085819823918,
-1.53223676895011,-1.50595405602096),.UNSPECIFIED.);
#414=B_SPLINE_CURVE_WITH_KNOTS('',3,(#11993,#11994,#11995,#11996,#11997),
 .UNSPECIFIED.,.F.,.F.,(4,1,4),(-1.,-0.72264322955811,-0.635745320022872),
 .UNSPECIFIED.);
#415=B_SPLINE_CURVE_WITH_KNOTS('',3,(#12055,#12056,#12057,#12058,#12059,
#12060,#12061,#12062,#12063,#12064,#12065,#12066,#12067,#12068,#12069,#12070,
#12071,#12072,#12073,#12074,#12075,#12076,#12077,#12078,#12079,#12080,#12081,
#12082,#12083,#12084,#12085,#12086,#12087,#12088,#12089,#12090,#12091,#12092,
#12093,#12094,#12095,#12096,#12097,#12098,#12099,#12100,#12101,#12102,#12103,
#12104,#12105,#12106),.UNSPECIFIED.,.F.,.F.,(4,3,3,3,3,3,3,3,3,3,3,3,3,
3,3,3,3,4),(-1.33079563802212,-1.28185660852898,-1.23080720290929,-1.17862472863298,
-1.12492930926452,-1.08871184335799,-1.03258224031883,-0.975534090617145,
-0.95779069659571,-0.902417283717449,-0.846221424194345,-0.792725260689901,
-0.762223600602716,-0.706494212397257,-0.64952829035085,-0.592364383152375,
-0.535764290381352,-0.487942363709204),.UNSPECIFIED.);
#416=B_SPLINE_CURVE_WITH_KNOTS('',3,(#12108,#12109,#12110,#12111),
 .UNSPECIFIED.,.F.,.F.,(4,4),(-0.0158475160921377,-0.0130539053481007),
 .UNSPECIFIED.);
#417=B_SPLINE_CURVE_WITH_KNOTS('',3,(#12113,#12114,#12115,#12116),
 .UNSPECIFIED.,.F.,.F.,(4,4),(-0.0231434105276013,-0.0190705758134085),
 .UNSPECIFIED.);
#418=B_SPLINE_CURVE_WITH_KNOTS('',3,(#12117,#12118,#12119,#12120,#12121,
#12122,#12123,#12124,#12125,#12126,#12127,#12128,#12129,#12130,#12131,#12132,
#12133,#12134,#12135,#12136,#12137,#12138,#12139,#12140,#12141,#12142,#12143,
#12144,#12145,#12146,#12147,#12148,#12149,#12150),.UNSPECIFIED.,.F.,.F.,
(4,3,3,3,3,3,3,3,3,3,3,4),(0.881234301546808,0.936343387224917,0.989995941973215,
0.999408012842539,1.05639090179726,1.08969405603022,1.14418770566011,1.20034476108977,
1.25185155431859,1.3020814817553,1.35044890666104,1.36881592737876),
 .UNSPECIFIED.);
#419=B_SPLINE_CURVE_WITH_KNOTS('',3,(#12163,#12164,#12165,#12166),
 .UNSPECIFIED.,.F.,.F.,(4,4),(-0.81938072622799,-0.813649172856474),
 .UNSPECIFIED.);
#420=B_SPLINE_CURVE_WITH_KNOTS('',3,(#12169,#12170,#12171,#12172,#12173,
#12174,#12175,#12176,#12177,#12178,#12179,#12180,#12181,#12182),
 .UNSPECIFIED.,.F.,.F.,(4,2,2,2,2,2,4),(-0.776937157191454,-0.642428257306919,
-0.500247568216931,-0.278293703193918,-0.119257965535639,-0.058232007307351,
0.),.UNSPECIFIED.);
#421=B_SPLINE_CURVE_WITH_KNOTS('',3,(#12186,#12187,#12188,#12189,#12190,
#12191,#12192,#12193,#12194,#12195,#12196,#12197,#12198,#12199,#12200,#12201,
#12202,#12203,#12204,#12205,#12206,#12207,#12208,#12209,#12210,#12211,#12212,
#12213,#12214,#12215,#12216,#12217,#12218,#12219,#12220,#12221,#12222,#12223,
#12224,#12225,#12226,#12227,#12228,#12229,#12230,#12231,#12232,#12233,#12234,
#12235,#12236,#12237,#12238,#12239,#12240,#12241,#12242,#12243,#12244,#12245,
#12246,#12247,#12248,#12249,#12250,#12251,#12252,#12253,#12254,#12255,#12256,
#12257,#12258),.UNSPECIFIED.,.F.,.F.,(4,3,3,3,3,3,3,3,3,3,3,3,3,3,3,3,3,
3,3,3,3,3,3,3,4),(-2.12507085017912,-2.03250580069575,-1.9385578416484,
-1.84956649473267,-1.7555999725027,-1.66126119972064,-1.57339707812706,
-1.47882018457141,-1.38418184738086,-1.29040101273689,-1.21371064303835,
-1.11961180704447,-1.05041929959723,-0.957425214950405,-0.863189076306427,
-0.768871096841772,-0.675381022028902,-0.60642098675831,-0.526819498054608,
-0.433710126559993,-0.339738377195317,-0.245475129374743,-0.151624426971316,
-0.0591254026790412,0.),.UNSPECIFIED.);
#422=B_SPLINE_CURVE_WITH_KNOTS('',3,(#12261,#12262,#12263,#12264,#12265,
#12266,#12267,#12268,#12269,#12270,#12271,#12272,#12273,#12274,#12275,#12276,
#12277,#12278,#12279,#12280,#12281,#12282,#12283,#12284,#12285),
 .UNSPECIFIED.,.F.,.F.,(4,3,3,3,3,3,3,3,4),(-1.48764193742211,-0.857340400573572,
-0.42857548770661,-0.267813991965354,-0.21423103691237,-0.188703210196236,
-0.10401940002239,-0.0464858998999004,-0.019335589848543),.UNSPECIFIED.);
#423=B_SPLINE_CURVE_WITH_KNOTS('',3,(#12322,#12323,#12324,#12325),
 .UNSPECIFIED.,.F.,.F.,(4,4),(-1.,-0.828837332570395),.UNSPECIFIED.);
#424=B_SPLINE_CURVE_WITH_KNOTS('',3,(#12327,#12328,#12329,#12330,#12331,
#12332,#12333,#12334,#12335,#12336),.UNSPECIFIED.,.F.,.F.,(4,3,3,4),(-1.25909831295679,
-0.606599029432099,-0.129980154944928,-1.99980071371186E-6),
 .UNSPECIFIED.);
#425=B_SPLINE_CURVE_WITH_KNOTS('',3,(#12337,#12338,#12339,#12340),
 .UNSPECIFIED.,.F.,.F.,(4,4),(-1.52233586249176,-1.50752196731475),
 .UNSPECIFIED.);
#426=B_SPLINE_CURVE_WITH_KNOTS('',3,(#12378,#12379,#12380,#12381,#12382,
#12383,#12384,#12385,#12386,#12387,#12388,#12389,#12390,#12391,#12392,#12393,
#12394,#12395,#12396,#12397,#12398,#12399,#12400,#12401,#12402,#12403,#12404,
#12405,#12406,#12407,#12408,#12409,#12410,#12411,#12412,#12413,#12414,#12415,
#12416,#12417,#12418,#12419,#12420,#12421,#12422,#12423,#12424,#12425,#12426,
#12427,#12428,#12429,#12430,#12431,#12432,#12433,#12434,#12435,#12436,#12437,
#12438,#12439,#12440,#12441,#12442,#12443,#12444,#12445,#12446,#12447,#12448,
#12449,#12450,#12451,#12452,#12453,#12454,#12455,#12456),.UNSPECIFIED.,
 .F.,.F.,(4,3,3,3,3,3,3,3,3,3,3,3,3,3,3,3,3,3,3,3,3,3,3,3,3,3,4),(-0.820668880993891,
-0.788766390371089,-0.754907249949473,-0.720417384987549,-0.684479085050155,
-0.653329828684624,-0.61545336185859,-0.576507958673937,-0.537412285553685,
-0.498791245410881,-0.475953562378117,-0.471681327851288,-0.434039024982561,
-0.395531560182743,-0.356163920926048,-0.317621598138524,-0.277841300647245,
-0.24140280879889,-0.238061003155965,-0.229010993865793,-0.191028920115488,
-0.153090212054806,-0.114817659041105,-0.0787090213343136,-0.0435447077614631,
-0.00977426466678541,0.),.UNSPECIFIED.);
#427=B_SPLINE_CURVE_WITH_KNOTS('',3,(#12458,#12459,#12460,#12461,#12462,
#12463),.UNSPECIFIED.,.F.,.F.,(4,1,1,4),(-1.50361533966105,-1.28964668093281,
-0.861709363476327,-0.00583472856336103),.UNSPECIFIED.);
#428=B_SPLINE_CURVE_WITH_KNOTS('',3,(#12464,#12465,#12466,#12467,#12468,
#12469,#12470),.UNSPECIFIED.,.F.,.F.,(4,1,1,1,4),(-1.,-0.714285714285714,
-0.571428571428571,-0.285714285714286,0.),.UNSPECIFIED.);
#429=B_SPLINE_CURVE_WITH_KNOTS('',3,(#12473,#12474,#12475,#12476),
 .UNSPECIFIED.,.F.,.F.,(4,4),(-1.52230974495684,-1.50595405623934),
 .UNSPECIFIED.);
#430=B_SPLINE_CURVE_WITH_KNOTS('',3,(#12586,#12587,#12588,#12589,#12590,
#12591,#12592,#12593,#12594,#12595),.UNSPECIFIED.,.F.,.F.,(4,2,2,2,4),(-0.918933643838038,
-0.744218195745632,-0.569502747653226,-0.481342697851681,-0.467311054282853),
 .UNSPECIFIED.);
#431=B_SPLINE_CURVE_WITH_KNOTS('',3,(#12604,#12605,#12606,#12607,#12608,
#12609,#12610,#12611,#12612,#12613),.UNSPECIFIED.,.F.,.F.,(4,2,2,2,4),(-1.37055623339322,
-1.3565245898244,-1.26836454002285,-1.09364909193045,-0.918933643838038),
 .UNSPECIFIED.);
#432=B_SPLINE_CURVE_WITH_KNOTS('',3,(#12680,#12681,#12682,#12683,#12684,
#12685,#12686,#12687,#12688,#12689,#12690,#12691,#12692,#12693,#12694,#12695,
#12696,#12697,#12698,#12699,#12700,#12701,#12702,#12703,#12704,#12705,#12706,
#12707,#12708,#12709,#12710,#12711,#12712,#12713,#12714,#12715,#12716,#12717,
#12718,#12719,#12720,#12721,#12722,#12723,#12724,#12725),.UNSPECIFIED.,
 .F.,.F.,(4,3,3,3,3,3,3,3,3,3,3,3,3,3,3,4),(-2.6005337717396,-2.55785649077736,
-2.55576589258355,-2.51542390464724,-2.51099801342749,-2.43097328894614,
-2.42146225511539,-2.26207509553001,-2.24239073849118,-1.92711069959671,
-1.88424770524276,-1.52610467199434,-1.26729402992774,-0.718961434713248,
-0.19098167177336,-0.0935325390006699),.UNSPECIFIED.);
#433=B_SPLINE_CURVE_WITH_KNOTS('',3,(#12814,#12815,#12816,#12817,#12818,
#12819,#12820,#12821),.UNSPECIFIED.,.F.,.F.,(4,2,2,4),(-0.658926404526096,
-0.536027685052398,-0.412935483595512,-0.278530415711858),.UNSPECIFIED.);
#434=B_SPLINE_CURVE_WITH_KNOTS('',3,(#12825,#12826,#12827,#12828,#12829,
#12830),.UNSPECIFIED.,.F.,.F.,(4,2,4),(1.06495491319003,1.14802037529355,
1.37828539790687),.UNSPECIFIED.);
#435=B_SPLINE_CURVE_WITH_KNOTS('',3,(#12897,#12898,#12899,#12900,#12901,
#12902,#12903,#12904,#12905,#12906,#12907,#12908,#12909,#12910,#12911,#12912,
#12913,#12914,#12915,#12916,#12917,#12918,#12919,#12920,#12921,#12922,#12923,
#12924,#12925,#12926,#12927,#12928,#12929,#12930,#12931,#12932,#12933,#12934,
#12935,#12936,#12937,#12938,#12939,#12940,#12941,#12942,#12943,#12944,#12945,
#12946,#12947,#12948,#12949,#12950,#12951,#12952,#12953,#12954,#12955,#12956,
#12957,#12958,#12959,#12960,#12961,#12962,#12963,#12964,#12965,#12966,#12967,
#12968,#12969),.UNSPECIFIED.,.F.,.F.,(4,3,3,3,3,3,3,3,3,3,3,3,3,3,3,3,3,
3,3,3,3,3,3,3,4),(-2.68313034071988,-2.56567079444834,-2.44653563061779,
-2.32592980361652,-2.20523538571003,-2.08553496219639,-2.01593125361121,
-1.89375204877071,-1.77299913908091,-1.65010678666507,-1.52721443424923,
-1.40703615935922,-1.34363670585993,-1.22446233859519,-1.10385161045599,
-0.983237756219478,-0.863860885159487,-0.762218895485442,-0.67150822063111,
-0.552148131907252,-0.431733403095902,-0.311022636029311,-0.190874772647122,
-0.0724812440397316,0.),.UNSPECIFIED.);
#436=B_SPLINE_CURVE_WITH_KNOTS('',3,(#13003,#13004,#13005,#13006,#13007,
#13008,#13009),.UNSPECIFIED.,.F.,.F.,(4,3,4),(-1.60378987861777,-1.54654748359464,
-1.50361533966105),.UNSPECIFIED.);
#437=B_SPLINE_CURVE_WITH_KNOTS('',3,(#13240,#13241,#13242,#13243),
 .UNSPECIFIED.,.F.,.F.,(4,4),(-1.,-0.635739719398764),.UNSPECIFIED.);
#438=B_SPLINE_CURVE_WITH_KNOTS('',3,(#13571,#13572,#13573,#13574,#13575,
#13576,#13577,#13578),.UNSPECIFIED.,.F.,.F.,(4,2,2,4),(0.,0.238958167151016,
0.516603725639085,0.593549279379964),.UNSPECIFIED.);
#439=B_SPLINE_CURVE_WITH_KNOTS('',3,(#13580,#13581,#13582,#13583,#13584,
#13585),.UNSPECIFIED.,.F.,.F.,(4,2,4),(5.05392093758401,5.21262869324228,
5.378780795024),.UNSPECIFIED.);
#440=B_SPLINE_CURVE_WITH_KNOTS('',3,(#13653,#13654,#13655,#13656,#13657,
#13658,#13659,#13660,#13661,#13662,#13663,#13664,#13665,#13666,#13667,#13668,
#13669,#13670),.UNSPECIFIED.,.F.,.F.,(4,2,2,2,2,2,2,2,4),(-0.178353131685213,
-0.155309757797216,-0.132110521874152,-0.098914129102183,-0.0565258882059346,
-0.0271811229988195,-0.0140685727427998,-0.00628263376693634,0.),
 .UNSPECIFIED.);
#441=B_SPLINE_CURVE_WITH_KNOTS('',3,(#13682,#13683,#13684,#13685),
 .UNSPECIFIED.,.F.,.F.,(4,4),(0.,0.181441809051559),.UNSPECIFIED.);
#442=B_SPLINE_CURVE_WITH_KNOTS('',3,(#13686,#13687,#13688,#13689),
 .UNSPECIFIED.,.F.,.F.,(4,4),(-0.0713408495465603,-4.41334317383135E-7),
 .UNSPECIFIED.);
#443=B_SPLINE_CURVE_WITH_KNOTS('',3,(#13716,#13717,#13718,#13719,#13720,
#13721),.UNSPECIFIED.,.F.,.F.,(4,1,1,4),(0.,0.285714285714286,0.571428571428571,
1.),.UNSPECIFIED.);
#444=B_SPLINE_CURVE_WITH_KNOTS('',3,(#13761,#13762,#13763,#13764,#13765,
#13766,#13767),.UNSPECIFIED.,.F.,.F.,(4,3,4),(0.,0.44242449581082,0.593549279379964),
 .UNSPECIFIED.);
#445=B_SPLINE_CURVE_WITH_KNOTS('',3,(#13768,#13769,#13770,#13771,#13772,
#13773),.UNSPECIFIED.,.F.,.F.,(4,1,1,4),(0.440913434687368,0.763737118146662,
1.08656080160596,1.5707963267949),.UNSPECIFIED.);
#446=B_SPLINE_CURVE_WITH_KNOTS('',3,(#13775,#13776,#13777,#13778,#13779,
#13780),.UNSPECIFIED.,.F.,.F.,(4,1,1,4),(-1.5707963267949,-1.08656080160596,
-0.763737118146662,-0.523598775598299),.UNSPECIFIED.);
#447=B_SPLINE_CURVE_WITH_KNOTS('',3,(#13781,#13782,#13783,#13784,#13785,
#13786,#13787,#13788,#13789,#13790,#13791,#13792,#13793,#13794,#13795,#13796,
#13797,#13798,#13799,#13800,#13801,#13802,#13803,#13804,#13805,#13806,#13807,
#13808),.UNSPECIFIED.,.F.,.F.,(4,3,3,3,3,3,3,3,3,4),(5.05392093758401,5.09363596288356,
5.1327802268244,5.14337023254912,5.18286452483299,5.21262869324228,5.25416671868771,
5.29499548774611,5.33688814138505,5.378780795024),.UNSPECIFIED.);
#448=B_SPLINE_CURVE_WITH_KNOTS('',3,(#13880,#13881,#13882,#13883,#13884,
#13885,#13886,#13887,#13888,#13889),.UNSPECIFIED.,.F.,.F.,(4,2,2,2,4),(-0.000849380941718301,
0.,0.259465835423917,0.427281847720127,0.548218282781555),.UNSPECIFIED.);
#449=B_SPLINE_CURVE_WITH_KNOTS('',3,(#13892,#13893,#13894,#13895),
 .UNSPECIFIED.,.F.,.F.,(4,4),(5.31804205663087,5.378780795024),
 .UNSPECIFIED.);
#450=B_SPLINE_CURVE_WITH_KNOTS('',3,(#13930,#13931,#13932,#13933,#13934,
#13935,#13936),.UNSPECIFIED.,.F.,.F.,(4,3,4),(0.,0.635447296435042,0.801141183771566),
 .UNSPECIFIED.);
#451=B_SPLINE_CURVE_WITH_KNOTS('',3,(#13938,#13939,#13940,#13941),
 .UNSPECIFIED.,.F.,.F.,(4,4),(0.,0.155143588925955),.UNSPECIFIED.);
#452=B_SPLINE_CURVE_WITH_KNOTS('',3,(#13973,#13974,#13975,#13976,#13977,
#13978),.UNSPECIFIED.,.F.,.F.,(4,2,4),(2.56395823344602,2.60123049082141,
2.68538074478911),.UNSPECIFIED.);
#453=B_SPLINE_CURVE_WITH_KNOTS('',3,(#13980,#13981,#13982,#13983,#13984,
#13985,#13986,#13987),.UNSPECIFIED.,.F.,.F.,(4,2,2,4),(1.60311308848208,
1.74929929372311,1.82239239634363,1.8323377959979),.UNSPECIFIED.);
#454=B_SPLINE_CURVE_WITH_KNOTS('',3,(#13991,#13992,#13993,#13994),
 .UNSPECIFIED.,.F.,.F.,(4,4),(1.47498181270135,1.60311308848208),
 .UNSPECIFIED.);
#455=B_SPLINE_CURVE_WITH_KNOTS('',3,(#14006,#14007,#14008,#14009),
 .UNSPECIFIED.,.F.,.F.,(4,4),(1.60311308848208,1.72120213590498),
 .UNSPECIFIED.);
#456=B_SPLINE_CURVE_WITH_KNOTS('',3,(#14013,#14014,#14015,#14016,#14017,
#14018,#14019,#14020),.UNSPECIFIED.,.F.,.F.,(4,2,2,4),(1.37388838096626,
1.38383378062054,1.45692688324105,1.60311308848208),.UNSPECIFIED.);
#457=B_SPLINE_CURVE_WITH_KNOTS('',3,(#14021,#14022,#14023,#14024,#14025,
#14026),.UNSPECIFIED.,.F.,.F.,(4,2,4),(1.98750499069161,2.07165524466001,
2.10892750203539),.UNSPECIFIED.);
#458=B_SPLINE_CURVE_WITH_KNOTS('',3,(#14029,#14030,#14031,#14032,#14033,
#14034),.UNSPECIFIED.,.F.,.F.,(4,2,4),(2.56395823344603,2.60123049082141,
2.68538074478912),.UNSPECIFIED.);
#459=B_SPLINE_CURVE_WITH_KNOTS('',3,(#14036,#14037,#14038,#14039,#14040,
#14041,#14042,#14043),.UNSPECIFIED.,.F.,.F.,(4,2,2,4),(1.60311308848209,
1.74929929372311,1.82239239634363,1.8323377959979),.UNSPECIFIED.);
#460=B_SPLINE_CURVE_WITH_KNOTS('',3,(#14046,#14047,#14048,#14049),
 .UNSPECIFIED.,.F.,.F.,(4,4),(1.48502404105918,1.60311308848208),
 .UNSPECIFIED.);
#461=B_SPLINE_CURVE_WITH_KNOTS('',3,(#14059,#14060,#14061,#14062),
 .UNSPECIFIED.,.F.,.F.,(4,4),(1.60311308848208,1.71119578002546),
 .UNSPECIFIED.);
#462=B_SPLINE_CURVE_WITH_KNOTS('',3,(#14066,#14067,#14068,#14069,#14070,
#14071,#14072,#14073),.UNSPECIFIED.,.F.,.F.,(4,2,2,4),(1.37388838096627,
1.38383378062054,1.45692688324106,1.60311308848209),.UNSPECIFIED.);
#463=B_SPLINE_CURVE_WITH_KNOTS('',3,(#14074,#14075,#14076,#14077,#14078,
#14079),.UNSPECIFIED.,.F.,.F.,(4,2,4),(1.98750499069162,2.07165524466002,
2.1089275020354),.UNSPECIFIED.);
#464=B_SPLINE_CURVE_WITH_KNOTS('',3,(#14082,#14083,#14084,#14085),
 .UNSPECIFIED.,.F.,.F.,(4,4),(1.49503039729199,1.60311308848209),
 .UNSPECIFIED.);
#465=B_SPLINE_CURVE_WITH_KNOTS('',3,(#14088,#14089,#14090,#14091),
 .UNSPECIFIED.,.F.,.F.,(4,4),(1.60311308848208,1.73124436426281),
 .UNSPECIFIED.);
#466=B_SPLINE_CURVE_WITH_KNOTS('',3,(#14204,#14205,#14206,#14207,#14208,
#14209,#14210,#14211),.UNSPECIFIED.,.F.,.F.,(4,2,2,4),(-1.09223588975025,
-0.830766644936663,-0.588884861644839,-0.373775275603825),.UNSPECIFIED.);
#467=B_SPLINE_CURVE_WITH_KNOTS('',3,(#14212,#14213,#14214,#14215,#14216,
#14217,#14218,#14219,#14220,#14221),.UNSPECIFIED.,.F.,.F.,(4,2,2,2,4),(-1.24837393770543,
-1.13252492111608,-0.972632564475046,-0.699741874078948,-0.501346243390442),
 .UNSPECIFIED.);
#468=B_SPLINE_CURVE_WITH_KNOTS('',3,(#14283,#14284,#14285,#14286,#14287,
#14288),.UNSPECIFIED.,.F.,.F.,(4,1,1,4),(0.,0.285714285714286,0.571428571428571,
1.),.UNSPECIFIED.);
#469=B_SPLINE_CURVE_WITH_KNOTS('',3,(#14290,#14291,#14292,#14293,#14294),
 .UNSPECIFIED.,.F.,.F.,(4,1,4),(-3.44427165099849E-49,0.448798950512828,
0.803710257230021),.UNSPECIFIED.);
#470=B_SPLINE_CURVE_WITH_KNOTS('',3,(#14295,#14296,#14297,#14298,#14299,
#14300),.UNSPECIFIED.,.F.,.F.,(4,1,1,4),(0.8036799557058,0.897597901025655,
1.12199737628207,1.5707963267949),.UNSPECIFIED.);
#471=B_SPLINE_CURVE_WITH_KNOTS('',3,(#14379,#14380,#14381,#14382,#14383,
#14384,#14385,#14386,#14387,#14388),.UNSPECIFIED.,.F.,.F.,(4,2,2,2,4),(0.,
0.210074316966088,0.414263699439526,0.607698433568061,0.801141183771566),
 .UNSPECIFIED.);
#472=B_SPLINE_CURVE_WITH_KNOTS('',3,(#14392,#14393,#14394,#14395,#14396,
#14397,#14398,#14399,#14400,#14401,#14402,#14403,#14404,#14405,#14406,#14407,
#14408,#14409),.UNSPECIFIED.,.F.,.F.,(4,1,1,1,1,1,1,1,1,1,1,1,1,1,1,4),
(-11.4264039052897,-11.3478282002754,-10.6982256454982,-10.048623090721,
-9.39902053594384,-8.74941798116665,-8.09981542638947,-7.45021287161228,
-6.80061031683509,-6.1510077620579,-5.50140520728072,-4.85180265250353,
-4.20220009772634,-2.90299498817197,-2.25339243339478,-1.60378987861759),
 .UNSPECIFIED.);
#473=B_SPLINE_CURVE_WITH_KNOTS('',3,(#14421,#14422,#14423,#14424),
 .UNSPECIFIED.,.F.,.F.,(4,4),(-11.8917878288849,-11.4264039052897),
 .UNSPECIFIED.);
#474=B_SPLINE_CURVE_WITH_KNOTS('',3,(#14443,#14444,#14445,#14446,#14447,
#14448,#14449,#14450,#14451,#14452,#14453,#14454,#14455,#14456,#14457,#14458,
#14459,#14460,#14461,#14462,#14463,#14464,#14465,#14466,#14467,#14468,#14469,
#14470,#14471,#14472,#14473,#14474,#14475,#14476,#14477,#14478,#14479,#14480,
#14481,#14482,#14483,#14484,#14485,#14486,#14487,#14488,#14489,#14490,#14491,
#14492,#14493,#14494,#14495,#14496,#14497,#14498,#14499,#14500,#14501,#14502,
#14503,#14504,#14505,#14506,#14507,#14508,#14509,#14510,#14511,#14512,#14513,
#14514,#14515,#14516,#14517,#14518,#14519,#14520,#14521),.UNSPECIFIED.,
 .F.,.F.,(4,3,3,3,3,3,3,3,3,3,3,3,3,3,3,3,3,3,3,3,3,3,3,3,3,3,4),(-2.68313034071988,
-2.57210193754339,-2.4598355283114,-2.34670196240672,-2.23374252220093,
-2.12206326676426,-2.01593125361121,-1.91166200844139,-1.79905601095656,
-1.68622451062878,-1.57395053005042,-1.52721443424943,-1.4144483362894,
-1.34363670585993,-1.23154372692936,-1.11421251906838,-1.00121116115427,
-0.888777921318813,-0.777771878588487,-0.762218895485443,-0.67150822063111,
-0.560065493668914,-0.447565097226463,-0.33455126549635,-0.22190371095281,
-0.11078795066064,0.),.UNSPECIFIED.);
#475=B_SPLINE_CURVE_WITH_KNOTS('',3,(#14525,#14526,#14527,#14528,#14529,
#14530,#14531,#14532,#14533,#14534,#14535,#14536),.UNSPECIFIED.,.F.,.F.,
(4,2,2,2,2,4),(-1.25909831295679,-0.999275956354089,-0.726057341481441,
-0.438027350115343,-0.242706714538432,-1.99980071371186E-6),
 .UNSPECIFIED.);
#476=B_SPLINE_CURVE_WITH_KNOTS('',3,(#14538,#14539,#14540,#14541,#14542,
#14543,#14544,#14545,#14546,#14547,#14548,#14549,#14550,#14551,#14552,#14553,
#14554,#14555,#14556,#14557,#14558,#14559,#14560,#14561,#14562,#14563,#14564,
#14565,#14566,#14567,#14568,#14569,#14570,#14571,#14572,#14573,#14574,#14575,
#14576,#14577,#14578,#14579,#14580,#14581,#14582,#14583),.UNSPECIFIED.,
 .F.,.F.,(4,3,3,3,3,3,3,3,3,3,3,3,3,3,3,4),(-2.6005337717396,-2.56775855830489,
-2.55785649077736,-2.51542390464724,-2.43097328894614,-2.26207509553001,
-2.114589225096,-1.9493558905917,-1.92711069959671,-1.54528858852884,-1.29845996188695,
-1.26729402992774,-0.857801065259621,-0.454758588930609,-0.0631195415753223,
0.),.UNSPECIFIED.);
#477=B_SPLINE_CURVE_WITH_KNOTS('',3,(#14588,#14589,#14590,#14591),
 .UNSPECIFIED.,.F.,.F.,(4,4),(0.,0.0931666561146679),.UNSPECIFIED.);
#478=B_SPLINE_CURVE_WITH_KNOTS('',3,(#14593,#14594,#14595,#14596,#14597,
#14598,#14599,#14600,#14601,#14602,#14603,#14604,#14605,#14606,#14607,#14608,
#14609,#14610,#14611,#14612,#14613,#14614),.UNSPECIFIED.,.F.,.F.,(4,3,3,
3,3,3,3,4),(0.0482234518593498,0.387351007965165,0.74227557818913,1.01586000213598,
1.32791217029918,1.64211905798739,1.95616320046405,2.2038114479143),
 .UNSPECIFIED.);
#479=B_SPLINE_CURVE_WITH_KNOTS('',3,(#14616,#14617,#14618,#14619,#14620,
#14621,#14622,#14623,#14624,#14625),.UNSPECIFIED.,.F.,.F.,(4,2,2,2,4),(1.9706484737963E-6,
0.167928401214459,0.310691781481816,0.503952422764608,0.680840853339564),
 .UNSPECIFIED.);
#480=B_SPLINE_CURVE_WITH_KNOTS('',3,(#14629,#14630,#14631,#14632,#14633,
#14634,#14635,#14636,#14637,#14638,#14639,#14640,#14641,#14642,#14643,#14644,
#14645,#14646,#14647,#14648,#14649,#14650,#14651,#14652,#14653,#14654,#14655,
#14656,#14657,#14658,#14659,#14660,#14661,#14662,#14663,#14664,#14665,#14666,
#14667,#14668,#14669,#14670,#14671,#14672,#14673,#14674,#14675,#14676,#14677,
#14678,#14679,#14680,#14681,#14682,#14683,#14684,#14685,#14686,#14687,#14688,
#14689,#14690,#14691,#14692,#14693,#14694,#14695,#14696,#14697,#14698,#14699,
#14700,#14701,#14702,#14703,#14704),.UNSPECIFIED.,.F.,.F.,(4,3,3,3,3,3,
3,3,3,3,3,3,3,3,3,3,3,3,3,3,3,3,3,3,3,4),(0.,0.088943671900044,0.178972881605331,
0.269833079046212,0.360647270454236,0.45066016068226,0.506582866689948,
0.56793377560292,0.657356250571123,0.748134134378129,0.839091204999938,
0.929400204625456,1.01365301137113,1.10445023200615,1.13940023506605,1.2286721391758,
1.31954445119519,1.41086206919245,1.50205461862867,1.52059434961696,1.61131677987613,
1.70275086055037,1.794117135889,1.88485728180799,1.97409182880926,2.00755117114109),
 .UNSPECIFIED.);
#481=B_SPLINE_CURVE_WITH_KNOTS('',3,(#14846,#14847,#14848,#14849,#14850,
#14851,#14852,#14853,#14854,#14855,#14856,#14857,#14858,#14859,#14860),
 .UNSPECIFIED.,.F.,.F.,(4,1,1,1,1,1,1,1,1,1,1,1,4),(4.20000165000698,4.20220009772634,
4.85180265250353,5.50140520728072,6.1510077620579,6.80061031683509,7.45021287161228,
8.09981542638947,8.74941798116665,9.39902053594384,10.048623090721,10.6982256454982,
10.8612029785415),.UNSPECIFIED.);
#482=B_SPLINE_CURVE_WITH_KNOTS('',3,(#14861,#14862,#14863,#14864,#14865,
#14866,#14867),.UNSPECIFIED.,.F.,.F.,(4,1,1,1,4),(-0.828837332570396,-0.592026666121711,
-0.355215999673027,-0.236810666448684,0.),.UNSPECIFIED.);
#483=B_SPLINE_CURVE_WITH_KNOTS('',3,(#14868,#14869,#14870,#14871,#14872),
 .UNSPECIFIED.,.F.,.F.,(4,1,4),(10.8612029785416,11.3478282002754,11.9974307550526),
 .UNSPECIFIED.);
#484=B_SPLINE_CURVE_WITH_KNOTS('',3,(#14874,#14875,#14876,#14877,#14878,
#14879,#14880),.UNSPECIFIED.,.F.,.F.,(4,3,4),(1.25191626902738,1.29528068132783,
1.33864481760614),.UNSPECIFIED.);
#485=B_SPLINE_CURVE_WITH_KNOTS('',3,(#14886,#14887,#14888,#14889,#14890,
#14891,#14892),.UNSPECIFIED.,.F.,.F.,(4,3,4),(1.29822949163494,1.34159767874737,
1.38496508261425),.UNSPECIFIED.);
#486=B_SPLINE_CURVE_WITH_KNOTS('',3,(#14900,#14901,#14902,#14903,#14904,
#14905),.UNSPECIFIED.,.F.,.F.,(4,1,1,4),(2.11185103794993E-15,0.448798950512829,
0.897597901025657,1.5707963267949),.UNSPECIFIED.);
#487=B_SPLINE_CURVE_WITH_KNOTS('',3,(#14910,#14911,#14912,#14913,#14914,
#14915,#14916,#14917,#14918,#14919),.UNSPECIFIED.,.F.,.F.,(4,1,1,1,1,1,
1,4),(-11.4118439235984,-10.6982256454982,-9.39902053594384,-8.09981542638947,
-6.80061031683509,-5.50140520728072,-4.20220009772634,-1.60378987861759),
 .UNSPECIFIED.);
#488=B_SPLINE_CURVE_WITH_KNOTS('',3,(#14920,#14921,#14922,#14923),
 .UNSPECIFIED.,.F.,.F.,(4,4),(-11.8917872579781,-11.4118439235984),
 .UNSPECIFIED.);
#489=B_SPLINE_CURVE_WITH_KNOTS('',3,(#14933,#14934,#14935,#14936,#14937),
 .UNSPECIFIED.,.F.,.F.,(4,1,4),(-1.60378987861777,-1.5572499541364,-1.52234466310912),
 .UNSPECIFIED.);
#490=B_SPLINE_CURVE_WITH_KNOTS('',3,(#14959,#14960,#14961,#14962),
 .UNSPECIFIED.,.F.,.F.,(4,4),(-0.0935325390006857,0.),.UNSPECIFIED.);
#491=B_SPLINE_CURVE_WITH_KNOTS('',3,(#15040,#15041,#15042,#15043,#15044,
#15045),.UNSPECIFIED.,.F.,.F.,(4,1,1,4),(-0.707294582290255,-0.505210415921611,
-0.303126249552966,0.),.UNSPECIFIED.);
#492=B_SPLINE_CURVE_WITH_KNOTS('',3,(#15047,#15048,#15049,#15050,#15051,
#15052,#15053,#15054,#15055,#15056),.UNSPECIFIED.,.F.,.F.,(4,1,1,1,1,1,
1,4),(4.20013488509394,4.20220009772634,5.50140520728072,6.80061031683509,
8.09981542638947,9.39902053594384,10.6982256454982,11.2776096159811),
 .UNSPECIFIED.);
#493=B_SPLINE_CURVE_WITH_KNOTS('',3,(#15057,#15058,#15059,#15060),
 .UNSPECIFIED.,.F.,.F.,(4,4),(11.2776096159811,11.9974307440249),
 .UNSPECIFIED.);
#494=B_SPLINE_CURVE_WITH_KNOTS('',3,(#15066,#15067,#15068,#15069,#15070,
#15071),.UNSPECIFIED.,.F.,.F.,(4,2,4),(-0.534108438902153,-0.240514974834244,
0.),.UNSPECIFIED.);
#495=B_SPLINE_CURVE_WITH_KNOTS('',3,(#15073,#15074,#15075,#15076,#15077,
#15078),.UNSPECIFIED.,.F.,.F.,(4,2,4),(1.49917035284675,1.72943537546102,
1.81250083756489),.UNSPECIFIED.);
#496=B_SPLINE_CURVE_WITH_KNOTS('',3,(#15150,#15151,#15152,#15153,#15154),
 .UNSPECIFIED.,.F.,.F.,(4,1,4),(0.332569507650007,0.587573785382774,1.),
 .UNSPECIFIED.);
#497=B_SPLINE_CURVE_WITH_KNOTS('',3,(#15202,#15203,#15204,#15205,#15206),
 .UNSPECIFIED.,.F.,.F.,(4,1,4),(-1.60378987861774,-1.56497225236233,-1.5358586850045),
 .UNSPECIFIED.);
#498=FACE_BOUND('',#1080,.T.);
#499=FACE_BOUND('',#1081,.T.);
#500=FACE_BOUND('',#1183,.T.);
#501=FACE_BOUND('',#1184,.T.);
#502=FACE_BOUND('',#1199,.T.);
#503=FACE_BOUND('',#1214,.T.);
#504=FACE_BOUND('',#1253,.T.);
#505=FACE_BOUND('',#1262,.T.);
#506=FACE_BOUND('',#1265,.T.);
#507=FACE_BOUND('',#1324,.T.);
#508=FACE_BOUND('',#1326,.T.);
#509=FACE_BOUND('',#1346,.T.);
#510=FACE_BOUND('',#1447,.T.);
#511=FACE_BOUND('',#1452,.T.);
#512=FACE_BOUND('',#1457,.T.);
#513=FACE_BOUND('',#1474,.T.);
#514=CIRCLE('',#7256,1.71903843850666);
#515=CIRCLE('',#7257,1.81219088262127);
#516=CIRCLE('',#7268,10.);
#517=CIRCLE('',#7273,10.);
#518=CIRCLE('',#7276,10.);
#519=CIRCLE('',#7311,6.);
#520=CIRCLE('',#7312,6.);
#521=CIRCLE('',#7313,6.);
#522=CIRCLE('',#7316,6.);
#523=CIRCLE('',#7330,4.);
#524=CIRCLE('',#7331,4.);
#525=CIRCLE('',#7333,4.);
#526=CIRCLE('',#7334,4.);
#527=CIRCLE('',#7336,4.);
#528=CIRCLE('',#7338,4.);
#529=CIRCLE('',#7339,4.);
#530=CIRCLE('',#7341,4.);
#531=CIRCLE('',#7342,4.);
#532=CIRCLE('',#7344,4.);
#533=CIRCLE('',#7345,4.);
#534=CIRCLE('',#7347,4.);
#535=CIRCLE('',#7349,4.);
#536=CIRCLE('',#7350,4.);
#537=CIRCLE('',#7352,4.);
#538=CIRCLE('',#7353,4.);
#539=CIRCLE('',#7365,4.);
#540=CIRCLE('',#7366,4.);
#541=CIRCLE('',#7367,4.);
#542=CIRCLE('',#7368,4.);
#543=CIRCLE('',#7370,4.);
#544=CIRCLE('',#7371,4.);
#545=CIRCLE('',#7372,4.);
#546=CIRCLE('',#7373,4.);
#547=CIRCLE('',#7377,4.);
#548=CIRCLE('',#7378,4.);
#549=CIRCLE('',#7380,4.);
#550=CIRCLE('',#7381,4.);
#551=CIRCLE('',#7383,4.);
#552=CIRCLE('',#7385,4.);
#553=CIRCLE('',#7386,4.);
#554=CIRCLE('',#7388,3.87298334620742);
#555=CIRCLE('',#7389,4.);
#556=CIRCLE('',#7391,3.87298334620742);
#557=CIRCLE('',#7398,4.);
#558=CIRCLE('',#7400,3.87298334620742);
#559=CIRCLE('',#7402,3.87298334620742);
#560=CIRCLE('',#7403,4.);
#561=CIRCLE('',#7405,4.);
#562=CIRCLE('',#7406,4.);
#563=CIRCLE('',#7408,4.);
#564=CIRCLE('',#7410,3.87298334235995);
#565=CIRCLE('',#7411,4.);
#566=CIRCLE('',#7412,4.);
#567=CIRCLE('',#7416,4.);
#568=CIRCLE('',#7418,4.);
#569=CIRCLE('',#7428,4.);
#570=CIRCLE('',#7430,4.);
#571=CIRCLE('',#7432,1.71903843850666);
#572=CIRCLE('',#7433,1.81219088262127);
#573=CIRCLE('',#7444,10.);
#574=CIRCLE('',#7446,3.70236159031932);
#575=CIRCLE('',#7447,10.);
#576=CIRCLE('',#7460,4.);
#577=CIRCLE('',#7463,4.);
#578=CIRCLE('',#7470,4.);
#579=CIRCLE('',#7471,3.87298334235994);
#580=CIRCLE('',#7479,10.);
#581=CIRCLE('',#7519,10.);
#582=CIRCLE('',#7525,10.);
#583=CIRCLE('',#7527,10.);
#584=CIRCLE('',#7532,13.5);
#585=CIRCLE('',#7534,4.);
#586=CIRCLE('',#7535,4.);
#587=CIRCLE('',#7543,4.);
#588=CIRCLE('',#7545,4.);
#589=CIRCLE('',#7546,4.);
#590=CIRCLE('',#7548,4.);
#591=CIRCLE('',#7549,4.);
#592=CIRCLE('',#7550,4.);
#593=CIRCLE('',#7552,4.);
#594=CIRCLE('',#7554,4.);
#595=CIRCLE('',#7556,4.);
#596=CIRCLE('',#7557,4.);
#597=CIRCLE('',#7558,4.);
#598=CIRCLE('',#7560,4.);
#599=CIRCLE('',#7561,4.);
#600=CIRCLE('',#7563,4.);
#601=CIRCLE('',#7564,4.);
#602=CIRCLE('',#7566,4.);
#603=CIRCLE('',#7567,4.);
#604=CIRCLE('',#7568,4.);
#605=CIRCLE('',#7576,4.);
#606=CIRCLE('',#7588,10.);
#607=CIRCLE('',#7589,6.);
#608=CIRCLE('',#7591,4.);
#609=CIRCLE('',#7601,4.);
#610=CIRCLE('',#7618,6.);
#611=CIRCLE('',#7626,6.);
#612=CIRCLE('',#7633,6.);
#613=CIRCLE('',#7636,6.);
#614=CIRCLE('',#7639,6.);
#615=CIRCLE('',#7642,6.);
#616=CIRCLE('',#7646,10.);
#617=CIRCLE('',#7649,10.);
#618=CIRCLE('',#7654,10.);
#619=CIRCLE('',#7690,10.);
#620=CIRCLE('',#7692,10.);
#621=CIRCLE('',#7693,10.);
#622=CIRCLE('',#7694,10.);
#623=CIRCLE('',#7695,10.);
#624=CIRCLE('',#7698,10.);
#625=CIRCLE('',#7714,0.778616886581912);
#626=CIRCLE('',#7720,6.);
#627=CIRCLE('',#7723,6.);
#628=CIRCLE('',#7726,6.);
#629=CIRCLE('',#7729,6.);
#630=CIRCLE('',#7740,4.);
#631=CIRCLE('',#7741,4.);
#632=CIRCLE('',#7742,4.);
#633=CIRCLE('',#7743,4.);
#634=CIRCLE('',#7744,4.);
#635=CIRCLE('',#7746,4.);
#636=CIRCLE('',#7758,4.);
#637=CIRCLE('',#7759,4.);
#638=CIRCLE('',#7760,4.);
#639=CIRCLE('',#7764,4.);
#640=CIRCLE('',#7765,4.);
#641=CIRCLE('',#7767,4.);
#642=CIRCLE('',#7768,4.);
#643=CIRCLE('',#7770,4.);
#644=CIRCLE('',#7771,4.);
#645=CIRCLE('',#7773,4.);
#646=CIRCLE('',#7774,4.);
#647=CIRCLE('',#7776,4.);
#648=CIRCLE('',#7777,4.);
#649=CIRCLE('',#7779,4.);
#650=CIRCLE('',#7781,4.);
#651=CIRCLE('',#7788,4.);
#652=CIRCLE('',#7789,4.);
#653=CIRCLE('',#7801,10.);
#654=CIRCLE('',#7809,10.);
#655=CIRCLE('',#7811,2.117);
#656=CIRCLE('',#7812,2.117);
#657=CIRCLE('',#7815,10.);
#658=CIRCLE('',#7818,6.);
#659=CIRCLE('',#7820,2.117);
#660=CIRCLE('',#7821,2.117);
#661=CIRCLE('',#7824,10.);
#662=CIRCLE('',#7826,4.);
#663=CIRCLE('',#7828,10.);
#664=CIRCLE('',#7829,6.);
#665=CIRCLE('',#7830,4.);
#666=CIRCLE('',#7843,6.);
#667=CIRCLE('',#7873,10.);
#668=FACE_OUTER_BOUND('',#1078,.T.);
#669=FACE_OUTER_BOUND('',#1079,.T.);
#670=FACE_OUTER_BOUND('',#1082,.T.);
#671=FACE_OUTER_BOUND('',#1083,.T.);
#672=FACE_OUTER_BOUND('',#1084,.T.);
#673=FACE_OUTER_BOUND('',#1085,.T.);
#674=FACE_OUTER_BOUND('',#1086,.T.);
#675=FACE_OUTER_BOUND('',#1087,.T.);
#676=FACE_OUTER_BOUND('',#1088,.T.);
#677=FACE_OUTER_BOUND('',#1089,.T.);
#678=FACE_OUTER_BOUND('',#1090,.T.);
#679=FACE_OUTER_BOUND('',#1091,.T.);
#680=FACE_OUTER_BOUND('',#1092,.T.);
#681=FACE_OUTER_BOUND('',#1093,.T.);
#682=FACE_OUTER_BOUND('',#1094,.T.);
#683=FACE_OUTER_BOUND('',#1095,.T.);
#684=FACE_OUTER_BOUND('',#1096,.T.);
#685=FACE_OUTER_BOUND('',#1097,.T.);
#686=FACE_OUTER_BOUND('',#1098,.T.);
#687=FACE_OUTER_BOUND('',#1099,.T.);
#688=FACE_OUTER_BOUND('',#1100,.T.);
#689=FACE_OUTER_BOUND('',#1101,.T.);
#690=FACE_OUTER_BOUND('',#1102,.T.);
#691=FACE_OUTER_BOUND('',#1103,.T.);
#692=FACE_OUTER_BOUND('',#1104,.T.);
#693=FACE_OUTER_BOUND('',#1105,.T.);
#694=FACE_OUTER_BOUND('',#1106,.T.);
#695=FACE_OUTER_BOUND('',#1107,.T.);
#696=FACE_OUTER_BOUND('',#1108,.T.);
#697=FACE_OUTER_BOUND('',#1109,.T.);
#698=FACE_OUTER_BOUND('',#1110,.T.);
#699=FACE_OUTER_BOUND('',#1111,.T.);
#700=FACE_OUTER_BOUND('',#1112,.T.);
#701=FACE_OUTER_BOUND('',#1113,.T.);
#702=FACE_OUTER_BOUND('',#1114,.T.);
#703=FACE_OUTER_BOUND('',#1115,.T.);
#704=FACE_OUTER_BOUND('',#1116,.T.);
#705=FACE_OUTER_BOUND('',#1117,.T.);
#706=FACE_OUTER_BOUND('',#1118,.T.);
#707=FACE_OUTER_BOUND('',#1119,.T.);
#708=FACE_OUTER_BOUND('',#1120,.T.);
#709=FACE_OUTER_BOUND('',#1121,.T.);
#710=FACE_OUTER_BOUND('',#1122,.T.);
#711=FACE_OUTER_BOUND('',#1123,.T.);
#712=FACE_OUTER_BOUND('',#1124,.T.);
#713=FACE_OUTER_BOUND('',#1125,.T.);
#714=FACE_OUTER_BOUND('',#1126,.T.);
#715=FACE_OUTER_BOUND('',#1127,.T.);
#716=FACE_OUTER_BOUND('',#1128,.T.);
#717=FACE_OUTER_BOUND('',#1129,.T.);
#718=FACE_OUTER_BOUND('',#1130,.T.);
#719=FACE_OUTER_BOUND('',#1131,.T.);
#720=FACE_OUTER_BOUND('',#1132,.T.);
#721=FACE_OUTER_BOUND('',#1133,.T.);
#722=FACE_OUTER_BOUND('',#1134,.T.);
#723=FACE_OUTER_BOUND('',#1135,.T.);
#724=FACE_OUTER_BOUND('',#1136,.T.);
#725=FACE_OUTER_BOUND('',#1137,.T.);
#726=FACE_OUTER_BOUND('',#1138,.T.);
#727=FACE_OUTER_BOUND('',#1139,.T.);
#728=FACE_OUTER_BOUND('',#1140,.T.);
#729=FACE_OUTER_BOUND('',#1141,.T.);
#730=FACE_OUTER_BOUND('',#1142,.T.);
#731=FACE_OUTER_BOUND('',#1143,.T.);
#732=FACE_OUTER_BOUND('',#1144,.T.);
#733=FACE_OUTER_BOUND('',#1145,.T.);
#734=FACE_OUTER_BOUND('',#1146,.T.);
#735=FACE_OUTER_BOUND('',#1147,.T.);
#736=FACE_OUTER_BOUND('',#1148,.T.);
#737=FACE_OUTER_BOUND('',#1149,.T.);
#738=FACE_OUTER_BOUND('',#1150,.T.);
#739=FACE_OUTER_BOUND('',#1151,.T.);
#740=FACE_OUTER_BOUND('',#1152,.T.);
#741=FACE_OUTER_BOUND('',#1153,.T.);
#742=FACE_OUTER_BOUND('',#1154,.T.);
#743=FACE_OUTER_BOUND('',#1155,.T.);
#744=FACE_OUTER_BOUND('',#1156,.T.);
#745=FACE_OUTER_BOUND('',#1157,.T.);
#746=FACE_OUTER_BOUND('',#1158,.T.);
#747=FACE_OUTER_BOUND('',#1159,.T.);
#748=FACE_OUTER_BOUND('',#1160,.T.);
#749=FACE_OUTER_BOUND('',#1161,.T.);
#750=FACE_OUTER_BOUND('',#1162,.T.);
#751=FACE_OUTER_BOUND('',#1163,.T.);
#752=FACE_OUTER_BOUND('',#1164,.T.);
#753=FACE_OUTER_BOUND('',#1165,.T.);
#754=FACE_OUTER_BOUND('',#1166,.T.);
#755=FACE_OUTER_BOUND('',#1167,.T.);
#756=FACE_OUTER_BOUND('',#1168,.T.);
#757=FACE_OUTER_BOUND('',#1169,.T.);
#758=FACE_OUTER_BOUND('',#1170,.T.);
#759=FACE_OUTER_BOUND('',#1171,.T.);
#760=FACE_OUTER_BOUND('',#1172,.T.);
#761=FACE_OUTER_BOUND('',#1173,.T.);
#762=FACE_OUTER_BOUND('',#1174,.T.);
#763=FACE_OUTER_BOUND('',#1175,.T.);
#764=FACE_OUTER_BOUND('',#1176,.T.);
#765=FACE_OUTER_BOUND('',#1177,.T.);
#766=FACE_OUTER_BOUND('',#1178,.T.);
#767=FACE_OUTER_BOUND('',#1179,.T.);
#768=FACE_OUTER_BOUND('',#1180,.T.);
#769=FACE_OUTER_BOUND('',#1181,.T.);
#770=FACE_OUTER_BOUND('',#1182,.T.);
#771=FACE_OUTER_BOUND('',#1185,.T.);
#772=FACE_OUTER_BOUND('',#1186,.T.);
#773=FACE_OUTER_BOUND('',#1187,.T.);
#774=FACE_OUTER_BOUND('',#1188,.T.);
#775=FACE_OUTER_BOUND('',#1189,.T.);
#776=FACE_OUTER_BOUND('',#1190,.T.);
#777=FACE_OUTER_BOUND('',#1191,.T.);
#778=FACE_OUTER_BOUND('',#1192,.T.);
#779=FACE_OUTER_BOUND('',#1193,.T.);
#780=FACE_OUTER_BOUND('',#1194,.T.);
#781=FACE_OUTER_BOUND('',#1195,.T.);
#782=FACE_OUTER_BOUND('',#1196,.T.);
#783=FACE_OUTER_BOUND('',#1197,.T.);
#784=FACE_OUTER_BOUND('',#1198,.T.);
#785=FACE_OUTER_BOUND('',#1200,.T.);
#786=FACE_OUTER_BOUND('',#1201,.T.);
#787=FACE_OUTER_BOUND('',#1202,.T.);
#788=FACE_OUTER_BOUND('',#1203,.T.);
#789=FACE_OUTER_BOUND('',#1204,.T.);
#790=FACE_OUTER_BOUND('',#1205,.T.);
#791=FACE_OUTER_BOUND('',#1206,.T.);
#792=FACE_OUTER_BOUND('',#1207,.T.);
#793=FACE_OUTER_BOUND('',#1208,.T.);
#794=FACE_OUTER_BOUND('',#1209,.T.);
#795=FACE_OUTER_BOUND('',#1210,.T.);
#796=FACE_OUTER_BOUND('',#1211,.T.);
#797=FACE_OUTER_BOUND('',#1212,.T.);
#798=FACE_OUTER_BOUND('',#1213,.T.);
#799=FACE_OUTER_BOUND('',#1215,.T.);
#800=FACE_OUTER_BOUND('',#1216,.T.);
#801=FACE_OUTER_BOUND('',#1217,.T.);
#802=FACE_OUTER_BOUND('',#1218,.T.);
#803=FACE_OUTER_BOUND('',#1219,.T.);
#804=FACE_OUTER_BOUND('',#1220,.T.);
#805=FACE_OUTER_BOUND('',#1221,.T.);
#806=FACE_OUTER_BOUND('',#1222,.T.);
#807=FACE_OUTER_BOUND('',#1223,.T.);
#808=FACE_OUTER_BOUND('',#1224,.T.);
#809=FACE_OUTER_BOUND('',#1225,.T.);
#810=FACE_OUTER_BOUND('',#1226,.T.);
#811=FACE_OUTER_BOUND('',#1227,.T.);
#812=FACE_OUTER_BOUND('',#1228,.T.);
#813=FACE_OUTER_BOUND('',#1229,.T.);
#814=FACE_OUTER_BOUND('',#1230,.T.);
#815=FACE_OUTER_BOUND('',#1231,.T.);
#816=FACE_OUTER_BOUND('',#1232,.T.);
#817=FACE_OUTER_BOUND('',#1233,.T.);
#818=FACE_OUTER_BOUND('',#1234,.T.);
#819=FACE_OUTER_BOUND('',#1235,.T.);
#820=FACE_OUTER_BOUND('',#1236,.T.);
#821=FACE_OUTER_BOUND('',#1237,.T.);
#822=FACE_OUTER_BOUND('',#1238,.T.);
#823=FACE_OUTER_BOUND('',#1239,.T.);
#824=FACE_OUTER_BOUND('',#1240,.T.);
#825=FACE_OUTER_BOUND('',#1241,.T.);
#826=FACE_OUTER_BOUND('',#1242,.T.);
#827=FACE_OUTER_BOUND('',#1243,.T.);
#828=FACE_OUTER_BOUND('',#1244,.T.);
#829=FACE_OUTER_BOUND('',#1245,.T.);
#830=FACE_OUTER_BOUND('',#1246,.T.);
#831=FACE_OUTER_BOUND('',#1247,.T.);
#832=FACE_OUTER_BOUND('',#1248,.T.);
#833=FACE_OUTER_BOUND('',#1249,.T.);
#834=FACE_OUTER_BOUND('',#1250,.T.);
#835=FACE_OUTER_BOUND('',#1251,.T.);
#836=FACE_OUTER_BOUND('',#1252,.T.);
#837=FACE_OUTER_BOUND('',#1254,.T.);
#838=FACE_OUTER_BOUND('',#1255,.T.);
#839=FACE_OUTER_BOUND('',#1256,.T.);
#840=FACE_OUTER_BOUND('',#1257,.T.);
#841=FACE_OUTER_BOUND('',#1258,.T.);
#842=FACE_OUTER_BOUND('',#1259,.T.);
#843=FACE_OUTER_BOUND('',#1260,.T.);
#844=FACE_OUTER_BOUND('',#1261,.T.);
#845=FACE_OUTER_BOUND('',#1263,.T.);
#846=FACE_OUTER_BOUND('',#1264,.T.);
#847=FACE_OUTER_BOUND('',#1266,.T.);
#848=FACE_OUTER_BOUND('',#1267,.T.);
#849=FACE_OUTER_BOUND('',#1268,.T.);
#850=FACE_OUTER_BOUND('',#1269,.T.);
#851=FACE_OUTER_BOUND('',#1270,.T.);
#852=FACE_OUTER_BOUND('',#1271,.T.);
#853=FACE_OUTER_BOUND('',#1272,.T.);
#854=FACE_OUTER_BOUND('',#1273,.T.);
#855=FACE_OUTER_BOUND('',#1274,.T.);
#856=FACE_OUTER_BOUND('',#1275,.T.);
#857=FACE_OUTER_BOUND('',#1276,.T.);
#858=FACE_OUTER_BOUND('',#1277,.T.);
#859=FACE_OUTER_BOUND('',#1278,.T.);
#860=FACE_OUTER_BOUND('',#1279,.T.);
#861=FACE_OUTER_BOUND('',#1280,.T.);
#862=FACE_OUTER_BOUND('',#1281,.T.);
#863=FACE_OUTER_BOUND('',#1282,.T.);
#864=FACE_OUTER_BOUND('',#1283,.T.);
#865=FACE_OUTER_BOUND('',#1284,.T.);
#866=FACE_OUTER_BOUND('',#1285,.T.);
#867=FACE_OUTER_BOUND('',#1286,.T.);
#868=FACE_OUTER_BOUND('',#1287,.T.);
#869=FACE_OUTER_BOUND('',#1288,.T.);
#870=FACE_OUTER_BOUND('',#1289,.T.);
#871=FACE_OUTER_BOUND('',#1290,.T.);
#872=FACE_OUTER_BOUND('',#1291,.T.);
#873=FACE_OUTER_BOUND('',#1292,.T.);
#874=FACE_OUTER_BOUND('',#1293,.T.);
#875=FACE_OUTER_BOUND('',#1294,.T.);
#876=FACE_OUTER_BOUND('',#1295,.T.);
#877=FACE_OUTER_BOUND('',#1296,.T.);
#878=FACE_OUTER_BOUND('',#1297,.T.);
#879=FACE_OUTER_BOUND('',#1298,.T.);
#880=FACE_OUTER_BOUND('',#1299,.T.);
#881=FACE_OUTER_BOUND('',#1300,.T.);
#882=FACE_OUTER_BOUND('',#1301,.T.);
#883=FACE_OUTER_BOUND('',#1302,.T.);
#884=FACE_OUTER_BOUND('',#1303,.T.);
#885=FACE_OUTER_BOUND('',#1304,.T.);
#886=FACE_OUTER_BOUND('',#1305,.T.);
#887=FACE_OUTER_BOUND('',#1306,.T.);
#888=FACE_OUTER_BOUND('',#1307,.T.);
#889=FACE_OUTER_BOUND('',#1308,.T.);
#890=FACE_OUTER_BOUND('',#1309,.T.);
#891=FACE_OUTER_BOUND('',#1310,.T.);
#892=FACE_OUTER_BOUND('',#1311,.T.);
#893=FACE_OUTER_BOUND('',#1312,.T.);
#894=FACE_OUTER_BOUND('',#1313,.T.);
#895=FACE_OUTER_BOUND('',#1314,.T.);
#896=FACE_OUTER_BOUND('',#1315,.T.);
#897=FACE_OUTER_BOUND('',#1316,.T.);
#898=FACE_OUTER_BOUND('',#1317,.T.);
#899=FACE_OUTER_BOUND('',#1318,.T.);
#900=FACE_OUTER_BOUND('',#1319,.T.);
#901=FACE_OUTER_BOUND('',#1320,.T.);
#902=FACE_OUTER_BOUND('',#1321,.T.);
#903=FACE_OUTER_BOUND('',#1322,.T.);
#904=FACE_OUTER_BOUND('',#1323,.T.);
#905=FACE_OUTER_BOUND('',#1325,.T.);
#906=FACE_OUTER_BOUND('',#1327,.T.);
#907=FACE_OUTER_BOUND('',#1328,.T.);
#908=FACE_OUTER_BOUND('',#1329,.T.);
#909=FACE_OUTER_BOUND('',#1330,.T.);
#910=FACE_OUTER_BOUND('',#1331,.T.);
#911=FACE_OUTER_BOUND('',#1332,.T.);
#912=FACE_OUTER_BOUND('',#1333,.T.);
#913=FACE_OUTER_BOUND('',#1334,.T.);
#914=FACE_OUTER_BOUND('',#1335,.T.);
#915=FACE_OUTER_BOUND('',#1336,.T.);
#916=FACE_OUTER_BOUND('',#1337,.T.);
#917=FACE_OUTER_BOUND('',#1338,.T.);
#918=FACE_OUTER_BOUND('',#1339,.T.);
#919=FACE_OUTER_BOUND('',#1340,.T.);
#920=FACE_OUTER_BOUND('',#1341,.T.);
#921=FACE_OUTER_BOUND('',#1342,.T.);
#922=FACE_OUTER_BOUND('',#1343,.T.);
#923=FACE_OUTER_BOUND('',#1344,.T.);
#924=FACE_OUTER_BOUND('',#1345,.T.);
#925=FACE_OUTER_BOUND('',#1347,.T.);
#926=FACE_OUTER_BOUND('',#1348,.T.);
#927=FACE_OUTER_BOUND('',#1349,.T.);
#928=FACE_OUTER_BOUND('',#1350,.T.);
#929=FACE_OUTER_BOUND('',#1351,.T.);
#930=FACE_OUTER_BOUND('',#1352,.T.);
#931=FACE_OUTER_BOUND('',#1353,.T.);
#932=FACE_OUTER_BOUND('',#1354,.T.);
#933=FACE_OUTER_BOUND('',#1355,.T.);
#934=FACE_OUTER_BOUND('',#1356,.T.);
#935=FACE_OUTER_BOUND('',#1357,.T.);
#936=FACE_OUTER_BOUND('',#1358,.T.);
#937=FACE_OUTER_BOUND('',#1359,.T.);
#938=FACE_OUTER_BOUND('',#1360,.T.);
#939=FACE_OUTER_BOUND('',#1361,.T.);
#940=FACE_OUTER_BOUND('',#1362,.T.);
#941=FACE_OUTER_BOUND('',#1363,.T.);
#942=FACE_OUTER_BOUND('',#1364,.T.);
#943=FACE_OUTER_BOUND('',#1365,.T.);
#944=FACE_OUTER_BOUND('',#1366,.T.);
#945=FACE_OUTER_BOUND('',#1367,.T.);
#946=FACE_OUTER_BOUND('',#1368,.T.);
#947=FACE_OUTER_BOUND('',#1369,.T.);
#948=FACE_OUTER_BOUND('',#1370,.T.);
#949=FACE_OUTER_BOUND('',#1371,.T.);
#950=FACE_OUTER_BOUND('',#1372,.T.);
#951=FACE_OUTER_BOUND('',#1373,.T.);
#952=FACE_OUTER_BOUND('',#1374,.T.);
#953=FACE_OUTER_BOUND('',#1375,.T.);
#954=FACE_OUTER_BOUND('',#1376,.T.);
#955=FACE_OUTER_BOUND('',#1377,.T.);
#956=FACE_OUTER_BOUND('',#1378,.T.);
#957=FACE_OUTER_BOUND('',#1379,.T.);
#958=FACE_OUTER_BOUND('',#1380,.T.);
#959=FACE_OUTER_BOUND('',#1381,.T.);
#960=FACE_OUTER_BOUND('',#1382,.T.);
#961=FACE_OUTER_BOUND('',#1383,.T.);
#962=FACE_OUTER_BOUND('',#1384,.T.);
#963=FACE_OUTER_BOUND('',#1385,.T.);
#964=FACE_OUTER_BOUND('',#1386,.T.);
#965=FACE_OUTER_BOUND('',#1387,.T.);
#966=FACE_OUTER_BOUND('',#1388,.T.);
#967=FACE_OUTER_BOUND('',#1389,.T.);
#968=FACE_OUTER_BOUND('',#1390,.T.);
#969=FACE_OUTER_BOUND('',#1391,.T.);
#970=FACE_OUTER_BOUND('',#1392,.T.);
#971=FACE_OUTER_BOUND('',#1393,.T.);
#972=FACE_OUTER_BOUND('',#1394,.T.);
#973=FACE_OUTER_BOUND('',#1395,.T.);
#974=FACE_OUTER_BOUND('',#1396,.T.);
#975=FACE_OUTER_BOUND('',#1397,.T.);
#976=FACE_OUTER_BOUND('',#1398,.T.);
#977=FACE_OUTER_BOUND('',#1399,.T.);
#978=FACE_OUTER_BOUND('',#1400,.T.);
#979=FACE_OUTER_BOUND('',#1401,.T.);
#980=FACE_OUTER_BOUND('',#1402,.T.);
#981=FACE_OUTER_BOUND('',#1403,.T.);
#982=FACE_OUTER_BOUND('',#1404,.T.);
#983=FACE_OUTER_BOUND('',#1405,.T.);
#984=FACE_OUTER_BOUND('',#1406,.T.);
#985=FACE_OUTER_BOUND('',#1407,.T.);
#986=FACE_OUTER_BOUND('',#1408,.T.);
#987=FACE_OUTER_BOUND('',#1409,.T.);
#988=FACE_OUTER_BOUND('',#1410,.T.);
#989=FACE_OUTER_BOUND('',#1411,.T.);
#990=FACE_OUTER_BOUND('',#1412,.T.);
#991=FACE_OUTER_BOUND('',#1413,.T.);
#992=FACE_OUTER_BOUND('',#1414,.T.);
#993=FACE_OUTER_BOUND('',#1415,.T.);
#994=FACE_OUTER_BOUND('',#1416,.T.);
#995=FACE_OUTER_BOUND('',#1417,.T.);
#996=FACE_OUTER_BOUND('',#1418,.T.);
#997=FACE_OUTER_BOUND('',#1419,.T.);
#998=FACE_OUTER_BOUND('',#1420,.T.);
#999=FACE_OUTER_BOUND('',#1421,.T.);
#1000=FACE_OUTER_BOUND('',#1422,.T.);
#1001=FACE_OUTER_BOUND('',#1423,.T.);
#1002=FACE_OUTER_BOUND('',#1424,.T.);
#1003=FACE_OUTER_BOUND('',#1425,.T.);
#1004=FACE_OUTER_BOUND('',#1426,.T.);
#1005=FACE_OUTER_BOUND('',#1427,.T.);
#1006=FACE_OUTER_BOUND('',#1428,.T.);
#1007=FACE_OUTER_BOUND('',#1429,.T.);
#1008=FACE_OUTER_BOUND('',#1430,.T.);
#1009=FACE_OUTER_BOUND('',#1431,.T.);
#1010=FACE_OUTER_BOUND('',#1432,.T.);
#1011=FACE_OUTER_BOUND('',#1433,.T.);
#1012=FACE_OUTER_BOUND('',#1434,.T.);
#1013=FACE_OUTER_BOUND('',#1435,.T.);
#1014=FACE_OUTER_BOUND('',#1436,.T.);
#1015=FACE_OUTER_BOUND('',#1437,.T.);
#1016=FACE_OUTER_BOUND('',#1438,.T.);
#1017=FACE_OUTER_BOUND('',#1439,.T.);
#1018=FACE_OUTER_BOUND('',#1440,.T.);
#1019=FACE_OUTER_BOUND('',#1441,.T.);
#1020=FACE_OUTER_BOUND('',#1442,.T.);
#1021=FACE_OUTER_BOUND('',#1443,.T.);
#1022=FACE_OUTER_BOUND('',#1444,.T.);
#1023=FACE_OUTER_BOUND('',#1445,.T.);
#1024=FACE_OUTER_BOUND('',#1446,.T.);
#1025=FACE_OUTER_BOUND('',#1448,.T.);
#1026=FACE_OUTER_BOUND('',#1449,.T.);
#1027=FACE_OUTER_BOUND('',#1450,.T.);
#1028=FACE_OUTER_BOUND('',#1451,.T.);
#1029=FACE_OUTER_BOUND('',#1453,.T.);
#1030=FACE_OUTER_BOUND('',#1454,.T.);
#1031=FACE_OUTER_BOUND('',#1455,.T.);
#1032=FACE_OUTER_BOUND('',#1456,.T.);
#1033=FACE_OUTER_BOUND('',#1458,.T.);
#1034=FACE_OUTER_BOUND('',#1459,.T.);
#1035=FACE_OUTER_BOUND('',#1460,.T.);
#1036=FACE_OUTER_BOUND('',#1461,.T.);
#1037=FACE_OUTER_BOUND('',#1462,.T.);
#1038=FACE_OUTER_BOUND('',#1463,.T.);
#1039=FACE_OUTER_BOUND('',#1464,.T.);
#1040=FACE_OUTER_BOUND('',#1465,.T.);
#1041=FACE_OUTER_BOUND('',#1466,.T.);
#1042=FACE_OUTER_BOUND('',#1467,.T.);
#1043=FACE_OUTER_BOUND('',#1468,.T.);
#1044=FACE_OUTER_BOUND('',#1469,.T.);
#1045=FACE_OUTER_BOUND('',#1470,.T.);
#1046=FACE_OUTER_BOUND('',#1471,.T.);
#1047=FACE_OUTER_BOUND('',#1472,.T.);
#1048=FACE_OUTER_BOUND('',#1473,.T.);
#1049=FACE_OUTER_BOUND('',#1475,.T.);
#1050=FACE_OUTER_BOUND('',#1476,.T.);
#1051=FACE_OUTER_BOUND('',#1477,.T.);
#1052=FACE_OUTER_BOUND('',#1478,.T.);
#1053=FACE_OUTER_BOUND('',#1479,.T.);
#1054=FACE_OUTER_BOUND('',#1480,.T.);
#1055=FACE_OUTER_BOUND('',#1481,.T.);
#1056=FACE_OUTER_BOUND('',#1482,.T.);
#1057=FACE_OUTER_BOUND('',#1483,.T.);
#1058=FACE_OUTER_BOUND('',#1484,.T.);
#1059=FACE_OUTER_BOUND('',#1485,.T.);
#1060=FACE_OUTER_BOUND('',#1486,.T.);
#1061=FACE_OUTER_BOUND('',#1487,.T.);
#1062=FACE_OUTER_BOUND('',#1488,.T.);
#1063=FACE_OUTER_BOUND('',#1489,.T.);
#1064=FACE_OUTER_BOUND('',#1490,.T.);
#1065=FACE_OUTER_BOUND('',#1491,.T.);
#1066=FACE_OUTER_BOUND('',#1492,.T.);
#1067=FACE_OUTER_BOUND('',#1493,.T.);
#1068=FACE_OUTER_BOUND('',#1494,.T.);
#1069=FACE_OUTER_BOUND('',#1495,.T.);
#1070=FACE_OUTER_BOUND('',#1496,.T.);
#1071=FACE_OUTER_BOUND('',#1497,.T.);
#1072=FACE_OUTER_BOUND('',#1498,.T.);
#1073=FACE_OUTER_BOUND('',#1499,.T.);
#1074=FACE_OUTER_BOUND('',#1500,.T.);
#1075=FACE_OUTER_BOUND('',#1501,.T.);
#1076=FACE_OUTER_BOUND('',#1502,.T.);
#1077=FACE_OUTER_BOUND('',#1503,.T.);
#1078=EDGE_LOOP('',(#4500,#4501,#4502,#4503));
#1079=EDGE_LOOP('',(#4504,#4505,#4506,#4507,#4508,#4509,#4510,#4511));
#1080=EDGE_LOOP('',(#4512));
#1081=EDGE_LOOP('',(#4513));
#1082=EDGE_LOOP('',(#4514,#4515,#4516,#4517));
#1083=EDGE_LOOP('',(#4518,#4519,#4520,#4521));
#1084=EDGE_LOOP('',(#4522,#4523,#4524));
#1085=EDGE_LOOP('',(#4525,#4526,#4527,#4528,#4529,#4530,#4531));
#1086=EDGE_LOOP('',(#4532,#4533,#4534,#4535,#4536));
#1087=EDGE_LOOP('',(#4537,#4538,#4539));
#1088=EDGE_LOOP('',(#4540,#4541,#4542,#4543,#4544,#4545,#4546,#4547,#4548));
#1089=EDGE_LOOP('',(#4549,#4550,#4551,#4552,#4553));
#1090=EDGE_LOOP('',(#4554,#4555,#4556,#4557,#4558));
#1091=EDGE_LOOP('',(#4559,#4560,#4561,#4562,#4563));
#1092=EDGE_LOOP('',(#4564,#4565,#4566,#4567));
#1093=EDGE_LOOP('',(#4568,#4569,#4570,#4571));
#1094=EDGE_LOOP('',(#4572,#4573,#4574,#4575));
#1095=EDGE_LOOP('',(#4576,#4577,#4578,#4579));
#1096=EDGE_LOOP('',(#4580,#4581,#4582,#4583));
#1097=EDGE_LOOP('',(#4584,#4585,#4586,#4587));
#1098=EDGE_LOOP('',(#4588,#4589,#4590,#4591));
#1099=EDGE_LOOP('',(#4592,#4593,#4594,#4595));
#1100=EDGE_LOOP('',(#4596,#4597,#4598,#4599));
#1101=EDGE_LOOP('',(#4600,#4601,#4602,#4603));
#1102=EDGE_LOOP('',(#4604,#4605,#4606,#4607,#4608));
#1103=EDGE_LOOP('',(#4609,#4610,#4611,#4612));
#1104=EDGE_LOOP('',(#4613,#4614,#4615,#4616));
#1105=EDGE_LOOP('',(#4617,#4618,#4619,#4620));
#1106=EDGE_LOOP('',(#4621,#4622,#4623,#4624));
#1107=EDGE_LOOP('',(#4625,#4626,#4627,#4628));
#1108=EDGE_LOOP('',(#4629,#4630,#4631,#4632));
#1109=EDGE_LOOP('',(#4633,#4634,#4635,#4636));
#1110=EDGE_LOOP('',(#4637,#4638,#4639,#4640));
#1111=EDGE_LOOP('',(#4641,#4642,#4643,#4644,#4645,#4646,#4647,#4648,#4649,
#4650,#4651,#4652,#4653,#4654,#4655));
#1112=EDGE_LOOP('',(#4656,#4657,#4658,#4659,#4660));
#1113=EDGE_LOOP('',(#4661,#4662,#4663));
#1114=EDGE_LOOP('',(#4664,#4665,#4666));
#1115=EDGE_LOOP('',(#4667,#4668,#4669));
#1116=EDGE_LOOP('',(#4670,#4671,#4672));
#1117=EDGE_LOOP('',(#4673,#4674,#4675,#4676));
#1118=EDGE_LOOP('',(#4677,#4678,#4679));
#1119=EDGE_LOOP('',(#4680,#4681,#4682,#4683,#4684,#4685));
#1120=EDGE_LOOP('',(#4686,#4687,#4688,#4689,#4690));
#1121=EDGE_LOOP('',(#4691,#4692,#4693,#4694));
#1122=EDGE_LOOP('',(#4695,#4696,#4697,#4698));
#1123=EDGE_LOOP('',(#4699,#4700,#4701));
#1124=EDGE_LOOP('',(#4702,#4703,#4704));
#1125=EDGE_LOOP('',(#4705,#4706,#4707,#4708));
#1126=EDGE_LOOP('',(#4709,#4710,#4711,#4712,#4713,#4714,#4715,#4716));
#1127=EDGE_LOOP('',(#4717,#4718,#4719,#4720));
#1128=EDGE_LOOP('',(#4721,#4722,#4723,#4724));
#1129=EDGE_LOOP('',(#4725,#4726,#4727,#4728));
#1130=EDGE_LOOP('',(#4729,#4730,#4731,#4732,#4733));
#1131=EDGE_LOOP('',(#4734,#4735,#4736,#4737));
#1132=EDGE_LOOP('',(#4738,#4739,#4740,#4741));
#1133=EDGE_LOOP('',(#4742,#4743,#4744,#4745));
#1134=EDGE_LOOP('',(#4746,#4747,#4748,#4749,#4750));
#1135=EDGE_LOOP('',(#4751,#4752,#4753,#4754));
#1136=EDGE_LOOP('',(#4755,#4756,#4757,#4758));
#1137=EDGE_LOOP('',(#4759,#4760,#4761,#4762,#4763,#4764,#4765,#4766));
#1138=EDGE_LOOP('',(#4767,#4768,#4769,#4770,#4771,#4772,#4773,#4774));
#1139=EDGE_LOOP('',(#4775,#4776,#4777,#4778,#4779,#4780,#4781,#4782));
#1140=EDGE_LOOP('',(#4783,#4784,#4785,#4786,#4787,#4788,#4789,#4790));
#1141=EDGE_LOOP('',(#4791,#4792,#4793,#4794,#4795,#4796));
#1142=EDGE_LOOP('',(#4797,#4798,#4799,#4800));
#1143=EDGE_LOOP('',(#4801,#4802,#4803,#4804));
#1144=EDGE_LOOP('',(#4805,#4806,#4807,#4808,#4809));
#1145=EDGE_LOOP('',(#4810,#4811,#4812));
#1146=EDGE_LOOP('',(#4813,#4814,#4815,#4816));
#1147=EDGE_LOOP('',(#4817,#4818,#4819,#4820));
#1148=EDGE_LOOP('',(#4821,#4822,#4823,#4824));
#1149=EDGE_LOOP('',(#4825,#4826,#4827,#4828,#4829));
#1150=EDGE_LOOP('',(#4830,#4831,#4832,#4833));
#1151=EDGE_LOOP('',(#4834,#4835,#4836,#4837));
#1152=EDGE_LOOP('',(#4838,#4839,#4840,#4841));
#1153=EDGE_LOOP('',(#4842,#4843,#4844,#4845));
#1154=EDGE_LOOP('',(#4846,#4847,#4848,#4849));
#1155=EDGE_LOOP('',(#4850,#4851,#4852));
#1156=EDGE_LOOP('',(#4853,#4854,#4855));
#1157=EDGE_LOOP('',(#4856,#4857,#4858,#4859,#4860));
#1158=EDGE_LOOP('',(#4861,#4862,#4863,#4864));
#1159=EDGE_LOOP('',(#4865,#4866,#4867,#4868));
#1160=EDGE_LOOP('',(#4869,#4870,#4871,#4872));
#1161=EDGE_LOOP('',(#4873,#4874,#4875,#4876,#4877));
#1162=EDGE_LOOP('',(#4878,#4879,#4880));
#1163=EDGE_LOOP('',(#4881,#4882,#4883));
#1164=EDGE_LOOP('',(#4884,#4885,#4886));
#1165=EDGE_LOOP('',(#4887,#4888,#4889));
#1166=EDGE_LOOP('',(#4890,#4891,#4892,#4893));
#1167=EDGE_LOOP('',(#4894,#4895,#4896,#4897));
#1168=EDGE_LOOP('',(#4898,#4899,#4900,#4901));
#1169=EDGE_LOOP('',(#4902,#4903,#4904,#4905));
#1170=EDGE_LOOP('',(#4906,#4907,#4908,#4909));
#1171=EDGE_LOOP('',(#4910,#4911,#4912,#4913));
#1172=EDGE_LOOP('',(#4914,#4915,#4916,#4917));
#1173=EDGE_LOOP('',(#4918,#4919,#4920,#4921));
#1174=EDGE_LOOP('',(#4922,#4923,#4924,#4925));
#1175=EDGE_LOOP('',(#4926,#4927,#4928,#4929,#4930,#4931,#4932,#4933,#4934));
#1176=EDGE_LOOP('',(#4935,#4936,#4937,#4938,#4939,#4940,#4941,#4942,#4943));
#1177=EDGE_LOOP('',(#4944,#4945,#4946,#4947));
#1178=EDGE_LOOP('',(#4948,#4949,#4950,#4951));
#1179=EDGE_LOOP('',(#4952,#4953,#4954,#4955));
#1180=EDGE_LOOP('',(#4956,#4957,#4958,#4959));
#1181=EDGE_LOOP('',(#4960,#4961,#4962,#4963));
#1182=EDGE_LOOP('',(#4964,#4965,#4966,#4967,#4968,#4969,#4970,#4971));
#1183=EDGE_LOOP('',(#4972));
#1184=EDGE_LOOP('',(#4973));
#1185=EDGE_LOOP('',(#4974,#4975,#4976,#4977));
#1186=EDGE_LOOP('',(#4978,#4979,#4980,#4981,#4982,#4983,#4984,#4985));
#1187=EDGE_LOOP('',(#4986,#4987,#4988,#4989,#4990,#4991,#4992,#4993));
#1188=EDGE_LOOP('',(#4994,#4995,#4996,#4997));
#1189=EDGE_LOOP('',(#4998,#4999,#5000,#5001));
#1190=EDGE_LOOP('',(#5002,#5003,#5004,#5005));
#1191=EDGE_LOOP('',(#5006,#5007,#5008));
#1192=EDGE_LOOP('',(#5009,#5010,#5011,#5012));
#1193=EDGE_LOOP('',(#5013,#5014,#5015,#5016));
#1194=EDGE_LOOP('',(#5017,#5018,#5019,#5020,#5021));
#1195=EDGE_LOOP('',(#5022,#5023,#5024,#5025,#5026,#5027,#5028,#5029,#5030,
#5031,#5032,#5033,#5034));
#1196=EDGE_LOOP('',(#5035,#5036,#5037,#5038,#5039,#5040,#5041));
#1197=EDGE_LOOP('',(#5042,#5043,#5044,#5045,#5046,#5047,#5048));
#1198=EDGE_LOOP('',(#5049,#5050,#5051,#5052,#5053,#5054));
#1199=EDGE_LOOP('',(#5055,#5056,#5057,#5058,#5059,#5060));
#1200=EDGE_LOOP('',(#5061,#5062,#5063,#5064,#5065,#5066));
#1201=EDGE_LOOP('',(#5067,#5068,#5069,#5070,#5071,#5072,#5073,#5074,#5075,
#5076,#5077,#5078));
#1202=EDGE_LOOP('',(#5079,#5080,#5081,#5082,#5083,#5084,#5085,#5086));
#1203=EDGE_LOOP('',(#5087,#5088,#5089,#5090));
#1204=EDGE_LOOP('',(#5091,#5092,#5093,#5094,#5095,#5096,#5097,#5098));
#1205=EDGE_LOOP('',(#5099,#5100,#5101,#5102));
#1206=EDGE_LOOP('',(#5103,#5104,#5105,#5106,#5107,#5108,#5109));
#1207=EDGE_LOOP('',(#5110,#5111,#5112,#5113,#5114,#5115,#5116));
#1208=EDGE_LOOP('',(#5117,#5118,#5119,#5120,#5121,#5122,#5123,#5124));
#1209=EDGE_LOOP('',(#5125,#5126,#5127,#5128,#5129,#5130,#5131));
#1210=EDGE_LOOP('',(#5132,#5133,#5134,#5135,#5136,#5137,#5138,#5139,#5140,
#5141,#5142,#5143,#5144,#5145,#5146,#5147,#5148,#5149,#5150,#5151,#5152,
#5153,#5154,#5155,#5156,#5157,#5158,#5159,#5160,#5161,#5162,#5163,#5164,
#5165,#5166,#5167,#5168,#5169,#5170,#5171,#5172,#5173,#5174,#5175));
#1211=EDGE_LOOP('',(#5176,#5177,#5178,#5179,#5180,#5181,#5182,#5183,#5184,
#5185,#5186,#5187,#5188,#5189,#5190));
#1212=EDGE_LOOP('',(#5191,#5192,#5193,#5194,#5195,#5196));
#1213=EDGE_LOOP('',(#5197,#5198,#5199,#5200,#5201,#5202));
#1214=EDGE_LOOP('',(#5203,#5204,#5205,#5206,#5207,#5208));
#1215=EDGE_LOOP('',(#5209,#5210,#5211,#5212,#5213,#5214,#5215,#5216));
#1216=EDGE_LOOP('',(#5217,#5218,#5219,#5220,#5221));
#1217=EDGE_LOOP('',(#5222,#5223,#5224,#5225));
#1218=EDGE_LOOP('',(#5226,#5227,#5228,#5229,#5230,#5231,#5232,#5233,#5234,
#5235));
#1219=EDGE_LOOP('',(#5236,#5237,#5238,#5239));
#1220=EDGE_LOOP('',(#5240,#5241,#5242,#5243));
#1221=EDGE_LOOP('',(#5244,#5245,#5246,#5247));
#1222=EDGE_LOOP('',(#5248,#5249,#5250));
#1223=EDGE_LOOP('',(#5251,#5252,#5253,#5254));
#1224=EDGE_LOOP('',(#5255,#5256,#5257));
#1225=EDGE_LOOP('',(#5258,#5259,#5260,#5261,#5262,#5263,#5264));
#1226=EDGE_LOOP('',(#5265,#5266,#5267,#5268));
#1227=EDGE_LOOP('',(#5269,#5270,#5271,#5272));
#1228=EDGE_LOOP('',(#5273,#5274,#5275,#5276));
#1229=EDGE_LOOP('',(#5277,#5278,#5279,#5280,#5281,#5282,#5283,#5284,#5285,
#5286,#5287,#5288,#5289,#5290));
#1230=EDGE_LOOP('',(#5291,#5292,#5293,#5294,#5295,#5296,#5297,#5298,#5299,
#5300,#5301));
#1231=EDGE_LOOP('',(#5302,#5303,#5304,#5305));
#1232=EDGE_LOOP('',(#5306,#5307,#5308));
#1233=EDGE_LOOP('',(#5309,#5310,#5311,#5312));
#1234=EDGE_LOOP('',(#5313,#5314,#5315,#5316,#5317,#5318,#5319));
#1235=EDGE_LOOP('',(#5320,#5321,#5322));
#1236=EDGE_LOOP('',(#5323,#5324,#5325,#5326,#5327));
#1237=EDGE_LOOP('',(#5328,#5329,#5330));
#1238=EDGE_LOOP('',(#5331,#5332,#5333));
#1239=EDGE_LOOP('',(#5334,#5335,#5336,#5337,#5338,#5339,#5340));
#1240=EDGE_LOOP('',(#5341,#5342,#5343));
#1241=EDGE_LOOP('',(#5344,#5345,#5346));
#1242=EDGE_LOOP('',(#5347,#5348,#5349,#5350,#5351,#5352,#5353,#5354));
#1243=EDGE_LOOP('',(#5355,#5356,#5357,#5358));
#1244=EDGE_LOOP('',(#5359,#5360,#5361,#5362));
#1245=EDGE_LOOP('',(#5363,#5364,#5365,#5366));
#1246=EDGE_LOOP('',(#5367,#5368,#5369,#5370));
#1247=EDGE_LOOP('',(#5371,#5372,#5373,#5374,#5375,#5376));
#1248=EDGE_LOOP('',(#5377,#5378,#5379,#5380,#5381,#5382,#5383,#5384,#5385));
#1249=EDGE_LOOP('',(#5386,#5387,#5388,#5389));
#1250=EDGE_LOOP('',(#5390,#5391,#5392,#5393));
#1251=EDGE_LOOP('',(#5394,#5395,#5396,#5397,#5398));
#1252=EDGE_LOOP('',(#5399,#5400,#5401,#5402,#5403));
#1253=EDGE_LOOP('',(#5404));
#1254=EDGE_LOOP('',(#5405,#5406,#5407));
#1255=EDGE_LOOP('',(#5408,#5409,#5410,#5411,#5412));
#1256=EDGE_LOOP('',(#5413,#5414,#5415,#5416));
#1257=EDGE_LOOP('',(#5417,#5418,#5419,#5420));
#1258=EDGE_LOOP('',(#5421,#5422,#5423,#5424,#5425,#5426));
#1259=EDGE_LOOP('',(#5427,#5428,#5429,#5430));
#1260=EDGE_LOOP('',(#5431,#5432,#5433,#5434));
#1261=EDGE_LOOP('',(#5435,#5436,#5437,#5438,#5439,#5440));
#1262=EDGE_LOOP('',(#5441));
#1263=EDGE_LOOP('',(#5442,#5443,#5444,#5445,#5446,#5447,#5448,#5449,#5450,
#5451,#5452,#5453,#5454,#5455,#5456));
#1264=EDGE_LOOP('',(#5457,#5458,#5459,#5460,#5461,#5462,#5463));
#1265=EDGE_LOOP('',(#5464,#5465,#5466,#5467,#5468,#5469,#5470,#5471));
#1266=EDGE_LOOP('',(#5472,#5473,#5474,#5475));
#1267=EDGE_LOOP('',(#5476,#5477,#5478,#5479,#5480,#5481,#5482,#5483));
#1268=EDGE_LOOP('',(#5484,#5485,#5486,#5487));
#1269=EDGE_LOOP('',(#5488,#5489,#5490,#5491,#5492,#5493,#5494,#5495));
#1270=EDGE_LOOP('',(#5496,#5497,#5498,#5499,#5500));
#1271=EDGE_LOOP('',(#5501,#5502,#5503,#5504,#5505));
#1272=EDGE_LOOP('',(#5506,#5507,#5508,#5509));
#1273=EDGE_LOOP('',(#5510,#5511,#5512,#5513));
#1274=EDGE_LOOP('',(#5514,#5515,#5516));
#1275=EDGE_LOOP('',(#5517,#5518,#5519,#5520));
#1276=EDGE_LOOP('',(#5521,#5522,#5523,#5524));
#1277=EDGE_LOOP('',(#5525,#5526,#5527,#5528));
#1278=EDGE_LOOP('',(#5529,#5530,#5531));
#1279=EDGE_LOOP('',(#5532,#5533,#5534));
#1280=EDGE_LOOP('',(#5535,#5536,#5537));
#1281=EDGE_LOOP('',(#5538,#5539,#5540));
#1282=EDGE_LOOP('',(#5541,#5542,#5543,#5544,#5545));
#1283=EDGE_LOOP('',(#5546,#5547,#5548,#5549));
#1284=EDGE_LOOP('',(#5550,#5551,#5552,#5553));
#1285=EDGE_LOOP('',(#5554,#5555,#5556,#5557));
#1286=EDGE_LOOP('',(#5558,#5559,#5560,#5561));
#1287=EDGE_LOOP('',(#5562,#5563,#5564,#5565));
#1288=EDGE_LOOP('',(#5566,#5567,#5568,#5569));
#1289=EDGE_LOOP('',(#5570,#5571,#5572,#5573));
#1290=EDGE_LOOP('',(#5574,#5575,#5576,#5577));
#1291=EDGE_LOOP('',(#5578,#5579,#5580,#5581,#5582,#5583,#5584));
#1292=EDGE_LOOP('',(#5585,#5586,#5587,#5588));
#1293=EDGE_LOOP('',(#5589,#5590,#5591,#5592,#5593));
#1294=EDGE_LOOP('',(#5594,#5595,#5596,#5597));
#1295=EDGE_LOOP('',(#5598,#5599,#5600,#5601));
#1296=EDGE_LOOP('',(#5602,#5603,#5604,#5605));
#1297=EDGE_LOOP('',(#5606,#5607,#5608,#5609,#5610));
#1298=EDGE_LOOP('',(#5611,#5612,#5613,#5614));
#1299=EDGE_LOOP('',(#5615,#5616,#5617,#5618));
#1300=EDGE_LOOP('',(#5619,#5620,#5621));
#1301=EDGE_LOOP('',(#5622,#5623,#5624,#5625));
#1302=EDGE_LOOP('',(#5626,#5627,#5628,#5629));
#1303=EDGE_LOOP('',(#5630,#5631,#5632,#5633,#5634));
#1304=EDGE_LOOP('',(#5635,#5636,#5637,#5638,#5639));
#1305=EDGE_LOOP('',(#5640,#5641,#5642,#5643,#5644));
#1306=EDGE_LOOP('',(#5645,#5646,#5647,#5648));
#1307=EDGE_LOOP('',(#5649,#5650,#5651,#5652));
#1308=EDGE_LOOP('',(#5653,#5654,#5655,#5656,#5657));
#1309=EDGE_LOOP('',(#5658,#5659,#5660,#5661,#5662,#5663,#5664,#5665));
#1310=EDGE_LOOP('',(#5666,#5667,#5668,#5669));
#1311=EDGE_LOOP('',(#5670,#5671,#5672,#5673,#5674,#5675));
#1312=EDGE_LOOP('',(#5676,#5677,#5678,#5679,#5680,#5681));
#1313=EDGE_LOOP('',(#5682,#5683,#5684,#5685));
#1314=EDGE_LOOP('',(#5686,#5687,#5688,#5689));
#1315=EDGE_LOOP('',(#5690,#5691,#5692,#5693));
#1316=EDGE_LOOP('',(#5694,#5695,#5696,#5697));
#1317=EDGE_LOOP('',(#5698,#5699,#5700,#5701));
#1318=EDGE_LOOP('',(#5702,#5703,#5704,#5705));
#1319=EDGE_LOOP('',(#5706,#5707,#5708,#5709));
#1320=EDGE_LOOP('',(#5710,#5711,#5712,#5713,#5714));
#1321=EDGE_LOOP('',(#5715,#5716,#5717,#5718));
#1322=EDGE_LOOP('',(#5719,#5720,#5721,#5722));
#1323=EDGE_LOOP('',(#5723,#5724,#5725,#5726,#5727));
#1324=EDGE_LOOP('',(#5728,#5729,#5730,#5731,#5732));
#1325=EDGE_LOOP('',(#5733,#5734,#5735,#5736,#5737,#5738,#5739,#5740,#5741,
#5742));
#1326=EDGE_LOOP('',(#5743,#5744,#5745,#5746,#5747,#5748,#5749,#5750,#5751,
#5752,#5753,#5754));
#1327=EDGE_LOOP('',(#5755,#5756,#5757,#5758,#5759,#5760,#5761));
#1328=EDGE_LOOP('',(#5762,#5763,#5764,#5765,#5766,#5767,#5768,#5769,#5770));
#1329=EDGE_LOOP('',(#5771,#5772,#5773,#5774));
#1330=EDGE_LOOP('',(#5775,#5776,#5777,#5778));
#1331=EDGE_LOOP('',(#5779,#5780,#5781,#5782,#5783));
#1332=EDGE_LOOP('',(#5784,#5785,#5786,#5787,#5788,#5789));
#1333=EDGE_LOOP('',(#5790,#5791,#5792,#5793));
#1334=EDGE_LOOP('',(#5794,#5795,#5796,#5797));
#1335=EDGE_LOOP('',(#5798,#5799,#5800,#5801));
#1336=EDGE_LOOP('',(#5802,#5803,#5804,#5805,#5806,#5807,#5808));
#1337=EDGE_LOOP('',(#5809,#5810,#5811,#5812));
#1338=EDGE_LOOP('',(#5813,#5814,#5815));
#1339=EDGE_LOOP('',(#5816,#5817,#5818,#5819,#5820,#5821,#5822));
#1340=EDGE_LOOP('',(#5823,#5824,#5825,#5826,#5827,#5828,#5829,#5830,#5831));
#1341=EDGE_LOOP('',(#5832,#5833,#5834,#5835));
#1342=EDGE_LOOP('',(#5836,#5837,#5838,#5839));
#1343=EDGE_LOOP('',(#5840,#5841,#5842,#5843,#5844,#5845,#5846,#5847));
#1344=EDGE_LOOP('',(#5848,#5849,#5850,#5851,#5852,#5853,#5854));
#1345=EDGE_LOOP('',(#5855,#5856,#5857,#5858,#5859));
#1346=EDGE_LOOP('',(#5860,#5861,#5862,#5863,#5864));
#1347=EDGE_LOOP('',(#5865,#5866,#5867,#5868,#5869,#5870));
#1348=EDGE_LOOP('',(#5871,#5872,#5873,#5874,#5875,#5876,#5877,#5878,#5879));
#1349=EDGE_LOOP('',(#5880,#5881,#5882,#5883,#5884));
#1350=EDGE_LOOP('',(#5885,#5886,#5887,#5888,#5889,#5890,#5891));
#1351=EDGE_LOOP('',(#5892,#5893,#5894,#5895));
#1352=EDGE_LOOP('',(#5896,#5897,#5898,#5899));
#1353=EDGE_LOOP('',(#5900,#5901,#5902,#5903));
#1354=EDGE_LOOP('',(#5904,#5905,#5906,#5907));
#1355=EDGE_LOOP('',(#5908,#5909,#5910,#5911));
#1356=EDGE_LOOP('',(#5912,#5913,#5914,#5915));
#1357=EDGE_LOOP('',(#5916,#5917,#5918,#5919));
#1358=EDGE_LOOP('',(#5920,#5921,#5922,#5923));
#1359=EDGE_LOOP('',(#5924,#5925,#5926,#5927,#5928,#5929));
#1360=EDGE_LOOP('',(#5930,#5931,#5932,#5933,#5934));
#1361=EDGE_LOOP('',(#5935,#5936,#5937,#5938));
#1362=EDGE_LOOP('',(#5939,#5940,#5941,#5942,#5943,#5944,#5945,#5946,#5947));
#1363=EDGE_LOOP('',(#5948,#5949,#5950,#5951));
#1364=EDGE_LOOP('',(#5952,#5953,#5954,#5955));
#1365=EDGE_LOOP('',(#5956,#5957,#5958,#5959));
#1366=EDGE_LOOP('',(#5960,#5961,#5962,#5963));
#1367=EDGE_LOOP('',(#5964,#5965,#5966,#5967));
#1368=EDGE_LOOP('',(#5968,#5969,#5970,#5971));
#1369=EDGE_LOOP('',(#5972,#5973,#5974,#5975));
#1370=EDGE_LOOP('',(#5976,#5977,#5978,#5979,#5980));
#1371=EDGE_LOOP('',(#5981,#5982,#5983,#5984));
#1372=EDGE_LOOP('',(#5985,#5986,#5987,#5988));
#1373=EDGE_LOOP('',(#5989,#5990,#5991,#5992));
#1374=EDGE_LOOP('',(#5993,#5994,#5995,#5996));
#1375=EDGE_LOOP('',(#5997,#5998,#5999,#6000));
#1376=EDGE_LOOP('',(#6001,#6002,#6003,#6004));
#1377=EDGE_LOOP('',(#6005,#6006,#6007,#6008));
#1378=EDGE_LOOP('',(#6009,#6010,#6011,#6012));
#1379=EDGE_LOOP('',(#6013,#6014,#6015,#6016));
#1380=EDGE_LOOP('',(#6017,#6018,#6019,#6020));
#1381=EDGE_LOOP('',(#6021,#6022,#6023,#6024,#6025));
#1382=EDGE_LOOP('',(#6026,#6027,#6028,#6029));
#1383=EDGE_LOOP('',(#6030,#6031,#6032,#6033,#6034));
#1384=EDGE_LOOP('',(#6035,#6036,#6037,#6038,#6039));
#1385=EDGE_LOOP('',(#6040,#6041,#6042,#6043,#6044));
#1386=EDGE_LOOP('',(#6045,#6046,#6047,#6048));
#1387=EDGE_LOOP('',(#6049,#6050,#6051,#6052,#6053,#6054,#6055,#6056,#6057));
#1388=EDGE_LOOP('',(#6058,#6059,#6060));
#1389=EDGE_LOOP('',(#6061,#6062,#6063));
#1390=EDGE_LOOP('',(#6064,#6065,#6066,#6067,#6068));
#1391=EDGE_LOOP('',(#6069,#6070,#6071,#6072,#6073,#6074,#6075));
#1392=EDGE_LOOP('',(#6076,#6077,#6078));
#1393=EDGE_LOOP('',(#6079,#6080,#6081,#6082,#6083));
#1394=EDGE_LOOP('',(#6084,#6085,#6086,#6087,#6088,#6089,#6090,#6091,#6092));
#1395=EDGE_LOOP('',(#6093,#6094,#6095));
#1396=EDGE_LOOP('',(#6096,#6097,#6098));
#1397=EDGE_LOOP('',(#6099,#6100,#6101,#6102));
#1398=EDGE_LOOP('',(#6103,#6104,#6105,#6106));
#1399=EDGE_LOOP('',(#6107,#6108,#6109,#6110,#6111));
#1400=EDGE_LOOP('',(#6112,#6113,#6114,#6115,#6116,#6117));
#1401=EDGE_LOOP('',(#6118,#6119,#6120));
#1402=EDGE_LOOP('',(#6121,#6122,#6123,#6124));
#1403=EDGE_LOOP('',(#6125,#6126,#6127));
#1404=EDGE_LOOP('',(#6128,#6129,#6130));
#1405=EDGE_LOOP('',(#6131,#6132,#6133));
#1406=EDGE_LOOP('',(#6134,#6135,#6136));
#1407=EDGE_LOOP('',(#6137,#6138,#6139,#6140,#6141));
#1408=EDGE_LOOP('',(#6142,#6143,#6144,#6145));
#1409=EDGE_LOOP('',(#6146,#6147,#6148,#6149,#6150));
#1410=EDGE_LOOP('',(#6151,#6152,#6153,#6154,#6155));
#1411=EDGE_LOOP('',(#6156,#6157,#6158,#6159));
#1412=EDGE_LOOP('',(#6160,#6161,#6162,#6163));
#1413=EDGE_LOOP('',(#6164,#6165,#6166,#6167,#6168,#6169,#6170,#6171));
#1414=EDGE_LOOP('',(#6172,#6173,#6174,#6175,#6176,#6177,#6178,#6179));
#1415=EDGE_LOOP('',(#6180,#6181,#6182,#6183,#6184,#6185,#6186,#6187));
#1416=EDGE_LOOP('',(#6188,#6189,#6190,#6191,#6192,#6193,#6194,#6195));
#1417=EDGE_LOOP('',(#6196,#6197,#6198,#6199,#6200,#6201));
#1418=EDGE_LOOP('',(#6202,#6203,#6204,#6205));
#1419=EDGE_LOOP('',(#6206,#6207,#6208,#6209));
#1420=EDGE_LOOP('',(#6210,#6211,#6212));
#1421=EDGE_LOOP('',(#6213,#6214,#6215,#6216));
#1422=EDGE_LOOP('',(#6217,#6218,#6219,#6220));
#1423=EDGE_LOOP('',(#6221,#6222,#6223,#6224));
#1424=EDGE_LOOP('',(#6225,#6226,#6227,#6228));
#1425=EDGE_LOOP('',(#6229,#6230,#6231,#6232));
#1426=EDGE_LOOP('',(#6233,#6234,#6235,#6236,#6237));
#1427=EDGE_LOOP('',(#6238,#6239,#6240,#6241,#6242));
#1428=EDGE_LOOP('',(#6243,#6244,#6245,#6246));
#1429=EDGE_LOOP('',(#6247,#6248,#6249,#6250,#6251));
#1430=EDGE_LOOP('',(#6252,#6253,#6254,#6255));
#1431=EDGE_LOOP('',(#6256,#6257,#6258,#6259));
#1432=EDGE_LOOP('',(#6260,#6261,#6262,#6263,#6264));
#1433=EDGE_LOOP('',(#6265,#6266,#6267,#6268));
#1434=EDGE_LOOP('',(#6269,#6270,#6271,#6272));
#1435=EDGE_LOOP('',(#6273,#6274,#6275,#6276));
#1436=EDGE_LOOP('',(#6277,#6278,#6279,#6280,#6281,#6282,#6283));
#1437=EDGE_LOOP('',(#6284,#6285,#6286));
#1438=EDGE_LOOP('',(#6287,#6288,#6289,#6290,#6291,#6292));
#1439=EDGE_LOOP('',(#6293,#6294,#6295));
#1440=EDGE_LOOP('',(#6296,#6297,#6298,#6299,#6300,#6301));
#1441=EDGE_LOOP('',(#6302,#6303,#6304,#6305,#6306));
#1442=EDGE_LOOP('',(#6307,#6308,#6309,#6310,#6311,#6312,#6313));
#1443=EDGE_LOOP('',(#6314,#6315,#6316,#6317,#6318));
#1444=EDGE_LOOP('',(#6319,#6320,#6321,#6322));
#1445=EDGE_LOOP('',(#6323,#6324,#6325,#6326,#6327,#6328));
#1446=EDGE_LOOP('',(#6329,#6330,#6331,#6332,#6333));
#1447=EDGE_LOOP('',(#6334,#6335,#6336,#6337,#6338));
#1448=EDGE_LOOP('',(#6339,#6340,#6341,#6342));
#1449=EDGE_LOOP('',(#6343,#6344,#6345,#6346,#6347));
#1450=EDGE_LOOP('',(#6348,#6349,#6350,#6351,#6352,#6353,#6354,#6355));
#1451=EDGE_LOOP('',(#6356,#6357,#6358,#6359,#6360,#6361,#6362,#6363,#6364));
#1452=EDGE_LOOP('',(#6365,#6366,#6367,#6368));
#1453=EDGE_LOOP('',(#6369,#6370,#6371,#6372,#6373,#6374,#6375,#6376,#6377,
#6378,#6379,#6380,#6381,#6382,#6383,#6384,#6385,#6386,#6387,#6388,#6389,
#6390,#6391,#6392,#6393,#6394,#6395,#6396,#6397,#6398,#6399));
#1454=EDGE_LOOP('',(#6400,#6401,#6402,#6403,#6404,#6405,#6406));
#1455=EDGE_LOOP('',(#6407,#6408,#6409,#6410,#6411,#6412,#6413,#6414));
#1456=EDGE_LOOP('',(#6415,#6416,#6417,#6418,#6419,#6420,#6421,#6422,#6423));
#1457=EDGE_LOOP('',(#6424,#6425,#6426,#6427));
#1458=EDGE_LOOP('',(#6428,#6429,#6430,#6431,#6432,#6433));
#1459=EDGE_LOOP('',(#6434,#6435,#6436,#6437));
#1460=EDGE_LOOP('',(#6438,#6439,#6440));
#1461=EDGE_LOOP('',(#6441,#6442,#6443,#6444,#6445,#6446,#6447,#6448));
#1462=EDGE_LOOP('',(#6449,#6450,#6451,#6452,#6453));
#1463=EDGE_LOOP('',(#6454,#6455,#6456,#6457));
#1464=EDGE_LOOP('',(#6458,#6459,#6460,#6461));
#1465=EDGE_LOOP('',(#6462,#6463,#6464,#6465));
#1466=EDGE_LOOP('',(#6466,#6467,#6468,#6469));
#1467=EDGE_LOOP('',(#6470,#6471,#6472,#6473));
#1468=EDGE_LOOP('',(#6474,#6475,#6476,#6477));
#1469=EDGE_LOOP('',(#6478,#6479,#6480,#6481,#6482,#6483));
#1470=EDGE_LOOP('',(#6484,#6485,#6486));
#1471=EDGE_LOOP('',(#6487,#6488,#6489,#6490,#6491,#6492));
#1472=EDGE_LOOP('',(#6493,#6494,#6495,#6496));
#1473=EDGE_LOOP('',(#6497,#6498,#6499,#6500,#6501));
#1474=EDGE_LOOP('',(#6502,#6503,#6504,#6505,#6506));
#1475=EDGE_LOOP('',(#6507,#6508,#6509,#6510));
#1476=EDGE_LOOP('',(#6511,#6512,#6513,#6514));
#1477=EDGE_LOOP('',(#6515,#6516,#6517,#6518));
#1478=EDGE_LOOP('',(#6519,#6520,#6521,#6522));
#1479=EDGE_LOOP('',(#6523,#6524,#6525,#6526));
#1480=EDGE_LOOP('',(#6527,#6528,#6529,#6530));
#1481=EDGE_LOOP('',(#6531,#6532,#6533));
#1482=EDGE_LOOP('',(#6534,#6535,#6536,#6537));
#1483=EDGE_LOOP('',(#6538,#6539,#6540,#6541,#6542,#6543));
#1484=EDGE_LOOP('',(#6544,#6545,#6546,#6547,#6548,#6549,#6550));
#1485=EDGE_LOOP('',(#6551,#6552,#6553,#6554,#6555,#6556,#6557,#6558));
#1486=EDGE_LOOP('',(#6559,#6560,#6561,#6562,#6563));
#1487=EDGE_LOOP('',(#6564,#6565,#6566,#6567));
#1488=EDGE_LOOP('',(#6568,#6569,#6570,#6571));
#1489=EDGE_LOOP('',(#6572,#6573,#6574));
#1490=EDGE_LOOP('',(#6575,#6576,#6577,#6578));
#1491=EDGE_LOOP('',(#6579,#6580,#6581,#6582));
#1492=EDGE_LOOP('',(#6583,#6584,#6585,#6586));
#1493=EDGE_LOOP('',(#6587,#6588,#6589,#6590));
#1494=EDGE_LOOP('',(#6591,#6592,#6593,#6594));
#1495=EDGE_LOOP('',(#6595,#6596,#6597,#6598));
#1496=EDGE_LOOP('',(#6599,#6600,#6601,#6602));
#1497=EDGE_LOOP('',(#6603,#6604,#6605,#6606));
#1498=EDGE_LOOP('',(#6607,#6608,#6609,#6610));
#1499=EDGE_LOOP('',(#6611,#6612,#6613,#6614));
#1500=EDGE_LOOP('',(#6615,#6616,#6617,#6618));
#1501=EDGE_LOOP('',(#6619,#6620,#6621,#6622,#6623,#6624));
#1502=EDGE_LOOP('',(#6625,#6626,#6627));
#1503=EDGE_LOOP('',(#6628,#6629,#6630,#6631,#6632,#6633));
#1504=LINE('',#9770,#2139);
#1505=LINE('',#9772,#2140);
#1506=LINE('',#9774,#2141);
#1507=LINE('',#9775,#2142);
#1508=LINE('',#9779,#2143);
#1509=LINE('',#9781,#2144);
#1510=LINE('',#9783,#2145);
#1511=LINE('',#9785,#2146);
#1512=LINE('',#9787,#2147);
#1513=LINE('',#9789,#2148);
#1514=LINE('',#9791,#2149);
#1515=LINE('',#9792,#2150);
#1516=LINE('',#9800,#2151);
#1517=LINE('',#9801,#2152);
#1518=LINE('',#9802,#2153);
#1519=LINE('',#9805,#2154);
#1520=LINE('',#9806,#2155);
#1521=LINE('',#9810,#2156);
#1522=LINE('',#9812,#2157);
#1523=LINE('',#9813,#2158);
#1524=LINE('',#9817,#2159);
#1525=LINE('',#9819,#2160);
#1526=LINE('',#9821,#2161);
#1527=LINE('',#9831,#2162);
#1528=LINE('',#9832,#2163);
#1529=LINE('',#9835,#2164);
#1530=LINE('',#9836,#2165);
#1531=LINE('',#9838,#2166);
#1532=LINE('',#9839,#2167);
#1533=LINE('',#9844,#2168);
#1534=LINE('',#9846,#2169);
#1535=LINE('',#9850,#2170);
#1536=LINE('',#9852,#2171);
#1537=LINE('',#9854,#2172);
#1538=LINE('',#9858,#2173);
#1539=LINE('',#9859,#2174);
#1540=LINE('',#9914,#2175);
#1541=LINE('',#9920,#2176);
#1542=LINE('',#9923,#2177);
#1543=LINE('',#9927,#2178);
#1544=LINE('',#9929,#2179);
#1545=LINE('',#9931,#2180);
#1546=LINE('',#9932,#2181);
#1547=LINE('',#9935,#2182);
#1548=LINE('',#9937,#2183);
#1549=LINE('',#9938,#2184);
#1550=LINE('',#9941,#2185);
#1551=LINE('',#9943,#2186);
#1552=LINE('',#9944,#2187);
#1553=LINE('',#9947,#2188);
#1554=LINE('',#9949,#2189);
#1555=LINE('',#9950,#2190);
#1556=LINE('',#9952,#2191);
#1557=LINE('',#9953,#2192);
#1558=LINE('',#9956,#2193);
#1559=LINE('',#9958,#2194);
#1560=LINE('',#9959,#2195);
#1561=LINE('',#9962,#2196);
#1562=LINE('',#9963,#2197);
#1563=LINE('',#9966,#2198);
#1564=LINE('',#9967,#2199);
#1565=LINE('',#9970,#2200);
#1566=LINE('',#9971,#2201);
#1567=LINE('',#9973,#2202);
#1568=LINE('',#9977,#2203);
#1569=LINE('',#9979,#2204);
#1570=LINE('',#9981,#2205);
#1571=LINE('',#9983,#2206);
#1572=LINE('',#9984,#2207);
#1573=LINE('',#9986,#2208);
#1574=LINE('',#9987,#2209);
#1575=LINE('',#9989,#2210);
#1576=LINE('',#9991,#2211);
#1577=LINE('',#9993,#2212);
#1578=LINE('',#9997,#2213);
#1579=LINE('',#9998,#2214);
#1580=LINE('',#10002,#2215);
#1581=LINE('',#10004,#2216);
#1582=LINE('',#10006,#2217);
#1583=LINE('',#10007,#2218);
#1584=LINE('',#10010,#2219);
#1585=LINE('',#10012,#2220);
#1586=LINE('',#10013,#2221);
#1587=LINE('',#10016,#2222);
#1588=LINE('',#10020,#2223);
#1589=LINE('',#10022,#2224);
#1590=LINE('',#10024,#2225);
#1591=LINE('',#10026,#2226);
#1592=LINE('',#10028,#2227);
#1593=LINE('',#10032,#2228);
#1594=LINE('',#10034,#2229);
#1595=LINE('',#10043,#2230);
#1596=LINE('',#10045,#2231);
#1597=LINE('',#10046,#2232);
#1598=LINE('',#10050,#2233);
#1599=LINE('',#10052,#2234);
#1600=LINE('',#10054,#2235);
#1601=LINE('',#10056,#2236);
#1602=LINE('',#10057,#2237);
#1603=LINE('',#10063,#2238);
#1604=LINE('',#10064,#2239);
#1605=LINE('',#10068,#2240);
#1606=LINE('',#10074,#2241);
#1607=LINE('',#10075,#2242);
#1608=LINE('',#10079,#2243);
#1609=LINE('',#10083,#2244);
#1610=LINE('',#10092,#2245);
#1611=LINE('',#10102,#2246);
#1612=LINE('',#10103,#2247);
#1613=LINE('',#10105,#2248);
#1614=LINE('',#10106,#2249);
#1615=LINE('',#10184,#2250);
#1616=LINE('',#10187,#2251);
#1617=LINE('',#10194,#2252);
#1618=LINE('',#10202,#2253);
#1619=LINE('',#10204,#2254);
#1620=LINE('',#10229,#2255);
#1621=LINE('',#10231,#2256);
#1622=LINE('',#10247,#2257);
#1623=LINE('',#10249,#2258);
#1624=LINE('',#10251,#2259);
#1625=LINE('',#10252,#2260);
#1626=LINE('',#10259,#2261);
#1627=LINE('',#10263,#2262);
#1628=LINE('',#10285,#2263);
#1629=LINE('',#10291,#2264);
#1630=LINE('',#10297,#2265);
#1631=LINE('',#10319,#2266);
#1632=LINE('',#10325,#2267);
#1633=LINE('',#10344,#2268);
#1634=LINE('',#10356,#2269);
#1635=LINE('',#10377,#2270);
#1636=LINE('',#10389,#2271);
#1637=LINE('',#10405,#2272);
#1638=LINE('',#10500,#2273);
#1639=LINE('',#10623,#2274);
#1640=LINE('',#10626,#2275);
#1641=LINE('',#10630,#2276);
#1642=LINE('',#10634,#2277);
#1643=LINE('',#10638,#2278);
#1644=LINE('',#10642,#2279);
#1645=LINE('',#10645,#2280);
#1646=LINE('',#10650,#2281);
#1647=LINE('',#10677,#2282);
#1648=LINE('',#10680,#2283);
#1649=LINE('',#10690,#2284);
#1650=LINE('',#10692,#2285);
#1651=LINE('',#10694,#2286);
#1652=LINE('',#10695,#2287);
#1653=LINE('',#10699,#2288);
#1654=LINE('',#10701,#2289);
#1655=LINE('',#10703,#2290);
#1656=LINE('',#10704,#2291);
#1657=LINE('',#10709,#2292);
#1658=LINE('',#10710,#2293);
#1659=LINE('',#10715,#2294);
#1660=LINE('',#10716,#2295);
#1661=LINE('',#10718,#2296);
#1662=LINE('',#10720,#2297);
#1663=LINE('',#10723,#2298);
#1664=LINE('',#10725,#2299);
#1665=LINE('',#10726,#2300);
#1666=LINE('',#10729,#2301);
#1667=LINE('',#10731,#2302);
#1668=LINE('',#10732,#2303);
#1669=LINE('',#10733,#2304);
#1670=LINE('',#10735,#2305);
#1671=LINE('',#10737,#2306);
#1672=LINE('',#10739,#2307);
#1673=LINE('',#10740,#2308);
#1674=LINE('',#10742,#2309);
#1675=LINE('',#10743,#2310);
#1676=LINE('',#10746,#2311);
#1677=LINE('',#10747,#2312);
#1678=LINE('',#10750,#2313);
#1679=LINE('',#10751,#2314);
#1680=LINE('',#10756,#2315);
#1681=LINE('',#10757,#2316);
#1682=LINE('',#10762,#2317);
#1683=LINE('',#10763,#2318);
#1684=LINE('',#10766,#2319);
#1685=LINE('',#10768,#2320);
#1686=LINE('',#10769,#2321);
#1687=LINE('',#10777,#2322);
#1688=LINE('',#10779,#2323);
#1689=LINE('',#10781,#2324);
#1690=LINE('',#10782,#2325);
#1691=LINE('',#10784,#2326);
#1692=LINE('',#10785,#2327);
#1693=LINE('',#10786,#2328);
#1694=LINE('',#10788,#2329);
#1695=LINE('',#10789,#2330);
#1696=LINE('',#10790,#2331);
#1697=LINE('',#10793,#2332);
#1698=LINE('',#10795,#2333);
#1699=LINE('',#10802,#2334);
#1700=LINE('',#10811,#2335);
#1701=LINE('',#10812,#2336);
#1702=LINE('',#10815,#2337);
#1703=LINE('',#10816,#2338);
#1704=LINE('',#10817,#2339);
#1705=LINE('',#10818,#2340);
#1706=LINE('',#10821,#2341);
#1707=LINE('',#10823,#2342);
#1708=LINE('',#10824,#2343);
#1709=LINE('',#10826,#2344);
#1710=LINE('',#10853,#2345);
#1711=LINE('',#10857,#2346);
#1712=LINE('',#10858,#2347);
#1713=LINE('',#10867,#2348);
#1714=LINE('',#10869,#2349);
#1715=LINE('',#10871,#2350);
#1716=LINE('',#10873,#2351);
#1717=LINE('',#10874,#2352);
#1718=LINE('',#10989,#2353);
#1719=LINE('',#10993,#2354);
#1720=LINE('',#10995,#2355);
#1721=LINE('',#10997,#2356);
#1722=LINE('',#10999,#2357);
#1723=LINE('',#11001,#2358);
#1724=LINE('',#11016,#2359);
#1725=LINE('',#11017,#2360);
#1726=LINE('',#11020,#2361);
#1727=LINE('',#11024,#2362);
#1728=LINE('',#11025,#2363);
#1729=LINE('',#11028,#2364);
#1730=LINE('',#11032,#2365);
#1731=LINE('',#11034,#2366);
#1732=LINE('',#11036,#2367);
#1733=LINE('',#11038,#2368);
#1734=LINE('',#11040,#2369);
#1735=LINE('',#11041,#2370);
#1736=LINE('',#11044,#2371);
#1737=LINE('',#11045,#2372);
#1738=LINE('',#11048,#2373);
#1739=LINE('',#11049,#2374);
#1740=LINE('',#11052,#2375);
#1741=LINE('',#11053,#2376);
#1742=LINE('',#11056,#2377);
#1743=LINE('',#11058,#2378);
#1744=LINE('',#11060,#2379);
#1745=LINE('',#11107,#2380);
#1746=LINE('',#11191,#2381);
#1747=LINE('',#11193,#2382);
#1748=LINE('',#11195,#2383);
#1749=LINE('',#11197,#2384);
#1750=LINE('',#11198,#2385);
#1751=LINE('',#11199,#2386);
#1752=LINE('',#11200,#2387);
#1753=LINE('',#11202,#2388);
#1754=LINE('',#11204,#2389);
#1755=LINE('',#11208,#2390);
#1756=LINE('',#11210,#2391);
#1757=LINE('',#11212,#2392);
#1758=LINE('',#11246,#2393);
#1759=LINE('',#11299,#2394);
#1760=LINE('',#11301,#2395);
#1761=LINE('',#11339,#2396);
#1762=LINE('',#11343,#2397);
#1763=LINE('',#11345,#2398);
#1764=LINE('',#11347,#2399);
#1765=LINE('',#11349,#2400);
#1766=LINE('',#11350,#2401);
#1767=LINE('',#11351,#2402);
#1768=LINE('',#11526,#2403);
#1769=LINE('',#11528,#2404);
#1770=LINE('',#11531,#2405);
#1771=LINE('',#11536,#2406);
#1772=LINE('',#11538,#2407);
#1773=LINE('',#11540,#2408);
#1774=LINE('',#11542,#2409);
#1775=LINE('',#11543,#2410);
#1776=LINE('',#11546,#2411);
#1777=LINE('',#11550,#2412);
#1778=LINE('',#11554,#2413);
#1779=LINE('',#11555,#2414);
#1780=LINE('',#11558,#2415);
#1781=LINE('',#11578,#2416);
#1782=LINE('',#11589,#2417);
#1783=LINE('',#11593,#2418);
#1784=LINE('',#11594,#2419);
#1785=LINE('',#11598,#2420);
#1786=LINE('',#11600,#2421);
#1787=LINE('',#11602,#2422);
#1788=LINE('',#11603,#2423);
#1789=LINE('',#11609,#2424);
#1790=LINE('',#11610,#2425);
#1791=LINE('',#11613,#2426);
#1792=LINE('',#11615,#2427);
#1793=LINE('',#11616,#2428);
#1794=LINE('',#11620,#2429);
#1795=LINE('',#11622,#2430);
#1796=LINE('',#11624,#2431);
#1797=LINE('',#11625,#2432);
#1798=LINE('',#11627,#2433);
#1799=LINE('',#11628,#2434);
#1800=LINE('',#11629,#2435);
#1801=LINE('',#11631,#2436);
#1802=LINE('',#11634,#2437);
#1803=LINE('',#11635,#2438);
#1804=LINE('',#11646,#2439);
#1805=LINE('',#11650,#2440);
#1806=LINE('',#11651,#2441);
#1807=LINE('',#11652,#2442);
#1808=LINE('',#11653,#2443);
#1809=LINE('',#11656,#2444);
#1810=LINE('',#11658,#2445);
#1811=LINE('',#11671,#2446);
#1812=LINE('',#11672,#2447);
#1813=LINE('',#11675,#2448);
#1814=LINE('',#11711,#2449);
#1815=LINE('',#11729,#2450);
#1816=LINE('',#11736,#2451);
#1817=LINE('',#11742,#2452);
#1818=LINE('',#11744,#2453);
#1819=LINE('',#11746,#2454);
#1820=LINE('',#11748,#2455);
#1821=LINE('',#11750,#2456);
#1822=LINE('',#11756,#2457);
#1823=LINE('',#11775,#2458);
#1824=LINE('',#11784,#2459);
#1825=LINE('',#11893,#2460);
#1826=LINE('',#11899,#2461);
#1827=LINE('',#12152,#2462);
#1828=LINE('',#12154,#2463);
#1829=LINE('',#12162,#2464);
#1830=LINE('',#12184,#2465);
#1831=LINE('',#12259,#2466);
#1832=LINE('',#12511,#2467);
#1833=LINE('',#12513,#2468);
#1834=LINE('',#12516,#2469);
#1835=LINE('',#12519,#2470);
#1836=LINE('',#12521,#2471);
#1837=LINE('',#12523,#2472);
#1838=LINE('',#12525,#2473);
#1839=LINE('',#12529,#2474);
#1840=LINE('',#12533,#2475);
#1841=LINE('',#12535,#2476);
#1842=LINE('',#12537,#2477);
#1843=LINE('',#12538,#2478);
#1844=LINE('',#12541,#2479);
#1845=LINE('',#12543,#2480);
#1846=LINE('',#12548,#2481);
#1847=LINE('',#12550,#2482);
#1848=LINE('',#12552,#2483);
#1849=LINE('',#12553,#2484);
#1850=LINE('',#12556,#2485);
#1851=LINE('',#12558,#2486);
#1852=LINE('',#12560,#2487);
#1853=LINE('',#12562,#2488);
#1854=LINE('',#12563,#2489);
#1855=LINE('',#12564,#2490);
#1856=LINE('',#12567,#2491);
#1857=LINE('',#12569,#2492);
#1858=LINE('',#12570,#2493);
#1859=LINE('',#12573,#2494);
#1860=LINE('',#12575,#2495);
#1861=LINE('',#12576,#2496);
#1862=LINE('',#12578,#2497);
#1863=LINE('',#12580,#2498);
#1864=LINE('',#12581,#2499);
#1865=LINE('',#12596,#2500);
#1866=LINE('',#12603,#2501);
#1867=LINE('',#12617,#2502);
#1868=LINE('',#12744,#2503);
#1869=LINE('',#12773,#2504);
#1870=LINE('',#12774,#2505);
#1871=LINE('',#12776,#2506);
#1872=LINE('',#12777,#2507);
#1873=LINE('',#12779,#2508);
#1874=LINE('',#12780,#2509);
#1875=LINE('',#12783,#2510);
#1876=LINE('',#12786,#2511);
#1877=LINE('',#12790,#2512);
#1878=LINE('',#12792,#2513);
#1879=LINE('',#12794,#2514);
#1880=LINE('',#12798,#2515);
#1881=LINE('',#12803,#2516);
#1882=LINE('',#12807,#2517);
#1883=LINE('',#12810,#2518);
#1884=LINE('',#12835,#2519);
#1885=LINE('',#12836,#2520);
#1886=LINE('',#12840,#2521);
#1887=LINE('',#12842,#2522);
#1888=LINE('',#12843,#2523);
#1889=LINE('',#12846,#2524);
#1890=LINE('',#12848,#2525);
#1891=LINE('',#12850,#2526);
#1892=LINE('',#12851,#2527);
#1893=LINE('',#12973,#2528);
#1894=LINE('',#12974,#2529);
#1895=LINE('',#12977,#2530);
#1896=LINE('',#12978,#2531);
#1897=LINE('',#12980,#2532);
#1898=LINE('',#12983,#2533);
#1899=LINE('',#12989,#2534);
#1900=LINE('',#12994,#2535);
#1901=LINE('',#12995,#2536);
#1902=LINE('',#12998,#2537);
#1903=LINE('',#13000,#2538);
#1904=LINE('',#13049,#2539);
#1905=LINE('',#13051,#2540);
#1906=LINE('',#13053,#2541);
#1907=LINE('',#13054,#2542);
#1908=LINE('',#13056,#2543);
#1909=LINE('',#13057,#2544);
#1910=LINE('',#13059,#2545);
#1911=LINE('',#13061,#2546);
#1912=LINE('',#13115,#2547);
#1913=LINE('',#13116,#2548);
#1914=LINE('',#13119,#2549);
#1915=LINE('',#13122,#2550);
#1916=LINE('',#13168,#2551);
#1917=LINE('',#13246,#2552);
#1918=LINE('',#13248,#2553);
#1919=LINE('',#13249,#2554);
#1920=LINE('',#13251,#2555);
#1921=LINE('',#13286,#2556);
#1922=LINE('',#13287,#2557);
#1923=LINE('',#13288,#2558);
#1924=LINE('',#13337,#2559);
#1925=LINE('',#13339,#2560);
#1926=LINE('',#13341,#2561);
#1927=LINE('',#13343,#2562);
#1928=LINE('',#13345,#2563);
#1929=LINE('',#13347,#2564);
#1930=LINE('',#13349,#2565);
#1931=LINE('',#13394,#2566);
#1932=LINE('',#13396,#2567);
#1933=LINE('',#13397,#2568);
#1934=LINE('',#13401,#2569);
#1935=LINE('',#13403,#2570);
#1936=LINE('',#13405,#2571);
#1937=LINE('',#13406,#2572);
#1938=LINE('',#13409,#2573);
#1939=LINE('',#13411,#2574);
#1940=LINE('',#13412,#2575);
#1941=LINE('',#13415,#2576);
#1942=LINE('',#13417,#2577);
#1943=LINE('',#13418,#2578);
#1944=LINE('',#13420,#2579);
#1945=LINE('',#13421,#2580);
#1946=LINE('',#13423,#2581);
#1947=LINE('',#13424,#2582);
#1948=LINE('',#13428,#2583);
#1949=LINE('',#13433,#2584);
#1950=LINE('',#13440,#2585);
#1951=LINE('',#13442,#2586);
#1952=LINE('',#13444,#2587);
#1953=LINE('',#13445,#2588);
#1954=LINE('',#13448,#2589);
#1955=LINE('',#13450,#2590);
#1956=LINE('',#13451,#2591);
#1957=LINE('',#13454,#2592);
#1958=LINE('',#13456,#2593);
#1959=LINE('',#13457,#2594);
#1960=LINE('',#13460,#2595);
#1961=LINE('',#13462,#2596);
#1962=LINE('',#13463,#2597);
#1963=LINE('',#13465,#2598);
#1964=LINE('',#13466,#2599);
#1965=LINE('',#13470,#2600);
#1966=LINE('',#13472,#2601);
#1967=LINE('',#13473,#2602);
#1968=LINE('',#13476,#2603);
#1969=LINE('',#13477,#2604);
#1970=LINE('',#13480,#2605);
#1971=LINE('',#13481,#2606);
#1972=LINE('',#13484,#2607);
#1973=LINE('',#13485,#2608);
#1974=LINE('',#13487,#2609);
#1975=LINE('',#13490,#2610);
#1976=LINE('',#13492,#2611);
#1977=LINE('',#13493,#2612);
#1978=LINE('',#13496,#2613);
#1979=LINE('',#13497,#2614);
#1980=LINE('',#13500,#2615);
#1981=LINE('',#13501,#2616);
#1982=LINE('',#13504,#2617);
#1983=LINE('',#13505,#2618);
#1984=LINE('',#13507,#2619);
#1985=LINE('',#13511,#2620);
#1986=LINE('',#13515,#2621);
#1987=LINE('',#13518,#2622);
#1988=LINE('',#13529,#2623);
#1989=LINE('',#13531,#2624);
#1990=LINE('',#13532,#2625);
#1991=LINE('',#13593,#2626);
#1992=LINE('',#13594,#2627);
#1993=LINE('',#13595,#2628);
#1994=LINE('',#13598,#2629);
#1995=LINE('',#13600,#2630);
#1996=LINE('',#13604,#2631);
#1997=LINE('',#13606,#2632);
#1998=LINE('',#13610,#2633);
#1999=LINE('',#13612,#2634);
#2000=LINE('',#13614,#2635);
#2001=LINE('',#13621,#2636);
#2002=LINE('',#13623,#2637);
#2003=LINE('',#13624,#2638);
#2004=LINE('',#13628,#2639);
#2005=LINE('',#13630,#2640);
#2006=LINE('',#13631,#2641);
#2007=LINE('',#13632,#2642);
#2008=LINE('',#13635,#2643);
#2009=LINE('',#13637,#2644);
#2010=LINE('',#13638,#2645);
#2011=LINE('',#13639,#2646);
#2012=LINE('',#13641,#2647);
#2013=LINE('',#13644,#2648);
#2014=LINE('',#13645,#2649);
#2015=LINE('',#13649,#2650);
#2016=LINE('',#13651,#2651);
#2017=LINE('',#13678,#2652);
#2018=LINE('',#13680,#2653);
#2019=LINE('',#13693,#2654);
#2020=LINE('',#13696,#2655);
#2021=LINE('',#13700,#2656);
#2022=LINE('',#13702,#2657);
#2023=LINE('',#13708,#2658);
#2024=LINE('',#13714,#2659);
#2025=LINE('',#13722,#2660);
#2026=LINE('',#13812,#2661);
#2027=LINE('',#13814,#2662);
#2028=LINE('',#13820,#2663);
#2029=LINE('',#13821,#2664);
#2030=LINE('',#13827,#2665);
#2031=LINE('',#13828,#2666);
#2032=LINE('',#13832,#2667);
#2033=LINE('',#13838,#2668);
#2034=LINE('',#13839,#2669);
#2035=LINE('',#13843,#2670);
#2036=LINE('',#13847,#2671);
#2037=LINE('',#13849,#2672);
#2038=LINE('',#13851,#2673);
#2039=LINE('',#13853,#2674);
#2040=LINE('',#13854,#2675);
#2041=LINE('',#13858,#2676);
#2042=LINE('',#13969,#2677);
#2043=LINE('',#13989,#2678);
#2044=LINE('',#13998,#2679);
#2045=LINE('',#14002,#2680);
#2046=LINE('',#14011,#2681);
#2047=LINE('',#14045,#2682);
#2048=LINE('',#14051,#2683);
#2049=LINE('',#14055,#2684);
#2050=LINE('',#14064,#2685);
#2051=LINE('',#14086,#2686);
#2052=LINE('',#14092,#2687);
#2053=LINE('',#14223,#2688);
#2054=LINE('',#14225,#2689);
#2055=LINE('',#14227,#2690);
#2056=LINE('',#14229,#2691);
#2057=LINE('',#14231,#2692);
#2058=LINE('',#14234,#2693);
#2059=LINE('',#14236,#2694);
#2060=LINE('',#14237,#2695);
#2061=LINE('',#14303,#2696);
#2062=LINE('',#14304,#2697);
#2063=LINE('',#14309,#2698);
#2064=LINE('',#14310,#2699);
#2065=LINE('',#14358,#2700);
#2066=LINE('',#14362,#2701);
#2067=LINE('',#14365,#2702);
#2068=LINE('',#14367,#2703);
#2069=LINE('',#14369,#2704);
#2070=LINE('',#14371,#2705);
#2071=LINE('',#14375,#2706);
#2072=LINE('',#14378,#2707);
#2073=LINE('',#14411,#2708);
#2074=LINE('',#14417,#2709);
#2075=LINE('',#14420,#2710);
#2076=LINE('',#14427,#2711);
#2077=LINE('',#14429,#2712);
#2078=LINE('',#14431,#2713);
#2079=LINE('',#14432,#2714);
#2080=LINE('',#14437,#2715);
#2081=LINE('',#14439,#2716);
#2082=LINE('',#14523,#2717);
#2083=LINE('',#14584,#2718);
#2084=LINE('',#14586,#2719);
#2085=LINE('',#14627,#2720);
#2086=LINE('',#14708,#2721);
#2087=LINE('',#14710,#2722);
#2088=LINE('',#14882,#2723);
#2089=LINE('',#14896,#2724);
#2090=LINE('',#14898,#2725);
#2091=LINE('',#14906,#2726);
#2092=LINE('',#14908,#2727);
#2093=LINE('',#14926,#2728);
#2094=LINE('',#14928,#2729);
#2095=LINE('',#14930,#2730);
#2096=LINE('',#14931,#2731);
#2097=LINE('',#14941,#2732);
#2098=LINE('',#15084,#2733);
#2099=LINE('',#15089,#2734);
#2100=LINE('',#15093,#2735);
#2101=LINE('',#15096,#2736);
#2102=LINE('',#15098,#2737);
#2103=LINE('',#15101,#2738);
#2104=LINE('',#15104,#2739);
#2105=LINE('',#15109,#2740);
#2106=LINE('',#15111,#2741);
#2107=LINE('',#15113,#2742);
#2108=LINE('',#15114,#2743);
#2109=LINE('',#15118,#2744);
#2110=LINE('',#15119,#2745);
#2111=LINE('',#15157,#2746);
#2112=LINE('',#15159,#2747);
#2113=LINE('',#15160,#2748);
#2114=LINE('',#15163,#2749);
#2115=LINE('',#15164,#2750);
#2116=LINE('',#15167,#2751);
#2117=LINE('',#15168,#2752);
#2118=LINE('',#15170,#2753);
#2119=LINE('',#15214,#2754);
#2120=LINE('',#15257,#2755);
#2121=LINE('',#15258,#2756);
#2122=LINE('',#15259,#2757);
#2123=LINE('',#15262,#2758);
#2124=LINE('',#15263,#2759);
#2125=LINE('',#15267,#2760);
#2126=LINE('',#15269,#2761);
#2127=LINE('',#15271,#2762);
#2128=LINE('',#15272,#2763);
#2129=LINE('',#15275,#2764);
#2130=LINE('',#15276,#2765);
#2131=LINE('',#15278,#2766);
#2132=LINE('',#15280,#2767);
#2133=LINE('',#15281,#2768);
#2134=LINE('',#15283,#2769);
#2135=LINE('',#15285,#2770);
#2136=LINE('',#15331,#2771);
#2137=LINE('',#15335,#2772);
#2138=LINE('',#15337,#2773);
#2139=VECTOR('',#7883,10.);
#2140=VECTOR('',#7884,10.);
#2141=VECTOR('',#7885,10.);
#2142=VECTOR('',#7886,10.);
#2143=VECTOR('',#7889,10.);
#2144=VECTOR('',#7890,10.);
#2145=VECTOR('',#7891,10.);
#2146=VECTOR('',#7892,10.);
#2147=VECTOR('',#7893,10.);
#2148=VECTOR('',#7894,10.);
#2149=VECTOR('',#7895,10.);
#2150=VECTOR('',#7896,10.);
#2151=VECTOR('',#7903,10.);
#2152=VECTOR('',#7904,10.);
#2153=VECTOR('',#7905,10.);
#2154=VECTOR('',#7908,10.);
#2155=VECTOR('',#7909,10.);
#2156=VECTOR('',#7912,10.);
#2157=VECTOR('',#7913,10.);
#2158=VECTOR('',#7914,10.);
#2159=VECTOR('',#7917,10.);
#2160=VECTOR('',#7918,10.);
#2161=VECTOR('',#7919,10.);
#2162=VECTOR('',#7920,10.);
#2163=VECTOR('',#7921,10.);
#2164=VECTOR('',#7924,10.);
#2165=VECTOR('',#7925,10.);
#2166=VECTOR('',#7926,10.);
#2167=VECTOR('',#7927,10.);
#2168=VECTOR('',#7932,10.);
#2169=VECTOR('',#7933,10.);
#2170=VECTOR('',#7936,10.);
#2171=VECTOR('',#7937,10.);
#2172=VECTOR('',#7938,10.);
#2173=VECTOR('',#7941,10.);
#2174=VECTOR('',#7942,10.);
#2175=VECTOR('',#7955,10.);
#2176=VECTOR('',#7962,10.);
#2177=VECTOR('',#7965,10.);
#2178=VECTOR('',#7968,10.);
#2179=VECTOR('',#7969,10.);
#2180=VECTOR('',#7970,10.);
#2181=VECTOR('',#7971,10.);
#2182=VECTOR('',#7974,10.);
#2183=VECTOR('',#7975,10.);
#2184=VECTOR('',#7976,10.);
#2185=VECTOR('',#7979,10.);
#2186=VECTOR('',#7980,10.);
#2187=VECTOR('',#7981,10.);
#2188=VECTOR('',#7984,10.);
#2189=VECTOR('',#7985,10.);
#2190=VECTOR('',#7986,10.);
#2191=VECTOR('',#7989,10.);
#2192=VECTOR('',#7990,10.);
#2193=VECTOR('',#7993,10.);
#2194=VECTOR('',#7994,10.);
#2195=VECTOR('',#7995,10.);
#2196=VECTOR('',#7998,10.);
#2197=VECTOR('',#7999,10.);
#2198=VECTOR('',#8002,10.);
#2199=VECTOR('',#8003,10.);
#2200=VECTOR('',#8006,10.);
#2201=VECTOR('',#8007,10.);
#2202=VECTOR('',#8010,10.);
#2203=VECTOR('',#8013,10.);
#2204=VECTOR('',#8014,10.);
#2205=VECTOR('',#8015,10.);
#2206=VECTOR('',#8016,10.);
#2207=VECTOR('',#8017,10.);
#2208=VECTOR('',#8020,10.);
#2209=VECTOR('',#8021,10.);
#2210=VECTOR('',#8024,10.);
#2211=VECTOR('',#8027,10.);
#2212=VECTOR('',#8030,10.);
#2213=VECTOR('',#8035,10.);
#2214=VECTOR('',#8036,10.);
#2215=VECTOR('',#8039,10.);
#2216=VECTOR('',#8040,10.);
#2217=VECTOR('',#8041,10.);
#2218=VECTOR('',#8042,10.);
#2219=VECTOR('',#8045,10.);
#2220=VECTOR('',#8046,10.);
#2221=VECTOR('',#8047,10.);
#2222=VECTOR('',#8050,10.);
#2223=VECTOR('',#8053,10.);
#2224=VECTOR('',#8054,10.);
#2225=VECTOR('',#8055,10.);
#2226=VECTOR('',#8056,10.);
#2227=VECTOR('',#8057,10.);
#2228=VECTOR('',#8060,10.);
#2229=VECTOR('',#8061,10.);
#2230=VECTOR('',#8062,10.);
#2231=VECTOR('',#8063,10.);
#2232=VECTOR('',#8064,10.);
#2233=VECTOR('',#8067,10.);
#2234=VECTOR('',#8068,10.);
#2235=VECTOR('',#8069,10.);
#2236=VECTOR('',#8070,10.);
#2237=VECTOR('',#8071,10.);
#2238=VECTOR('',#8076,10.);
#2239=VECTOR('',#8077,10.);
#2240=VECTOR('',#8082,10.);
#2241=VECTOR('',#8087,10.);
#2242=VECTOR('',#8088,10.);
#2243=VECTOR('',#8093,10.);
#2244=VECTOR('',#8096,10.);
#2245=VECTOR('',#8097,10.);
#2246=VECTOR('',#8110,10.);
#2247=VECTOR('',#8111,10.);
#2248=VECTOR('',#8112,10.);
#2249=VECTOR('',#8113,10.);
#2250=VECTOR('',#8120,10.);
#2251=VECTOR('',#8123,10.);
#2252=VECTOR('',#8134,10.);
#2253=VECTOR('',#8143,10.);
#2254=VECTOR('',#8144,10.);
#2255=VECTOR('',#8145,10.);
#2256=VECTOR('',#8146,10.);
#2257=VECTOR('',#8149,10.);
#2258=VECTOR('',#8150,10.);
#2259=VECTOR('',#8151,10.);
#2260=VECTOR('',#8152,10.);
#2261=VECTOR('',#8161,10.);
#2262=VECTOR('',#8164,10.);
#2263=VECTOR('',#8175,10.);
#2264=VECTOR('',#8182,10.);
#2265=VECTOR('',#8189,10.);
#2266=VECTOR('',#8200,10.);
#2267=VECTOR('',#8207,10.);
#2268=VECTOR('',#8214,10.);
#2269=VECTOR('',#8219,10.);
#2270=VECTOR('',#8224,10.);
#2271=VECTOR('',#8229,10.);
#2272=VECTOR('',#8234,10.);
#2273=VECTOR('',#8249,10.);
#2274=VECTOR('',#8260,10.);
#2275=VECTOR('',#8263,10.);
#2276=VECTOR('',#8266,10.);
#2277=VECTOR('',#8271,10.);
#2278=VECTOR('',#8274,10.);
#2279=VECTOR('',#8279,10.);
#2280=VECTOR('',#8282,10.);
#2281=VECTOR('',#8287,10.);
#2282=VECTOR('',#8332,10.);
#2283=VECTOR('',#8335,10.);
#2284=VECTOR('',#8346,10.);
#2285=VECTOR('',#8347,10.);
#2286=VECTOR('',#8348,10.);
#2287=VECTOR('',#8349,10.);
#2288=VECTOR('',#8352,10.);
#2289=VECTOR('',#8353,10.);
#2290=VECTOR('',#8354,10.);
#2291=VECTOR('',#8355,10.);
#2292=VECTOR('',#8360,10.);
#2293=VECTOR('',#8361,10.);
#2294=VECTOR('',#8366,10.);
#2295=VECTOR('',#8367,10.);
#2296=VECTOR('',#8370,10.);
#2297=VECTOR('',#8373,10.);
#2298=VECTOR('',#8376,10.);
#2299=VECTOR('',#8377,10.);
#2300=VECTOR('',#8378,10.);
#2301=VECTOR('',#8381,10.);
#2302=VECTOR('',#8382,10.);
#2303=VECTOR('',#8383,10.);
#2304=VECTOR('',#8384,10.);
#2305=VECTOR('',#8387,10.);
#2306=VECTOR('',#8388,10.);
#2307=VECTOR('',#8389,10.);
#2308=VECTOR('',#8390,10.);
#2309=VECTOR('',#8393,10.);
#2310=VECTOR('',#8394,10.);
#2311=VECTOR('',#8397,10.);
#2312=VECTOR('',#8398,10.);
#2313=VECTOR('',#8401,10.);
#2314=VECTOR('',#8402,10.);
#2315=VECTOR('',#8407,10.);
#2316=VECTOR('',#8408,10.);
#2317=VECTOR('',#8413,10.);
#2318=VECTOR('',#8414,10.);
#2319=VECTOR('',#8417,10.);
#2320=VECTOR('',#8418,10.);
#2321=VECTOR('',#8419,10.);
#2322=VECTOR('',#8426,10.);
#2323=VECTOR('',#8427,10.);
#2324=VECTOR('',#8428,10.);
#2325=VECTOR('',#8429,10.);
#2326=VECTOR('',#8432,10.);
#2327=VECTOR('',#8433,10.);
#2328=VECTOR('',#8434,10.);
#2329=VECTOR('',#8437,10.);
#2330=VECTOR('',#8438,10.);
#2331=VECTOR('',#8439,10.);
#2332=VECTOR('',#8444,1.81219088262127);
#2333=VECTOR('',#8447,1.71903843850666);
#2334=VECTOR('',#8456,10.);
#2335=VECTOR('',#8469,10.);
#2336=VECTOR('',#8470,10.);
#2337=VECTOR('',#8473,10.);
#2338=VECTOR('',#8474,10.);
#2339=VECTOR('',#8475,10.);
#2340=VECTOR('',#8476,10.);
#2341=VECTOR('',#8479,10.);
#2342=VECTOR('',#8480,10.);
#2343=VECTOR('',#8481,10.);
#2344=VECTOR('',#8484,10.);
#2345=VECTOR('',#8487,10.);
#2346=VECTOR('',#8490,10.);
#2347=VECTOR('',#8491,10.);
#2348=VECTOR('',#8494,10.);
#2349=VECTOR('',#8495,10.);
#2350=VECTOR('',#8496,10.);
#2351=VECTOR('',#8497,10.);
#2352=VECTOR('',#8498,10.);
#2353=VECTOR('',#8501,10.);
#2354=VECTOR('',#8504,10.);
#2355=VECTOR('',#8505,10.);
#2356=VECTOR('',#8506,10.);
#2357=VECTOR('',#8507,10.);
#2358=VECTOR('',#8508,10.);
#2359=VECTOR('',#8511,10.);
#2360=VECTOR('',#8512,10.);
#2361=VECTOR('',#8515,10.);
#2362=VECTOR('',#8520,10.);
#2363=VECTOR('',#8521,10.);
#2364=VECTOR('',#8524,10.);
#2365=VECTOR('',#8529,10.);
#2366=VECTOR('',#8530,10.);
#2367=VECTOR('',#8531,10.);
#2368=VECTOR('',#8532,10.);
#2369=VECTOR('',#8533,10.);
#2370=VECTOR('',#8534,10.);
#2371=VECTOR('',#8537,10.);
#2372=VECTOR('',#8538,10.);
#2373=VECTOR('',#8541,10.);
#2374=VECTOR('',#8542,10.);
#2375=VECTOR('',#8545,10.);
#2376=VECTOR('',#8546,10.);
#2377=VECTOR('',#8549,10.);
#2378=VECTOR('',#8550,10.);
#2379=VECTOR('',#8551,10.);
#2380=VECTOR('',#8552,10.);
#2381=VECTOR('',#8555,10.);
#2382=VECTOR('',#8556,10.);
#2383=VECTOR('',#8557,10.);
#2384=VECTOR('',#8558,10.);
#2385=VECTOR('',#8559,10.);
#2386=VECTOR('',#8560,10.);
#2387=VECTOR('',#8561,10.);
#2388=VECTOR('',#8562,10.);
#2389=VECTOR('',#8563,10.);
#2390=VECTOR('',#8566,10.);
#2391=VECTOR('',#8567,10.);
#2392=VECTOR('',#8568,10.);
#2393=VECTOR('',#8569,10.);
#2394=VECTOR('',#8570,10.);
#2395=VECTOR('',#8571,10.);
#2396=VECTOR('',#8576,10.);
#2397=VECTOR('',#8579,10.);
#2398=VECTOR('',#8580,10.);
#2399=VECTOR('',#8581,10.);
#2400=VECTOR('',#8582,10.);
#2401=VECTOR('',#8583,10.);
#2402=VECTOR('',#8584,10.);
#2403=VECTOR('',#8587,10.);
#2404=VECTOR('',#8588,10.);
#2405=VECTOR('',#8591,10.);
#2406=VECTOR('',#8594,10.);
#2407=VECTOR('',#8595,10.);
#2408=VECTOR('',#8596,10.);
#2409=VECTOR('',#8597,10.);
#2410=VECTOR('',#8598,10.);
#2411=VECTOR('',#8601,10.);
#2412=VECTOR('',#8604,10.);
#2413=VECTOR('',#8609,10.);
#2414=VECTOR('',#8610,10.);
#2415=VECTOR('',#8613,20.);
#2416=VECTOR('',#8618,2.117);
#2417=VECTOR('',#8631,2.117);
#2418=VECTOR('',#8636,10.);
#2419=VECTOR('',#8637,10.);
#2420=VECTOR('',#8640,10.);
#2421=VECTOR('',#8641,10.);
#2422=VECTOR('',#8642,10.);
#2423=VECTOR('',#8643,10.);
#2424=VECTOR('',#8648,10.);
#2425=VECTOR('',#8649,10.);
#2426=VECTOR('',#8652,10.);
#2427=VECTOR('',#8653,10.);
#2428=VECTOR('',#8654,10.);
#2429=VECTOR('',#8659,10.);
#2430=VECTOR('',#8662,10.);
#2431=VECTOR('',#8663,10.);
#2432=VECTOR('',#8664,10.);
#2433=VECTOR('',#8665,10.);
#2434=VECTOR('',#8666,10.);
#2435=VECTOR('',#8667,10.);
#2436=VECTOR('',#8670,10.);
#2437=VECTOR('',#8673,10.);
#2438=VECTOR('',#8674,10.);
#2439=VECTOR('',#8681,10.);
#2440=VECTOR('',#8684,10.);
#2441=VECTOR('',#8685,10.);
#2442=VECTOR('',#8686,10.);
#2443=VECTOR('',#8687,10.);
#2444=VECTOR('',#8690,10.);
#2445=VECTOR('',#8691,10.);
#2446=VECTOR('',#8694,10.);
#2447=VECTOR('',#8695,10.);
#2448=VECTOR('',#8698,10.);
#2449=VECTOR('',#8703,10.);
#2450=VECTOR('',#8708,10.);
#2451=VECTOR('',#8709,10.);
#2452=VECTOR('',#8716,10.);
#2453=VECTOR('',#8717,10.);
#2454=VECTOR('',#8718,10.);
#2455=VECTOR('',#8719,10.);
#2456=VECTOR('',#8720,10.);
#2457=VECTOR('',#8721,10.);
#2458=VECTOR('',#8724,10.);
#2459=VECTOR('',#8727,10.);
#2460=VECTOR('',#8730,10.);
#2461=VECTOR('',#8731,10.);
#2462=VECTOR('',#8738,10.);
#2463=VECTOR('',#8741,10.);
#2464=VECTOR('',#8742,10.);
#2465=VECTOR('',#8745,10.);
#2466=VECTOR('',#8746,10.);
#2467=VECTOR('',#8761,10.);
#2468=VECTOR('',#8764,10.);
#2469=VECTOR('',#8767,10.);
#2470=VECTOR('',#8770,10.);
#2471=VECTOR('',#8773,10.);
#2472=VECTOR('',#8774,10.);
#2473=VECTOR('',#8775,10.);
#2474=VECTOR('',#8778,10.);
#2475=VECTOR('',#8781,10.);
#2476=VECTOR('',#8782,10.);
#2477=VECTOR('',#8783,10.);
#2478=VECTOR('',#8784,10.);
#2479=VECTOR('',#8787,10.);
#2480=VECTOR('',#8788,10.);
#2481=VECTOR('',#8793,10.);
#2482=VECTOR('',#8794,10.);
#2483=VECTOR('',#8795,10.);
#2484=VECTOR('',#8796,10.);
#2485=VECTOR('',#8799,10.);
#2486=VECTOR('',#8800,10.);
#2487=VECTOR('',#8801,10.);
#2488=VECTOR('',#8802,10.);
#2489=VECTOR('',#8803,10.);
#2490=VECTOR('',#8804,10.);
#2491=VECTOR('',#8807,10.);
#2492=VECTOR('',#8808,10.);
#2493=VECTOR('',#8809,10.);
#2494=VECTOR('',#8812,10.);
#2495=VECTOR('',#8813,10.);
#2496=VECTOR('',#8814,10.);
#2497=VECTOR('',#8815,10.);
#2498=VECTOR('',#8816,10.);
#2499=VECTOR('',#8817,10.);
#2500=VECTOR('',#8822,10.);
#2501=VECTOR('',#8829,10.);
#2502=VECTOR('',#8834,10.);
#2503=VECTOR('',#8841,10.);
#2504=VECTOR('',#8880,10.);
#2505=VECTOR('',#8881,10.);
#2506=VECTOR('',#8884,10.);
#2507=VECTOR('',#8885,10.);
#2508=VECTOR('',#8888,10.);
#2509=VECTOR('',#8889,10.);
#2510=VECTOR('',#8892,10.);
#2511=VECTOR('',#8895,10.);
#2512=VECTOR('',#8900,10.);
#2513=VECTOR('',#8903,10.);
#2514=VECTOR('',#8906,10.);
#2515=VECTOR('',#8909,10.);
#2516=VECTOR('',#8916,10.);
#2517=VECTOR('',#8921,10.);
#2518=VECTOR('',#8926,10.);
#2519=VECTOR('',#8937,10.);
#2520=VECTOR('',#8938,10.);
#2521=VECTOR('',#8943,10.);
#2522=VECTOR('',#8946,10.);
#2523=VECTOR('',#8947,10.);
#2524=VECTOR('',#8950,10.);
#2525=VECTOR('',#8953,10.);
#2526=VECTOR('',#8956,10.);
#2527=VECTOR('',#8957,10.);
#2528=VECTOR('',#8970,10.);
#2529=VECTOR('',#8971,10.);
#2530=VECTOR('',#8974,10.);
#2531=VECTOR('',#8975,10.);
#2532=VECTOR('',#8978,10.);
#2533=VECTOR('',#8983,10.);
#2534=VECTOR('',#8990,20.);
#2535=VECTOR('',#8997,10.);
#2536=VECTOR('',#8998,10.);
#2537=VECTOR('',#9003,10.);
#2538=VECTOR('',#9004,10.);
#2539=VECTOR('',#9013,10.);
#2540=VECTOR('',#9014,10.);
#2541=VECTOR('',#9015,10.);
#2542=VECTOR('',#9016,10.);
#2543=VECTOR('',#9019,10.);
#2544=VECTOR('',#9020,10.);
#2545=VECTOR('',#9023,10.);
#2546=VECTOR('',#9026,10.);
#2547=VECTOR('',#9045,10.);
#2548=VECTOR('',#9046,10.);
#2549=VECTOR('',#9049,10.);
#2550=VECTOR('',#9054,10.);
#2551=VECTOR('',#9061,10.);
#2552=VECTOR('',#9074,10.);
#2553=VECTOR('',#9075,10.);
#2554=VECTOR('',#9076,10.);
#2555=VECTOR('',#9079,10.);
#2556=VECTOR('',#9082,10.);
#2557=VECTOR('',#9083,10.);
#2558=VECTOR('',#9084,10.);
#2559=VECTOR('',#9093,10.);
#2560=VECTOR('',#9096,10.);
#2561=VECTOR('',#9097,10.);
#2562=VECTOR('',#9098,10.);
#2563=VECTOR('',#9101,10.);
#2564=VECTOR('',#9104,10.);
#2565=VECTOR('',#9107,10.);
#2566=VECTOR('',#9112,10.);
#2567=VECTOR('',#9113,10.);
#2568=VECTOR('',#9114,10.);
#2569=VECTOR('',#9119,10.);
#2570=VECTOR('',#9120,10.);
#2571=VECTOR('',#9121,10.);
#2572=VECTOR('',#9122,10.);
#2573=VECTOR('',#9125,10.);
#2574=VECTOR('',#9126,10.);
#2575=VECTOR('',#9127,10.);
#2576=VECTOR('',#9130,10.);
#2577=VECTOR('',#9131,10.);
#2578=VECTOR('',#9132,10.);
#2579=VECTOR('',#9135,10.);
#2580=VECTOR('',#9136,10.);
#2581=VECTOR('',#9139,10.);
#2582=VECTOR('',#9140,10.);
#2583=VECTOR('',#9147,10.);
#2584=VECTOR('',#9156,10.);
#2585=VECTOR('',#9165,10.);
#2586=VECTOR('',#9166,10.);
#2587=VECTOR('',#9167,10.);
#2588=VECTOR('',#9168,10.);
#2589=VECTOR('',#9171,10.);
#2590=VECTOR('',#9172,10.);
#2591=VECTOR('',#9173,10.);
#2592=VECTOR('',#9176,10.);
#2593=VECTOR('',#9177,10.);
#2594=VECTOR('',#9178,10.);
#2595=VECTOR('',#9181,10.);
#2596=VECTOR('',#9182,10.);
#2597=VECTOR('',#9183,10.);
#2598=VECTOR('',#9186,10.);
#2599=VECTOR('',#9187,10.);
#2600=VECTOR('',#9192,10.);
#2601=VECTOR('',#9193,10.);
#2602=VECTOR('',#9194,10.);
#2603=VECTOR('',#9197,10.);
#2604=VECTOR('',#9198,10.);
#2605=VECTOR('',#9201,10.);
#2606=VECTOR('',#9202,10.);
#2607=VECTOR('',#9205,10.);
#2608=VECTOR('',#9206,10.);
#2609=VECTOR('',#9209,10.);
#2610=VECTOR('',#9212,10.);
#2611=VECTOR('',#9213,10.);
#2612=VECTOR('',#9214,10.);
#2613=VECTOR('',#9217,10.);
#2614=VECTOR('',#9218,10.);
#2615=VECTOR('',#9221,10.);
#2616=VECTOR('',#9222,10.);
#2617=VECTOR('',#9225,10.);
#2618=VECTOR('',#9226,10.);
#2619=VECTOR('',#9229,10.);
#2620=VECTOR('',#9232,10.);
#2621=VECTOR('',#9235,10.);
#2622=VECTOR('',#9238,10.);
#2623=VECTOR('',#9251,10.);
#2624=VECTOR('',#9252,10.);
#2625=VECTOR('',#9253,10.);
#2626=VECTOR('',#9262,10.);
#2627=VECTOR('',#9263,10.);
#2628=VECTOR('',#9264,10.);
#2629=VECTOR('',#9267,10.);
#2630=VECTOR('',#9268,10.);
#2631=VECTOR('',#9273,10.);
#2632=VECTOR('',#9274,10.);
#2633=VECTOR('',#9277,10.);
#2634=VECTOR('',#9278,10.);
#2635=VECTOR('',#9279,10.);
#2636=VECTOR('',#9288,10.);
#2637=VECTOR('',#9289,10.);
#2638=VECTOR('',#9290,10.);
#2639=VECTOR('',#9293,10.);
#2640=VECTOR('',#9294,10.);
#2641=VECTOR('',#9295,10.);
#2642=VECTOR('',#9296,10.);
#2643=VECTOR('',#9299,10.);
#2644=VECTOR('',#9300,10.);
#2645=VECTOR('',#9301,10.);
#2646=VECTOR('',#9302,10.);
#2647=VECTOR('',#9305,10.);
#2648=VECTOR('',#9308,10.);
#2649=VECTOR('',#9309,10.);
#2650=VECTOR('',#9312,10.);
#2651=VECTOR('',#9313,10.);
#2652=VECTOR('',#9316,10.);
#2653=VECTOR('',#9317,10.);
#2654=VECTOR('',#9320,10.);
#2655=VECTOR('',#9323,10.);
#2656=VECTOR('',#9326,10.);
#2657=VECTOR('',#9327,10.);
#2658=VECTOR('',#9334,10.);
#2659=VECTOR('',#9341,10.);
#2660=VECTOR('',#9342,10.);
#2661=VECTOR('',#9347,10.);
#2662=VECTOR('',#9350,10.);
#2663=VECTOR('',#9357,10.);
#2664=VECTOR('',#9358,10.);
#2665=VECTOR('',#9363,10.);
#2666=VECTOR('',#9364,10.);
#2667=VECTOR('',#9369,10.);
#2668=VECTOR('',#9374,10.);
#2669=VECTOR('',#9375,10.);
#2670=VECTOR('',#9380,10.);
#2671=VECTOR('',#9383,10.);
#2672=VECTOR('',#9384,10.);
#2673=VECTOR('',#9385,10.);
#2674=VECTOR('',#9386,10.);
#2675=VECTOR('',#9387,10.);
#2676=VECTOR('',#9392,10.);
#2677=VECTOR('',#9403,10.);
#2678=VECTOR('',#9408,10.);
#2679=VECTOR('',#9411,10.);
#2680=VECTOR('',#9416,10.);
#2681=VECTOR('',#9419,10.);
#2682=VECTOR('',#9422,10.);
#2683=VECTOR('',#9423,10.);
#2684=VECTOR('',#9428,10.);
#2685=VECTOR('',#9431,10.);
#2686=VECTOR('',#9434,10.);
#2687=VECTOR('',#9435,10.);
#2688=VECTOR('',#9504,10.);
#2689=VECTOR('',#9507,10.);
#2690=VECTOR('',#9510,10.);
#2691=VECTOR('',#9513,10.);
#2692=VECTOR('',#9516,10.);
#2693=VECTOR('',#9519,10.);
#2694=VECTOR('',#9520,10.);
#2695=VECTOR('',#9521,10.);
#2696=VECTOR('',#9526,10.);
#2697=VECTOR('',#9527,10.);
#2698=VECTOR('',#9532,10.);
#2699=VECTOR('',#9533,10.);
#2700=VECTOR('',#9540,10.);
#2701=VECTOR('',#9543,10.);
#2702=VECTOR('',#9546,10.);
#2703=VECTOR('',#9549,20.);
#2704=VECTOR('',#9552,10.);
#2705=VECTOR('',#9555,10.);
#2706=VECTOR('',#9558,10.);
#2707=VECTOR('',#9561,10.);
#2708=VECTOR('',#9564,10.);
#2709=VECTOR('',#9569,10.);
#2710=VECTOR('',#9572,10.);
#2711=VECTOR('',#9573,10.);
#2712=VECTOR('',#9574,10.);
#2713=VECTOR('',#9575,10.);
#2714=VECTOR('',#9576,10.);
#2715=VECTOR('',#9581,10.);
#2716=VECTOR('',#9582,10.);
#2717=VECTOR('',#9585,10.);
#2718=VECTOR('',#9586,10.);
#2719=VECTOR('',#9587,10.);
#2720=VECTOR('',#9588,10.);
#2721=VECTOR('',#9591,10.);
#2722=VECTOR('',#9592,10.);
#2723=VECTOR('',#9597,2.117);
#2724=VECTOR('',#9604,10.);
#2725=VECTOR('',#9605,10.);
#2726=VECTOR('',#9606,10.);
#2727=VECTOR('',#9607,10.);
#2728=VECTOR('',#9608,10.);
#2729=VECTOR('',#9609,10.);
#2730=VECTOR('',#9610,10.);
#2731=VECTOR('',#9611,10.);
#2732=VECTOR('',#9618,10.);
#2733=VECTOR('',#9631,10.);
#2734=VECTOR('',#9638,10.);
#2735=VECTOR('',#9643,10.);
#2736=VECTOR('',#9648,10.);
#2737=VECTOR('',#9651,10.);
#2738=VECTOR('',#9654,10.);
#2739=VECTOR('',#9657,10.);
#2740=VECTOR('',#9664,10.);
#2741=VECTOR('',#9667,10.);
#2742=VECTOR('',#9670,10.);
#2743=VECTOR('',#9671,10.);
#2744=VECTOR('',#9676,10.);
#2745=VECTOR('',#9677,20.);
#2746=VECTOR('',#9680,10.);
#2747=VECTOR('',#9681,10.);
#2748=VECTOR('',#9682,10.);
#2749=VECTOR('',#9685,10.);
#2750=VECTOR('',#9686,10.);
#2751=VECTOR('',#9689,10.);
#2752=VECTOR('',#9690,10.);
#2753=VECTOR('',#9693,10.);
#2754=VECTOR('',#9708,10.);
#2755=VECTOR('',#9719,10.);
#2756=VECTOR('',#9720,10.);
#2757=VECTOR('',#9721,10.);
#2758=VECTOR('',#9724,10.);
#2759=VECTOR('',#9725,10.);
#2760=VECTOR('',#9728,10.);
#2761=VECTOR('',#9729,10.);
#2762=VECTOR('',#9730,10.);
#2763=VECTOR('',#9731,10.);
#2764=VECTOR('',#9734,10.);
#2765=VECTOR('',#9735,10.);
#2766=VECTOR('',#9738,10.);
#2767=VECTOR('',#9741,10.);
#2768=VECTOR('',#9742,10.);
#2769=VECTOR('',#9745,10.);
#2770=VECTOR('',#9748,10.);
#2771=VECTOR('',#9755,10.);
#2772=VECTOR('',#9760,10.);
#2773=VECTOR('',#9763,10.);
#2774=VERTEX_POINT('',#9768);
#2775=VERTEX_POINT('',#9769);
#2776=VERTEX_POINT('',#9771);
#2777=VERTEX_POINT('',#9773);
#2778=VERTEX_POINT('',#9777);
#2779=VERTEX_POINT('',#9778);
#2780=VERTEX_POINT('',#9780);
#2781=VERTEX_POINT('',#9782);
#2782=VERTEX_POINT('',#9784);
#2783=VERTEX_POINT('',#9786);
#2784=VERTEX_POINT('',#9788);
#2785=VERTEX_POINT('',#9790);
#2786=VERTEX_POINT('',#9793);
#2787=VERTEX_POINT('',#9795);
#2788=VERTEX_POINT('',#9798);
#2789=VERTEX_POINT('',#9799);
#2790=VERTEX_POINT('',#9804);
#2791=VERTEX_POINT('',#9808);
#2792=VERTEX_POINT('',#9809);
#2793=VERTEX_POINT('',#9811);
#2794=VERTEX_POINT('',#9815);
#2795=VERTEX_POINT('',#9816);
#2796=VERTEX_POINT('',#9818);
#2797=VERTEX_POINT('',#9820);
#2798=VERTEX_POINT('',#9822);
#2799=VERTEX_POINT('',#9834);
#2800=VERTEX_POINT('',#9837);
#2801=VERTEX_POINT('',#9842);
#2802=VERTEX_POINT('',#9843);
#2803=VERTEX_POINT('',#9845);
#2804=VERTEX_POINT('',#9847);
#2805=VERTEX_POINT('',#9849);
#2806=VERTEX_POINT('',#9851);
#2807=VERTEX_POINT('',#9853);
#2808=VERTEX_POINT('',#9855);
#2809=VERTEX_POINT('',#9857);
#2810=VERTEX_POINT('',#9896);
#2811=VERTEX_POINT('',#9898);
#2812=VERTEX_POINT('',#9900);
#2813=VERTEX_POINT('',#9909);
#2814=VERTEX_POINT('',#9911);
#2815=VERTEX_POINT('',#9913);
#2816=VERTEX_POINT('',#9917);
#2817=VERTEX_POINT('',#9919);
#2818=VERTEX_POINT('',#9921);
#2819=VERTEX_POINT('',#9925);
#2820=VERTEX_POINT('',#9926);
#2821=VERTEX_POINT('',#9928);
#2822=VERTEX_POINT('',#9930);
#2823=VERTEX_POINT('',#9934);
#2824=VERTEX_POINT('',#9936);
#2825=VERTEX_POINT('',#9940);
#2826=VERTEX_POINT('',#9942);
#2827=VERTEX_POINT('',#9946);
#2828=VERTEX_POINT('',#9948);
#2829=VERTEX_POINT('',#9955);
#2830=VERTEX_POINT('',#9957);
#2831=VERTEX_POINT('',#9961);
#2832=VERTEX_POINT('',#9965);
#2833=VERTEX_POINT('',#9969);
#2834=VERTEX_POINT('',#9975);
#2835=VERTEX_POINT('',#9976);
#2836=VERTEX_POINT('',#9978);
#2837=VERTEX_POINT('',#9980);
#2838=VERTEX_POINT('',#9982);
#2839=VERTEX_POINT('',#9996);
#2840=VERTEX_POINT('',#10000);
#2841=VERTEX_POINT('',#10001);
#2842=VERTEX_POINT('',#10003);
#2843=VERTEX_POINT('',#10005);
#2844=VERTEX_POINT('',#10009);
#2845=VERTEX_POINT('',#10011);
#2846=VERTEX_POINT('',#10015);
#2847=VERTEX_POINT('',#10017);
#2848=VERTEX_POINT('',#10019);
#2849=VERTEX_POINT('',#10021);
#2850=VERTEX_POINT('',#10023);
#2851=VERTEX_POINT('',#10025);
#2852=VERTEX_POINT('',#10027);
#2853=VERTEX_POINT('',#10029);
#2854=VERTEX_POINT('',#10031);
#2855=VERTEX_POINT('',#10033);
#2856=VERTEX_POINT('',#10035);
#2857=VERTEX_POINT('',#10042);
#2858=VERTEX_POINT('',#10044);
#2859=VERTEX_POINT('',#10048);
#2860=VERTEX_POINT('',#10049);
#2861=VERTEX_POINT('',#10051);
#2862=VERTEX_POINT('',#10053);
#2863=VERTEX_POINT('',#10055);
#2864=VERTEX_POINT('',#10059);
#2865=VERTEX_POINT('',#10060);
#2866=VERTEX_POINT('',#10062);
#2867=VERTEX_POINT('',#10066);
#2868=VERTEX_POINT('',#10070);
#2869=VERTEX_POINT('',#10071);
#2870=VERTEX_POINT('',#10073);
#2871=VERTEX_POINT('',#10077);
#2872=VERTEX_POINT('',#10081);
#2873=VERTEX_POINT('',#10082);
#2874=VERTEX_POINT('',#10084);
#2875=VERTEX_POINT('',#10091);
#2876=VERTEX_POINT('',#10095);
#2877=VERTEX_POINT('',#10097);
#2878=VERTEX_POINT('',#10101);
#2879=VERTEX_POINT('',#10104);
#2880=VERTEX_POINT('',#10143);
#2881=VERTEX_POINT('',#10151);
#2882=VERTEX_POINT('',#10180);
#2883=VERTEX_POINT('',#10186);
#2884=VERTEX_POINT('',#10192);
#2885=VERTEX_POINT('',#10196);
#2886=VERTEX_POINT('',#10200);
#2887=VERTEX_POINT('',#10201);
#2888=VERTEX_POINT('',#10203);
#2889=VERTEX_POINT('',#10205);
#2890=VERTEX_POINT('',#10209);
#2891=VERTEX_POINT('',#10228);
#2892=VERTEX_POINT('',#10230);
#2893=VERTEX_POINT('',#10232);
#2894=VERTEX_POINT('',#10245);
#2895=VERTEX_POINT('',#10246);
#2896=VERTEX_POINT('',#10248);
#2897=VERTEX_POINT('',#10250);
#2898=VERTEX_POINT('',#10257);
#2899=VERTEX_POINT('',#10258);
#2900=VERTEX_POINT('',#10260);
#2901=VERTEX_POINT('',#10262);
#2902=VERTEX_POINT('',#10266);
#2903=VERTEX_POINT('',#10273);
#2904=VERTEX_POINT('',#10282);
#2905=VERTEX_POINT('',#10284);
#2906=VERTEX_POINT('',#10288);
#2907=VERTEX_POINT('',#10290);
#2908=VERTEX_POINT('',#10294);
#2909=VERTEX_POINT('',#10296);
#2910=VERTEX_POINT('',#10300);
#2911=VERTEX_POINT('',#10307);
#2912=VERTEX_POINT('',#10316);
#2913=VERTEX_POINT('',#10318);
#2914=VERTEX_POINT('',#10322);
#2915=VERTEX_POINT('',#10324);
#2916=VERTEX_POINT('',#10336);
#2917=VERTEX_POINT('',#10341);
#2918=VERTEX_POINT('',#10343);
#2919=VERTEX_POINT('',#10355);
#2920=VERTEX_POINT('',#10357);
#2921=VERTEX_POINT('',#10376);
#2922=VERTEX_POINT('',#10388);
#2923=VERTEX_POINT('',#10390);
#2924=VERTEX_POINT('',#10464);
#2925=VERTEX_POINT('',#10497);
#2926=VERTEX_POINT('',#10499);
#2927=VERTEX_POINT('',#10552);
#2928=VERTEX_POINT('',#10604);
#2929=VERTEX_POINT('',#10605);
#2930=VERTEX_POINT('',#10611);
#2931=VERTEX_POINT('',#10621);
#2932=VERTEX_POINT('',#10625);
#2933=VERTEX_POINT('',#10627);
#2934=VERTEX_POINT('',#10629);
#2935=VERTEX_POINT('',#10633);
#2936=VERTEX_POINT('',#10635);
#2937=VERTEX_POINT('',#10637);
#2938=VERTEX_POINT('',#10641);
#2939=VERTEX_POINT('',#10643);
#2940=VERTEX_POINT('',#10647);
#2941=VERTEX_POINT('',#10649);
#2942=VERTEX_POINT('',#10653);
#2943=VERTEX_POINT('',#10668);
#2944=VERTEX_POINT('',#10672);
#2945=VERTEX_POINT('',#10676);
#2946=VERTEX_POINT('',#10678);
#2947=VERTEX_POINT('',#10682);
#2948=VERTEX_POINT('',#10684);
#2949=VERTEX_POINT('',#10688);
#2950=VERTEX_POINT('',#10689);
#2951=VERTEX_POINT('',#10691);
#2952=VERTEX_POINT('',#10693);
#2953=VERTEX_POINT('',#10697);
#2954=VERTEX_POINT('',#10698);
#2955=VERTEX_POINT('',#10700);
#2956=VERTEX_POINT('',#10702);
#2957=VERTEX_POINT('',#10706);
#2958=VERTEX_POINT('',#10707);
#2959=VERTEX_POINT('',#10712);
#2960=VERTEX_POINT('',#10713);
#2961=VERTEX_POINT('',#10722);
#2962=VERTEX_POINT('',#10724);
#2963=VERTEX_POINT('',#10728);
#2964=VERTEX_POINT('',#10730);
#2965=VERTEX_POINT('',#10736);
#2966=VERTEX_POINT('',#10738);
#2967=VERTEX_POINT('',#10745);
#2968=VERTEX_POINT('',#10749);
#2969=VERTEX_POINT('',#10753);
#2970=VERTEX_POINT('',#10754);
#2971=VERTEX_POINT('',#10759);
#2972=VERTEX_POINT('',#10760);
#2973=VERTEX_POINT('',#10765);
#2974=VERTEX_POINT('',#10767);
#2975=VERTEX_POINT('',#10770);
#2976=VERTEX_POINT('',#10772);
#2977=VERTEX_POINT('',#10775);
#2978=VERTEX_POINT('',#10776);
#2979=VERTEX_POINT('',#10778);
#2980=VERTEX_POINT('',#10780);
#2981=VERTEX_POINT('',#10797);
#2982=VERTEX_POINT('',#10801);
#2983=VERTEX_POINT('',#10805);
#2984=VERTEX_POINT('',#10809);
#2985=VERTEX_POINT('',#10814);
#2986=VERTEX_POINT('',#10820);
#2987=VERTEX_POINT('',#10822);
#2988=VERTEX_POINT('',#10828);
#2989=VERTEX_POINT('',#10829);
#2990=VERTEX_POINT('',#10852);
#2991=VERTEX_POINT('',#10854);
#2992=VERTEX_POINT('',#10856);
#2993=VERTEX_POINT('',#10863);
#2994=VERTEX_POINT('',#10864);
#2995=VERTEX_POINT('',#10866);
#2996=VERTEX_POINT('',#10868);
#2997=VERTEX_POINT('',#10870);
#2998=VERTEX_POINT('',#10872);
#2999=VERTEX_POINT('',#10952);
#3000=VERTEX_POINT('',#10953);
#3001=VERTEX_POINT('',#10988);
#3002=VERTEX_POINT('',#10990);
#3003=VERTEX_POINT('',#10992);
#3004=VERTEX_POINT('',#10994);
#3005=VERTEX_POINT('',#10996);
#3006=VERTEX_POINT('',#10998);
#3007=VERTEX_POINT('',#11000);
#3008=VERTEX_POINT('',#11002);
#3009=VERTEX_POINT('',#11015);
#3010=VERTEX_POINT('',#11019);
#3011=VERTEX_POINT('',#11023);
#3012=VERTEX_POINT('',#11027);
#3013=VERTEX_POINT('',#11031);
#3014=VERTEX_POINT('',#11033);
#3015=VERTEX_POINT('',#11035);
#3016=VERTEX_POINT('',#11037);
#3017=VERTEX_POINT('',#11039);
#3018=VERTEX_POINT('',#11043);
#3019=VERTEX_POINT('',#11047);
#3020=VERTEX_POINT('',#11051);
#3021=VERTEX_POINT('',#11055);
#3022=VERTEX_POINT('',#11057);
#3023=VERTEX_POINT('',#11059);
#3024=VERTEX_POINT('',#11061);
#3025=VERTEX_POINT('',#11093);
#3026=VERTEX_POINT('',#11106);
#3027=VERTEX_POINT('',#11108);
#3028=VERTEX_POINT('',#11188);
#3029=VERTEX_POINT('',#11190);
#3030=VERTEX_POINT('',#11192);
#3031=VERTEX_POINT('',#11194);
#3032=VERTEX_POINT('',#11196);
#3033=VERTEX_POINT('',#11201);
#3034=VERTEX_POINT('',#11203);
#3035=VERTEX_POINT('',#11205);
#3036=VERTEX_POINT('',#11207);
#3037=VERTEX_POINT('',#11209);
#3038=VERTEX_POINT('',#11211);
#3039=VERTEX_POINT('',#11213);
#3040=VERTEX_POINT('',#11218);
#3041=VERTEX_POINT('',#11245);
#3042=VERTEX_POINT('',#11247);
#3043=VERTEX_POINT('',#11270);
#3044=VERTEX_POINT('',#11293);
#3045=VERTEX_POINT('',#11298);
#3046=VERTEX_POINT('',#11300);
#3047=VERTEX_POINT('',#11304);
#3048=VERTEX_POINT('',#11305);
#3049=VERTEX_POINT('',#11322);
#3050=VERTEX_POINT('',#11329);
#3051=VERTEX_POINT('',#11338);
#3052=VERTEX_POINT('',#11340);
#3053=VERTEX_POINT('',#11342);
#3054=VERTEX_POINT('',#11344);
#3055=VERTEX_POINT('',#11346);
#3056=VERTEX_POINT('',#11348);
#3057=VERTEX_POINT('',#11483);
#3058=VERTEX_POINT('',#11484);
#3059=VERTEX_POINT('',#11509);
#3060=VERTEX_POINT('',#11525);
#3061=VERTEX_POINT('',#11527);
#3062=VERTEX_POINT('',#11529);
#3063=VERTEX_POINT('',#11532);
#3064=VERTEX_POINT('',#11533);
#3065=VERTEX_POINT('',#11535);
#3066=VERTEX_POINT('',#11537);
#3067=VERTEX_POINT('',#11539);
#3068=VERTEX_POINT('',#11541);
#3069=VERTEX_POINT('',#11545);
#3070=VERTEX_POINT('',#11547);
#3071=VERTEX_POINT('',#11549);
#3072=VERTEX_POINT('',#11553);
#3073=VERTEX_POINT('',#11557);
#3074=VERTEX_POINT('',#11561);
#3075=VERTEX_POINT('',#11577);
#3076=VERTEX_POINT('',#11579);
#3077=VERTEX_POINT('',#11582);
#3078=VERTEX_POINT('',#11586);
#3079=VERTEX_POINT('',#11588);
#3080=VERTEX_POINT('',#11592);
#3081=VERTEX_POINT('',#11596);
#3082=VERTEX_POINT('',#11597);
#3083=VERTEX_POINT('',#11599);
#3084=VERTEX_POINT('',#11601);
#3085=VERTEX_POINT('',#11605);
#3086=VERTEX_POINT('',#11606);
#3087=VERTEX_POINT('',#11608);
#3088=VERTEX_POINT('',#11612);
#3089=VERTEX_POINT('',#11614);
#3090=VERTEX_POINT('',#11618);
#3091=VERTEX_POINT('',#11623);
#3092=VERTEX_POINT('',#11626);
#3093=VERTEX_POINT('',#11633);
#3094=VERTEX_POINT('',#11645);
#3095=VERTEX_POINT('',#11647);
#3096=VERTEX_POINT('',#11649);
#3097=VERTEX_POINT('',#11655);
#3098=VERTEX_POINT('',#11657);
#3099=VERTEX_POINT('',#11660);
#3100=VERTEX_POINT('',#11665);
#3101=VERTEX_POINT('',#11670);
#3102=VERTEX_POINT('',#11674);
#3103=VERTEX_POINT('',#11699);
#3104=VERTEX_POINT('',#11710);
#3105=VERTEX_POINT('',#11713);
#3106=VERTEX_POINT('',#11740);
#3107=VERTEX_POINT('',#11741);
#3108=VERTEX_POINT('',#11743);
#3109=VERTEX_POINT('',#11745);
#3110=VERTEX_POINT('',#11747);
#3111=VERTEX_POINT('',#11749);
#3112=VERTEX_POINT('',#11751);
#3113=VERTEX_POINT('',#11758);
#3114=VERTEX_POINT('',#11759);
#3115=VERTEX_POINT('',#11767);
#3116=VERTEX_POINT('',#11777);
#3117=VERTEX_POINT('',#11778);
#3118=VERTEX_POINT('',#11783);
#3119=VERTEX_POINT('',#11805);
#3120=VERTEX_POINT('',#11824);
#3121=VERTEX_POINT('',#11829);
#3122=VERTEX_POINT('',#11834);
#3123=VERTEX_POINT('',#11886);
#3124=VERTEX_POINT('',#11887);
#3125=VERTEX_POINT('',#11892);
#3126=VERTEX_POINT('',#11894);
#3127=VERTEX_POINT('',#12054);
#3128=VERTEX_POINT('',#12107);
#3129=VERTEX_POINT('',#12112);
#3130=VERTEX_POINT('',#12161);
#3131=VERTEX_POINT('',#12168);
#3132=VERTEX_POINT('',#12183);
#3133=VERTEX_POINT('',#12185);
#3134=VERTEX_POINT('',#12321);
#3135=VERTEX_POINT('',#12326);
#3136=VERTEX_POINT('',#12377);
#3137=VERTEX_POINT('',#12457);
#3138=VERTEX_POINT('',#12505);
#3139=VERTEX_POINT('',#12509);
#3140=VERTEX_POINT('',#12515);
#3141=VERTEX_POINT('',#12517);
#3142=VERTEX_POINT('',#12522);
#3143=VERTEX_POINT('',#12524);
#3144=VERTEX_POINT('',#12526);
#3145=VERTEX_POINT('',#12528);
#3146=VERTEX_POINT('',#12530);
#3147=VERTEX_POINT('',#12532);
#3148=VERTEX_POINT('',#12534);
#3149=VERTEX_POINT('',#12536);
#3150=VERTEX_POINT('',#12540);
#3151=VERTEX_POINT('',#12542);
#3152=VERTEX_POINT('',#12546);
#3153=VERTEX_POINT('',#12547);
#3154=VERTEX_POINT('',#12549);
#3155=VERTEX_POINT('',#12551);
#3156=VERTEX_POINT('',#12555);
#3157=VERTEX_POINT('',#12557);
#3158=VERTEX_POINT('',#12559);
#3159=VERTEX_POINT('',#12561);
#3160=VERTEX_POINT('',#12566);
#3161=VERTEX_POINT('',#12568);
#3162=VERTEX_POINT('',#12572);
#3163=VERTEX_POINT('',#12574);
#3164=VERTEX_POINT('',#12577);
#3165=VERTEX_POINT('',#12579);
#3166=VERTEX_POINT('',#12583);
#3167=VERTEX_POINT('',#12585);
#3168=VERTEX_POINT('',#12598);
#3169=VERTEX_POINT('',#12600);
#3170=VERTEX_POINT('',#12602);
#3171=VERTEX_POINT('',#12615);
#3172=VERTEX_POINT('',#12743);
#3173=VERTEX_POINT('',#12749);
#3174=VERTEX_POINT('',#12750);
#3175=VERTEX_POINT('',#12752);
#3176=VERTEX_POINT('',#12756);
#3177=VERTEX_POINT('',#12760);
#3178=VERTEX_POINT('',#12764);
#3179=VERTEX_POINT('',#12765);
#3180=VERTEX_POINT('',#12767);
#3181=VERTEX_POINT('',#12771);
#3182=VERTEX_POINT('',#12782);
#3183=VERTEX_POINT('',#12784);
#3184=VERTEX_POINT('',#12788);
#3185=VERTEX_POINT('',#12796);
#3186=VERTEX_POINT('',#12797);
#3187=VERTEX_POINT('',#12802);
#3188=VERTEX_POINT('',#12806);
#3189=VERTEX_POINT('',#12812);
#3190=VERTEX_POINT('',#12813);
#3191=VERTEX_POINT('',#12823);
#3192=VERTEX_POINT('',#12832);
#3193=VERTEX_POINT('',#12833);
#3194=VERTEX_POINT('',#12838);
#3195=VERTEX_POINT('',#12845);
#3196=VERTEX_POINT('',#12870);
#3197=VERTEX_POINT('',#12972);
#3198=VERTEX_POINT('',#12976);
#3199=VERTEX_POINT('',#12985);
#3200=VERTEX_POINT('',#12987);
#3201=VERTEX_POINT('',#12993);
#3202=VERTEX_POINT('',#12999);
#3203=VERTEX_POINT('',#13047);
#3204=VERTEX_POINT('',#13048);
#3205=VERTEX_POINT('',#13050);
#3206=VERTEX_POINT('',#13052);
#3207=VERTEX_POINT('',#13112);
#3208=VERTEX_POINT('',#13114);
#3209=VERTEX_POINT('',#13118);
#3210=VERTEX_POINT('',#13245);
#3211=VERTEX_POINT('',#13247);
#3212=VERTEX_POINT('',#13285);
#3213=VERTEX_POINT('',#13331);
#3214=VERTEX_POINT('',#13335);
#3215=VERTEX_POINT('',#13340);
#3216=VERTEX_POINT('',#13342);
#3217=VERTEX_POINT('',#13395);
#3218=VERTEX_POINT('',#13400);
#3219=VERTEX_POINT('',#13402);
#3220=VERTEX_POINT('',#13404);
#3221=VERTEX_POINT('',#13408);
#3222=VERTEX_POINT('',#13410);
#3223=VERTEX_POINT('',#13414);
#3224=VERTEX_POINT('',#13416);
#3225=VERTEX_POINT('',#13438);
#3226=VERTEX_POINT('',#13439);
#3227=VERTEX_POINT('',#13441);
#3228=VERTEX_POINT('',#13443);
#3229=VERTEX_POINT('',#13447);
#3230=VERTEX_POINT('',#13449);
#3231=VERTEX_POINT('',#13453);
#3232=VERTEX_POINT('',#13455);
#3233=VERTEX_POINT('',#13459);
#3234=VERTEX_POINT('',#13461);
#3235=VERTEX_POINT('',#13469);
#3236=VERTEX_POINT('',#13471);
#3237=VERTEX_POINT('',#13475);
#3238=VERTEX_POINT('',#13479);
#3239=VERTEX_POINT('',#13483);
#3240=VERTEX_POINT('',#13489);
#3241=VERTEX_POINT('',#13491);
#3242=VERTEX_POINT('',#13495);
#3243=VERTEX_POINT('',#13499);
#3244=VERTEX_POINT('',#13503);
#3245=VERTEX_POINT('',#13509);
#3246=VERTEX_POINT('',#13510);
#3247=VERTEX_POINT('',#13512);
#3248=VERTEX_POINT('',#13514);
#3249=VERTEX_POINT('',#13516);
#3250=VERTEX_POINT('',#13520);
#3251=VERTEX_POINT('',#13521);
#3252=VERTEX_POINT('',#13523);
#3253=VERTEX_POINT('',#13525);
#3254=VERTEX_POINT('',#13530);
#3255=VERTEX_POINT('',#13569);
#3256=VERTEX_POINT('',#13570);
#3257=VERTEX_POINT('',#13579);
#3258=VERTEX_POINT('',#13586);
#3259=VERTEX_POINT('',#13588);
#3260=VERTEX_POINT('',#13592);
#3261=VERTEX_POINT('',#13597);
#3262=VERTEX_POINT('',#13599);
#3263=VERTEX_POINT('',#13603);
#3264=VERTEX_POINT('',#13605);
#3265=VERTEX_POINT('',#13607);
#3266=VERTEX_POINT('',#13609);
#3267=VERTEX_POINT('',#13611);
#3268=VERTEX_POINT('',#13613);
#3269=VERTEX_POINT('',#13619);
#3270=VERTEX_POINT('',#13620);
#3271=VERTEX_POINT('',#13622);
#3272=VERTEX_POINT('',#13626);
#3273=VERTEX_POINT('',#13627);
#3274=VERTEX_POINT('',#13629);
#3275=VERTEX_POINT('',#13634);
#3276=VERTEX_POINT('',#13636);
#3277=VERTEX_POINT('',#13643);
#3278=VERTEX_POINT('',#13647);
#3279=VERTEX_POINT('',#13648);
#3280=VERTEX_POINT('',#13650);
#3281=VERTEX_POINT('',#13652);
#3282=VERTEX_POINT('',#13671);
#3283=VERTEX_POINT('',#13675);
#3284=VERTEX_POINT('',#13677);
#3285=VERTEX_POINT('',#13679);
#3286=VERTEX_POINT('',#13681);
#3287=VERTEX_POINT('',#13691);
#3288=VERTEX_POINT('',#13692);
#3289=VERTEX_POINT('',#13694);
#3290=VERTEX_POINT('',#13698);
#3291=VERTEX_POINT('',#13699);
#3292=VERTEX_POINT('',#13701);
#3293=VERTEX_POINT('',#13705);
#3294=VERTEX_POINT('',#13707);
#3295=VERTEX_POINT('',#13711);
#3296=VERTEX_POINT('',#13713);
#3297=VERTEX_POINT('',#13715);
#3298=VERTEX_POINT('',#13759);
#3299=VERTEX_POINT('',#13760);
#3300=VERTEX_POINT('',#13774);
#3301=VERTEX_POINT('',#13810);
#3302=VERTEX_POINT('',#13817);
#3303=VERTEX_POINT('',#13818);
#3304=VERTEX_POINT('',#13823);
#3305=VERTEX_POINT('',#13824);
#3306=VERTEX_POINT('',#13826);
#3307=VERTEX_POINT('',#13830);
#3308=VERTEX_POINT('',#13834);
#3309=VERTEX_POINT('',#13835);
#3310=VERTEX_POINT('',#13837);
#3311=VERTEX_POINT('',#13841);
#3312=VERTEX_POINT('',#13845);
#3313=VERTEX_POINT('',#13846);
#3314=VERTEX_POINT('',#13848);
#3315=VERTEX_POINT('',#13850);
#3316=VERTEX_POINT('',#13852);
#3317=VERTEX_POINT('',#13856);
#3318=VERTEX_POINT('',#13890);
#3319=VERTEX_POINT('',#13926);
#3320=VERTEX_POINT('',#13927);
#3321=VERTEX_POINT('',#13929);
#3322=VERTEX_POINT('',#13968);
#3323=VERTEX_POINT('',#13972);
#3324=VERTEX_POINT('',#13979);
#3325=VERTEX_POINT('',#13988);
#3326=VERTEX_POINT('',#13990);
#3327=VERTEX_POINT('',#13995);
#3328=VERTEX_POINT('',#13997);
#3329=VERTEX_POINT('',#14001);
#3330=VERTEX_POINT('',#14003);
#3331=VERTEX_POINT('',#14005);
#3332=VERTEX_POINT('',#14010);
#3333=VERTEX_POINT('',#14012);
#3334=VERTEX_POINT('',#14028);
#3335=VERTEX_POINT('',#14035);
#3336=VERTEX_POINT('',#14044);
#3337=VERTEX_POINT('',#14050);
#3338=VERTEX_POINT('',#14054);
#3339=VERTEX_POINT('',#14056);
#3340=VERTEX_POINT('',#14058);
#3341=VERTEX_POINT('',#14063);
#3342=VERTEX_POINT('',#14065);
#3343=VERTEX_POINT('',#14081);
#3344=VERTEX_POINT('',#14087);
#3345=VERTEX_POINT('',#14121);
#3346=VERTEX_POINT('',#14175);
#3347=VERTEX_POINT('',#14203);
#3348=VERTEX_POINT('',#14233);
#3349=VERTEX_POINT('',#14235);
#3350=VERTEX_POINT('',#14280);
#3351=VERTEX_POINT('',#14282);
#3352=VERTEX_POINT('',#14289);
#3353=VERTEX_POINT('',#14302);
#3354=VERTEX_POINT('',#14306);
#3355=VERTEX_POINT('',#14308);
#3356=VERTEX_POINT('',#14353);
#3357=VERTEX_POINT('',#14357);
#3358=VERTEX_POINT('',#14359);
#3359=VERTEX_POINT('',#14361);
#3360=VERTEX_POINT('',#14363);
#3361=VERTEX_POINT('',#14373);
#3362=VERTEX_POINT('',#14374);
#3363=VERTEX_POINT('',#14376);
#3364=VERTEX_POINT('',#14390);
#3365=VERTEX_POINT('',#14391);
#3366=VERTEX_POINT('',#14410);
#3367=VERTEX_POINT('',#14412);
#3368=VERTEX_POINT('',#14414);
#3369=VERTEX_POINT('',#14416);
#3370=VERTEX_POINT('',#14418);
#3371=VERTEX_POINT('',#14425);
#3372=VERTEX_POINT('',#14426);
#3373=VERTEX_POINT('',#14428);
#3374=VERTEX_POINT('',#14430);
#3375=VERTEX_POINT('',#14434);
#3376=VERTEX_POINT('',#14436);
#3377=VERTEX_POINT('',#14438);
#3378=VERTEX_POINT('',#14440);
#3379=VERTEX_POINT('',#14442);
#3380=VERTEX_POINT('',#14522);
#3381=VERTEX_POINT('',#14524);
#3382=VERTEX_POINT('',#14537);
#3383=VERTEX_POINT('',#14585);
#3384=VERTEX_POINT('',#14587);
#3385=VERTEX_POINT('',#14592);
#3386=VERTEX_POINT('',#14615);
#3387=VERTEX_POINT('',#14626);
#3388=VERTEX_POINT('',#14628);
#3389=VERTEX_POINT('',#14705);
#3390=VERTEX_POINT('',#14707);
#3391=VERTEX_POINT('',#14709);
#3392=VERTEX_POINT('',#14845);
#3393=VERTEX_POINT('',#14881);
#3394=VERTEX_POINT('',#14883);
#3395=VERTEX_POINT('',#14885);
#3396=VERTEX_POINT('',#14895);
#3397=VERTEX_POINT('',#14897);
#3398=VERTEX_POINT('',#14899);
#3399=VERTEX_POINT('',#14907);
#3400=VERTEX_POINT('',#14909);
#3401=VERTEX_POINT('',#14924);
#3402=VERTEX_POINT('',#14925);
#3403=VERTEX_POINT('',#14927);
#3404=VERTEX_POINT('',#14929);
#3405=VERTEX_POINT('',#14940);
#3406=VERTEX_POINT('',#15046);
#3407=VERTEX_POINT('',#15062);
#3408=VERTEX_POINT('',#15063);
#3409=VERTEX_POINT('',#15065);
#3410=VERTEX_POINT('',#15072);
#3411=VERTEX_POINT('',#15082);
#3412=VERTEX_POINT('',#15083);
#3413=VERTEX_POINT('',#15088);
#3414=VERTEX_POINT('',#15092);
#3415=VERTEX_POINT('',#15100);
#3416=VERTEX_POINT('',#15102);
#3417=VERTEX_POINT('',#15107);
#3418=VERTEX_POINT('',#15117);
#3419=VERTEX_POINT('',#15156);
#3420=VERTEX_POINT('',#15158);
#3421=VERTEX_POINT('',#15162);
#3422=VERTEX_POINT('',#15166);
#3423=VERTEX_POINT('',#15210);
#3424=VERTEX_POINT('',#15255);
#3425=VERTEX_POINT('',#15256);
#3426=VERTEX_POINT('',#15261);
#3427=VERTEX_POINT('',#15265);
#3428=VERTEX_POINT('',#15266);
#3429=VERTEX_POINT('',#15268);
#3430=VERTEX_POINT('',#15270);
#3431=VERTEX_POINT('',#15274);
#3432=VERTEX_POINT('',#15333);
#3433=EDGE_CURVE('',#2774,#2775,#1504,.T.);
#3434=EDGE_CURVE('',#2774,#2776,#1505,.T.);
#3435=EDGE_CURVE('',#2776,#2777,#1506,.T.);
#3436=EDGE_CURVE('',#2775,#2777,#1507,.T.);
#3437=EDGE_CURVE('',#2778,#2779,#1508,.T.);
#3438=EDGE_CURVE('',#2779,#2780,#1509,.T.);
#3439=EDGE_CURVE('',#2781,#2780,#1510,.T.);
#3440=EDGE_CURVE('',#2782,#2781,#1511,.T.);
#3441=EDGE_CURVE('',#2782,#2783,#1512,.T.);
#3442=EDGE_CURVE('',#2783,#2784,#1513,.T.);
#3443=EDGE_CURVE('',#2784,#2785,#1514,.T.);
#3444=EDGE_CURVE('',#2785,#2778,#1515,.T.);
#3445=EDGE_CURVE('',#2786,#2786,#514,.T.);
#3446=EDGE_CURVE('',#2787,#2787,#515,.T.);
#3447=EDGE_CURVE('',#2788,#2789,#1516,.T.);
#3448=EDGE_CURVE('',#2788,#2781,#1517,.T.);
#3449=EDGE_CURVE('',#2789,#2780,#1518,.T.);
#3450=EDGE_CURVE('',#2788,#2790,#1519,.T.);
#3451=EDGE_CURVE('',#2790,#2782,#1520,.T.);
#3452=EDGE_CURVE('',#2791,#2792,#1521,.T.);
#3453=EDGE_CURVE('',#2791,#2793,#1522,.T.);
#3454=EDGE_CURVE('',#2793,#2792,#1523,.T.);
#3455=EDGE_CURVE('',#2794,#2795,#1524,.T.);
#3456=EDGE_CURVE('',#2795,#2796,#1525,.T.);
#3457=EDGE_CURVE('',#2796,#2797,#1526,.T.);
#3458=EDGE_CURVE('',#2797,#2798,#335,.T.);
#3459=EDGE_CURVE('',#2798,#2791,#1527,.T.);
#3460=EDGE_CURVE('',#2792,#2794,#1528,.T.);
#3461=EDGE_CURVE('',#2795,#2799,#1529,.T.);
#3462=EDGE_CURVE('',#2794,#2793,#1530,.T.);
#3463=EDGE_CURVE('',#2793,#2800,#1531,.T.);
#3464=EDGE_CURVE('',#2800,#2799,#1532,.T.);
#3465=EDGE_CURVE('',#2801,#2802,#1533,.T.);
#3466=EDGE_CURVE('',#2803,#2801,#1534,.T.);
#3467=EDGE_CURVE('',#2804,#2803,#222,.T.);
#3468=EDGE_CURVE('',#2805,#2804,#1535,.T.);
#3469=EDGE_CURVE('',#2806,#2805,#1536,.T.);
#3470=EDGE_CURVE('',#2807,#2806,#1537,.T.);
#3471=EDGE_CURVE('',#2808,#2807,#223,.T.);
#3472=EDGE_CURVE('',#2808,#2809,#1538,.T.);
#3473=EDGE_CURVE('',#2809,#2802,#1539,.T.);
#3474=EDGE_CURVE('',#2797,#2810,#224,.T.);
#3475=EDGE_CURVE('',#2810,#2811,#516,.T.);
#3476=EDGE_CURVE('',#2811,#2812,#225,.T.);
#3477=EDGE_CURVE('',#2798,#2812,#336,.T.);
#3478=EDGE_CURVE('',#2802,#2813,#226,.T.);
#3479=EDGE_CURVE('',#2814,#2813,#227,.T.);
#3480=EDGE_CURVE('',#2814,#2815,#1540,.T.);
#3481=EDGE_CURVE('',#2815,#2801,#517,.F.);
#3482=EDGE_CURVE('',#2813,#2816,#228,.T.);
#3483=EDGE_CURVE('',#2816,#2817,#1541,.T.);
#3484=EDGE_CURVE('',#2817,#2818,#518,.T.);
#3485=EDGE_CURVE('',#2818,#2814,#1542,.T.);
#3486=EDGE_CURVE('',#2819,#2820,#1543,.T.);
#3487=EDGE_CURVE('',#2821,#2819,#1544,.T.);
#3488=EDGE_CURVE('',#2822,#2821,#1545,.T.);
#3489=EDGE_CURVE('',#2822,#2820,#1546,.T.);
#3490=EDGE_CURVE('',#2820,#2823,#1547,.T.);
#3491=EDGE_CURVE('',#2824,#2822,#1548,.T.);
#3492=EDGE_CURVE('',#2824,#2823,#1549,.T.);
#3493=EDGE_CURVE('',#2823,#2825,#1550,.T.);
#3494=EDGE_CURVE('',#2826,#2824,#1551,.T.);
#3495=EDGE_CURVE('',#2826,#2825,#1552,.T.);
#3496=EDGE_CURVE('',#2825,#2827,#1553,.T.);
#3497=EDGE_CURVE('',#2828,#2826,#1554,.T.);
#3498=EDGE_CURVE('',#2828,#2827,#1555,.T.);
#3499=EDGE_CURVE('',#2827,#2819,#1556,.T.);
#3500=EDGE_CURVE('',#2821,#2828,#1557,.T.);
#3501=EDGE_CURVE('',#2829,#2827,#1558,.T.);
#3502=EDGE_CURVE('',#2829,#2830,#1559,.T.);
#3503=EDGE_CURVE('',#2830,#2825,#1560,.T.);
#3504=EDGE_CURVE('',#2831,#2819,#1561,.T.);
#3505=EDGE_CURVE('',#2831,#2829,#1562,.T.);
#3506=EDGE_CURVE('',#2832,#2831,#1563,.T.);
#3507=EDGE_CURVE('',#2832,#2820,#1564,.T.);
#3508=EDGE_CURVE('',#2833,#2832,#1565,.T.);
#3509=EDGE_CURVE('',#2833,#2823,#1566,.T.);
#3510=EDGE_CURVE('',#2830,#2833,#1567,.T.);
#3511=EDGE_CURVE('',#2834,#2835,#1568,.T.);
#3512=EDGE_CURVE('',#2836,#2834,#1569,.T.);
#3513=EDGE_CURVE('',#2837,#2836,#1570,.T.);
#3514=EDGE_CURVE('',#2838,#2837,#1571,.T.);
#3515=EDGE_CURVE('',#2835,#2838,#1572,.T.);
#3516=EDGE_CURVE('',#2830,#2834,#1573,.T.);
#3517=EDGE_CURVE('',#2833,#2835,#1574,.T.);
#3518=EDGE_CURVE('',#2832,#2838,#1575,.T.);
#3519=EDGE_CURVE('',#2831,#2837,#1576,.T.);
#3520=EDGE_CURVE('',#2829,#2836,#1577,.T.);
#3521=EDGE_CURVE('',#2790,#2839,#1578,.T.);
#3522=EDGE_CURVE('',#2839,#2783,#1579,.T.);
#3523=EDGE_CURVE('',#2840,#2841,#1580,.T.);
#3524=EDGE_CURVE('',#2842,#2841,#1581,.T.);
#3525=EDGE_CURVE('',#2843,#2842,#1582,.T.);
#3526=EDGE_CURVE('',#2840,#2843,#1583,.T.);
#3527=EDGE_CURVE('',#2844,#2840,#1584,.T.);
#3528=EDGE_CURVE('',#2843,#2845,#1585,.T.);
#3529=EDGE_CURVE('',#2844,#2845,#1586,.T.);
#3530=EDGE_CURVE('',#2846,#2806,#1587,.T.);
#3531=EDGE_CURVE('',#2846,#2847,#229,.T.);
#3532=EDGE_CURVE('',#2847,#2848,#1588,.T.);
#3533=EDGE_CURVE('',#2848,#2849,#1589,.T.);
#3534=EDGE_CURVE('',#2849,#2850,#1590,.T.);
#3535=EDGE_CURVE('',#2850,#2851,#1591,.T.);
#3536=EDGE_CURVE('',#2851,#2852,#1592,.T.);
#3537=EDGE_CURVE('',#2852,#2853,#230,.T.);
#3538=EDGE_CURVE('',#2853,#2854,#1593,.T.);
#3539=EDGE_CURVE('',#2854,#2855,#1594,.T.);
#3540=EDGE_CURVE('',#2855,#2856,#337,.T.);
#3541=EDGE_CURVE('',#2856,#2857,#1595,.T.);
#3542=EDGE_CURVE('',#2857,#2858,#1596,.T.);
#3543=EDGE_CURVE('',#2858,#2807,#1597,.T.);
#3544=EDGE_CURVE('',#2859,#2860,#1598,.T.);
#3545=EDGE_CURVE('',#2860,#2861,#1599,.T.);
#3546=EDGE_CURVE('',#2861,#2862,#1600,.T.);
#3547=EDGE_CURVE('',#2862,#2863,#1601,.T.);
#3548=EDGE_CURVE('',#2863,#2859,#1602,.T.);
#3549=EDGE_CURVE('',#2864,#2865,#231,.T.);
#3550=EDGE_CURVE('',#2865,#2866,#1603,.T.);
#3551=EDGE_CURVE('',#2864,#2866,#1604,.T.);
#3552=EDGE_CURVE('',#2867,#2864,#232,.T.);
#3553=EDGE_CURVE('',#2866,#2867,#1605,.T.);
#3554=EDGE_CURVE('',#2868,#2869,#233,.T.);
#3555=EDGE_CURVE('',#2869,#2870,#1606,.T.);
#3556=EDGE_CURVE('',#2868,#2870,#1607,.T.);
#3557=EDGE_CURVE('',#2871,#2868,#234,.T.);
#3558=EDGE_CURVE('',#2870,#2871,#1608,.T.);
#3559=EDGE_CURVE('',#2872,#2873,#1609,.T.);
#3560=EDGE_CURVE('',#2874,#2872,#338,.T.);
#3561=EDGE_CURVE('',#2875,#2874,#1610,.T.);
#3562=EDGE_CURVE('',#2873,#2875,#235,.T.);
#3563=EDGE_CURVE('',#2876,#2857,#519,.T.);
#3564=EDGE_CURVE('',#2877,#2876,#520,.T.);
#3565=EDGE_CURVE('',#2857,#2877,#521,.T.);
#3566=EDGE_CURVE('',#2877,#2878,#1611,.T.);
#3567=EDGE_CURVE('',#2873,#2876,#1612,.T.);
#3568=EDGE_CURVE('',#2879,#2875,#1613,.T.);
#3569=EDGE_CURVE('',#2878,#2879,#1614,.T.);
#3570=EDGE_CURVE('',#2855,#2880,#339,.T.);
#3571=EDGE_CURVE('',#2880,#2881,#340,.T.);
#3572=EDGE_CURVE('',#2882,#2881,#236,.T.);
#3573=EDGE_CURVE('',#2856,#2882,#522,.T.);
#3574=EDGE_CURVE('',#2876,#2882,#1615,.T.);
#3575=EDGE_CURVE('',#2883,#2877,#1616,.T.);
#3576=EDGE_CURVE('',#2883,#2858,#237,.T.);
#3577=EDGE_CURVE('',#2883,#2878,#238,.T.);
#3578=EDGE_CURVE('',#2879,#2884,#239,.T.);
#3579=EDGE_CURVE('',#2884,#2875,#1617,.T.);
#3580=EDGE_CURVE('',#2885,#2858,#240,.T.);
#3581=EDGE_CURVE('',#2885,#2808,#241,.T.);
#3582=EDGE_CURVE('',#2886,#2887,#1618,.T.);
#3583=EDGE_CURVE('',#2886,#2888,#1619,.T.);
#3584=EDGE_CURVE('',#2888,#2889,#22,.T.);
#3585=EDGE_CURVE('',#2889,#2890,#341,.T.);
#3586=EDGE_CURVE('',#2890,#2891,#1620,.T.);
#3587=EDGE_CURVE('',#2891,#2892,#1621,.T.);
#3588=EDGE_CURVE('',#2892,#2893,#342,.T.);
#3589=EDGE_CURVE('',#2887,#2893,#343,.T.);
#3590=EDGE_CURVE('',#2894,#2895,#1622,.T.);
#3591=EDGE_CURVE('',#2894,#2896,#1623,.T.);
#3592=EDGE_CURVE('',#2896,#2897,#1624,.T.);
#3593=EDGE_CURVE('',#2897,#2895,#1625,.T.);
#3594=EDGE_CURVE('',#2854,#2886,#523,.T.);
#3595=EDGE_CURVE('',#2887,#2855,#524,.T.);
#3596=EDGE_CURVE('',#2898,#2899,#1626,.T.);
#3597=EDGE_CURVE('',#2898,#2900,#525,.T.);
#3598=EDGE_CURVE('',#2900,#2901,#1627,.T.);
#3599=EDGE_CURVE('',#2901,#2899,#526,.T.);
#3600=EDGE_CURVE('',#2902,#2871,#344,.T.);
#3601=EDGE_CURVE('',#2902,#2903,#527,.T.);
#3602=EDGE_CURVE('',#2869,#2903,#345,.T.);
#3603=EDGE_CURVE('',#2863,#2904,#528,.T.);
#3604=EDGE_CURVE('',#2905,#2904,#1628,.T.);
#3605=EDGE_CURVE('',#2905,#2859,#529,.T.);
#3606=EDGE_CURVE('',#2862,#2906,#530,.T.);
#3607=EDGE_CURVE('',#2907,#2906,#1629,.T.);
#3608=EDGE_CURVE('',#2907,#2863,#531,.T.);
#3609=EDGE_CURVE('',#2861,#2908,#532,.T.);
#3610=EDGE_CURVE('',#2909,#2908,#1630,.T.);
#3611=EDGE_CURVE('',#2909,#2862,#533,.T.);
#3612=EDGE_CURVE('',#2910,#2867,#346,.T.);
#3613=EDGE_CURVE('',#2910,#2911,#534,.T.);
#3614=EDGE_CURVE('',#2865,#2911,#347,.T.);
#3615=EDGE_CURVE('',#2860,#2912,#535,.T.);
#3616=EDGE_CURVE('',#2913,#2912,#1631,.T.);
#3617=EDGE_CURVE('',#2913,#2861,#536,.T.);
#3618=EDGE_CURVE('',#2859,#2914,#537,.T.);
#3619=EDGE_CURVE('',#2915,#2914,#1632,.T.);
#3620=EDGE_CURVE('',#2915,#2860,#538,.T.);
#3621=EDGE_CURVE('',#2907,#2903,#348,.T.);
#3622=EDGE_CURVE('',#2916,#2906,#349,.T.);
#3623=EDGE_CURVE('',#2917,#2916,#242,.T.);
#3624=EDGE_CURVE('',#2917,#2918,#1633,.T.);
#3625=EDGE_CURVE('',#2870,#2918,#243,.T.);
#3626=EDGE_CURVE('',#2902,#2904,#350,.T.);
#3627=EDGE_CURVE('',#2918,#2919,#1634,.T.);
#3628=EDGE_CURVE('',#2920,#2919,#244,.T.);
#3629=EDGE_CURVE('',#2905,#2920,#351,.T.);
#3630=EDGE_CURVE('',#2915,#2911,#352,.T.);
#3631=EDGE_CURVE('',#2920,#2914,#353,.T.);
#3632=EDGE_CURVE('',#2919,#2921,#1635,.T.);
#3633=EDGE_CURVE('',#2866,#2921,#245,.T.);
#3634=EDGE_CURVE('',#2910,#2912,#354,.T.);
#3635=EDGE_CURVE('',#2921,#2922,#1636,.T.);
#3636=EDGE_CURVE('',#2923,#2922,#246,.T.);
#3637=EDGE_CURVE('',#2913,#2923,#355,.T.);
#3638=EDGE_CURVE('',#2909,#2916,#356,.T.);
#3639=EDGE_CURVE('',#2923,#2908,#357,.T.);
#3640=EDGE_CURVE('',#2922,#2917,#1637,.T.);
#3641=EDGE_CURVE('',#2808,#2878,#539,.T.);
#3642=EDGE_CURVE('',#2879,#2809,#540,.T.);
#3643=EDGE_CURVE('',#2880,#2893,#358,.T.);
#3644=EDGE_CURVE('',#2892,#2924,#359,.T.);
#3645=EDGE_CURVE('',#2924,#2881,#541,.T.);
#3646=EDGE_CURVE('',#2883,#2885,#542,.T.);
#3647=EDGE_CURVE('',#2925,#2896,#543,.T.);
#3648=EDGE_CURVE('',#2925,#2926,#1638,.T.);
#3649=EDGE_CURVE('',#2926,#2897,#544,.T.);
#3650=EDGE_CURVE('',#2927,#2809,#360,.T.);
#3651=EDGE_CURVE('',#2927,#2884,#361,.T.);
#3652=EDGE_CURVE('',#2928,#2929,#545,.T.);
#3653=EDGE_CURVE('',#2929,#2890,#362,.T.);
#3654=EDGE_CURVE('',#2889,#2930,#546,.T.);
#3655=EDGE_CURVE('',#2928,#2930,#363,.T.);
#3656=EDGE_CURVE('',#2888,#2931,#247,.T.);
#3657=EDGE_CURVE('',#2930,#2931,#1639,.T.);
#3658=EDGE_CURVE('',#2900,#2932,#1640,.T.);
#3659=EDGE_CURVE('',#2900,#2933,#547,.T.);
#3660=EDGE_CURVE('',#2934,#2933,#1641,.T.);
#3661=EDGE_CURVE('',#2934,#2932,#548,.T.);
#3662=EDGE_CURVE('',#2932,#2935,#1642,.T.);
#3663=EDGE_CURVE('',#2932,#2936,#549,.T.);
#3664=EDGE_CURVE('',#2937,#2936,#1643,.T.);
#3665=EDGE_CURVE('',#2937,#2935,#550,.T.);
#3666=EDGE_CURVE('',#2938,#2852,#1644,.T.);
#3667=EDGE_CURVE('',#2938,#2939,#551,.T.);
#3668=EDGE_CURVE('',#2939,#2853,#1645,.T.);
#3669=EDGE_CURVE('',#2897,#2940,#552,.T.);
#3670=EDGE_CURVE('',#2940,#2941,#1646,.T.);
#3671=EDGE_CURVE('',#2895,#2941,#553,.T.);
#3672=EDGE_CURVE('',#2899,#2942,#554,.T.);
#3673=EDGE_CURVE('',#2942,#2901,#555,.T.);
#3674=EDGE_CURVE('',#2933,#2898,#556,.T.);
#3675=EDGE_CURVE('',#2940,#2926,#557,.T.);
#3676=EDGE_CURVE('',#2936,#2934,#558,.T.);
#3677=EDGE_CURVE('',#2943,#2937,#559,.T.);
#3678=EDGE_CURVE('',#2935,#2943,#560,.T.);
#3679=EDGE_CURVE('',#2944,#2938,#561,.T.);
#3680=EDGE_CURVE('',#2939,#2944,#562,.T.);
#3681=EDGE_CURVE('',#2945,#2846,#1647,.T.);
#3682=EDGE_CURVE('',#2945,#2946,#563,.T.);
#3683=EDGE_CURVE('',#2946,#2847,#1648,.T.);
#3684=EDGE_CURVE('',#2947,#2945,#564,.T.);
#3685=EDGE_CURVE('',#2948,#2947,#565,.T.);
#3686=EDGE_CURVE('',#2946,#2948,#566,.T.);
#3687=EDGE_CURVE('',#2949,#2950,#1649,.T.);
#3688=EDGE_CURVE('',#2950,#2951,#1650,.T.);
#3689=EDGE_CURVE('',#2952,#2951,#1651,.T.);
#3690=EDGE_CURVE('',#2949,#2952,#1652,.T.);
#3691=EDGE_CURVE('',#2953,#2954,#1653,.T.);
#3692=EDGE_CURVE('',#2955,#2954,#1654,.T.);
#3693=EDGE_CURVE('',#2955,#2956,#1655,.T.);
#3694=EDGE_CURVE('',#2956,#2953,#1656,.T.);
#3695=EDGE_CURVE('',#2957,#2958,#567,.T.);
#3696=EDGE_CURVE('',#2958,#2944,#1657,.T.);
#3697=EDGE_CURVE('',#2957,#2938,#1658,.T.);
#3698=EDGE_CURVE('',#2959,#2960,#568,.T.);
#3699=EDGE_CURVE('',#2946,#2960,#1659,.T.);
#3700=EDGE_CURVE('',#2948,#2959,#1660,.T.);
#3701=EDGE_CURVE('',#2851,#2957,#1661,.T.);
#3702=EDGE_CURVE('',#2960,#2848,#1662,.T.);
#3703=EDGE_CURVE('',#2961,#2849,#1663,.T.);
#3704=EDGE_CURVE('',#2962,#2961,#1664,.T.);
#3705=EDGE_CURVE('',#2962,#2850,#1665,.T.);
#3706=EDGE_CURVE('',#2963,#2959,#1666,.T.);
#3707=EDGE_CURVE('',#2964,#2963,#1667,.T.);
#3708=EDGE_CURVE('',#2954,#2964,#1668,.T.);
#3709=EDGE_CURVE('',#2961,#2953,#1669,.T.);
#3710=EDGE_CURVE('',#2950,#2962,#1670,.T.);
#3711=EDGE_CURVE('',#2965,#2949,#1671,.T.);
#3712=EDGE_CURVE('',#2965,#2966,#1672,.T.);
#3713=EDGE_CURVE('',#2958,#2966,#1673,.T.);
#3714=EDGE_CURVE('',#2966,#2963,#1674,.T.);
#3715=EDGE_CURVE('',#2964,#2965,#1675,.T.);
#3716=EDGE_CURVE('',#2779,#2967,#1676,.T.);
#3717=EDGE_CURVE('',#2967,#2789,#1677,.T.);
#3718=EDGE_CURVE('',#2968,#2784,#1678,.T.);
#3719=EDGE_CURVE('',#2839,#2968,#1679,.T.);
#3720=EDGE_CURVE('',#2969,#2970,#569,.T.);
#3721=EDGE_CURVE('',#2970,#2935,#1680,.T.);
#3722=EDGE_CURVE('',#2969,#2943,#1681,.T.);
#3723=EDGE_CURVE('',#2971,#2972,#570,.T.);
#3724=EDGE_CURVE('',#2942,#2972,#1682,.T.);
#3725=EDGE_CURVE('',#2901,#2971,#1683,.T.);
#3726=EDGE_CURVE('',#2970,#2973,#1684,.T.);
#3727=EDGE_CURVE('',#2973,#2974,#1685,.T.);
#3728=EDGE_CURVE('',#2974,#2971,#1686,.T.);
#3729=EDGE_CURVE('',#2975,#2975,#571,.T.);
#3730=EDGE_CURVE('',#2976,#2976,#572,.T.);
#3731=EDGE_CURVE('',#2977,#2978,#1687,.T.);
#3732=EDGE_CURVE('',#2979,#2977,#1688,.T.);
#3733=EDGE_CURVE('',#2980,#2979,#1689,.T.);
#3734=EDGE_CURVE('',#2980,#2978,#1690,.T.);
#3735=EDGE_CURVE('',#2972,#2977,#1691,.T.);
#3736=EDGE_CURVE('',#2785,#2974,#1692,.T.);
#3737=EDGE_CURVE('',#2979,#2968,#1693,.T.);
#3738=EDGE_CURVE('',#2978,#2969,#1694,.T.);
#3739=EDGE_CURVE('',#2967,#2980,#1695,.T.);
#3740=EDGE_CURVE('',#2778,#2973,#1696,.T.);
#3741=EDGE_CURVE('',#2787,#2976,#1697,.T.);
#3742=EDGE_CURVE('',#2786,#2975,#1698,.T.);
#3743=EDGE_CURVE('',#2981,#2804,#248,.T.);
#3744=EDGE_CURVE('',#2981,#2803,#249,.F.);
#3745=EDGE_CURVE('',#2982,#2981,#1699,.T.);
#3746=EDGE_CURVE('',#2801,#2982,#573,.F.);
#3747=EDGE_CURVE('',#2983,#2982,#574,.T.);
#3748=EDGE_CURVE('',#2983,#2815,#575,.F.);
#3749=EDGE_CURVE('',#2984,#2983,#250,.T.);
#3750=EDGE_CURVE('',#2815,#2811,#1700,.T.);
#3751=EDGE_CURVE('',#2810,#2984,#1701,.T.);
#3752=EDGE_CURVE('',#2985,#2984,#1702,.T.);
#3753=EDGE_CURVE('',#2796,#2951,#1703,.T.);
#3754=EDGE_CURVE('',#2842,#2956,#1704,.T.);
#3755=EDGE_CURVE('',#2841,#2985,#1705,.T.);
#3756=EDGE_CURVE('',#2986,#2927,#1706,.T.);
#3757=EDGE_CURVE('',#2987,#2986,#1707,.T.);
#3758=EDGE_CURVE('',#2816,#2987,#1708,.T.);
#3759=EDGE_CURVE('',#2805,#2985,#1709,.T.);
#3760=EDGE_CURVE('',#2988,#2989,#364,.T.);
#3761=EDGE_CURVE('',#2989,#2990,#1710,.T.);
#3762=EDGE_CURVE('',#2990,#2991,#251,.T.);
#3763=EDGE_CURVE('',#2991,#2992,#1711,.T.);
#3764=EDGE_CURVE('',#2992,#2928,#1712,.T.);
#3765=EDGE_CURVE('',#2928,#2988,#365,.T.);
#3766=EDGE_CURVE('',#2993,#2994,#252,.T.);
#3767=EDGE_CURVE('',#2995,#2994,#1713,.T.);
#3768=EDGE_CURVE('',#2996,#2995,#1714,.T.);
#3769=EDGE_CURVE('',#2997,#2996,#1715,.T.);
#3770=EDGE_CURVE('',#2998,#2997,#1716,.T.);
#3771=EDGE_CURVE('',#2993,#2998,#1717,.T.);
#3772=EDGE_CURVE('',#2999,#3000,#366,.T.);
#3773=EDGE_CURVE('',#2999,#2989,#367,.T.);
#3774=EDGE_CURVE('',#3000,#2930,#368,.T.);
#3775=EDGE_CURVE('',#3001,#2931,#1718,.T.);
#3776=EDGE_CURVE('',#3002,#3001,#253,.T.);
#3777=EDGE_CURVE('',#3003,#3002,#1719,.T.);
#3778=EDGE_CURVE('',#3003,#3004,#1720,.T.);
#3779=EDGE_CURVE('',#3004,#3005,#1721,.T.);
#3780=EDGE_CURVE('',#3005,#3006,#1722,.T.);
#3781=EDGE_CURVE('',#3006,#3007,#1723,.T.);
#3782=EDGE_CURVE('',#3007,#3008,#369,.T.);
#3783=EDGE_CURVE('',#3008,#2999,#370,.T.);
#3784=EDGE_CURVE('',#3009,#2939,#1724,.T.);
#3785=EDGE_CURVE('',#3001,#3009,#1725,.T.);
#3786=EDGE_CURVE('',#3010,#2944,#1726,.T.);
#3787=EDGE_CURVE('',#3010,#3009,#576,.T.);
#3788=EDGE_CURVE('',#3011,#2948,#1727,.T.);
#3789=EDGE_CURVE('',#3011,#3010,#1728,.T.);
#3790=EDGE_CURVE('',#3012,#2947,#1729,.T.);
#3791=EDGE_CURVE('',#3012,#3011,#577,.T.);
#3792=EDGE_CURVE('',#2845,#3013,#1730,.T.);
#3793=EDGE_CURVE('',#3013,#3014,#1731,.T.);
#3794=EDGE_CURVE('',#3014,#3015,#1732,.T.);
#3795=EDGE_CURVE('',#3015,#3016,#1733,.T.);
#3796=EDGE_CURVE('',#3016,#3017,#1734,.T.);
#3797=EDGE_CURVE('',#3017,#2844,#1735,.T.);
#3798=EDGE_CURVE('',#3018,#2955,#1736,.T.);
#3799=EDGE_CURVE('',#3013,#3018,#1737,.T.);
#3800=EDGE_CURVE('',#3019,#2952,#1738,.T.);
#3801=EDGE_CURVE('',#3018,#3019,#1739,.T.);
#3802=EDGE_CURVE('',#2799,#3020,#1740,.T.);
#3803=EDGE_CURVE('',#3020,#3019,#1741,.T.);
#3804=EDGE_CURVE('',#3017,#3021,#1742,.T.);
#3805=EDGE_CURVE('',#3021,#3022,#1743,.T.);
#3806=EDGE_CURVE('',#3022,#3023,#1744,.T.);
#3807=EDGE_CURVE('',#3024,#3023,#371,.T.);
#3808=EDGE_CURVE('',#3025,#3024,#372,.T.);
#3809=EDGE_CURVE('',#3026,#3025,#1745,.T.);
#3810=EDGE_CURVE('',#3027,#3026,#373,.T.);
#3811=EDGE_CURVE('',#3028,#3027,#254,.T.);
#3812=EDGE_CURVE('',#3029,#3028,#1746,.T.);
#3813=EDGE_CURVE('',#3030,#3029,#1747,.T.);
#3814=EDGE_CURVE('',#3030,#3031,#1748,.T.);
#3815=EDGE_CURVE('',#3032,#3031,#1749,.T.);
#3816=EDGE_CURVE('',#2777,#3032,#1750,.T.);
#3817=EDGE_CURVE('',#2987,#2776,#1751,.T.);
#3818=EDGE_CURVE('',#2986,#2894,#1752,.T.);
#3819=EDGE_CURVE('',#2941,#3033,#1753,.T.);
#3820=EDGE_CURVE('',#3033,#3034,#1754,.T.);
#3821=EDGE_CURVE('',#3034,#3035,#578,.T.);
#3822=EDGE_CURVE('',#3035,#3036,#1755,.T.);
#3823=EDGE_CURVE('',#3036,#3037,#1756,.T.);
#3824=EDGE_CURVE('',#3037,#3038,#1757,.T.);
#3825=EDGE_CURVE('',#3038,#3039,#374,.T.);
#3826=EDGE_CURVE('',#3039,#3040,#375,.T.);
#3827=EDGE_CURVE('',#3040,#3041,#1758,.T.);
#3828=EDGE_CURVE('',#3041,#3042,#376,.T.);
#3829=EDGE_CURVE('',#3042,#3043,#377,.T.);
#3830=EDGE_CURVE('',#3043,#3044,#378,.T.);
#3831=EDGE_CURVE('',#3044,#3045,#1759,.T.);
#3832=EDGE_CURVE('',#3045,#3046,#1760,.T.);
#3833=EDGE_CURVE('',#3046,#3012,#579,.T.);
#3834=EDGE_CURVE('',#3047,#3048,#379,.T.);
#3835=EDGE_CURVE('',#3049,#3047,#380,.T.);
#3836=EDGE_CURVE('',#3050,#3049,#381,.T.);
#3837=EDGE_CURVE('',#3051,#3050,#1761,.T.);
#3838=EDGE_CURVE('',#3051,#3052,#255,.T.);
#3839=EDGE_CURVE('',#3052,#3053,#1762,.T.);
#3840=EDGE_CURVE('',#3053,#3054,#1763,.T.);
#3841=EDGE_CURVE('',#3054,#3055,#1764,.T.);
#3842=EDGE_CURVE('',#3055,#3056,#1765,.T.);
#3843=EDGE_CURVE('',#3056,#3015,#1766,.T.);
#3844=EDGE_CURVE('',#3020,#3014,#1767,.T.);
#3845=EDGE_CURVE('',#3048,#2800,#382,.T.);
#3846=EDGE_CURVE('',#3057,#3058,#383,.T.);
#3847=EDGE_CURVE('',#3047,#3058,#384,.T.);
#3848=EDGE_CURVE('',#2800,#3059,#385,.F.);
#3849=EDGE_CURVE('',#3059,#3057,#386,.T.);
#3850=EDGE_CURVE('',#3060,#3059,#1768,.T.);
#3851=EDGE_CURVE('',#3061,#3060,#1769,.T.);
#3852=EDGE_CURVE('',#3062,#3061,#256,.T.);
#3853=EDGE_CURVE('',#3058,#3062,#1770,.T.);
#3854=EDGE_CURVE('',#3063,#3064,#257,.T.);
#3855=EDGE_CURVE('',#3064,#3065,#1771,.T.);
#3856=EDGE_CURVE('',#3065,#3066,#1772,.T.);
#3857=EDGE_CURVE('',#3066,#3067,#1773,.T.);
#3858=EDGE_CURVE('',#3067,#3068,#1774,.T.);
#3859=EDGE_CURVE('',#3068,#3063,#1775,.T.);
#3860=EDGE_CURVE('',#3069,#2791,#1776,.T.);
#3861=EDGE_CURVE('',#3070,#3069,#258,.T.);
#3862=EDGE_CURVE('',#3070,#3071,#1777,.T.);
#3863=EDGE_CURVE('',#3060,#3071,#580,.F.);
#3864=EDGE_CURVE('',#3072,#2812,#1778,.T.);
#3865=EDGE_CURVE('',#3069,#3072,#1779,.T.);
#3866=EDGE_CURVE('',#2811,#3073,#1780,.T.);
#3867=EDGE_CURVE('',#3073,#3072,#259,.T.);
#3868=EDGE_CURVE('',#2994,#3074,#387,.T.);
#3869=EDGE_CURVE('',#3074,#2993,#388,.T.);
#3870=EDGE_CURVE('',#3074,#3075,#1781,.T.);
#3871=EDGE_CURVE('',#3076,#3075,#260,.T.);
#3872=EDGE_CURVE('',#3064,#3076,#261,.T.);
#3873=EDGE_CURVE('',#3077,#3063,#262,.T.);
#3874=EDGE_CURVE('',#3075,#3077,#263,.T.);
#3875=EDGE_CURVE('',#3078,#3078,#264,.T.);
#3876=EDGE_CURVE('',#3078,#3079,#1782,.T.);
#3877=EDGE_CURVE('',#3079,#3079,#265,.T.);
#3878=EDGE_CURVE('',#3080,#3076,#1783,.T.);
#3879=EDGE_CURVE('',#3065,#3080,#1784,.T.);
#3880=EDGE_CURVE('',#3081,#3082,#1785,.T.);
#3881=EDGE_CURVE('',#3083,#3081,#1786,.T.);
#3882=EDGE_CURVE('',#3084,#3083,#1787,.T.);
#3883=EDGE_CURVE('',#3084,#3082,#1788,.T.);
#3884=EDGE_CURVE('',#3085,#3086,#266,.T.);
#3885=EDGE_CURVE('',#3085,#3087,#1789,.T.);
#3886=EDGE_CURVE('',#3087,#3086,#1790,.T.);
#3887=EDGE_CURVE('',#3082,#3088,#1791,.T.);
#3888=EDGE_CURVE('',#3089,#3084,#1792,.T.);
#3889=EDGE_CURVE('',#3089,#3088,#1793,.T.);
#3890=EDGE_CURVE('',#3086,#3090,#267,.T.);
#3891=EDGE_CURVE('',#3090,#3087,#1794,.T.);
#3892=EDGE_CURVE('',#3088,#3054,#1795,.T.);
#3893=EDGE_CURVE('',#3091,#3089,#1796,.T.);
#3894=EDGE_CURVE('',#3090,#3091,#1797,.T.);
#3895=EDGE_CURVE('',#3092,#3090,#1798,.T.);
#3896=EDGE_CURVE('',#3006,#3092,#1799,.T.);
#3897=EDGE_CURVE('',#3054,#3006,#1800,.T.);
#3898=EDGE_CURVE('',#3005,#3055,#1801,.T.);
#3899=EDGE_CURVE('',#3055,#3093,#1802,.T.);
#3900=EDGE_CURVE('',#3004,#3093,#1803,.T.);
#3901=EDGE_CURVE('',#3093,#3081,#268,.T.);
#3902=EDGE_CURVE('',#3083,#3004,#269,.T.);
#3903=EDGE_CURVE('',#3094,#3053,#1804,.T.);
#3904=EDGE_CURVE('',#3095,#3094,#270,.T.);
#3905=EDGE_CURVE('',#3096,#3095,#1805,.T.);
#3906=EDGE_CURVE('',#3096,#3022,#1806,.T.);
#3907=EDGE_CURVE('',#3016,#3021,#1807,.T.);
#3908=EDGE_CURVE('',#3056,#3016,#1808,.T.);
#3909=EDGE_CURVE('',#3097,#3083,#1809,.T.);
#3910=EDGE_CURVE('',#3098,#3097,#1810,.T.);
#3911=EDGE_CURVE('',#3045,#3098,#271,.T.);
#3912=EDGE_CURVE('',#3099,#3044,#389,.T.);
#3913=EDGE_CURVE('',#3100,#3099,#390,.T.);
#3914=EDGE_CURVE('',#3100,#3101,#1811,.T.);
#3915=EDGE_CURVE('',#3101,#3091,#1812,.T.);
#3916=EDGE_CURVE('',#3102,#3096,#1813,.T.);
#3917=EDGE_CURVE('',#3023,#3102,#391,.T.);
#3918=EDGE_CURVE('',#3103,#3102,#392,.T.);
#3919=EDGE_CURVE('',#3103,#3024,#393,.T.);
#3920=EDGE_CURVE('',#3096,#3104,#1814,.T.);
#3921=EDGE_CURVE('',#3104,#3051,#272,.T.);
#3922=EDGE_CURVE('',#3050,#3105,#394,.T.);
#3923=EDGE_CURVE('',#3105,#3103,#395,.T.);
#3924=EDGE_CURVE('',#3104,#3095,#1815,.T.);
#3925=EDGE_CURVE('',#3052,#3094,#1816,.T.);
#3926=EDGE_CURVE('',#3106,#3107,#1817,.T.);
#3927=EDGE_CURVE('',#3108,#3106,#1818,.T.);
#3928=EDGE_CURVE('',#3109,#3108,#1819,.T.);
#3929=EDGE_CURVE('',#3109,#3110,#1820,.T.);
#3930=EDGE_CURVE('',#3111,#3110,#1821,.T.);
#3931=EDGE_CURVE('',#3112,#3111,#396,.T.);
#3932=EDGE_CURVE('',#3112,#3107,#1822,.T.);
#3933=EDGE_CURVE('',#3113,#3114,#397,.T.);
#3934=EDGE_CURVE('',#3115,#3113,#398,.T.);
#3935=EDGE_CURVE('',#3114,#3115,#1823,.T.);
#3936=EDGE_CURVE('',#3116,#3117,#399,.T.);
#3937=EDGE_CURVE('',#3118,#3116,#1824,.T.);
#3938=EDGE_CURVE('',#3117,#3118,#400,.T.);
#3939=EDGE_CURVE('',#3110,#3119,#401,.T.);
#3940=EDGE_CURVE('',#3114,#3109,#402,.T.);
#3941=EDGE_CURVE('',#3120,#3115,#403,.T.);
#3942=EDGE_CURVE('',#3121,#3120,#404,.T.);
#3943=EDGE_CURVE('',#3122,#3121,#405,.T.);
#3944=EDGE_CURVE('',#3119,#3122,#406,.T.);
#3945=EDGE_CURVE('',#3107,#3116,#407,.T.);
#3946=EDGE_CURVE('',#3118,#3112,#408,.T.);
#3947=EDGE_CURVE('',#3123,#3124,#409,.T.);
#3948=EDGE_CURVE('',#3125,#3123,#1825,.T.);
#3949=EDGE_CURVE('',#3126,#3125,#410,.T.);
#3950=EDGE_CURVE('',#3126,#3124,#1826,.T.);
#3951=EDGE_CURVE('',#3124,#3106,#411,.T.);
#3952=EDGE_CURVE('',#3108,#3126,#412,.T.);
#3953=EDGE_CURVE('',#3058,#3107,#413,.T.);
#3954=EDGE_CURVE('',#3106,#3062,#581,.T.);
#3955=EDGE_CURVE('',#3049,#3117,#414,.T.);
#3956=EDGE_CURVE('',#3111,#3127,#415,.T.);
#3957=EDGE_CURVE('',#3127,#3128,#416,.T.);
#3958=EDGE_CURVE('',#3128,#3129,#417,.T.);
#3959=EDGE_CURVE('',#3129,#3050,#418,.T.);
#3960=EDGE_CURVE('',#3127,#3119,#1827,.T.);
#3961=EDGE_CURVE('',#3128,#3122,#1828,.T.);
#3962=EDGE_CURVE('',#3130,#3121,#1829,.T.);
#3963=EDGE_CURVE('',#3129,#3130,#419,.T.);
#3964=EDGE_CURVE('',#3131,#3100,#420,.T.);
#3965=EDGE_CURVE('',#3132,#3131,#1830,.T.);
#3966=EDGE_CURVE('',#3133,#3132,#421,.T.);
#3967=EDGE_CURVE('',#3133,#3101,#1831,.T.);
#3968=EDGE_CURVE('',#3130,#3120,#422,.T.);
#3969=EDGE_CURVE('',#3099,#3134,#423,.T.);
#3970=EDGE_CURVE('',#3135,#3134,#424,.T.);
#3971=EDGE_CURVE('',#3135,#3131,#425,.T.);
#3972=EDGE_CURVE('',#3007,#3136,#426,.T.);
#3973=EDGE_CURVE('',#3137,#3136,#427,.T.);
#3974=EDGE_CURVE('',#3008,#3137,#428,.T.);
#3975=EDGE_CURVE('',#3108,#3026,#582,.T.);
#3976=EDGE_CURVE('',#3025,#3109,#429,.T.);
#3977=EDGE_CURVE('',#3138,#3125,#273,.T.);
#3978=EDGE_CURVE('',#3027,#3138,#583,.T.);
#3979=EDGE_CURVE('',#3139,#3123,#274,.T.);
#3980=EDGE_CURVE('',#3139,#3138,#1832,.T.);
#3981=EDGE_CURVE('',#3090,#3133,#1833,.T.);
#3982=EDGE_CURVE('',#3140,#3092,#1834,.T.);
#3983=EDGE_CURVE('',#3141,#3140,#584,.T.);
#3984=EDGE_CURVE('',#3136,#3141,#1835,.T.);
#3985=EDGE_CURVE('',#3038,#3085,#1836,.T.);
#3986=EDGE_CURVE('',#3037,#3142,#1837,.T.);
#3987=EDGE_CURVE('',#3143,#3142,#1838,.T.);
#3988=EDGE_CURVE('',#3143,#3144,#585,.T.);
#3989=EDGE_CURVE('',#3144,#3145,#1839,.T.);
#3990=EDGE_CURVE('',#3145,#3146,#586,.T.);
#3991=EDGE_CURVE('',#3146,#3147,#1840,.T.);
#3992=EDGE_CURVE('',#3147,#3148,#1841,.T.);
#3993=EDGE_CURVE('',#3148,#3149,#1842,.T.);
#3994=EDGE_CURVE('',#3149,#3140,#1843,.T.);
#3995=EDGE_CURVE('',#2774,#3150,#1844,.T.);
#3996=EDGE_CURVE('',#3151,#3150,#1845,.T.);
#3997=EDGE_CURVE('',#2817,#3151,#275,.T.);
#3998=EDGE_CURVE('',#3152,#3153,#1846,.T.);
#3999=EDGE_CURVE('',#3152,#3154,#1847,.T.);
#4000=EDGE_CURVE('',#3155,#3154,#1848,.T.);
#4001=EDGE_CURVE('',#3153,#3155,#1849,.T.);
#4002=EDGE_CURVE('',#3156,#3152,#1850,.T.);
#4003=EDGE_CURVE('',#3153,#3157,#1851,.T.);
#4004=EDGE_CURVE('',#3158,#3157,#1852,.T.);
#4005=EDGE_CURVE('',#3159,#3158,#1853,.T.);
#4006=EDGE_CURVE('',#3159,#3032,#1854,.T.);
#4007=EDGE_CURVE('',#3156,#3031,#1855,.T.);
#4008=EDGE_CURVE('',#3157,#3160,#1856,.T.);
#4009=EDGE_CURVE('',#3161,#3160,#1857,.T.);
#4010=EDGE_CURVE('',#3161,#3158,#1858,.T.);
#4011=EDGE_CURVE('',#3162,#3155,#1859,.T.);
#4012=EDGE_CURVE('',#3154,#3163,#1860,.T.);
#4013=EDGE_CURVE('',#3163,#3034,#1861,.T.);
#4014=EDGE_CURVE('',#3033,#3164,#1862,.T.);
#4015=EDGE_CURVE('',#3164,#3165,#1863,.T.);
#4016=EDGE_CURVE('',#3165,#3162,#1864,.T.);
#4017=EDGE_CURVE('',#3163,#3166,#587,.T.);
#4018=EDGE_CURVE('',#3166,#3167,#430,.T.);
#4019=EDGE_CURVE('',#3167,#3035,#1865,.T.);
#4020=EDGE_CURVE('',#3168,#3162,#588,.T.);
#4021=EDGE_CURVE('',#3165,#3169,#589,.T.);
#4022=EDGE_CURVE('',#3169,#3170,#1866,.T.);
#4023=EDGE_CURVE('',#3170,#3168,#431,.T.);
#4024=EDGE_CURVE('',#3040,#3171,#590,.T.);
#4025=EDGE_CURVE('',#3171,#3135,#1867,.T.);
#4026=EDGE_CURVE('',#3041,#3135,#591,.T.);
#4027=EDGE_CURVE('',#3042,#3134,#592,.T.);
#4028=EDGE_CURVE('',#3134,#3043,#432,.T.);
#4029=EDGE_CURVE('',#3098,#3172,#1868,.T.);
#4030=EDGE_CURVE('',#3172,#3046,#593,.T.);
#4031=EDGE_CURVE('',#3011,#3172,#594,.T.);
#4032=EDGE_CURVE('',#3173,#3174,#595,.T.);
#4033=EDGE_CURVE('',#3175,#3173,#596,.T.);
#4034=EDGE_CURVE('',#3174,#3175,#597,.T.);
#4035=EDGE_CURVE('',#3176,#3010,#598,.T.);
#4036=EDGE_CURVE('',#3009,#3176,#599,.T.);
#4037=EDGE_CURVE('',#3169,#3177,#600,.T.);
#4038=EDGE_CURVE('',#3177,#3165,#601,.T.);
#4039=EDGE_CURVE('',#3178,#3179,#602,.T.);
#4040=EDGE_CURVE('',#3180,#3178,#603,.T.);
#4041=EDGE_CURVE('',#3179,#3180,#604,.T.);
#4042=EDGE_CURVE('',#3170,#3181,#276,.T.);
#4043=EDGE_CURVE('',#3181,#3174,#1869,.T.);
#4044=EDGE_CURVE('',#3168,#3175,#1870,.T.);
#4045=EDGE_CURVE('',#3179,#3173,#1871,.T.);
#4046=EDGE_CURVE('',#3180,#3175,#1872,.T.);
#4047=EDGE_CURVE('',#3145,#3173,#1873,.T.);
#4048=EDGE_CURVE('',#3146,#3174,#1874,.T.);
#4049=EDGE_CURVE('',#3182,#2924,#1875,.T.);
#4050=EDGE_CURVE('',#3182,#3183,#277,.T.);
#4051=EDGE_CURVE('',#3183,#2881,#1876,.T.);
#4052=EDGE_CURVE('',#3184,#2992,#605,.T.);
#4053=EDGE_CURVE('',#3184,#2929,#1877,.T.);
#4054=EDGE_CURVE('',#3002,#3176,#1878,.T.);
#4055=EDGE_CURVE('',#3172,#3176,#1879,.T.);
#4056=EDGE_CURVE('',#3185,#3186,#1880,.T.);
#4057=EDGE_CURVE('',#3185,#2997,#278,.T.);
#4058=EDGE_CURVE('',#2996,#3186,#279,.T.);
#4059=EDGE_CURVE('',#3187,#3185,#1881,.T.);
#4060=EDGE_CURVE('',#3187,#2998,#280,.T.);
#4061=EDGE_CURVE('',#3188,#3187,#1882,.T.);
#4062=EDGE_CURVE('',#3188,#2995,#281,.T.);
#4063=EDGE_CURVE('',#3186,#3188,#1883,.T.);
#4064=EDGE_CURVE('',#3189,#3190,#433,.T.);
#4065=EDGE_CURVE('',#3189,#3184,#606,.T.);
#4066=EDGE_CURVE('',#3191,#2992,#607,.T.);
#4067=EDGE_CURVE('',#3190,#3191,#434,.T.);
#4068=EDGE_CURVE('',#3192,#3193,#608,.T.);
#4069=EDGE_CURVE('',#3192,#3169,#1884,.T.);
#4070=EDGE_CURVE('',#3193,#3177,#1885,.T.);
#4071=EDGE_CURVE('',#3164,#3194,#282,.T.);
#4072=EDGE_CURVE('',#3194,#3177,#1886,.T.);
#4073=EDGE_CURVE('',#2940,#3164,#1887,.T.);
#4074=EDGE_CURVE('',#2926,#3194,#1888,.T.);
#4075=EDGE_CURVE('',#3195,#3178,#1889,.T.);
#4076=EDGE_CURVE('',#3195,#3167,#283,.T.);
#4077=EDGE_CURVE('',#3166,#3180,#1890,.T.);
#4078=EDGE_CURVE('',#3143,#3178,#1891,.T.);
#4079=EDGE_CURVE('',#3144,#3179,#1892,.T.);
#4080=EDGE_CURVE('',#3003,#3097,#284,.T.);
#4081=EDGE_CURVE('',#3038,#3196,#285,.T.);
#4082=EDGE_CURVE('',#3039,#3196,#609,.T.);
#4083=EDGE_CURVE('',#3196,#3171,#435,.T.);
#4084=EDGE_CURVE('',#3195,#3197,#1893,.T.);
#4085=EDGE_CURVE('',#3036,#3197,#1894,.T.);
#4086=EDGE_CURVE('',#3198,#3192,#1895,.T.);
#4087=EDGE_CURVE('',#3198,#3181,#1896,.T.);
#4088=EDGE_CURVE('',#3147,#3198,#1897,.T.);
#4089=EDGE_CURVE('',#2891,#3182,#1898,.T.);
#4090=EDGE_CURVE('',#3199,#3183,#286,.T.);
#4091=EDGE_CURVE('',#3199,#3200,#287,.T.);
#4092=EDGE_CURVE('',#2882,#3200,#1899,.T.);
#4093=EDGE_CURVE('',#3199,#3189,#288,.T.);
#4094=EDGE_CURVE('',#3141,#3201,#1900,.T.);
#4095=EDGE_CURVE('',#3201,#3137,#1901,.T.);
#4096=EDGE_CURVE('',#3200,#2872,#1902,.T.);
#4097=EDGE_CURVE('',#3202,#3190,#1903,.T.);
#4098=EDGE_CURVE('',#3202,#2872,#289,.T.);
#4099=EDGE_CURVE('',#2989,#3137,#436,.T.);
#4100=EDGE_CURVE('',#3201,#2990,#610,.T.);
#4101=EDGE_CURVE('',#3203,#3204,#1904,.T.);
#4102=EDGE_CURVE('',#3204,#3205,#1905,.T.);
#4103=EDGE_CURVE('',#3205,#3206,#1906,.T.);
#4104=EDGE_CURVE('',#3206,#3203,#1907,.T.);
#4105=EDGE_CURVE('',#3204,#3186,#1908,.T.);
#4106=EDGE_CURVE('',#3188,#3205,#1909,.T.);
#4107=EDGE_CURVE('',#3203,#3185,#1910,.T.);
#4108=EDGE_CURVE('',#3206,#3187,#1911,.T.);
#4109=EDGE_CURVE('',#3148,#3191,#290,.T.);
#4110=EDGE_CURVE('',#2991,#3149,#611,.T.);
#4111=EDGE_CURVE('',#3149,#3201,#291,.T.);
#4112=EDGE_CURVE('',#2874,#3207,#292,.T.);
#4113=EDGE_CURVE('',#3207,#3208,#1912,.T.);
#4114=EDGE_CURVE('',#2925,#3208,#1913,.T.);
#4115=EDGE_CURVE('',#3193,#3209,#1914,.T.);
#4116=EDGE_CURVE('',#3209,#3208,#612,.T.);
#4117=EDGE_CURVE('',#3209,#3202,#1915,.T.);
#4118=EDGE_CURVE('',#3207,#3202,#613,.T.);
#4119=EDGE_CURVE('',#3197,#3142,#1916,.T.);
#4120=EDGE_CURVE('',#3196,#3133,#614,.T.);
#4121=EDGE_CURVE('',#3132,#3171,#615,.T.);
#4122=EDGE_CURVE('',#3105,#3113,#437,.T.);
#4123=EDGE_CURVE('',#3210,#3029,#1917,.T.);
#4124=EDGE_CURVE('',#3211,#3210,#1918,.T.);
#4125=EDGE_CURVE('',#3030,#3211,#1919,.T.);
#4126=EDGE_CURVE('',#3028,#3138,#1920,.T.);
#4127=EDGE_CURVE('',#3210,#3212,#1921,.T.);
#4128=EDGE_CURVE('',#3212,#3180,#1922,.T.);
#4129=EDGE_CURVE('',#3156,#3211,#1923,.T.);
#4130=EDGE_CURVE('',#3151,#3213,#616,.T.);
#4131=EDGE_CURVE('',#3213,#2818,#293,.T.);
#4132=EDGE_CURVE('',#3150,#3214,#617,.T.);
#4133=EDGE_CURVE('',#3214,#3213,#1924,.T.);
#4134=EDGE_CURVE('',#3214,#3161,#1925,.T.);
#4135=EDGE_CURVE('',#3160,#3215,#1926,.T.);
#4136=EDGE_CURVE('',#3215,#3216,#1927,.T.);
#4137=EDGE_CURVE('',#3071,#3216,#294,.T.);
#4138=EDGE_CURVE('',#3213,#3070,#1928,.T.);
#4139=EDGE_CURVE('',#2775,#3159,#1929,.T.);
#4140=EDGE_CURVE('',#3073,#2818,#1930,.T.);
#4141=EDGE_CURVE('',#3061,#3139,#618,.T.);
#4142=EDGE_CURVE('',#3216,#3139,#1931,.T.);
#4143=EDGE_CURVE('',#3215,#3217,#1932,.T.);
#4144=EDGE_CURVE('',#3212,#3217,#1933,.T.);
#4145=EDGE_CURVE('',#3077,#3218,#1934,.T.);
#4146=EDGE_CURVE('',#3219,#3218,#1935,.T.);
#4147=EDGE_CURVE('',#3219,#3220,#1936,.T.);
#4148=EDGE_CURVE('',#3220,#3080,#1937,.T.);
#4149=EDGE_CURVE('',#3220,#3221,#1938,.T.);
#4150=EDGE_CURVE('',#3221,#3222,#1939,.T.);
#4151=EDGE_CURVE('',#3222,#3080,#1940,.T.);
#4152=EDGE_CURVE('',#3221,#3223,#1941,.T.);
#4153=EDGE_CURVE('',#3223,#3224,#1942,.T.);
#4154=EDGE_CURVE('',#3224,#3222,#1943,.T.);
#4155=EDGE_CURVE('',#3218,#3224,#1944,.T.);
#4156=EDGE_CURVE('',#3223,#3219,#1945,.T.);
#4157=EDGE_CURVE('',#3068,#3218,#1946,.T.);
#4158=EDGE_CURVE('',#3067,#3224,#1947,.T.);
#4159=EDGE_CURVE('',#3066,#3222,#1948,.T.);
#4160=EDGE_CURVE('',#3217,#3175,#1949,.T.);
#4161=EDGE_CURVE('',#3225,#3226,#1950,.T.);
#4162=EDGE_CURVE('',#3226,#3227,#1951,.T.);
#4163=EDGE_CURVE('',#3228,#3227,#1952,.T.);
#4164=EDGE_CURVE('',#3225,#3228,#1953,.T.);
#4165=EDGE_CURVE('',#3229,#3225,#1954,.T.);
#4166=EDGE_CURVE('',#3230,#3228,#1955,.T.);
#4167=EDGE_CURVE('',#3229,#3230,#1956,.T.);
#4168=EDGE_CURVE('',#3231,#3229,#1957,.T.);
#4169=EDGE_CURVE('',#3232,#3230,#1958,.T.);
#4170=EDGE_CURVE('',#3231,#3232,#1959,.T.);
#4171=EDGE_CURVE('',#3233,#3231,#1960,.T.);
#4172=EDGE_CURVE('',#3234,#3232,#1961,.T.);
#4173=EDGE_CURVE('',#3233,#3234,#1962,.T.);
#4174=EDGE_CURVE('',#3226,#3233,#1963,.T.);
#4175=EDGE_CURVE('',#3227,#3234,#1964,.T.);
#4176=EDGE_CURVE('',#3226,#3235,#1965,.T.);
#4177=EDGE_CURVE('',#3236,#3235,#1966,.T.);
#4178=EDGE_CURVE('',#3233,#3236,#1967,.T.);
#4179=EDGE_CURVE('',#3237,#3236,#1968,.T.);
#4180=EDGE_CURVE('',#3231,#3237,#1969,.T.);
#4181=EDGE_CURVE('',#3238,#3237,#1970,.T.);
#4182=EDGE_CURVE('',#3229,#3238,#1971,.T.);
#4183=EDGE_CURVE('',#3239,#3238,#1972,.T.);
#4184=EDGE_CURVE('',#3225,#3239,#1973,.T.);
#4185=EDGE_CURVE('',#3235,#3239,#1974,.T.);
#4186=EDGE_CURVE('',#3240,#3238,#1975,.T.);
#4187=EDGE_CURVE('',#3240,#3241,#1976,.T.);
#4188=EDGE_CURVE('',#3241,#3239,#1977,.T.);
#4189=EDGE_CURVE('',#3241,#3242,#1978,.T.);
#4190=EDGE_CURVE('',#3242,#3235,#1979,.T.);
#4191=EDGE_CURVE('',#3242,#3243,#1980,.T.);
#4192=EDGE_CURVE('',#3243,#3236,#1981,.T.);
#4193=EDGE_CURVE('',#3243,#3244,#1982,.T.);
#4194=EDGE_CURVE('',#3244,#3237,#1983,.T.);
#4195=EDGE_CURVE('',#3244,#3240,#1984,.T.);
#4196=EDGE_CURVE('',#3245,#3246,#1985,.T.);
#4197=EDGE_CURVE('',#3247,#3245,#295,.T.);
#4198=EDGE_CURVE('',#3248,#3247,#1986,.T.);
#4199=EDGE_CURVE('',#3249,#3248,#619,.T.);
#4200=EDGE_CURVE('',#3246,#3249,#1987,.T.);
#4201=EDGE_CURVE('',#3250,#3251,#620,.F.);
#4202=EDGE_CURVE('',#3251,#3252,#621,.F.);
#4203=EDGE_CURVE('',#3252,#3253,#622,.F.);
#4204=EDGE_CURVE('',#3253,#3250,#623,.F.);
#4205=EDGE_CURVE('',#3247,#3253,#1988,.T.);
#4206=EDGE_CURVE('',#3254,#3245,#1989,.T.);
#4207=EDGE_CURVE('',#3250,#3254,#1990,.T.);
#4208=EDGE_CURVE('',#3255,#3256,#438,.T.);
#4209=EDGE_CURVE('',#3256,#3257,#439,.T.);
#4210=EDGE_CURVE('',#3258,#3257,#296,.T.);
#4211=EDGE_CURVE('',#3259,#3258,#624,.T.);
#4212=EDGE_CURVE('',#3255,#3259,#297,.T.);
#4213=EDGE_CURVE('',#3260,#3252,#1991,.T.);
#4214=EDGE_CURVE('',#3259,#3260,#1992,.T.);
#4215=EDGE_CURVE('',#3253,#3258,#1993,.T.);
#4216=EDGE_CURVE('',#3261,#3251,#1994,.T.);
#4217=EDGE_CURVE('',#3262,#3250,#1995,.T.);
#4218=EDGE_CURVE('',#3261,#3262,#298,.F.);
#4219=EDGE_CURVE('',#3254,#3263,#1996,.T.);
#4220=EDGE_CURVE('',#3264,#3263,#1997,.T.);
#4221=EDGE_CURVE('',#3265,#3264,#299,.T.);
#4222=EDGE_CURVE('',#3266,#3265,#1998,.T.);
#4223=EDGE_CURVE('',#3267,#3266,#1999,.T.);
#4224=EDGE_CURVE('',#3268,#3267,#2000,.T.);
#4225=EDGE_CURVE('',#3262,#3268,#300,.T.);
#4226=EDGE_CURVE('',#3268,#3261,#301,.T.);
#4227=EDGE_CURVE('',#3269,#3270,#2001,.T.);
#4228=EDGE_CURVE('',#3270,#3271,#2002,.T.);
#4229=EDGE_CURVE('',#3271,#3269,#2003,.T.);
#4230=EDGE_CURVE('',#3272,#3273,#2004,.T.);
#4231=EDGE_CURVE('',#3274,#3272,#2005,.T.);
#4232=EDGE_CURVE('',#3269,#3274,#2006,.T.);
#4233=EDGE_CURVE('',#3271,#3273,#2007,.T.);
#4234=EDGE_CURVE('',#3273,#3275,#2008,.T.);
#4235=EDGE_CURVE('',#3276,#3270,#2009,.T.);
#4236=EDGE_CURVE('',#3256,#3276,#2010,.T.);
#4237=EDGE_CURVE('',#3275,#3255,#2011,.T.);
#4238=EDGE_CURVE('',#3276,#3269,#2012,.T.);
#4239=EDGE_CURVE('',#3260,#3277,#2013,.T.);
#4240=EDGE_CURVE('',#3275,#3277,#2014,.T.);
#4241=EDGE_CURVE('',#3278,#3279,#2015,.T.);
#4242=EDGE_CURVE('',#3280,#3278,#2016,.T.);
#4243=EDGE_CURVE('',#3280,#3281,#440,.T.);
#4244=EDGE_CURVE('',#3281,#3282,#23,.T.);
#4245=EDGE_CURVE('',#3282,#3283,#625,.T.);
#4246=EDGE_CURVE('',#3284,#3283,#2017,.T.);
#4247=EDGE_CURVE('',#3284,#3285,#2018,.T.);
#4248=EDGE_CURVE('',#3285,#3286,#441,.T.);
#4249=EDGE_CURVE('',#3286,#3279,#442,.T.);
#4250=EDGE_CURVE('',#3287,#3288,#2019,.T.);
#4251=EDGE_CURVE('',#3287,#3289,#302,.T.);
#4252=EDGE_CURVE('',#3289,#3288,#2020,.T.);
#4253=EDGE_CURVE('',#3290,#3291,#2021,.T.);
#4254=EDGE_CURVE('',#3292,#3290,#2022,.T.);
#4255=EDGE_CURVE('',#3292,#3291,#303,.T.);
#4256=EDGE_CURVE('',#3293,#3290,#626,.T.);
#4257=EDGE_CURVE('',#3293,#3294,#2023,.T.);
#4258=EDGE_CURVE('',#3292,#3294,#304,.T.);
#4259=EDGE_CURVE('',#3295,#3293,#627,.T.);
#4260=EDGE_CURVE('',#3295,#3296,#2024,.T.);
#4261=EDGE_CURVE('',#3297,#3296,#443,.T.);
#4262=EDGE_CURVE('',#3297,#3293,#2025,.T.);
#4263=EDGE_CURVE('',#3298,#3299,#444,.T.);
#4264=EDGE_CURVE('',#3298,#3297,#445,.T.);
#4265=EDGE_CURVE('',#3296,#3300,#446,.T.);
#4266=EDGE_CURVE('',#3299,#3300,#447,.T.);
#4267=EDGE_CURVE('',#3301,#3288,#305,.T.);
#4268=EDGE_CURVE('',#3301,#3295,#2026,.T.);
#4269=EDGE_CURVE('',#3290,#3295,#628,.T.);
#4270=EDGE_CURVE('',#3291,#3287,#2027,.T.);
#4271=EDGE_CURVE('',#3302,#3303,#629,.T.);
#4272=EDGE_CURVE('',#3303,#3301,#2028,.T.);
#4273=EDGE_CURVE('',#3288,#3302,#2029,.T.);
#4274=EDGE_CURVE('',#3304,#3305,#306,.T.);
#4275=EDGE_CURVE('',#3305,#3306,#2030,.T.);
#4276=EDGE_CURVE('',#3304,#3306,#2031,.T.);
#4277=EDGE_CURVE('',#3307,#3304,#307,.T.);
#4278=EDGE_CURVE('',#3306,#3307,#2032,.T.);
#4279=EDGE_CURVE('',#3308,#3309,#308,.T.);
#4280=EDGE_CURVE('',#3309,#3310,#2033,.T.);
#4281=EDGE_CURVE('',#3308,#3310,#2034,.T.);
#4282=EDGE_CURVE('',#3311,#3308,#309,.T.);
#4283=EDGE_CURVE('',#3310,#3311,#2035,.T.);
#4284=EDGE_CURVE('',#3312,#3313,#2036,.T.);
#4285=EDGE_CURVE('',#3314,#3312,#2037,.T.);
#4286=EDGE_CURVE('',#3315,#3314,#2038,.T.);
#4287=EDGE_CURVE('',#3316,#3315,#2039,.T.);
#4288=EDGE_CURVE('',#3313,#3316,#2040,.T.);
#4289=EDGE_CURVE('',#3317,#3284,#630,.T.);
#4290=EDGE_CURVE('',#3317,#3298,#2041,.T.);
#4291=EDGE_CURVE('',#3298,#3285,#631,.T.);
#4292=EDGE_CURVE('',#3299,#3286,#448,.T.);
#4293=EDGE_CURVE('',#3318,#3300,#632,.T.);
#4294=EDGE_CURVE('',#3279,#3318,#449,.T.);
#4295=EDGE_CURVE('',#3319,#3320,#633,.T.);
#4296=EDGE_CURVE('',#3319,#3321,#450,.T.);
#4297=EDGE_CURVE('',#3321,#3281,#634,.T.);
#4298=EDGE_CURVE('',#3320,#3280,#451,.T.);
#4299=EDGE_CURVE('',#3321,#3322,#2042,.T.);
#4300=EDGE_CURVE('',#3322,#3282,#635,.T.);
#4301=EDGE_CURVE('',#3323,#3309,#452,.T.);
#4302=EDGE_CURVE('',#3324,#3323,#453,.T.);
#4303=EDGE_CURVE('',#3325,#3324,#2043,.T.);
#4304=EDGE_CURVE('',#3326,#3325,#454,.T.);
#4305=EDGE_CURVE('',#3327,#3326,#310,.T.);
#4306=EDGE_CURVE('',#3328,#3327,#2044,.T.);
#4307=EDGE_CURVE('',#3310,#3328,#311,.T.);
#4308=EDGE_CURVE('',#3329,#3328,#2045,.T.);
#4309=EDGE_CURVE('',#3330,#3329,#312,.T.);
#4310=EDGE_CURVE('',#3331,#3330,#455,.T.);
#4311=EDGE_CURVE('',#3332,#3331,#2046,.T.);
#4312=EDGE_CURVE('',#3333,#3332,#456,.T.);
#4313=EDGE_CURVE('',#3311,#3333,#457,.T.);
#4314=EDGE_CURVE('',#3334,#3305,#458,.T.);
#4315=EDGE_CURVE('',#3335,#3334,#459,.T.);
#4316=EDGE_CURVE('',#3336,#3335,#2047,.T.);
#4317=EDGE_CURVE('',#3330,#3336,#460,.T.);
#4318=EDGE_CURVE('',#3337,#3329,#2048,.T.);
#4319=EDGE_CURVE('',#3306,#3337,#313,.T.);
#4320=EDGE_CURVE('',#3338,#3337,#2049,.T.);
#4321=EDGE_CURVE('',#3339,#3338,#314,.T.);
#4322=EDGE_CURVE('',#3340,#3339,#461,.T.);
#4323=EDGE_CURVE('',#3341,#3340,#2050,.T.);
#4324=EDGE_CURVE('',#3342,#3341,#462,.T.);
#4325=EDGE_CURVE('',#3307,#3342,#463,.T.);
#4326=EDGE_CURVE('',#3339,#3343,#464,.T.);
#4327=EDGE_CURVE('',#3327,#3338,#2051,.T.);
#4328=EDGE_CURVE('',#3344,#3326,#465,.T.);
#4329=EDGE_CURVE('',#3343,#3344,#2052,.T.);
#4330=EDGE_CURVE('',#3291,#3264,#636,.T.);
#4331=EDGE_CURVE('',#3263,#3287,#637,.T.);
#4332=EDGE_CURVE('',#3292,#3345,#638,.T.);
#4333=EDGE_CURVE('',#3345,#3264,#315,.T.);
#4334=EDGE_CURVE('',#3345,#3294,#316,.T.);
#4335=EDGE_CURVE('',#3312,#3332,#639,.T.);
#4336=EDGE_CURVE('',#3331,#3314,#640,.T.);
#4337=EDGE_CURVE('',#3324,#3312,#641,.T.);
#4338=EDGE_CURVE('',#3313,#3325,#642,.T.);
#4339=EDGE_CURVE('',#3316,#3343,#643,.T.);
#4340=EDGE_CURVE('',#3344,#3313,#644,.T.);
#4341=EDGE_CURVE('',#3340,#3316,#645,.T.);
#4342=EDGE_CURVE('',#3315,#3341,#646,.T.);
#4343=EDGE_CURVE('',#3335,#3315,#647,.T.);
#4344=EDGE_CURVE('',#3314,#3336,#648,.T.);
#4345=EDGE_CURVE('',#3333,#3323,#649,.T.);
#4346=EDGE_CURVE('',#3342,#3334,#650,.T.);
#4347=EDGE_CURVE('',#3283,#3346,#651,.T.);
#4348=EDGE_CURVE('',#3346,#3322,#652,.T.);
#4349=EDGE_CURVE('',#3263,#3347,#466,.T.);
#4350=EDGE_CURVE('',#3289,#3347,#467,.T.);
#4351=EDGE_CURVE('',#3294,#3265,#2053,.T.);
#4352=EDGE_CURVE('',#3266,#3317,#2054,.T.);
#4353=EDGE_CURVE('',#3251,#3260,#2055,.T.);
#4354=EDGE_CURVE('',#3277,#3267,#2056,.T.);
#4355=EDGE_CURVE('',#3246,#3254,#2057,.T.);
#4356=EDGE_CURVE('',#3348,#3246,#2058,.T.);
#4357=EDGE_CURVE('',#3349,#3348,#2059,.T.);
#4358=EDGE_CURVE('',#3347,#3349,#2060,.T.);
#4359=EDGE_CURVE('',#3302,#3350,#317,.T.);
#4360=EDGE_CURVE('',#3350,#3351,#468,.T.);
#4361=EDGE_CURVE('',#3351,#3352,#469,.T.);
#4362=EDGE_CURVE('',#3352,#3303,#470,.T.);
#4363=EDGE_CURVE('',#3353,#3349,#2061,.T.);
#4364=EDGE_CURVE('',#3350,#3353,#2062,.T.);
#4365=EDGE_CURVE('',#3249,#3354,#318,.T.);
#4366=EDGE_CURVE('',#3354,#3355,#2063,.T.);
#4367=EDGE_CURVE('',#3348,#3355,#2064,.T.);
#4368=EDGE_CURVE('',#3356,#3248,#319,.T.);
#4369=EDGE_CURVE('',#3354,#3356,#653,.T.);
#4370=EDGE_CURVE('',#3357,#3248,#2065,.T.);
#4371=EDGE_CURVE('',#3357,#3358,#320,.T.);
#4372=EDGE_CURVE('',#3359,#3358,#2066,.T.);
#4373=EDGE_CURVE('',#3360,#3359,#321,.T.);
#4374=EDGE_CURVE('',#3356,#3360,#2067,.T.);
#4375=EDGE_CURVE('',#3258,#3357,#2068,.T.);
#4376=EDGE_CURVE('',#3358,#3257,#2069,.T.);
#4377=EDGE_CURVE('',#3359,#3276,#2070,.T.);
#4378=EDGE_CURVE('',#3361,#3362,#2071,.T.);
#4379=EDGE_CURVE('',#3361,#3363,#654,.F.);
#4380=EDGE_CURVE('',#3360,#3363,#2072,.T.);
#4381=EDGE_CURVE('',#3274,#3362,#471,.F.);
#4382=EDGE_CURVE('',#3364,#3365,#472,.T.);
#4383=EDGE_CURVE('',#3365,#3366,#2073,.T.);
#4384=EDGE_CURVE('',#3366,#3367,#655,.T.);
#4385=EDGE_CURVE('',#3367,#3368,#656,.T.);
#4386=EDGE_CURVE('',#3368,#3369,#2074,.T.);
#4387=EDGE_CURVE('',#3369,#3370,#322,.T.);
#4388=EDGE_CURVE('',#3370,#3361,#2075,.T.);
#4389=EDGE_CURVE('',#3362,#3364,#473,.T.);
#4390=EDGE_CURVE('',#3371,#3372,#2076,.T.);
#4391=EDGE_CURVE('',#3373,#3371,#2077,.T.);
#4392=EDGE_CURVE('',#3374,#3373,#2078,.T.);
#4393=EDGE_CURVE('',#3372,#3374,#2079,.T.);
#4394=EDGE_CURVE('',#3355,#3375,#657,.T.);
#4395=EDGE_CURVE('',#3375,#3376,#2080,.T.);
#4396=EDGE_CURVE('',#3376,#3377,#2081,.T.);
#4397=EDGE_CURVE('',#3377,#3378,#323,.T.);
#4398=EDGE_CURVE('',#3378,#3379,#474,.T.);
#4399=EDGE_CURVE('',#3379,#3380,#2082,.T.);
#4400=EDGE_CURVE('',#3380,#3381,#475,.T.);
#4401=EDGE_CURVE('',#3381,#3382,#476,.T.);
#4402=EDGE_CURVE('',#3382,#3272,#2083,.T.);
#4403=EDGE_CURVE('',#3346,#3383,#2084,.T.);
#4404=EDGE_CURVE('',#3383,#3384,#477,.T.);
#4405=EDGE_CURVE('',#3384,#3385,#478,.T.);
#4406=EDGE_CURVE('',#3385,#3386,#479,.T.);
#4407=EDGE_CURVE('',#3386,#3387,#2085,.T.);
#4408=EDGE_CURVE('',#3387,#3388,#480,.T.);
#4409=EDGE_CURVE('',#3388,#3389,#324,.T.);
#4410=EDGE_CURVE('',#3389,#3390,#2086,.T.);
#4411=EDGE_CURVE('',#3390,#3391,#2087,.T.);
#4412=EDGE_CURVE('',#3391,#3353,#658,.T.);
#4413=EDGE_CURVE('',#3382,#3392,#481,.T.);
#4414=EDGE_CURVE('',#3381,#3365,#482,.T.);
#4415=EDGE_CURVE('',#3392,#3274,#483,.T.);
#4416=EDGE_CURVE('',#3368,#3366,#484,.T.);
#4417=EDGE_CURVE('',#3367,#3393,#2088,.T.);
#4418=EDGE_CURVE('',#3394,#3393,#659,.T.);
#4419=EDGE_CURVE('',#3395,#3394,#485,.T.);
#4420=EDGE_CURVE('',#3393,#3395,#660,.T.);
#4421=EDGE_CURVE('',#3396,#3319,#2089,.T.);
#4422=EDGE_CURVE('',#3397,#3396,#2090,.T.);
#4423=EDGE_CURVE('',#3398,#3397,#486,.T.);
#4424=EDGE_CURVE('',#3394,#3398,#2091,.T.);
#4425=EDGE_CURVE('',#3399,#3395,#2092,.T.);
#4426=EDGE_CURVE('',#3400,#3399,#487,.T.);
#4427=EDGE_CURVE('',#3319,#3400,#488,.T.);
#4428=EDGE_CURVE('',#3401,#3402,#2093,.T.);
#4429=EDGE_CURVE('',#3402,#3403,#2094,.T.);
#4430=EDGE_CURVE('',#3403,#3404,#2095,.T.);
#4431=EDGE_CURVE('',#3404,#3401,#2096,.T.);
#4432=EDGE_CURVE('',#3365,#3380,#489,.T.);
#4433=EDGE_CURVE('',#3379,#3369,#661,.T.);
#4434=EDGE_CURVE('',#3405,#3322,#2097,.T.);
#4435=EDGE_CURVE('',#3405,#3383,#662,.T.);
#4436=EDGE_CURVE('',#3384,#3405,#490,.T.);
#4437=EDGE_CURVE('',#3385,#3399,#491,.T.);
#4438=EDGE_CURVE('',#3405,#3406,#492,.T.);
#4439=EDGE_CURVE('',#3406,#3321,#493,.T.);
#4440=EDGE_CURVE('',#3407,#3408,#663,.T.);
#4441=EDGE_CURVE('',#3409,#3407,#494,.T.);
#4442=EDGE_CURVE('',#3410,#3409,#495,.T.);
#4443=EDGE_CURVE('',#3410,#3396,#664,.T.);
#4444=EDGE_CURVE('',#3408,#3396,#665,.T.);
#4445=EDGE_CURVE('',#3411,#3412,#2098,.T.);
#4446=EDGE_CURVE('',#3411,#3401,#325,.T.);
#4447=EDGE_CURVE('',#3404,#3412,#326,.T.);
#4448=EDGE_CURVE('',#3413,#3411,#2099,.T.);
#4449=EDGE_CURVE('',#3413,#3402,#327,.T.);
#4450=EDGE_CURVE('',#3414,#3413,#2100,.T.);
#4451=EDGE_CURVE('',#3414,#3403,#328,.T.);
#4452=EDGE_CURVE('',#3412,#3414,#2101,.T.);
#4453=EDGE_CURVE('',#3408,#3320,#2102,.T.);
#4454=EDGE_CURVE('',#3415,#3300,#2103,.T.);
#4455=EDGE_CURVE('',#3415,#3416,#329,.T.);
#4456=EDGE_CURVE('',#3416,#3318,#2104,.T.);
#4457=EDGE_CURVE('',#3397,#3388,#666,.T.);
#4458=EDGE_CURVE('',#3410,#3417,#330,.T.);
#4459=EDGE_CURVE('',#3417,#3389,#2105,.T.);
#4460=EDGE_CURVE('',#3417,#3390,#2106,.T.);
#4461=EDGE_CURVE('',#3351,#3409,#2107,.T.);
#4462=EDGE_CURVE('',#3391,#3351,#2108,.T.);
#4463=EDGE_CURVE('',#3418,#3303,#2109,.T.);
#4464=EDGE_CURVE('',#3296,#3418,#2110,.T.);
#4465=EDGE_CURVE('',#3387,#3398,#496,.T.);
#4466=EDGE_CURVE('',#3412,#3419,#2111,.T.);
#4467=EDGE_CURVE('',#3419,#3420,#2112,.T.);
#4468=EDGE_CURVE('',#3420,#3411,#2113,.T.);
#4469=EDGE_CURVE('',#3420,#3421,#2114,.T.);
#4470=EDGE_CURVE('',#3421,#3413,#2115,.T.);
#4471=EDGE_CURVE('',#3421,#3422,#2116,.T.);
#4472=EDGE_CURVE('',#3422,#3414,#2117,.T.);
#4473=EDGE_CURVE('',#3422,#3419,#2118,.T.);
#4474=EDGE_CURVE('',#3399,#3386,#497,.T.);
#4475=EDGE_CURVE('',#3423,#3407,#331,.T.);
#4476=EDGE_CURVE('',#3423,#3418,#332,.T.);
#4477=EDGE_CURVE('',#3278,#3416,#2119,.T.);
#4478=EDGE_CURVE('',#3423,#3415,#333,.T.);
#4479=EDGE_CURVE('',#3424,#3425,#2120,.T.);
#4480=EDGE_CURVE('',#3373,#3425,#2121,.T.);
#4481=EDGE_CURVE('',#3371,#3424,#2122,.T.);
#4482=EDGE_CURVE('',#3425,#3426,#2123,.T.);
#4483=EDGE_CURVE('',#3374,#3426,#2124,.T.);
#4484=EDGE_CURVE('',#3427,#3428,#2125,.T.);
#4485=EDGE_CURVE('',#3428,#3429,#2126,.T.);
#4486=EDGE_CURVE('',#3429,#3430,#2127,.T.);
#4487=EDGE_CURVE('',#3430,#3427,#2128,.T.);
#4488=EDGE_CURVE('',#3426,#3431,#2129,.T.);
#4489=EDGE_CURVE('',#3372,#3431,#2130,.T.);
#4490=EDGE_CURVE('',#3431,#3424,#2131,.T.);
#4491=EDGE_CURVE('',#3427,#3431,#2132,.T.);
#4492=EDGE_CURVE('',#3430,#3424,#2133,.T.);
#4493=EDGE_CURVE('',#3429,#3425,#2134,.T.);
#4494=EDGE_CURVE('',#3428,#3426,#2135,.T.);
#4495=EDGE_CURVE('',#3370,#3378,#667,.T.);
#4496=EDGE_CURVE('',#3375,#3356,#2136,.T.);
#4497=EDGE_CURVE('',#3363,#3432,#334,.T.);
#4498=EDGE_CURVE('',#3376,#3432,#2137,.T.);
#4499=EDGE_CURVE('',#3432,#3377,#2138,.T.);
#4500=ORIENTED_EDGE('',*,*,#3433,.F.);
#4501=ORIENTED_EDGE('',*,*,#3434,.T.);
#4502=ORIENTED_EDGE('',*,*,#3435,.T.);
#4503=ORIENTED_EDGE('',*,*,#3436,.F.);
#4504=ORIENTED_EDGE('',*,*,#3437,.T.);
#4505=ORIENTED_EDGE('',*,*,#3438,.T.);
#4506=ORIENTED_EDGE('',*,*,#3439,.F.);
#4507=ORIENTED_EDGE('',*,*,#3440,.F.);
#4508=ORIENTED_EDGE('',*,*,#3441,.T.);
#4509=ORIENTED_EDGE('',*,*,#3442,.T.);
#4510=ORIENTED_EDGE('',*,*,#3443,.T.);
#4511=ORIENTED_EDGE('',*,*,#3444,.T.);
#4512=ORIENTED_EDGE('',*,*,#3445,.T.);
#4513=ORIENTED_EDGE('',*,*,#3446,.T.);
#4514=ORIENTED_EDGE('',*,*,#3447,.F.);
#4515=ORIENTED_EDGE('',*,*,#3448,.T.);
#4516=ORIENTED_EDGE('',*,*,#3439,.T.);
#4517=ORIENTED_EDGE('',*,*,#3449,.F.);
#4518=ORIENTED_EDGE('',*,*,#3440,.T.);
#4519=ORIENTED_EDGE('',*,*,#3448,.F.);
#4520=ORIENTED_EDGE('',*,*,#3450,.T.);
#4521=ORIENTED_EDGE('',*,*,#3451,.T.);
#4522=ORIENTED_EDGE('',*,*,#3452,.F.);
#4523=ORIENTED_EDGE('',*,*,#3453,.T.);
#4524=ORIENTED_EDGE('',*,*,#3454,.T.);
#4525=ORIENTED_EDGE('',*,*,#3455,.T.);
#4526=ORIENTED_EDGE('',*,*,#3456,.T.);
#4527=ORIENTED_EDGE('',*,*,#3457,.T.);
#4528=ORIENTED_EDGE('',*,*,#3458,.T.);
#4529=ORIENTED_EDGE('',*,*,#3459,.T.);
#4530=ORIENTED_EDGE('',*,*,#3452,.T.);
#4531=ORIENTED_EDGE('',*,*,#3460,.T.);
#4532=ORIENTED_EDGE('',*,*,#3461,.F.);
#4533=ORIENTED_EDGE('',*,*,#3455,.F.);
#4534=ORIENTED_EDGE('',*,*,#3462,.T.);
#4535=ORIENTED_EDGE('',*,*,#3463,.T.);
#4536=ORIENTED_EDGE('',*,*,#3464,.T.);
#4537=ORIENTED_EDGE('',*,*,#3454,.F.);
#4538=ORIENTED_EDGE('',*,*,#3462,.F.);
#4539=ORIENTED_EDGE('',*,*,#3460,.F.);
#4540=ORIENTED_EDGE('',*,*,#3465,.F.);
#4541=ORIENTED_EDGE('',*,*,#3466,.F.);
#4542=ORIENTED_EDGE('',*,*,#3467,.F.);
#4543=ORIENTED_EDGE('',*,*,#3468,.F.);
#4544=ORIENTED_EDGE('',*,*,#3469,.F.);
#4545=ORIENTED_EDGE('',*,*,#3470,.F.);
#4546=ORIENTED_EDGE('',*,*,#3471,.F.);
#4547=ORIENTED_EDGE('',*,*,#3472,.T.);
#4548=ORIENTED_EDGE('',*,*,#3473,.T.);
#4549=ORIENTED_EDGE('',*,*,#3458,.F.);
#4550=ORIENTED_EDGE('',*,*,#3474,.T.);
#4551=ORIENTED_EDGE('',*,*,#3475,.T.);
#4552=ORIENTED_EDGE('',*,*,#3476,.T.);
#4553=ORIENTED_EDGE('',*,*,#3477,.F.);
#4554=ORIENTED_EDGE('',*,*,#3478,.T.);
#4555=ORIENTED_EDGE('',*,*,#3479,.F.);
#4556=ORIENTED_EDGE('',*,*,#3480,.T.);
#4557=ORIENTED_EDGE('',*,*,#3481,.T.);
#4558=ORIENTED_EDGE('',*,*,#3465,.T.);
#4559=ORIENTED_EDGE('',*,*,#3482,.T.);
#4560=ORIENTED_EDGE('',*,*,#3483,.T.);
#4561=ORIENTED_EDGE('',*,*,#3484,.T.);
#4562=ORIENTED_EDGE('',*,*,#3485,.T.);
#4563=ORIENTED_EDGE('',*,*,#3479,.T.);
#4564=ORIENTED_EDGE('',*,*,#3486,.F.);
#4565=ORIENTED_EDGE('',*,*,#3487,.F.);
#4566=ORIENTED_EDGE('',*,*,#3488,.F.);
#4567=ORIENTED_EDGE('',*,*,#3489,.T.);
#4568=ORIENTED_EDGE('',*,*,#3490,.F.);
#4569=ORIENTED_EDGE('',*,*,#3489,.F.);
#4570=ORIENTED_EDGE('',*,*,#3491,.F.);
#4571=ORIENTED_EDGE('',*,*,#3492,.T.);
#4572=ORIENTED_EDGE('',*,*,#3493,.F.);
#4573=ORIENTED_EDGE('',*,*,#3492,.F.);
#4574=ORIENTED_EDGE('',*,*,#3494,.F.);
#4575=ORIENTED_EDGE('',*,*,#3495,.T.);
#4576=ORIENTED_EDGE('',*,*,#3496,.F.);
#4577=ORIENTED_EDGE('',*,*,#3495,.F.);
#4578=ORIENTED_EDGE('',*,*,#3497,.F.);
#4579=ORIENTED_EDGE('',*,*,#3498,.T.);
#4580=ORIENTED_EDGE('',*,*,#3499,.F.);
#4581=ORIENTED_EDGE('',*,*,#3498,.F.);
#4582=ORIENTED_EDGE('',*,*,#3500,.F.);
#4583=ORIENTED_EDGE('',*,*,#3487,.T.);
#4584=ORIENTED_EDGE('',*,*,#3496,.T.);
#4585=ORIENTED_EDGE('',*,*,#3501,.F.);
#4586=ORIENTED_EDGE('',*,*,#3502,.T.);
#4587=ORIENTED_EDGE('',*,*,#3503,.T.);
#4588=ORIENTED_EDGE('',*,*,#3499,.T.);
#4589=ORIENTED_EDGE('',*,*,#3504,.F.);
#4590=ORIENTED_EDGE('',*,*,#3505,.T.);
#4591=ORIENTED_EDGE('',*,*,#3501,.T.);
#4592=ORIENTED_EDGE('',*,*,#3506,.T.);
#4593=ORIENTED_EDGE('',*,*,#3504,.T.);
#4594=ORIENTED_EDGE('',*,*,#3486,.T.);
#4595=ORIENTED_EDGE('',*,*,#3507,.F.);
#4596=ORIENTED_EDGE('',*,*,#3508,.T.);
#4597=ORIENTED_EDGE('',*,*,#3507,.T.);
#4598=ORIENTED_EDGE('',*,*,#3490,.T.);
#4599=ORIENTED_EDGE('',*,*,#3509,.F.);
#4600=ORIENTED_EDGE('',*,*,#3510,.T.);
#4601=ORIENTED_EDGE('',*,*,#3509,.T.);
#4602=ORIENTED_EDGE('',*,*,#3493,.T.);
#4603=ORIENTED_EDGE('',*,*,#3503,.F.);
#4604=ORIENTED_EDGE('',*,*,#3511,.F.);
#4605=ORIENTED_EDGE('',*,*,#3512,.F.);
#4606=ORIENTED_EDGE('',*,*,#3513,.F.);
#4607=ORIENTED_EDGE('',*,*,#3514,.F.);
#4608=ORIENTED_EDGE('',*,*,#3515,.F.);
#4609=ORIENTED_EDGE('',*,*,#3510,.F.);
#4610=ORIENTED_EDGE('',*,*,#3516,.T.);
#4611=ORIENTED_EDGE('',*,*,#3511,.T.);
#4612=ORIENTED_EDGE('',*,*,#3517,.F.);
#4613=ORIENTED_EDGE('',*,*,#3508,.F.);
#4614=ORIENTED_EDGE('',*,*,#3517,.T.);
#4615=ORIENTED_EDGE('',*,*,#3515,.T.);
#4616=ORIENTED_EDGE('',*,*,#3518,.F.);
#4617=ORIENTED_EDGE('',*,*,#3506,.F.);
#4618=ORIENTED_EDGE('',*,*,#3518,.T.);
#4619=ORIENTED_EDGE('',*,*,#3514,.T.);
#4620=ORIENTED_EDGE('',*,*,#3519,.F.);
#4621=ORIENTED_EDGE('',*,*,#3505,.F.);
#4622=ORIENTED_EDGE('',*,*,#3519,.T.);
#4623=ORIENTED_EDGE('',*,*,#3513,.T.);
#4624=ORIENTED_EDGE('',*,*,#3520,.F.);
#4625=ORIENTED_EDGE('',*,*,#3502,.F.);
#4626=ORIENTED_EDGE('',*,*,#3520,.T.);
#4627=ORIENTED_EDGE('',*,*,#3512,.T.);
#4628=ORIENTED_EDGE('',*,*,#3516,.F.);
#4629=ORIENTED_EDGE('',*,*,#3521,.T.);
#4630=ORIENTED_EDGE('',*,*,#3522,.T.);
#4631=ORIENTED_EDGE('',*,*,#3441,.F.);
#4632=ORIENTED_EDGE('',*,*,#3451,.F.);
#4633=ORIENTED_EDGE('',*,*,#3523,.T.);
#4634=ORIENTED_EDGE('',*,*,#3524,.F.);
#4635=ORIENTED_EDGE('',*,*,#3525,.F.);
#4636=ORIENTED_EDGE('',*,*,#3526,.F.);
#4637=ORIENTED_EDGE('',*,*,#3527,.T.);
#4638=ORIENTED_EDGE('',*,*,#3526,.T.);
#4639=ORIENTED_EDGE('',*,*,#3528,.T.);
#4640=ORIENTED_EDGE('',*,*,#3529,.F.);
#4641=ORIENTED_EDGE('',*,*,#3470,.T.);
#4642=ORIENTED_EDGE('',*,*,#3530,.F.);
#4643=ORIENTED_EDGE('',*,*,#3531,.T.);
#4644=ORIENTED_EDGE('',*,*,#3532,.T.);
#4645=ORIENTED_EDGE('',*,*,#3533,.T.);
#4646=ORIENTED_EDGE('',*,*,#3534,.T.);
#4647=ORIENTED_EDGE('',*,*,#3535,.T.);
#4648=ORIENTED_EDGE('',*,*,#3536,.T.);
#4649=ORIENTED_EDGE('',*,*,#3537,.T.);
#4650=ORIENTED_EDGE('',*,*,#3538,.T.);
#4651=ORIENTED_EDGE('',*,*,#3539,.T.);
#4652=ORIENTED_EDGE('',*,*,#3540,.T.);
#4653=ORIENTED_EDGE('',*,*,#3541,.T.);
#4654=ORIENTED_EDGE('',*,*,#3542,.T.);
#4655=ORIENTED_EDGE('',*,*,#3543,.T.);
#4656=ORIENTED_EDGE('',*,*,#3544,.T.);
#4657=ORIENTED_EDGE('',*,*,#3545,.T.);
#4658=ORIENTED_EDGE('',*,*,#3546,.T.);
#4659=ORIENTED_EDGE('',*,*,#3547,.T.);
#4660=ORIENTED_EDGE('',*,*,#3548,.T.);
#4661=ORIENTED_EDGE('',*,*,#3549,.T.);
#4662=ORIENTED_EDGE('',*,*,#3550,.T.);
#4663=ORIENTED_EDGE('',*,*,#3551,.F.);
#4664=ORIENTED_EDGE('',*,*,#3552,.T.);
#4665=ORIENTED_EDGE('',*,*,#3551,.T.);
#4666=ORIENTED_EDGE('',*,*,#3553,.T.);
#4667=ORIENTED_EDGE('',*,*,#3554,.T.);
#4668=ORIENTED_EDGE('',*,*,#3555,.T.);
#4669=ORIENTED_EDGE('',*,*,#3556,.F.);
#4670=ORIENTED_EDGE('',*,*,#3557,.T.);
#4671=ORIENTED_EDGE('',*,*,#3556,.T.);
#4672=ORIENTED_EDGE('',*,*,#3558,.T.);
#4673=ORIENTED_EDGE('',*,*,#3559,.F.);
#4674=ORIENTED_EDGE('',*,*,#3560,.F.);
#4675=ORIENTED_EDGE('',*,*,#3561,.F.);
#4676=ORIENTED_EDGE('',*,*,#3562,.F.);
#4677=ORIENTED_EDGE('',*,*,#3563,.F.);
#4678=ORIENTED_EDGE('',*,*,#3564,.F.);
#4679=ORIENTED_EDGE('',*,*,#3565,.F.);
#4680=ORIENTED_EDGE('',*,*,#3566,.F.);
#4681=ORIENTED_EDGE('',*,*,#3564,.T.);
#4682=ORIENTED_EDGE('',*,*,#3567,.F.);
#4683=ORIENTED_EDGE('',*,*,#3562,.T.);
#4684=ORIENTED_EDGE('',*,*,#3568,.F.);
#4685=ORIENTED_EDGE('',*,*,#3569,.F.);
#4686=ORIENTED_EDGE('',*,*,#3540,.F.);
#4687=ORIENTED_EDGE('',*,*,#3570,.T.);
#4688=ORIENTED_EDGE('',*,*,#3571,.T.);
#4689=ORIENTED_EDGE('',*,*,#3572,.F.);
#4690=ORIENTED_EDGE('',*,*,#3573,.F.);
#4691=ORIENTED_EDGE('',*,*,#3541,.F.);
#4692=ORIENTED_EDGE('',*,*,#3573,.T.);
#4693=ORIENTED_EDGE('',*,*,#3574,.F.);
#4694=ORIENTED_EDGE('',*,*,#3563,.T.);
#4695=ORIENTED_EDGE('',*,*,#3542,.F.);
#4696=ORIENTED_EDGE('',*,*,#3565,.T.);
#4697=ORIENTED_EDGE('',*,*,#3575,.F.);
#4698=ORIENTED_EDGE('',*,*,#3576,.T.);
#4699=ORIENTED_EDGE('',*,*,#3575,.T.);
#4700=ORIENTED_EDGE('',*,*,#3566,.T.);
#4701=ORIENTED_EDGE('',*,*,#3577,.F.);
#4702=ORIENTED_EDGE('',*,*,#3578,.F.);
#4703=ORIENTED_EDGE('',*,*,#3568,.T.);
#4704=ORIENTED_EDGE('',*,*,#3579,.F.);
#4705=ORIENTED_EDGE('',*,*,#3471,.T.);
#4706=ORIENTED_EDGE('',*,*,#3543,.F.);
#4707=ORIENTED_EDGE('',*,*,#3580,.F.);
#4708=ORIENTED_EDGE('',*,*,#3581,.T.);
#4709=ORIENTED_EDGE('',*,*,#3582,.F.);
#4710=ORIENTED_EDGE('',*,*,#3583,.T.);
#4711=ORIENTED_EDGE('',*,*,#3584,.T.);
#4712=ORIENTED_EDGE('',*,*,#3585,.T.);
#4713=ORIENTED_EDGE('',*,*,#3586,.T.);
#4714=ORIENTED_EDGE('',*,*,#3587,.T.);
#4715=ORIENTED_EDGE('',*,*,#3588,.T.);
#4716=ORIENTED_EDGE('',*,*,#3589,.F.);
#4717=ORIENTED_EDGE('',*,*,#3590,.F.);
#4718=ORIENTED_EDGE('',*,*,#3591,.T.);
#4719=ORIENTED_EDGE('',*,*,#3592,.T.);
#4720=ORIENTED_EDGE('',*,*,#3593,.T.);
#4721=ORIENTED_EDGE('',*,*,#3539,.F.);
#4722=ORIENTED_EDGE('',*,*,#3594,.T.);
#4723=ORIENTED_EDGE('',*,*,#3582,.T.);
#4724=ORIENTED_EDGE('',*,*,#3595,.T.);
#4725=ORIENTED_EDGE('',*,*,#3596,.F.);
#4726=ORIENTED_EDGE('',*,*,#3597,.T.);
#4727=ORIENTED_EDGE('',*,*,#3598,.T.);
#4728=ORIENTED_EDGE('',*,*,#3599,.T.);
#4729=ORIENTED_EDGE('',*,*,#3554,.F.);
#4730=ORIENTED_EDGE('',*,*,#3557,.F.);
#4731=ORIENTED_EDGE('',*,*,#3600,.F.);
#4732=ORIENTED_EDGE('',*,*,#3601,.T.);
#4733=ORIENTED_EDGE('',*,*,#3602,.F.);
#4734=ORIENTED_EDGE('',*,*,#3548,.F.);
#4735=ORIENTED_EDGE('',*,*,#3603,.T.);
#4736=ORIENTED_EDGE('',*,*,#3604,.F.);
#4737=ORIENTED_EDGE('',*,*,#3605,.T.);
#4738=ORIENTED_EDGE('',*,*,#3547,.F.);
#4739=ORIENTED_EDGE('',*,*,#3606,.T.);
#4740=ORIENTED_EDGE('',*,*,#3607,.F.);
#4741=ORIENTED_EDGE('',*,*,#3608,.T.);
#4742=ORIENTED_EDGE('',*,*,#3546,.F.);
#4743=ORIENTED_EDGE('',*,*,#3609,.T.);
#4744=ORIENTED_EDGE('',*,*,#3610,.F.);
#4745=ORIENTED_EDGE('',*,*,#3611,.T.);
#4746=ORIENTED_EDGE('',*,*,#3549,.F.);
#4747=ORIENTED_EDGE('',*,*,#3552,.F.);
#4748=ORIENTED_EDGE('',*,*,#3612,.F.);
#4749=ORIENTED_EDGE('',*,*,#3613,.T.);
#4750=ORIENTED_EDGE('',*,*,#3614,.F.);
#4751=ORIENTED_EDGE('',*,*,#3545,.F.);
#4752=ORIENTED_EDGE('',*,*,#3615,.T.);
#4753=ORIENTED_EDGE('',*,*,#3616,.F.);
#4754=ORIENTED_EDGE('',*,*,#3617,.T.);
#4755=ORIENTED_EDGE('',*,*,#3544,.F.);
#4756=ORIENTED_EDGE('',*,*,#3618,.T.);
#4757=ORIENTED_EDGE('',*,*,#3619,.F.);
#4758=ORIENTED_EDGE('',*,*,#3620,.T.);
#4759=ORIENTED_EDGE('',*,*,#3621,.F.);
#4760=ORIENTED_EDGE('',*,*,#3607,.T.);
#4761=ORIENTED_EDGE('',*,*,#3622,.F.);
#4762=ORIENTED_EDGE('',*,*,#3623,.F.);
#4763=ORIENTED_EDGE('',*,*,#3624,.T.);
#4764=ORIENTED_EDGE('',*,*,#3625,.F.);
#4765=ORIENTED_EDGE('',*,*,#3555,.F.);
#4766=ORIENTED_EDGE('',*,*,#3602,.T.);
#4767=ORIENTED_EDGE('',*,*,#3626,.F.);
#4768=ORIENTED_EDGE('',*,*,#3600,.T.);
#4769=ORIENTED_EDGE('',*,*,#3558,.F.);
#4770=ORIENTED_EDGE('',*,*,#3625,.T.);
#4771=ORIENTED_EDGE('',*,*,#3627,.T.);
#4772=ORIENTED_EDGE('',*,*,#3628,.F.);
#4773=ORIENTED_EDGE('',*,*,#3629,.F.);
#4774=ORIENTED_EDGE('',*,*,#3604,.T.);
#4775=ORIENTED_EDGE('',*,*,#3550,.F.);
#4776=ORIENTED_EDGE('',*,*,#3614,.T.);
#4777=ORIENTED_EDGE('',*,*,#3630,.F.);
#4778=ORIENTED_EDGE('',*,*,#3619,.T.);
#4779=ORIENTED_EDGE('',*,*,#3631,.F.);
#4780=ORIENTED_EDGE('',*,*,#3628,.T.);
#4781=ORIENTED_EDGE('',*,*,#3632,.T.);
#4782=ORIENTED_EDGE('',*,*,#3633,.F.);
#4783=ORIENTED_EDGE('',*,*,#3634,.F.);
#4784=ORIENTED_EDGE('',*,*,#3612,.T.);
#4785=ORIENTED_EDGE('',*,*,#3553,.F.);
#4786=ORIENTED_EDGE('',*,*,#3633,.T.);
#4787=ORIENTED_EDGE('',*,*,#3635,.T.);
#4788=ORIENTED_EDGE('',*,*,#3636,.F.);
#4789=ORIENTED_EDGE('',*,*,#3637,.F.);
#4790=ORIENTED_EDGE('',*,*,#3616,.T.);
#4791=ORIENTED_EDGE('',*,*,#3638,.F.);
#4792=ORIENTED_EDGE('',*,*,#3610,.T.);
#4793=ORIENTED_EDGE('',*,*,#3639,.F.);
#4794=ORIENTED_EDGE('',*,*,#3636,.T.);
#4795=ORIENTED_EDGE('',*,*,#3640,.T.);
#4796=ORIENTED_EDGE('',*,*,#3623,.T.);
#4797=ORIENTED_EDGE('',*,*,#3472,.F.);
#4798=ORIENTED_EDGE('',*,*,#3641,.T.);
#4799=ORIENTED_EDGE('',*,*,#3569,.T.);
#4800=ORIENTED_EDGE('',*,*,#3642,.T.);
#4801=ORIENTED_EDGE('',*,*,#3595,.F.);
#4802=ORIENTED_EDGE('',*,*,#3589,.T.);
#4803=ORIENTED_EDGE('',*,*,#3643,.F.);
#4804=ORIENTED_EDGE('',*,*,#3570,.F.);
#4805=ORIENTED_EDGE('',*,*,#3571,.F.);
#4806=ORIENTED_EDGE('',*,*,#3643,.T.);
#4807=ORIENTED_EDGE('',*,*,#3588,.F.);
#4808=ORIENTED_EDGE('',*,*,#3644,.T.);
#4809=ORIENTED_EDGE('',*,*,#3645,.T.);
#4810=ORIENTED_EDGE('',*,*,#3646,.T.);
#4811=ORIENTED_EDGE('',*,*,#3580,.T.);
#4812=ORIENTED_EDGE('',*,*,#3576,.F.);
#4813=ORIENTED_EDGE('',*,*,#3647,.F.);
#4814=ORIENTED_EDGE('',*,*,#3648,.T.);
#4815=ORIENTED_EDGE('',*,*,#3649,.T.);
#4816=ORIENTED_EDGE('',*,*,#3592,.F.);
#4817=ORIENTED_EDGE('',*,*,#3646,.F.);
#4818=ORIENTED_EDGE('',*,*,#3577,.T.);
#4819=ORIENTED_EDGE('',*,*,#3641,.F.);
#4820=ORIENTED_EDGE('',*,*,#3581,.F.);
#4821=ORIENTED_EDGE('',*,*,#3650,.T.);
#4822=ORIENTED_EDGE('',*,*,#3642,.F.);
#4823=ORIENTED_EDGE('',*,*,#3578,.T.);
#4824=ORIENTED_EDGE('',*,*,#3651,.F.);
#4825=ORIENTED_EDGE('',*,*,#3652,.T.);
#4826=ORIENTED_EDGE('',*,*,#3653,.T.);
#4827=ORIENTED_EDGE('',*,*,#3585,.F.);
#4828=ORIENTED_EDGE('',*,*,#3654,.T.);
#4829=ORIENTED_EDGE('',*,*,#3655,.F.);
#4830=ORIENTED_EDGE('',*,*,#3584,.F.);
#4831=ORIENTED_EDGE('',*,*,#3656,.T.);
#4832=ORIENTED_EDGE('',*,*,#3657,.F.);
#4833=ORIENTED_EDGE('',*,*,#3654,.F.);
#4834=ORIENTED_EDGE('',*,*,#3658,.F.);
#4835=ORIENTED_EDGE('',*,*,#3659,.T.);
#4836=ORIENTED_EDGE('',*,*,#3660,.F.);
#4837=ORIENTED_EDGE('',*,*,#3661,.T.);
#4838=ORIENTED_EDGE('',*,*,#3662,.F.);
#4839=ORIENTED_EDGE('',*,*,#3663,.T.);
#4840=ORIENTED_EDGE('',*,*,#3664,.F.);
#4841=ORIENTED_EDGE('',*,*,#3665,.T.);
#4842=ORIENTED_EDGE('',*,*,#3666,.F.);
#4843=ORIENTED_EDGE('',*,*,#3667,.T.);
#4844=ORIENTED_EDGE('',*,*,#3668,.T.);
#4845=ORIENTED_EDGE('',*,*,#3537,.F.);
#4846=ORIENTED_EDGE('',*,*,#3593,.F.);
#4847=ORIENTED_EDGE('',*,*,#3669,.T.);
#4848=ORIENTED_EDGE('',*,*,#3670,.T.);
#4849=ORIENTED_EDGE('',*,*,#3671,.F.);
#4850=ORIENTED_EDGE('',*,*,#3672,.F.);
#4851=ORIENTED_EDGE('',*,*,#3599,.F.);
#4852=ORIENTED_EDGE('',*,*,#3673,.F.);
#4853=ORIENTED_EDGE('',*,*,#3597,.F.);
#4854=ORIENTED_EDGE('',*,*,#3674,.F.);
#4855=ORIENTED_EDGE('',*,*,#3659,.F.);
#4856=ORIENTED_EDGE('',*,*,#3608,.F.);
#4857=ORIENTED_EDGE('',*,*,#3621,.T.);
#4858=ORIENTED_EDGE('',*,*,#3601,.F.);
#4859=ORIENTED_EDGE('',*,*,#3626,.T.);
#4860=ORIENTED_EDGE('',*,*,#3603,.F.);
#4861=ORIENTED_EDGE('',*,*,#3605,.F.);
#4862=ORIENTED_EDGE('',*,*,#3629,.T.);
#4863=ORIENTED_EDGE('',*,*,#3631,.T.);
#4864=ORIENTED_EDGE('',*,*,#3618,.F.);
#4865=ORIENTED_EDGE('',*,*,#3638,.T.);
#4866=ORIENTED_EDGE('',*,*,#3622,.T.);
#4867=ORIENTED_EDGE('',*,*,#3606,.F.);
#4868=ORIENTED_EDGE('',*,*,#3611,.F.);
#4869=ORIENTED_EDGE('',*,*,#3617,.F.);
#4870=ORIENTED_EDGE('',*,*,#3637,.T.);
#4871=ORIENTED_EDGE('',*,*,#3639,.T.);
#4872=ORIENTED_EDGE('',*,*,#3609,.F.);
#4873=ORIENTED_EDGE('',*,*,#3620,.F.);
#4874=ORIENTED_EDGE('',*,*,#3630,.T.);
#4875=ORIENTED_EDGE('',*,*,#3613,.F.);
#4876=ORIENTED_EDGE('',*,*,#3634,.T.);
#4877=ORIENTED_EDGE('',*,*,#3615,.F.);
#4878=ORIENTED_EDGE('',*,*,#3649,.F.);
#4879=ORIENTED_EDGE('',*,*,#3675,.F.);
#4880=ORIENTED_EDGE('',*,*,#3669,.F.);
#4881=ORIENTED_EDGE('',*,*,#3661,.F.);
#4882=ORIENTED_EDGE('',*,*,#3676,.F.);
#4883=ORIENTED_EDGE('',*,*,#3663,.F.);
#4884=ORIENTED_EDGE('',*,*,#3677,.F.);
#4885=ORIENTED_EDGE('',*,*,#3678,.F.);
#4886=ORIENTED_EDGE('',*,*,#3665,.F.);
#4887=ORIENTED_EDGE('',*,*,#3679,.F.);
#4888=ORIENTED_EDGE('',*,*,#3680,.F.);
#4889=ORIENTED_EDGE('',*,*,#3667,.F.);
#4890=ORIENTED_EDGE('',*,*,#3681,.F.);
#4891=ORIENTED_EDGE('',*,*,#3682,.T.);
#4892=ORIENTED_EDGE('',*,*,#3683,.T.);
#4893=ORIENTED_EDGE('',*,*,#3531,.F.);
#4894=ORIENTED_EDGE('',*,*,#3684,.F.);
#4895=ORIENTED_EDGE('',*,*,#3685,.F.);
#4896=ORIENTED_EDGE('',*,*,#3686,.F.);
#4897=ORIENTED_EDGE('',*,*,#3682,.F.);
#4898=ORIENTED_EDGE('',*,*,#3687,.T.);
#4899=ORIENTED_EDGE('',*,*,#3688,.T.);
#4900=ORIENTED_EDGE('',*,*,#3689,.F.);
#4901=ORIENTED_EDGE('',*,*,#3690,.F.);
#4902=ORIENTED_EDGE('',*,*,#3691,.T.);
#4903=ORIENTED_EDGE('',*,*,#3692,.F.);
#4904=ORIENTED_EDGE('',*,*,#3693,.T.);
#4905=ORIENTED_EDGE('',*,*,#3694,.T.);
#4906=ORIENTED_EDGE('',*,*,#3695,.T.);
#4907=ORIENTED_EDGE('',*,*,#3696,.T.);
#4908=ORIENTED_EDGE('',*,*,#3679,.T.);
#4909=ORIENTED_EDGE('',*,*,#3697,.F.);
#4910=ORIENTED_EDGE('',*,*,#3698,.T.);
#4911=ORIENTED_EDGE('',*,*,#3699,.F.);
#4912=ORIENTED_EDGE('',*,*,#3686,.T.);
#4913=ORIENTED_EDGE('',*,*,#3700,.T.);
#4914=ORIENTED_EDGE('',*,*,#3701,.T.);
#4915=ORIENTED_EDGE('',*,*,#3697,.T.);
#4916=ORIENTED_EDGE('',*,*,#3666,.T.);
#4917=ORIENTED_EDGE('',*,*,#3536,.F.);
#4918=ORIENTED_EDGE('',*,*,#3702,.T.);
#4919=ORIENTED_EDGE('',*,*,#3532,.F.);
#4920=ORIENTED_EDGE('',*,*,#3683,.F.);
#4921=ORIENTED_EDGE('',*,*,#3699,.T.);
#4922=ORIENTED_EDGE('',*,*,#3534,.F.);
#4923=ORIENTED_EDGE('',*,*,#3703,.F.);
#4924=ORIENTED_EDGE('',*,*,#3704,.F.);
#4925=ORIENTED_EDGE('',*,*,#3705,.T.);
#4926=ORIENTED_EDGE('',*,*,#3533,.F.);
#4927=ORIENTED_EDGE('',*,*,#3702,.F.);
#4928=ORIENTED_EDGE('',*,*,#3698,.F.);
#4929=ORIENTED_EDGE('',*,*,#3706,.F.);
#4930=ORIENTED_EDGE('',*,*,#3707,.F.);
#4931=ORIENTED_EDGE('',*,*,#3708,.F.);
#4932=ORIENTED_EDGE('',*,*,#3691,.F.);
#4933=ORIENTED_EDGE('',*,*,#3709,.F.);
#4934=ORIENTED_EDGE('',*,*,#3703,.T.);
#4935=ORIENTED_EDGE('',*,*,#3535,.F.);
#4936=ORIENTED_EDGE('',*,*,#3705,.F.);
#4937=ORIENTED_EDGE('',*,*,#3710,.F.);
#4938=ORIENTED_EDGE('',*,*,#3687,.F.);
#4939=ORIENTED_EDGE('',*,*,#3711,.F.);
#4940=ORIENTED_EDGE('',*,*,#3712,.T.);
#4941=ORIENTED_EDGE('',*,*,#3713,.F.);
#4942=ORIENTED_EDGE('',*,*,#3695,.F.);
#4943=ORIENTED_EDGE('',*,*,#3701,.F.);
#4944=ORIENTED_EDGE('',*,*,#3714,.F.);
#4945=ORIENTED_EDGE('',*,*,#3712,.F.);
#4946=ORIENTED_EDGE('',*,*,#3715,.F.);
#4947=ORIENTED_EDGE('',*,*,#3707,.T.);
#4948=ORIENTED_EDGE('',*,*,#3716,.T.);
#4949=ORIENTED_EDGE('',*,*,#3717,.T.);
#4950=ORIENTED_EDGE('',*,*,#3449,.T.);
#4951=ORIENTED_EDGE('',*,*,#3438,.F.);
#4952=ORIENTED_EDGE('',*,*,#3718,.T.);
#4953=ORIENTED_EDGE('',*,*,#3442,.F.);
#4954=ORIENTED_EDGE('',*,*,#3522,.F.);
#4955=ORIENTED_EDGE('',*,*,#3719,.T.);
#4956=ORIENTED_EDGE('',*,*,#3720,.T.);
#4957=ORIENTED_EDGE('',*,*,#3721,.T.);
#4958=ORIENTED_EDGE('',*,*,#3678,.T.);
#4959=ORIENTED_EDGE('',*,*,#3722,.F.);
#4960=ORIENTED_EDGE('',*,*,#3723,.T.);
#4961=ORIENTED_EDGE('',*,*,#3724,.F.);
#4962=ORIENTED_EDGE('',*,*,#3673,.T.);
#4963=ORIENTED_EDGE('',*,*,#3725,.T.);
#4964=ORIENTED_EDGE('',*,*,#3726,.T.);
#4965=ORIENTED_EDGE('',*,*,#3727,.T.);
#4966=ORIENTED_EDGE('',*,*,#3728,.T.);
#4967=ORIENTED_EDGE('',*,*,#3725,.F.);
#4968=ORIENTED_EDGE('',*,*,#3598,.F.);
#4969=ORIENTED_EDGE('',*,*,#3658,.T.);
#4970=ORIENTED_EDGE('',*,*,#3662,.T.);
#4971=ORIENTED_EDGE('',*,*,#3721,.F.);
#4972=ORIENTED_EDGE('',*,*,#3729,.T.);
#4973=ORIENTED_EDGE('',*,*,#3730,.T.);
#4974=ORIENTED_EDGE('',*,*,#3731,.F.);
#4975=ORIENTED_EDGE('',*,*,#3732,.F.);
#4976=ORIENTED_EDGE('',*,*,#3733,.F.);
#4977=ORIENTED_EDGE('',*,*,#3734,.T.);
#4978=ORIENTED_EDGE('',*,*,#3735,.F.);
#4979=ORIENTED_EDGE('',*,*,#3723,.F.);
#4980=ORIENTED_EDGE('',*,*,#3728,.F.);
#4981=ORIENTED_EDGE('',*,*,#3736,.F.);
#4982=ORIENTED_EDGE('',*,*,#3443,.F.);
#4983=ORIENTED_EDGE('',*,*,#3718,.F.);
#4984=ORIENTED_EDGE('',*,*,#3737,.F.);
#4985=ORIENTED_EDGE('',*,*,#3732,.T.);
#4986=ORIENTED_EDGE('',*,*,#3738,.F.);
#4987=ORIENTED_EDGE('',*,*,#3734,.F.);
#4988=ORIENTED_EDGE('',*,*,#3739,.F.);
#4989=ORIENTED_EDGE('',*,*,#3716,.F.);
#4990=ORIENTED_EDGE('',*,*,#3437,.F.);
#4991=ORIENTED_EDGE('',*,*,#3740,.T.);
#4992=ORIENTED_EDGE('',*,*,#3726,.F.);
#4993=ORIENTED_EDGE('',*,*,#3720,.F.);
#4994=ORIENTED_EDGE('',*,*,#3727,.F.);
#4995=ORIENTED_EDGE('',*,*,#3740,.F.);
#4996=ORIENTED_EDGE('',*,*,#3444,.F.);
#4997=ORIENTED_EDGE('',*,*,#3736,.T.);
#4998=ORIENTED_EDGE('',*,*,#3446,.F.);
#4999=ORIENTED_EDGE('',*,*,#3741,.T.);
#5000=ORIENTED_EDGE('',*,*,#3730,.F.);
#5001=ORIENTED_EDGE('',*,*,#3741,.F.);
#5002=ORIENTED_EDGE('',*,*,#3445,.F.);
#5003=ORIENTED_EDGE('',*,*,#3742,.T.);
#5004=ORIENTED_EDGE('',*,*,#3729,.F.);
#5005=ORIENTED_EDGE('',*,*,#3742,.F.);
#5006=ORIENTED_EDGE('',*,*,#3743,.T.);
#5007=ORIENTED_EDGE('',*,*,#3467,.T.);
#5008=ORIENTED_EDGE('',*,*,#3744,.F.);
#5009=ORIENTED_EDGE('',*,*,#3745,.T.);
#5010=ORIENTED_EDGE('',*,*,#3744,.T.);
#5011=ORIENTED_EDGE('',*,*,#3466,.T.);
#5012=ORIENTED_EDGE('',*,*,#3746,.T.);
#5013=ORIENTED_EDGE('',*,*,#3747,.T.);
#5014=ORIENTED_EDGE('',*,*,#3746,.F.);
#5015=ORIENTED_EDGE('',*,*,#3481,.F.);
#5016=ORIENTED_EDGE('',*,*,#3748,.F.);
#5017=ORIENTED_EDGE('',*,*,#3749,.T.);
#5018=ORIENTED_EDGE('',*,*,#3748,.T.);
#5019=ORIENTED_EDGE('',*,*,#3750,.T.);
#5020=ORIENTED_EDGE('',*,*,#3475,.F.);
#5021=ORIENTED_EDGE('',*,*,#3751,.T.);
#5022=ORIENTED_EDGE('',*,*,#3752,.T.);
#5023=ORIENTED_EDGE('',*,*,#3751,.F.);
#5024=ORIENTED_EDGE('',*,*,#3474,.F.);
#5025=ORIENTED_EDGE('',*,*,#3457,.F.);
#5026=ORIENTED_EDGE('',*,*,#3753,.T.);
#5027=ORIENTED_EDGE('',*,*,#3688,.F.);
#5028=ORIENTED_EDGE('',*,*,#3710,.T.);
#5029=ORIENTED_EDGE('',*,*,#3704,.T.);
#5030=ORIENTED_EDGE('',*,*,#3709,.T.);
#5031=ORIENTED_EDGE('',*,*,#3694,.F.);
#5032=ORIENTED_EDGE('',*,*,#3754,.F.);
#5033=ORIENTED_EDGE('',*,*,#3524,.T.);
#5034=ORIENTED_EDGE('',*,*,#3755,.T.);
#5035=ORIENTED_EDGE('',*,*,#3650,.F.);
#5036=ORIENTED_EDGE('',*,*,#3756,.F.);
#5037=ORIENTED_EDGE('',*,*,#3757,.F.);
#5038=ORIENTED_EDGE('',*,*,#3758,.F.);
#5039=ORIENTED_EDGE('',*,*,#3482,.F.);
#5040=ORIENTED_EDGE('',*,*,#3478,.F.);
#5041=ORIENTED_EDGE('',*,*,#3473,.F.);
#5042=ORIENTED_EDGE('',*,*,#3759,.F.);
#5043=ORIENTED_EDGE('',*,*,#3468,.T.);
#5044=ORIENTED_EDGE('',*,*,#3743,.F.);
#5045=ORIENTED_EDGE('',*,*,#3745,.F.);
#5046=ORIENTED_EDGE('',*,*,#3747,.F.);
#5047=ORIENTED_EDGE('',*,*,#3749,.F.);
#5048=ORIENTED_EDGE('',*,*,#3752,.F.);
#5049=ORIENTED_EDGE('',*,*,#3760,.T.);
#5050=ORIENTED_EDGE('',*,*,#3761,.T.);
#5051=ORIENTED_EDGE('',*,*,#3762,.T.);
#5052=ORIENTED_EDGE('',*,*,#3763,.T.);
#5053=ORIENTED_EDGE('',*,*,#3764,.T.);
#5054=ORIENTED_EDGE('',*,*,#3765,.T.);
#5055=ORIENTED_EDGE('',*,*,#3766,.T.);
#5056=ORIENTED_EDGE('',*,*,#3767,.F.);
#5057=ORIENTED_EDGE('',*,*,#3768,.F.);
#5058=ORIENTED_EDGE('',*,*,#3769,.F.);
#5059=ORIENTED_EDGE('',*,*,#3770,.F.);
#5060=ORIENTED_EDGE('',*,*,#3771,.F.);
#5061=ORIENTED_EDGE('',*,*,#3772,.F.);
#5062=ORIENTED_EDGE('',*,*,#3773,.T.);
#5063=ORIENTED_EDGE('',*,*,#3760,.F.);
#5064=ORIENTED_EDGE('',*,*,#3765,.F.);
#5065=ORIENTED_EDGE('',*,*,#3655,.T.);
#5066=ORIENTED_EDGE('',*,*,#3774,.F.);
#5067=ORIENTED_EDGE('',*,*,#3775,.F.);
#5068=ORIENTED_EDGE('',*,*,#3776,.F.);
#5069=ORIENTED_EDGE('',*,*,#3777,.F.);
#5070=ORIENTED_EDGE('',*,*,#3778,.T.);
#5071=ORIENTED_EDGE('',*,*,#3779,.T.);
#5072=ORIENTED_EDGE('',*,*,#3780,.T.);
#5073=ORIENTED_EDGE('',*,*,#3781,.T.);
#5074=ORIENTED_EDGE('',*,*,#3782,.T.);
#5075=ORIENTED_EDGE('',*,*,#3783,.T.);
#5076=ORIENTED_EDGE('',*,*,#3772,.T.);
#5077=ORIENTED_EDGE('',*,*,#3774,.T.);
#5078=ORIENTED_EDGE('',*,*,#3657,.T.);
#5079=ORIENTED_EDGE('',*,*,#3784,.F.);
#5080=ORIENTED_EDGE('',*,*,#3785,.F.);
#5081=ORIENTED_EDGE('',*,*,#3775,.T.);
#5082=ORIENTED_EDGE('',*,*,#3656,.F.);
#5083=ORIENTED_EDGE('',*,*,#3583,.F.);
#5084=ORIENTED_EDGE('',*,*,#3594,.F.);
#5085=ORIENTED_EDGE('',*,*,#3538,.F.);
#5086=ORIENTED_EDGE('',*,*,#3668,.F.);
#5087=ORIENTED_EDGE('',*,*,#3786,.F.);
#5088=ORIENTED_EDGE('',*,*,#3787,.T.);
#5089=ORIENTED_EDGE('',*,*,#3784,.T.);
#5090=ORIENTED_EDGE('',*,*,#3680,.T.);
#5091=ORIENTED_EDGE('',*,*,#3788,.F.);
#5092=ORIENTED_EDGE('',*,*,#3789,.T.);
#5093=ORIENTED_EDGE('',*,*,#3786,.T.);
#5094=ORIENTED_EDGE('',*,*,#3696,.F.);
#5095=ORIENTED_EDGE('',*,*,#3713,.T.);
#5096=ORIENTED_EDGE('',*,*,#3714,.T.);
#5097=ORIENTED_EDGE('',*,*,#3706,.T.);
#5098=ORIENTED_EDGE('',*,*,#3700,.F.);
#5099=ORIENTED_EDGE('',*,*,#3790,.F.);
#5100=ORIENTED_EDGE('',*,*,#3791,.T.);
#5101=ORIENTED_EDGE('',*,*,#3788,.T.);
#5102=ORIENTED_EDGE('',*,*,#3685,.T.);
#5103=ORIENTED_EDGE('',*,*,#3792,.T.);
#5104=ORIENTED_EDGE('',*,*,#3793,.T.);
#5105=ORIENTED_EDGE('',*,*,#3794,.T.);
#5106=ORIENTED_EDGE('',*,*,#3795,.T.);
#5107=ORIENTED_EDGE('',*,*,#3796,.T.);
#5108=ORIENTED_EDGE('',*,*,#3797,.T.);
#5109=ORIENTED_EDGE('',*,*,#3529,.T.);
#5110=ORIENTED_EDGE('',*,*,#3798,.F.);
#5111=ORIENTED_EDGE('',*,*,#3799,.F.);
#5112=ORIENTED_EDGE('',*,*,#3792,.F.);
#5113=ORIENTED_EDGE('',*,*,#3528,.F.);
#5114=ORIENTED_EDGE('',*,*,#3525,.T.);
#5115=ORIENTED_EDGE('',*,*,#3754,.T.);
#5116=ORIENTED_EDGE('',*,*,#3693,.F.);
#5117=ORIENTED_EDGE('',*,*,#3800,.F.);
#5118=ORIENTED_EDGE('',*,*,#3801,.F.);
#5119=ORIENTED_EDGE('',*,*,#3798,.T.);
#5120=ORIENTED_EDGE('',*,*,#3692,.T.);
#5121=ORIENTED_EDGE('',*,*,#3708,.T.);
#5122=ORIENTED_EDGE('',*,*,#3715,.T.);
#5123=ORIENTED_EDGE('',*,*,#3711,.T.);
#5124=ORIENTED_EDGE('',*,*,#3690,.T.);
#5125=ORIENTED_EDGE('',*,*,#3802,.T.);
#5126=ORIENTED_EDGE('',*,*,#3803,.T.);
#5127=ORIENTED_EDGE('',*,*,#3800,.T.);
#5128=ORIENTED_EDGE('',*,*,#3689,.T.);
#5129=ORIENTED_EDGE('',*,*,#3753,.F.);
#5130=ORIENTED_EDGE('',*,*,#3456,.F.);
#5131=ORIENTED_EDGE('',*,*,#3461,.T.);
#5132=ORIENTED_EDGE('',*,*,#3797,.F.);
#5133=ORIENTED_EDGE('',*,*,#3804,.T.);
#5134=ORIENTED_EDGE('',*,*,#3805,.T.);
#5135=ORIENTED_EDGE('',*,*,#3806,.T.);
#5136=ORIENTED_EDGE('',*,*,#3807,.F.);
#5137=ORIENTED_EDGE('',*,*,#3808,.F.);
#5138=ORIENTED_EDGE('',*,*,#3809,.F.);
#5139=ORIENTED_EDGE('',*,*,#3810,.F.);
#5140=ORIENTED_EDGE('',*,*,#3811,.F.);
#5141=ORIENTED_EDGE('',*,*,#3812,.F.);
#5142=ORIENTED_EDGE('',*,*,#3813,.F.);
#5143=ORIENTED_EDGE('',*,*,#3814,.T.);
#5144=ORIENTED_EDGE('',*,*,#3815,.F.);
#5145=ORIENTED_EDGE('',*,*,#3816,.F.);
#5146=ORIENTED_EDGE('',*,*,#3435,.F.);
#5147=ORIENTED_EDGE('',*,*,#3817,.F.);
#5148=ORIENTED_EDGE('',*,*,#3757,.T.);
#5149=ORIENTED_EDGE('',*,*,#3818,.T.);
#5150=ORIENTED_EDGE('',*,*,#3590,.T.);
#5151=ORIENTED_EDGE('',*,*,#3671,.T.);
#5152=ORIENTED_EDGE('',*,*,#3819,.T.);
#5153=ORIENTED_EDGE('',*,*,#3820,.T.);
#5154=ORIENTED_EDGE('',*,*,#3821,.T.);
#5155=ORIENTED_EDGE('',*,*,#3822,.T.);
#5156=ORIENTED_EDGE('',*,*,#3823,.T.);
#5157=ORIENTED_EDGE('',*,*,#3824,.T.);
#5158=ORIENTED_EDGE('',*,*,#3825,.T.);
#5159=ORIENTED_EDGE('',*,*,#3826,.T.);
#5160=ORIENTED_EDGE('',*,*,#3827,.T.);
#5161=ORIENTED_EDGE('',*,*,#3828,.T.);
#5162=ORIENTED_EDGE('',*,*,#3829,.T.);
#5163=ORIENTED_EDGE('',*,*,#3830,.T.);
#5164=ORIENTED_EDGE('',*,*,#3831,.T.);
#5165=ORIENTED_EDGE('',*,*,#3832,.T.);
#5166=ORIENTED_EDGE('',*,*,#3833,.T.);
#5167=ORIENTED_EDGE('',*,*,#3790,.T.);
#5168=ORIENTED_EDGE('',*,*,#3684,.T.);
#5169=ORIENTED_EDGE('',*,*,#3681,.T.);
#5170=ORIENTED_EDGE('',*,*,#3530,.T.);
#5171=ORIENTED_EDGE('',*,*,#3469,.T.);
#5172=ORIENTED_EDGE('',*,*,#3759,.T.);
#5173=ORIENTED_EDGE('',*,*,#3755,.F.);
#5174=ORIENTED_EDGE('',*,*,#3523,.F.);
#5175=ORIENTED_EDGE('',*,*,#3527,.F.);
#5176=ORIENTED_EDGE('',*,*,#3834,.F.);
#5177=ORIENTED_EDGE('',*,*,#3835,.F.);
#5178=ORIENTED_EDGE('',*,*,#3836,.F.);
#5179=ORIENTED_EDGE('',*,*,#3837,.F.);
#5180=ORIENTED_EDGE('',*,*,#3838,.T.);
#5181=ORIENTED_EDGE('',*,*,#3839,.T.);
#5182=ORIENTED_EDGE('',*,*,#3840,.T.);
#5183=ORIENTED_EDGE('',*,*,#3841,.T.);
#5184=ORIENTED_EDGE('',*,*,#3842,.T.);
#5185=ORIENTED_EDGE('',*,*,#3843,.T.);
#5186=ORIENTED_EDGE('',*,*,#3794,.F.);
#5187=ORIENTED_EDGE('',*,*,#3844,.F.);
#5188=ORIENTED_EDGE('',*,*,#3802,.F.);
#5189=ORIENTED_EDGE('',*,*,#3464,.F.);
#5190=ORIENTED_EDGE('',*,*,#3845,.F.);
#5191=ORIENTED_EDGE('',*,*,#3846,.T.);
#5192=ORIENTED_EDGE('',*,*,#3847,.F.);
#5193=ORIENTED_EDGE('',*,*,#3834,.T.);
#5194=ORIENTED_EDGE('',*,*,#3845,.T.);
#5195=ORIENTED_EDGE('',*,*,#3848,.T.);
#5196=ORIENTED_EDGE('',*,*,#3849,.T.);
#5197=ORIENTED_EDGE('',*,*,#3850,.F.);
#5198=ORIENTED_EDGE('',*,*,#3851,.F.);
#5199=ORIENTED_EDGE('',*,*,#3852,.F.);
#5200=ORIENTED_EDGE('',*,*,#3853,.F.);
#5201=ORIENTED_EDGE('',*,*,#3846,.F.);
#5202=ORIENTED_EDGE('',*,*,#3849,.F.);
#5203=ORIENTED_EDGE('',*,*,#3854,.T.);
#5204=ORIENTED_EDGE('',*,*,#3855,.T.);
#5205=ORIENTED_EDGE('',*,*,#3856,.T.);
#5206=ORIENTED_EDGE('',*,*,#3857,.T.);
#5207=ORIENTED_EDGE('',*,*,#3858,.T.);
#5208=ORIENTED_EDGE('',*,*,#3859,.T.);
#5209=ORIENTED_EDGE('',*,*,#3860,.F.);
#5210=ORIENTED_EDGE('',*,*,#3861,.F.);
#5211=ORIENTED_EDGE('',*,*,#3862,.T.);
#5212=ORIENTED_EDGE('',*,*,#3863,.F.);
#5213=ORIENTED_EDGE('',*,*,#3850,.T.);
#5214=ORIENTED_EDGE('',*,*,#3848,.F.);
#5215=ORIENTED_EDGE('',*,*,#3463,.F.);
#5216=ORIENTED_EDGE('',*,*,#3453,.F.);
#5217=ORIENTED_EDGE('',*,*,#3864,.F.);
#5218=ORIENTED_EDGE('',*,*,#3865,.F.);
#5219=ORIENTED_EDGE('',*,*,#3860,.T.);
#5220=ORIENTED_EDGE('',*,*,#3459,.F.);
#5221=ORIENTED_EDGE('',*,*,#3477,.T.);
#5222=ORIENTED_EDGE('',*,*,#3866,.T.);
#5223=ORIENTED_EDGE('',*,*,#3867,.T.);
#5224=ORIENTED_EDGE('',*,*,#3864,.T.);
#5225=ORIENTED_EDGE('',*,*,#3476,.F.);
#5226=ORIENTED_EDGE('',*,*,#3868,.F.);
#5227=ORIENTED_EDGE('',*,*,#3766,.F.);
#5228=ORIENTED_EDGE('',*,*,#3869,.F.);
#5229=ORIENTED_EDGE('',*,*,#3870,.T.);
#5230=ORIENTED_EDGE('',*,*,#3871,.F.);
#5231=ORIENTED_EDGE('',*,*,#3872,.F.);
#5232=ORIENTED_EDGE('',*,*,#3854,.F.);
#5233=ORIENTED_EDGE('',*,*,#3873,.F.);
#5234=ORIENTED_EDGE('',*,*,#3874,.F.);
#5235=ORIENTED_EDGE('',*,*,#3870,.F.);
#5236=ORIENTED_EDGE('',*,*,#3875,.F.);
#5237=ORIENTED_EDGE('',*,*,#3876,.T.);
#5238=ORIENTED_EDGE('',*,*,#3877,.F.);
#5239=ORIENTED_EDGE('',*,*,#3876,.F.);
#5240=ORIENTED_EDGE('',*,*,#3872,.T.);
#5241=ORIENTED_EDGE('',*,*,#3878,.F.);
#5242=ORIENTED_EDGE('',*,*,#3879,.F.);
#5243=ORIENTED_EDGE('',*,*,#3855,.F.);
#5244=ORIENTED_EDGE('',*,*,#3880,.F.);
#5245=ORIENTED_EDGE('',*,*,#3881,.F.);
#5246=ORIENTED_EDGE('',*,*,#3882,.F.);
#5247=ORIENTED_EDGE('',*,*,#3883,.T.);
#5248=ORIENTED_EDGE('',*,*,#3884,.F.);
#5249=ORIENTED_EDGE('',*,*,#3885,.T.);
#5250=ORIENTED_EDGE('',*,*,#3886,.T.);
#5251=ORIENTED_EDGE('',*,*,#3887,.F.);
#5252=ORIENTED_EDGE('',*,*,#3883,.F.);
#5253=ORIENTED_EDGE('',*,*,#3888,.F.);
#5254=ORIENTED_EDGE('',*,*,#3889,.T.);
#5255=ORIENTED_EDGE('',*,*,#3890,.F.);
#5256=ORIENTED_EDGE('',*,*,#3886,.F.);
#5257=ORIENTED_EDGE('',*,*,#3891,.F.);
#5258=ORIENTED_EDGE('',*,*,#3892,.F.);
#5259=ORIENTED_EDGE('',*,*,#3889,.F.);
#5260=ORIENTED_EDGE('',*,*,#3893,.F.);
#5261=ORIENTED_EDGE('',*,*,#3894,.F.);
#5262=ORIENTED_EDGE('',*,*,#3895,.F.);
#5263=ORIENTED_EDGE('',*,*,#3896,.F.);
#5264=ORIENTED_EDGE('',*,*,#3897,.F.);
#5265=ORIENTED_EDGE('',*,*,#3841,.F.);
#5266=ORIENTED_EDGE('',*,*,#3897,.T.);
#5267=ORIENTED_EDGE('',*,*,#3780,.F.);
#5268=ORIENTED_EDGE('',*,*,#3898,.T.);
#5269=ORIENTED_EDGE('',*,*,#3899,.F.);
#5270=ORIENTED_EDGE('',*,*,#3898,.F.);
#5271=ORIENTED_EDGE('',*,*,#3779,.F.);
#5272=ORIENTED_EDGE('',*,*,#3900,.T.);
#5273=ORIENTED_EDGE('',*,*,#3901,.F.);
#5274=ORIENTED_EDGE('',*,*,#3900,.F.);
#5275=ORIENTED_EDGE('',*,*,#3902,.F.);
#5276=ORIENTED_EDGE('',*,*,#3881,.T.);
#5277=ORIENTED_EDGE('',*,*,#3899,.T.);
#5278=ORIENTED_EDGE('',*,*,#3901,.T.);
#5279=ORIENTED_EDGE('',*,*,#3880,.T.);
#5280=ORIENTED_EDGE('',*,*,#3887,.T.);
#5281=ORIENTED_EDGE('',*,*,#3892,.T.);
#5282=ORIENTED_EDGE('',*,*,#3840,.F.);
#5283=ORIENTED_EDGE('',*,*,#3903,.F.);
#5284=ORIENTED_EDGE('',*,*,#3904,.F.);
#5285=ORIENTED_EDGE('',*,*,#3905,.F.);
#5286=ORIENTED_EDGE('',*,*,#3906,.T.);
#5287=ORIENTED_EDGE('',*,*,#3805,.F.);
#5288=ORIENTED_EDGE('',*,*,#3907,.F.);
#5289=ORIENTED_EDGE('',*,*,#3908,.F.);
#5290=ORIENTED_EDGE('',*,*,#3842,.F.);
#5291=ORIENTED_EDGE('',*,*,#3893,.T.);
#5292=ORIENTED_EDGE('',*,*,#3888,.T.);
#5293=ORIENTED_EDGE('',*,*,#3882,.T.);
#5294=ORIENTED_EDGE('',*,*,#3909,.F.);
#5295=ORIENTED_EDGE('',*,*,#3910,.F.);
#5296=ORIENTED_EDGE('',*,*,#3911,.F.);
#5297=ORIENTED_EDGE('',*,*,#3831,.F.);
#5298=ORIENTED_EDGE('',*,*,#3912,.F.);
#5299=ORIENTED_EDGE('',*,*,#3913,.F.);
#5300=ORIENTED_EDGE('',*,*,#3914,.T.);
#5301=ORIENTED_EDGE('',*,*,#3915,.T.);
#5302=ORIENTED_EDGE('',*,*,#3916,.F.);
#5303=ORIENTED_EDGE('',*,*,#3917,.F.);
#5304=ORIENTED_EDGE('',*,*,#3806,.F.);
#5305=ORIENTED_EDGE('',*,*,#3906,.F.);
#5306=ORIENTED_EDGE('',*,*,#3804,.F.);
#5307=ORIENTED_EDGE('',*,*,#3796,.F.);
#5308=ORIENTED_EDGE('',*,*,#3907,.T.);
#5309=ORIENTED_EDGE('',*,*,#3917,.T.);
#5310=ORIENTED_EDGE('',*,*,#3918,.F.);
#5311=ORIENTED_EDGE('',*,*,#3919,.T.);
#5312=ORIENTED_EDGE('',*,*,#3807,.T.);
#5313=ORIENTED_EDGE('',*,*,#3916,.T.);
#5314=ORIENTED_EDGE('',*,*,#3920,.T.);
#5315=ORIENTED_EDGE('',*,*,#3921,.T.);
#5316=ORIENTED_EDGE('',*,*,#3837,.T.);
#5317=ORIENTED_EDGE('',*,*,#3922,.T.);
#5318=ORIENTED_EDGE('',*,*,#3923,.T.);
#5319=ORIENTED_EDGE('',*,*,#3918,.T.);
#5320=ORIENTED_EDGE('',*,*,#3905,.T.);
#5321=ORIENTED_EDGE('',*,*,#3924,.F.);
#5322=ORIENTED_EDGE('',*,*,#3920,.F.);
#5323=ORIENTED_EDGE('',*,*,#3904,.T.);
#5324=ORIENTED_EDGE('',*,*,#3925,.F.);
#5325=ORIENTED_EDGE('',*,*,#3838,.F.);
#5326=ORIENTED_EDGE('',*,*,#3921,.F.);
#5327=ORIENTED_EDGE('',*,*,#3924,.T.);
#5328=ORIENTED_EDGE('',*,*,#3903,.T.);
#5329=ORIENTED_EDGE('',*,*,#3839,.F.);
#5330=ORIENTED_EDGE('',*,*,#3925,.T.);
#5331=ORIENTED_EDGE('',*,*,#3908,.T.);
#5332=ORIENTED_EDGE('',*,*,#3795,.F.);
#5333=ORIENTED_EDGE('',*,*,#3843,.F.);
#5334=ORIENTED_EDGE('',*,*,#3926,.F.);
#5335=ORIENTED_EDGE('',*,*,#3927,.F.);
#5336=ORIENTED_EDGE('',*,*,#3928,.F.);
#5337=ORIENTED_EDGE('',*,*,#3929,.T.);
#5338=ORIENTED_EDGE('',*,*,#3930,.F.);
#5339=ORIENTED_EDGE('',*,*,#3931,.F.);
#5340=ORIENTED_EDGE('',*,*,#3932,.T.);
#5341=ORIENTED_EDGE('',*,*,#3933,.F.);
#5342=ORIENTED_EDGE('',*,*,#3934,.F.);
#5343=ORIENTED_EDGE('',*,*,#3935,.F.);
#5344=ORIENTED_EDGE('',*,*,#3936,.F.);
#5345=ORIENTED_EDGE('',*,*,#3937,.F.);
#5346=ORIENTED_EDGE('',*,*,#3938,.F.);
#5347=ORIENTED_EDGE('',*,*,#3939,.F.);
#5348=ORIENTED_EDGE('',*,*,#3929,.F.);
#5349=ORIENTED_EDGE('',*,*,#3940,.F.);
#5350=ORIENTED_EDGE('',*,*,#3935,.T.);
#5351=ORIENTED_EDGE('',*,*,#3941,.F.);
#5352=ORIENTED_EDGE('',*,*,#3942,.F.);
#5353=ORIENTED_EDGE('',*,*,#3943,.F.);
#5354=ORIENTED_EDGE('',*,*,#3944,.F.);
#5355=ORIENTED_EDGE('',*,*,#3945,.F.);
#5356=ORIENTED_EDGE('',*,*,#3932,.F.);
#5357=ORIENTED_EDGE('',*,*,#3946,.F.);
#5358=ORIENTED_EDGE('',*,*,#3937,.T.);
#5359=ORIENTED_EDGE('',*,*,#3947,.F.);
#5360=ORIENTED_EDGE('',*,*,#3948,.F.);
#5361=ORIENTED_EDGE('',*,*,#3949,.F.);
#5362=ORIENTED_EDGE('',*,*,#3950,.T.);
#5363=ORIENTED_EDGE('',*,*,#3951,.F.);
#5364=ORIENTED_EDGE('',*,*,#3950,.F.);
#5365=ORIENTED_EDGE('',*,*,#3952,.F.);
#5366=ORIENTED_EDGE('',*,*,#3927,.T.);
#5367=ORIENTED_EDGE('',*,*,#3926,.T.);
#5368=ORIENTED_EDGE('',*,*,#3953,.F.);
#5369=ORIENTED_EDGE('',*,*,#3853,.T.);
#5370=ORIENTED_EDGE('',*,*,#3954,.F.);
#5371=ORIENTED_EDGE('',*,*,#3945,.T.);
#5372=ORIENTED_EDGE('',*,*,#3936,.T.);
#5373=ORIENTED_EDGE('',*,*,#3955,.F.);
#5374=ORIENTED_EDGE('',*,*,#3835,.T.);
#5375=ORIENTED_EDGE('',*,*,#3847,.T.);
#5376=ORIENTED_EDGE('',*,*,#3953,.T.);
#5377=ORIENTED_EDGE('',*,*,#3938,.T.);
#5378=ORIENTED_EDGE('',*,*,#3946,.T.);
#5379=ORIENTED_EDGE('',*,*,#3931,.T.);
#5380=ORIENTED_EDGE('',*,*,#3956,.T.);
#5381=ORIENTED_EDGE('',*,*,#3957,.T.);
#5382=ORIENTED_EDGE('',*,*,#3958,.T.);
#5383=ORIENTED_EDGE('',*,*,#3959,.T.);
#5384=ORIENTED_EDGE('',*,*,#3836,.T.);
#5385=ORIENTED_EDGE('',*,*,#3955,.T.);
#5386=ORIENTED_EDGE('',*,*,#3930,.T.);
#5387=ORIENTED_EDGE('',*,*,#3939,.T.);
#5388=ORIENTED_EDGE('',*,*,#3960,.F.);
#5389=ORIENTED_EDGE('',*,*,#3956,.F.);
#5390=ORIENTED_EDGE('',*,*,#3944,.T.);
#5391=ORIENTED_EDGE('',*,*,#3961,.F.);
#5392=ORIENTED_EDGE('',*,*,#3957,.F.);
#5393=ORIENTED_EDGE('',*,*,#3960,.T.);
#5394=ORIENTED_EDGE('',*,*,#3943,.T.);
#5395=ORIENTED_EDGE('',*,*,#3962,.F.);
#5396=ORIENTED_EDGE('',*,*,#3963,.F.);
#5397=ORIENTED_EDGE('',*,*,#3958,.F.);
#5398=ORIENTED_EDGE('',*,*,#3961,.T.);
#5399=ORIENTED_EDGE('',*,*,#3914,.F.);
#5400=ORIENTED_EDGE('',*,*,#3964,.F.);
#5401=ORIENTED_EDGE('',*,*,#3965,.F.);
#5402=ORIENTED_EDGE('',*,*,#3966,.F.);
#5403=ORIENTED_EDGE('',*,*,#3967,.T.);
#5404=ORIENTED_EDGE('',*,*,#3875,.T.);
#5405=ORIENTED_EDGE('',*,*,#3942,.T.);
#5406=ORIENTED_EDGE('',*,*,#3968,.F.);
#5407=ORIENTED_EDGE('',*,*,#3962,.T.);
#5408=ORIENTED_EDGE('',*,*,#3964,.T.);
#5409=ORIENTED_EDGE('',*,*,#3913,.T.);
#5410=ORIENTED_EDGE('',*,*,#3969,.T.);
#5411=ORIENTED_EDGE('',*,*,#3970,.F.);
#5412=ORIENTED_EDGE('',*,*,#3971,.T.);
#5413=ORIENTED_EDGE('',*,*,#3972,.T.);
#5414=ORIENTED_EDGE('',*,*,#3973,.F.);
#5415=ORIENTED_EDGE('',*,*,#3974,.F.);
#5416=ORIENTED_EDGE('',*,*,#3782,.F.);
#5417=ORIENTED_EDGE('',*,*,#3928,.T.);
#5418=ORIENTED_EDGE('',*,*,#3975,.T.);
#5419=ORIENTED_EDGE('',*,*,#3809,.T.);
#5420=ORIENTED_EDGE('',*,*,#3976,.T.);
#5421=ORIENTED_EDGE('',*,*,#3952,.T.);
#5422=ORIENTED_EDGE('',*,*,#3949,.T.);
#5423=ORIENTED_EDGE('',*,*,#3977,.F.);
#5424=ORIENTED_EDGE('',*,*,#3978,.F.);
#5425=ORIENTED_EDGE('',*,*,#3810,.T.);
#5426=ORIENTED_EDGE('',*,*,#3975,.F.);
#5427=ORIENTED_EDGE('',*,*,#3948,.T.);
#5428=ORIENTED_EDGE('',*,*,#3979,.F.);
#5429=ORIENTED_EDGE('',*,*,#3980,.T.);
#5430=ORIENTED_EDGE('',*,*,#3977,.T.);
#5431=ORIENTED_EDGE('',*,*,#3894,.T.);
#5432=ORIENTED_EDGE('',*,*,#3915,.F.);
#5433=ORIENTED_EDGE('',*,*,#3967,.F.);
#5434=ORIENTED_EDGE('',*,*,#3981,.F.);
#5435=ORIENTED_EDGE('',*,*,#3896,.T.);
#5436=ORIENTED_EDGE('',*,*,#3982,.F.);
#5437=ORIENTED_EDGE('',*,*,#3983,.F.);
#5438=ORIENTED_EDGE('',*,*,#3984,.F.);
#5439=ORIENTED_EDGE('',*,*,#3972,.F.);
#5440=ORIENTED_EDGE('',*,*,#3781,.F.);
#5441=ORIENTED_EDGE('',*,*,#3877,.T.);
#5442=ORIENTED_EDGE('',*,*,#3982,.T.);
#5443=ORIENTED_EDGE('',*,*,#3895,.T.);
#5444=ORIENTED_EDGE('',*,*,#3891,.T.);
#5445=ORIENTED_EDGE('',*,*,#3885,.F.);
#5446=ORIENTED_EDGE('',*,*,#3985,.F.);
#5447=ORIENTED_EDGE('',*,*,#3824,.F.);
#5448=ORIENTED_EDGE('',*,*,#3986,.T.);
#5449=ORIENTED_EDGE('',*,*,#3987,.F.);
#5450=ORIENTED_EDGE('',*,*,#3988,.T.);
#5451=ORIENTED_EDGE('',*,*,#3989,.T.);
#5452=ORIENTED_EDGE('',*,*,#3990,.T.);
#5453=ORIENTED_EDGE('',*,*,#3991,.T.);
#5454=ORIENTED_EDGE('',*,*,#3992,.T.);
#5455=ORIENTED_EDGE('',*,*,#3993,.T.);
#5456=ORIENTED_EDGE('',*,*,#3994,.T.);
#5457=ORIENTED_EDGE('',*,*,#3995,.T.);
#5458=ORIENTED_EDGE('',*,*,#3996,.F.);
#5459=ORIENTED_EDGE('',*,*,#3997,.F.);
#5460=ORIENTED_EDGE('',*,*,#3483,.F.);
#5461=ORIENTED_EDGE('',*,*,#3758,.T.);
#5462=ORIENTED_EDGE('',*,*,#3817,.T.);
#5463=ORIENTED_EDGE('',*,*,#3434,.F.);
#5464=ORIENTED_EDGE('',*,*,#3739,.T.);
#5465=ORIENTED_EDGE('',*,*,#3733,.T.);
#5466=ORIENTED_EDGE('',*,*,#3737,.T.);
#5467=ORIENTED_EDGE('',*,*,#3719,.F.);
#5468=ORIENTED_EDGE('',*,*,#3521,.F.);
#5469=ORIENTED_EDGE('',*,*,#3450,.F.);
#5470=ORIENTED_EDGE('',*,*,#3447,.T.);
#5471=ORIENTED_EDGE('',*,*,#3717,.F.);
#5472=ORIENTED_EDGE('',*,*,#3998,.F.);
#5473=ORIENTED_EDGE('',*,*,#3999,.T.);
#5474=ORIENTED_EDGE('',*,*,#4000,.F.);
#5475=ORIENTED_EDGE('',*,*,#4001,.F.);
#5476=ORIENTED_EDGE('',*,*,#4002,.T.);
#5477=ORIENTED_EDGE('',*,*,#3998,.T.);
#5478=ORIENTED_EDGE('',*,*,#4003,.T.);
#5479=ORIENTED_EDGE('',*,*,#4004,.F.);
#5480=ORIENTED_EDGE('',*,*,#4005,.F.);
#5481=ORIENTED_EDGE('',*,*,#4006,.T.);
#5482=ORIENTED_EDGE('',*,*,#3815,.T.);
#5483=ORIENTED_EDGE('',*,*,#4007,.F.);
#5484=ORIENTED_EDGE('',*,*,#4008,.T.);
#5485=ORIENTED_EDGE('',*,*,#4009,.F.);
#5486=ORIENTED_EDGE('',*,*,#4010,.T.);
#5487=ORIENTED_EDGE('',*,*,#4004,.T.);
#5488=ORIENTED_EDGE('',*,*,#4011,.T.);
#5489=ORIENTED_EDGE('',*,*,#4000,.T.);
#5490=ORIENTED_EDGE('',*,*,#4012,.T.);
#5491=ORIENTED_EDGE('',*,*,#4013,.T.);
#5492=ORIENTED_EDGE('',*,*,#3820,.F.);
#5493=ORIENTED_EDGE('',*,*,#4014,.T.);
#5494=ORIENTED_EDGE('',*,*,#4015,.T.);
#5495=ORIENTED_EDGE('',*,*,#4016,.T.);
#5496=ORIENTED_EDGE('',*,*,#4017,.T.);
#5497=ORIENTED_EDGE('',*,*,#4018,.T.);
#5498=ORIENTED_EDGE('',*,*,#4019,.T.);
#5499=ORIENTED_EDGE('',*,*,#3821,.F.);
#5500=ORIENTED_EDGE('',*,*,#4013,.F.);
#5501=ORIENTED_EDGE('',*,*,#4020,.T.);
#5502=ORIENTED_EDGE('',*,*,#4016,.F.);
#5503=ORIENTED_EDGE('',*,*,#4021,.T.);
#5504=ORIENTED_EDGE('',*,*,#4022,.T.);
#5505=ORIENTED_EDGE('',*,*,#4023,.T.);
#5506=ORIENTED_EDGE('',*,*,#3827,.F.);
#5507=ORIENTED_EDGE('',*,*,#4024,.T.);
#5508=ORIENTED_EDGE('',*,*,#4025,.T.);
#5509=ORIENTED_EDGE('',*,*,#4026,.F.);
#5510=ORIENTED_EDGE('',*,*,#3828,.F.);
#5511=ORIENTED_EDGE('',*,*,#4026,.T.);
#5512=ORIENTED_EDGE('',*,*,#3970,.T.);
#5513=ORIENTED_EDGE('',*,*,#4027,.F.);
#5514=ORIENTED_EDGE('',*,*,#3829,.F.);
#5515=ORIENTED_EDGE('',*,*,#4027,.T.);
#5516=ORIENTED_EDGE('',*,*,#4028,.T.);
#5517=ORIENTED_EDGE('',*,*,#3830,.F.);
#5518=ORIENTED_EDGE('',*,*,#4028,.F.);
#5519=ORIENTED_EDGE('',*,*,#3969,.F.);
#5520=ORIENTED_EDGE('',*,*,#3912,.T.);
#5521=ORIENTED_EDGE('',*,*,#3832,.F.);
#5522=ORIENTED_EDGE('',*,*,#3911,.T.);
#5523=ORIENTED_EDGE('',*,*,#4029,.T.);
#5524=ORIENTED_EDGE('',*,*,#4030,.T.);
#5525=ORIENTED_EDGE('',*,*,#3833,.F.);
#5526=ORIENTED_EDGE('',*,*,#4030,.F.);
#5527=ORIENTED_EDGE('',*,*,#4031,.F.);
#5528=ORIENTED_EDGE('',*,*,#3791,.F.);
#5529=ORIENTED_EDGE('',*,*,#4032,.F.);
#5530=ORIENTED_EDGE('',*,*,#4033,.F.);
#5531=ORIENTED_EDGE('',*,*,#4034,.F.);
#5532=ORIENTED_EDGE('',*,*,#4035,.F.);
#5533=ORIENTED_EDGE('',*,*,#4036,.F.);
#5534=ORIENTED_EDGE('',*,*,#3787,.F.);
#5535=ORIENTED_EDGE('',*,*,#4037,.F.);
#5536=ORIENTED_EDGE('',*,*,#4021,.F.);
#5537=ORIENTED_EDGE('',*,*,#4038,.F.);
#5538=ORIENTED_EDGE('',*,*,#4039,.F.);
#5539=ORIENTED_EDGE('',*,*,#4040,.F.);
#5540=ORIENTED_EDGE('',*,*,#4041,.F.);
#5541=ORIENTED_EDGE('',*,*,#4023,.F.);
#5542=ORIENTED_EDGE('',*,*,#4042,.T.);
#5543=ORIENTED_EDGE('',*,*,#4043,.T.);
#5544=ORIENTED_EDGE('',*,*,#4034,.T.);
#5545=ORIENTED_EDGE('',*,*,#4044,.F.);
#5546=ORIENTED_EDGE('',*,*,#4045,.F.);
#5547=ORIENTED_EDGE('',*,*,#4041,.T.);
#5548=ORIENTED_EDGE('',*,*,#4046,.T.);
#5549=ORIENTED_EDGE('',*,*,#4033,.T.);
#5550=ORIENTED_EDGE('',*,*,#3990,.F.);
#5551=ORIENTED_EDGE('',*,*,#4047,.T.);
#5552=ORIENTED_EDGE('',*,*,#4032,.T.);
#5553=ORIENTED_EDGE('',*,*,#4048,.F.);
#5554=ORIENTED_EDGE('',*,*,#4049,.F.);
#5555=ORIENTED_EDGE('',*,*,#4050,.T.);
#5556=ORIENTED_EDGE('',*,*,#4051,.T.);
#5557=ORIENTED_EDGE('',*,*,#3645,.F.);
#5558=ORIENTED_EDGE('',*,*,#3764,.F.);
#5559=ORIENTED_EDGE('',*,*,#4052,.F.);
#5560=ORIENTED_EDGE('',*,*,#4053,.T.);
#5561=ORIENTED_EDGE('',*,*,#3652,.F.);
#5562=ORIENTED_EDGE('',*,*,#4054,.F.);
#5563=ORIENTED_EDGE('',*,*,#3776,.T.);
#5564=ORIENTED_EDGE('',*,*,#3785,.T.);
#5565=ORIENTED_EDGE('',*,*,#4036,.T.);
#5566=ORIENTED_EDGE('',*,*,#3789,.F.);
#5567=ORIENTED_EDGE('',*,*,#4031,.T.);
#5568=ORIENTED_EDGE('',*,*,#4055,.T.);
#5569=ORIENTED_EDGE('',*,*,#4035,.T.);
#5570=ORIENTED_EDGE('',*,*,#4056,.F.);
#5571=ORIENTED_EDGE('',*,*,#4057,.T.);
#5572=ORIENTED_EDGE('',*,*,#3769,.T.);
#5573=ORIENTED_EDGE('',*,*,#4058,.T.);
#5574=ORIENTED_EDGE('',*,*,#4059,.F.);
#5575=ORIENTED_EDGE('',*,*,#4060,.T.);
#5576=ORIENTED_EDGE('',*,*,#3770,.T.);
#5577=ORIENTED_EDGE('',*,*,#4057,.F.);
#5578=ORIENTED_EDGE('',*,*,#3868,.T.);
#5579=ORIENTED_EDGE('',*,*,#3869,.T.);
#5580=ORIENTED_EDGE('',*,*,#3771,.T.);
#5581=ORIENTED_EDGE('',*,*,#4060,.F.);
#5582=ORIENTED_EDGE('',*,*,#4061,.F.);
#5583=ORIENTED_EDGE('',*,*,#4062,.T.);
#5584=ORIENTED_EDGE('',*,*,#3767,.T.);
#5585=ORIENTED_EDGE('',*,*,#4058,.F.);
#5586=ORIENTED_EDGE('',*,*,#3768,.T.);
#5587=ORIENTED_EDGE('',*,*,#4062,.F.);
#5588=ORIENTED_EDGE('',*,*,#4063,.F.);
#5589=ORIENTED_EDGE('',*,*,#4064,.F.);
#5590=ORIENTED_EDGE('',*,*,#4065,.T.);
#5591=ORIENTED_EDGE('',*,*,#4052,.T.);
#5592=ORIENTED_EDGE('',*,*,#4066,.F.);
#5593=ORIENTED_EDGE('',*,*,#4067,.F.);
#5594=ORIENTED_EDGE('',*,*,#4068,.F.);
#5595=ORIENTED_EDGE('',*,*,#4069,.T.);
#5596=ORIENTED_EDGE('',*,*,#4037,.T.);
#5597=ORIENTED_EDGE('',*,*,#4070,.F.);
#5598=ORIENTED_EDGE('',*,*,#4015,.F.);
#5599=ORIENTED_EDGE('',*,*,#4071,.T.);
#5600=ORIENTED_EDGE('',*,*,#4072,.T.);
#5601=ORIENTED_EDGE('',*,*,#4038,.T.);
#5602=ORIENTED_EDGE('',*,*,#4073,.F.);
#5603=ORIENTED_EDGE('',*,*,#3675,.T.);
#5604=ORIENTED_EDGE('',*,*,#4074,.T.);
#5605=ORIENTED_EDGE('',*,*,#4071,.F.);
#5606=ORIENTED_EDGE('',*,*,#4075,.F.);
#5607=ORIENTED_EDGE('',*,*,#4076,.T.);
#5608=ORIENTED_EDGE('',*,*,#4018,.F.);
#5609=ORIENTED_EDGE('',*,*,#4077,.T.);
#5610=ORIENTED_EDGE('',*,*,#4040,.T.);
#5611=ORIENTED_EDGE('',*,*,#3988,.F.);
#5612=ORIENTED_EDGE('',*,*,#4078,.T.);
#5613=ORIENTED_EDGE('',*,*,#4039,.T.);
#5614=ORIENTED_EDGE('',*,*,#4079,.F.);
#5615=ORIENTED_EDGE('',*,*,#3902,.T.);
#5616=ORIENTED_EDGE('',*,*,#3778,.F.);
#5617=ORIENTED_EDGE('',*,*,#4080,.T.);
#5618=ORIENTED_EDGE('',*,*,#3909,.T.);
#5619=ORIENTED_EDGE('',*,*,#3825,.F.);
#5620=ORIENTED_EDGE('',*,*,#4081,.T.);
#5621=ORIENTED_EDGE('',*,*,#4082,.F.);
#5622=ORIENTED_EDGE('',*,*,#3826,.F.);
#5623=ORIENTED_EDGE('',*,*,#4082,.T.);
#5624=ORIENTED_EDGE('',*,*,#4083,.T.);
#5625=ORIENTED_EDGE('',*,*,#4024,.F.);
#5626=ORIENTED_EDGE('',*,*,#4014,.F.);
#5627=ORIENTED_EDGE('',*,*,#3819,.F.);
#5628=ORIENTED_EDGE('',*,*,#3670,.F.);
#5629=ORIENTED_EDGE('',*,*,#4073,.T.);
#5630=ORIENTED_EDGE('',*,*,#4076,.F.);
#5631=ORIENTED_EDGE('',*,*,#4084,.T.);
#5632=ORIENTED_EDGE('',*,*,#4085,.F.);
#5633=ORIENTED_EDGE('',*,*,#3822,.F.);
#5634=ORIENTED_EDGE('',*,*,#4019,.F.);
#5635=ORIENTED_EDGE('',*,*,#4086,.F.);
#5636=ORIENTED_EDGE('',*,*,#4087,.T.);
#5637=ORIENTED_EDGE('',*,*,#4042,.F.);
#5638=ORIENTED_EDGE('',*,*,#4022,.F.);
#5639=ORIENTED_EDGE('',*,*,#4069,.F.);
#5640=ORIENTED_EDGE('',*,*,#4088,.F.);
#5641=ORIENTED_EDGE('',*,*,#3991,.F.);
#5642=ORIENTED_EDGE('',*,*,#4048,.T.);
#5643=ORIENTED_EDGE('',*,*,#4043,.F.);
#5644=ORIENTED_EDGE('',*,*,#4087,.F.);
#5645=ORIENTED_EDGE('',*,*,#3989,.F.);
#5646=ORIENTED_EDGE('',*,*,#4079,.T.);
#5647=ORIENTED_EDGE('',*,*,#4045,.T.);
#5648=ORIENTED_EDGE('',*,*,#4047,.F.);
#5649=ORIENTED_EDGE('',*,*,#4089,.T.);
#5650=ORIENTED_EDGE('',*,*,#4049,.T.);
#5651=ORIENTED_EDGE('',*,*,#3644,.F.);
#5652=ORIENTED_EDGE('',*,*,#3587,.F.);
#5653=ORIENTED_EDGE('',*,*,#4051,.F.);
#5654=ORIENTED_EDGE('',*,*,#4090,.F.);
#5655=ORIENTED_EDGE('',*,*,#4091,.T.);
#5656=ORIENTED_EDGE('',*,*,#4092,.F.);
#5657=ORIENTED_EDGE('',*,*,#3572,.T.);
#5658=ORIENTED_EDGE('',*,*,#4053,.F.);
#5659=ORIENTED_EDGE('',*,*,#4065,.F.);
#5660=ORIENTED_EDGE('',*,*,#4093,.F.);
#5661=ORIENTED_EDGE('',*,*,#4090,.T.);
#5662=ORIENTED_EDGE('',*,*,#4050,.F.);
#5663=ORIENTED_EDGE('',*,*,#4089,.F.);
#5664=ORIENTED_EDGE('',*,*,#3586,.F.);
#5665=ORIENTED_EDGE('',*,*,#3653,.F.);
#5666=ORIENTED_EDGE('',*,*,#3984,.T.);
#5667=ORIENTED_EDGE('',*,*,#4094,.T.);
#5668=ORIENTED_EDGE('',*,*,#4095,.T.);
#5669=ORIENTED_EDGE('',*,*,#3973,.T.);
#5670=ORIENTED_EDGE('',*,*,#4029,.F.);
#5671=ORIENTED_EDGE('',*,*,#3910,.T.);
#5672=ORIENTED_EDGE('',*,*,#4080,.F.);
#5673=ORIENTED_EDGE('',*,*,#3777,.T.);
#5674=ORIENTED_EDGE('',*,*,#4054,.T.);
#5675=ORIENTED_EDGE('',*,*,#4055,.F.);
#5676=ORIENTED_EDGE('',*,*,#4096,.F.);
#5677=ORIENTED_EDGE('',*,*,#4091,.F.);
#5678=ORIENTED_EDGE('',*,*,#4093,.T.);
#5679=ORIENTED_EDGE('',*,*,#4064,.T.);
#5680=ORIENTED_EDGE('',*,*,#4097,.F.);
#5681=ORIENTED_EDGE('',*,*,#4098,.T.);
#5682=ORIENTED_EDGE('',*,*,#3761,.F.);
#5683=ORIENTED_EDGE('',*,*,#4099,.T.);
#5684=ORIENTED_EDGE('',*,*,#4095,.F.);
#5685=ORIENTED_EDGE('',*,*,#4100,.T.);
#5686=ORIENTED_EDGE('',*,*,#3783,.F.);
#5687=ORIENTED_EDGE('',*,*,#3974,.T.);
#5688=ORIENTED_EDGE('',*,*,#4099,.F.);
#5689=ORIENTED_EDGE('',*,*,#3773,.F.);
#5690=ORIENTED_EDGE('',*,*,#4101,.T.);
#5691=ORIENTED_EDGE('',*,*,#4102,.T.);
#5692=ORIENTED_EDGE('',*,*,#4103,.T.);
#5693=ORIENTED_EDGE('',*,*,#4104,.T.);
#5694=ORIENTED_EDGE('',*,*,#4102,.F.);
#5695=ORIENTED_EDGE('',*,*,#4105,.T.);
#5696=ORIENTED_EDGE('',*,*,#4063,.T.);
#5697=ORIENTED_EDGE('',*,*,#4106,.T.);
#5698=ORIENTED_EDGE('',*,*,#4101,.F.);
#5699=ORIENTED_EDGE('',*,*,#4107,.T.);
#5700=ORIENTED_EDGE('',*,*,#4056,.T.);
#5701=ORIENTED_EDGE('',*,*,#4105,.F.);
#5702=ORIENTED_EDGE('',*,*,#4104,.F.);
#5703=ORIENTED_EDGE('',*,*,#4108,.T.);
#5704=ORIENTED_EDGE('',*,*,#4059,.T.);
#5705=ORIENTED_EDGE('',*,*,#4107,.F.);
#5706=ORIENTED_EDGE('',*,*,#4106,.F.);
#5707=ORIENTED_EDGE('',*,*,#4061,.T.);
#5708=ORIENTED_EDGE('',*,*,#4108,.F.);
#5709=ORIENTED_EDGE('',*,*,#4103,.F.);
#5710=ORIENTED_EDGE('',*,*,#3993,.F.);
#5711=ORIENTED_EDGE('',*,*,#4109,.T.);
#5712=ORIENTED_EDGE('',*,*,#4066,.T.);
#5713=ORIENTED_EDGE('',*,*,#3763,.F.);
#5714=ORIENTED_EDGE('',*,*,#4110,.T.);
#5715=ORIENTED_EDGE('',*,*,#3983,.T.);
#5716=ORIENTED_EDGE('',*,*,#3994,.F.);
#5717=ORIENTED_EDGE('',*,*,#4111,.T.);
#5718=ORIENTED_EDGE('',*,*,#4094,.F.);
#5719=ORIENTED_EDGE('',*,*,#4110,.F.);
#5720=ORIENTED_EDGE('',*,*,#3762,.F.);
#5721=ORIENTED_EDGE('',*,*,#4100,.F.);
#5722=ORIENTED_EDGE('',*,*,#4111,.F.);
#5723=ORIENTED_EDGE('',*,*,#4092,.T.);
#5724=ORIENTED_EDGE('',*,*,#4096,.T.);
#5725=ORIENTED_EDGE('',*,*,#3559,.T.);
#5726=ORIENTED_EDGE('',*,*,#3567,.T.);
#5727=ORIENTED_EDGE('',*,*,#3574,.T.);
#5728=ORIENTED_EDGE('',*,*,#3635,.F.);
#5729=ORIENTED_EDGE('',*,*,#3632,.F.);
#5730=ORIENTED_EDGE('',*,*,#3627,.F.);
#5731=ORIENTED_EDGE('',*,*,#3624,.F.);
#5732=ORIENTED_EDGE('',*,*,#3640,.F.);
#5733=ORIENTED_EDGE('',*,*,#4112,.T.);
#5734=ORIENTED_EDGE('',*,*,#4113,.T.);
#5735=ORIENTED_EDGE('',*,*,#4114,.F.);
#5736=ORIENTED_EDGE('',*,*,#3647,.T.);
#5737=ORIENTED_EDGE('',*,*,#3591,.F.);
#5738=ORIENTED_EDGE('',*,*,#3818,.F.);
#5739=ORIENTED_EDGE('',*,*,#3756,.T.);
#5740=ORIENTED_EDGE('',*,*,#3651,.T.);
#5741=ORIENTED_EDGE('',*,*,#3579,.T.);
#5742=ORIENTED_EDGE('',*,*,#3561,.T.);
#5743=ORIENTED_EDGE('',*,*,#3738,.T.);
#5744=ORIENTED_EDGE('',*,*,#3722,.T.);
#5745=ORIENTED_EDGE('',*,*,#3677,.T.);
#5746=ORIENTED_EDGE('',*,*,#3664,.T.);
#5747=ORIENTED_EDGE('',*,*,#3676,.T.);
#5748=ORIENTED_EDGE('',*,*,#3660,.T.);
#5749=ORIENTED_EDGE('',*,*,#3674,.T.);
#5750=ORIENTED_EDGE('',*,*,#3596,.T.);
#5751=ORIENTED_EDGE('',*,*,#3672,.T.);
#5752=ORIENTED_EDGE('',*,*,#3724,.T.);
#5753=ORIENTED_EDGE('',*,*,#3735,.T.);
#5754=ORIENTED_EDGE('',*,*,#3731,.T.);
#5755=ORIENTED_EDGE('',*,*,#4115,.F.);
#5756=ORIENTED_EDGE('',*,*,#4070,.T.);
#5757=ORIENTED_EDGE('',*,*,#4072,.F.);
#5758=ORIENTED_EDGE('',*,*,#4074,.F.);
#5759=ORIENTED_EDGE('',*,*,#3648,.F.);
#5760=ORIENTED_EDGE('',*,*,#4114,.T.);
#5761=ORIENTED_EDGE('',*,*,#4116,.F.);
#5762=ORIENTED_EDGE('',*,*,#4115,.T.);
#5763=ORIENTED_EDGE('',*,*,#4117,.T.);
#5764=ORIENTED_EDGE('',*,*,#4097,.T.);
#5765=ORIENTED_EDGE('',*,*,#4067,.T.);
#5766=ORIENTED_EDGE('',*,*,#4109,.F.);
#5767=ORIENTED_EDGE('',*,*,#3992,.F.);
#5768=ORIENTED_EDGE('',*,*,#4088,.T.);
#5769=ORIENTED_EDGE('',*,*,#4086,.T.);
#5770=ORIENTED_EDGE('',*,*,#4068,.T.);
#5771=ORIENTED_EDGE('',*,*,#4113,.F.);
#5772=ORIENTED_EDGE('',*,*,#4118,.T.);
#5773=ORIENTED_EDGE('',*,*,#4117,.F.);
#5774=ORIENTED_EDGE('',*,*,#4116,.T.);
#5775=ORIENTED_EDGE('',*,*,#4098,.F.);
#5776=ORIENTED_EDGE('',*,*,#4118,.F.);
#5777=ORIENTED_EDGE('',*,*,#4112,.F.);
#5778=ORIENTED_EDGE('',*,*,#3560,.T.);
#5779=ORIENTED_EDGE('',*,*,#4119,.F.);
#5780=ORIENTED_EDGE('',*,*,#4084,.F.);
#5781=ORIENTED_EDGE('',*,*,#4075,.T.);
#5782=ORIENTED_EDGE('',*,*,#4078,.F.);
#5783=ORIENTED_EDGE('',*,*,#3987,.T.);
#5784=ORIENTED_EDGE('',*,*,#3890,.T.);
#5785=ORIENTED_EDGE('',*,*,#3981,.T.);
#5786=ORIENTED_EDGE('',*,*,#4120,.F.);
#5787=ORIENTED_EDGE('',*,*,#4081,.F.);
#5788=ORIENTED_EDGE('',*,*,#3985,.T.);
#5789=ORIENTED_EDGE('',*,*,#3884,.T.);
#5790=ORIENTED_EDGE('',*,*,#4085,.T.);
#5791=ORIENTED_EDGE('',*,*,#4119,.T.);
#5792=ORIENTED_EDGE('',*,*,#3986,.F.);
#5793=ORIENTED_EDGE('',*,*,#3823,.F.);
#5794=ORIENTED_EDGE('',*,*,#3965,.T.);
#5795=ORIENTED_EDGE('',*,*,#3971,.F.);
#5796=ORIENTED_EDGE('',*,*,#4025,.F.);
#5797=ORIENTED_EDGE('',*,*,#4121,.F.);
#5798=ORIENTED_EDGE('',*,*,#3966,.T.);
#5799=ORIENTED_EDGE('',*,*,#4121,.T.);
#5800=ORIENTED_EDGE('',*,*,#4083,.F.);
#5801=ORIENTED_EDGE('',*,*,#4120,.T.);
#5802=ORIENTED_EDGE('',*,*,#3933,.T.);
#5803=ORIENTED_EDGE('',*,*,#3940,.T.);
#5804=ORIENTED_EDGE('',*,*,#3976,.F.);
#5805=ORIENTED_EDGE('',*,*,#3808,.T.);
#5806=ORIENTED_EDGE('',*,*,#3919,.F.);
#5807=ORIENTED_EDGE('',*,*,#3923,.F.);
#5808=ORIENTED_EDGE('',*,*,#4122,.T.);
#5809=ORIENTED_EDGE('',*,*,#3813,.T.);
#5810=ORIENTED_EDGE('',*,*,#4123,.F.);
#5811=ORIENTED_EDGE('',*,*,#4124,.F.);
#5812=ORIENTED_EDGE('',*,*,#4125,.F.);
#5813=ORIENTED_EDGE('',*,*,#3811,.T.);
#5814=ORIENTED_EDGE('',*,*,#3978,.T.);
#5815=ORIENTED_EDGE('',*,*,#4126,.F.);
#5816=ORIENTED_EDGE('',*,*,#3934,.T.);
#5817=ORIENTED_EDGE('',*,*,#4122,.F.);
#5818=ORIENTED_EDGE('',*,*,#3922,.F.);
#5819=ORIENTED_EDGE('',*,*,#3959,.F.);
#5820=ORIENTED_EDGE('',*,*,#3963,.T.);
#5821=ORIENTED_EDGE('',*,*,#3968,.T.);
#5822=ORIENTED_EDGE('',*,*,#3941,.T.);
#5823=ORIENTED_EDGE('',*,*,#4124,.T.);
#5824=ORIENTED_EDGE('',*,*,#4127,.T.);
#5825=ORIENTED_EDGE('',*,*,#4128,.T.);
#5826=ORIENTED_EDGE('',*,*,#4077,.F.);
#5827=ORIENTED_EDGE('',*,*,#4017,.F.);
#5828=ORIENTED_EDGE('',*,*,#4012,.F.);
#5829=ORIENTED_EDGE('',*,*,#3999,.F.);
#5830=ORIENTED_EDGE('',*,*,#4002,.F.);
#5831=ORIENTED_EDGE('',*,*,#4129,.T.);
#5832=ORIENTED_EDGE('',*,*,#3997,.T.);
#5833=ORIENTED_EDGE('',*,*,#4130,.T.);
#5834=ORIENTED_EDGE('',*,*,#4131,.T.);
#5835=ORIENTED_EDGE('',*,*,#3484,.F.);
#5836=ORIENTED_EDGE('',*,*,#4132,.T.);
#5837=ORIENTED_EDGE('',*,*,#4133,.T.);
#5838=ORIENTED_EDGE('',*,*,#4130,.F.);
#5839=ORIENTED_EDGE('',*,*,#3996,.T.);
#5840=ORIENTED_EDGE('',*,*,#4133,.F.);
#5841=ORIENTED_EDGE('',*,*,#4134,.T.);
#5842=ORIENTED_EDGE('',*,*,#4009,.T.);
#5843=ORIENTED_EDGE('',*,*,#4135,.T.);
#5844=ORIENTED_EDGE('',*,*,#4136,.T.);
#5845=ORIENTED_EDGE('',*,*,#4137,.F.);
#5846=ORIENTED_EDGE('',*,*,#3862,.F.);
#5847=ORIENTED_EDGE('',*,*,#4138,.F.);
#5848=ORIENTED_EDGE('',*,*,#4132,.F.);
#5849=ORIENTED_EDGE('',*,*,#3995,.F.);
#5850=ORIENTED_EDGE('',*,*,#3433,.T.);
#5851=ORIENTED_EDGE('',*,*,#4139,.T.);
#5852=ORIENTED_EDGE('',*,*,#4005,.T.);
#5853=ORIENTED_EDGE('',*,*,#4010,.F.);
#5854=ORIENTED_EDGE('',*,*,#4134,.F.);
#5855=ORIENTED_EDGE('',*,*,#4140,.F.);
#5856=ORIENTED_EDGE('',*,*,#3866,.F.);
#5857=ORIENTED_EDGE('',*,*,#3750,.F.);
#5858=ORIENTED_EDGE('',*,*,#3480,.F.);
#5859=ORIENTED_EDGE('',*,*,#3485,.F.);
#5860=ORIENTED_EDGE('',*,*,#3491,.T.);
#5861=ORIENTED_EDGE('',*,*,#3488,.T.);
#5862=ORIENTED_EDGE('',*,*,#3500,.T.);
#5863=ORIENTED_EDGE('',*,*,#3497,.T.);
#5864=ORIENTED_EDGE('',*,*,#3494,.T.);
#5865=ORIENTED_EDGE('',*,*,#3951,.T.);
#5866=ORIENTED_EDGE('',*,*,#3954,.T.);
#5867=ORIENTED_EDGE('',*,*,#3852,.T.);
#5868=ORIENTED_EDGE('',*,*,#4141,.T.);
#5869=ORIENTED_EDGE('',*,*,#3979,.T.);
#5870=ORIENTED_EDGE('',*,*,#3947,.T.);
#5871=ORIENTED_EDGE('',*,*,#3812,.T.);
#5872=ORIENTED_EDGE('',*,*,#4126,.T.);
#5873=ORIENTED_EDGE('',*,*,#3980,.F.);
#5874=ORIENTED_EDGE('',*,*,#4142,.F.);
#5875=ORIENTED_EDGE('',*,*,#4136,.F.);
#5876=ORIENTED_EDGE('',*,*,#4143,.T.);
#5877=ORIENTED_EDGE('',*,*,#4144,.F.);
#5878=ORIENTED_EDGE('',*,*,#4127,.F.);
#5879=ORIENTED_EDGE('',*,*,#4123,.T.);
#5880=ORIENTED_EDGE('',*,*,#4141,.F.);
#5881=ORIENTED_EDGE('',*,*,#3851,.T.);
#5882=ORIENTED_EDGE('',*,*,#3863,.T.);
#5883=ORIENTED_EDGE('',*,*,#4137,.T.);
#5884=ORIENTED_EDGE('',*,*,#4142,.T.);
#5885=ORIENTED_EDGE('',*,*,#3871,.T.);
#5886=ORIENTED_EDGE('',*,*,#3874,.T.);
#5887=ORIENTED_EDGE('',*,*,#4145,.T.);
#5888=ORIENTED_EDGE('',*,*,#4146,.F.);
#5889=ORIENTED_EDGE('',*,*,#4147,.T.);
#5890=ORIENTED_EDGE('',*,*,#4148,.T.);
#5891=ORIENTED_EDGE('',*,*,#3878,.T.);
#5892=ORIENTED_EDGE('',*,*,#4149,.T.);
#5893=ORIENTED_EDGE('',*,*,#4150,.T.);
#5894=ORIENTED_EDGE('',*,*,#4151,.T.);
#5895=ORIENTED_EDGE('',*,*,#4148,.F.);
#5896=ORIENTED_EDGE('',*,*,#4152,.T.);
#5897=ORIENTED_EDGE('',*,*,#4153,.T.);
#5898=ORIENTED_EDGE('',*,*,#4154,.T.);
#5899=ORIENTED_EDGE('',*,*,#4150,.F.);
#5900=ORIENTED_EDGE('',*,*,#4155,.T.);
#5901=ORIENTED_EDGE('',*,*,#4153,.F.);
#5902=ORIENTED_EDGE('',*,*,#4156,.T.);
#5903=ORIENTED_EDGE('',*,*,#4146,.T.);
#5904=ORIENTED_EDGE('',*,*,#4155,.F.);
#5905=ORIENTED_EDGE('',*,*,#4157,.F.);
#5906=ORIENTED_EDGE('',*,*,#3858,.F.);
#5907=ORIENTED_EDGE('',*,*,#4158,.T.);
#5908=ORIENTED_EDGE('',*,*,#3873,.T.);
#5909=ORIENTED_EDGE('',*,*,#3859,.F.);
#5910=ORIENTED_EDGE('',*,*,#4157,.T.);
#5911=ORIENTED_EDGE('',*,*,#4145,.F.);
#5912=ORIENTED_EDGE('',*,*,#4147,.F.);
#5913=ORIENTED_EDGE('',*,*,#4156,.F.);
#5914=ORIENTED_EDGE('',*,*,#4152,.F.);
#5915=ORIENTED_EDGE('',*,*,#4149,.F.);
#5916=ORIENTED_EDGE('',*,*,#4151,.F.);
#5917=ORIENTED_EDGE('',*,*,#4159,.F.);
#5918=ORIENTED_EDGE('',*,*,#3856,.F.);
#5919=ORIENTED_EDGE('',*,*,#3879,.T.);
#5920=ORIENTED_EDGE('',*,*,#4154,.F.);
#5921=ORIENTED_EDGE('',*,*,#4158,.F.);
#5922=ORIENTED_EDGE('',*,*,#3857,.F.);
#5923=ORIENTED_EDGE('',*,*,#4159,.T.);
#5924=ORIENTED_EDGE('',*,*,#4131,.F.);
#5925=ORIENTED_EDGE('',*,*,#4138,.T.);
#5926=ORIENTED_EDGE('',*,*,#3861,.T.);
#5927=ORIENTED_EDGE('',*,*,#3865,.T.);
#5928=ORIENTED_EDGE('',*,*,#3867,.F.);
#5929=ORIENTED_EDGE('',*,*,#4140,.T.);
#5930=ORIENTED_EDGE('',*,*,#3844,.T.);
#5931=ORIENTED_EDGE('',*,*,#3793,.F.);
#5932=ORIENTED_EDGE('',*,*,#3799,.T.);
#5933=ORIENTED_EDGE('',*,*,#3801,.T.);
#5934=ORIENTED_EDGE('',*,*,#3803,.F.);
#5935=ORIENTED_EDGE('',*,*,#4144,.T.);
#5936=ORIENTED_EDGE('',*,*,#4160,.T.);
#5937=ORIENTED_EDGE('',*,*,#4046,.F.);
#5938=ORIENTED_EDGE('',*,*,#4128,.F.);
#5939=ORIENTED_EDGE('',*,*,#4135,.F.);
#5940=ORIENTED_EDGE('',*,*,#4008,.F.);
#5941=ORIENTED_EDGE('',*,*,#4003,.F.);
#5942=ORIENTED_EDGE('',*,*,#4001,.T.);
#5943=ORIENTED_EDGE('',*,*,#4011,.F.);
#5944=ORIENTED_EDGE('',*,*,#4020,.F.);
#5945=ORIENTED_EDGE('',*,*,#4044,.T.);
#5946=ORIENTED_EDGE('',*,*,#4160,.F.);
#5947=ORIENTED_EDGE('',*,*,#4143,.F.);
#5948=ORIENTED_EDGE('',*,*,#4129,.F.);
#5949=ORIENTED_EDGE('',*,*,#4007,.T.);
#5950=ORIENTED_EDGE('',*,*,#3814,.F.);
#5951=ORIENTED_EDGE('',*,*,#4125,.T.);
#5952=ORIENTED_EDGE('',*,*,#4006,.F.);
#5953=ORIENTED_EDGE('',*,*,#4139,.F.);
#5954=ORIENTED_EDGE('',*,*,#3436,.T.);
#5955=ORIENTED_EDGE('',*,*,#3816,.T.);
#5956=ORIENTED_EDGE('',*,*,#4161,.T.);
#5957=ORIENTED_EDGE('',*,*,#4162,.T.);
#5958=ORIENTED_EDGE('',*,*,#4163,.F.);
#5959=ORIENTED_EDGE('',*,*,#4164,.F.);
#5960=ORIENTED_EDGE('',*,*,#4165,.T.);
#5961=ORIENTED_EDGE('',*,*,#4164,.T.);
#5962=ORIENTED_EDGE('',*,*,#4166,.F.);
#5963=ORIENTED_EDGE('',*,*,#4167,.F.);
#5964=ORIENTED_EDGE('',*,*,#4168,.T.);
#5965=ORIENTED_EDGE('',*,*,#4167,.T.);
#5966=ORIENTED_EDGE('',*,*,#4169,.F.);
#5967=ORIENTED_EDGE('',*,*,#4170,.F.);
#5968=ORIENTED_EDGE('',*,*,#4171,.T.);
#5969=ORIENTED_EDGE('',*,*,#4170,.T.);
#5970=ORIENTED_EDGE('',*,*,#4172,.F.);
#5971=ORIENTED_EDGE('',*,*,#4173,.F.);
#5972=ORIENTED_EDGE('',*,*,#4174,.T.);
#5973=ORIENTED_EDGE('',*,*,#4173,.T.);
#5974=ORIENTED_EDGE('',*,*,#4175,.F.);
#5975=ORIENTED_EDGE('',*,*,#4162,.F.);
#5976=ORIENTED_EDGE('',*,*,#4175,.T.);
#5977=ORIENTED_EDGE('',*,*,#4172,.T.);
#5978=ORIENTED_EDGE('',*,*,#4169,.T.);
#5979=ORIENTED_EDGE('',*,*,#4166,.T.);
#5980=ORIENTED_EDGE('',*,*,#4163,.T.);
#5981=ORIENTED_EDGE('',*,*,#4174,.F.);
#5982=ORIENTED_EDGE('',*,*,#4176,.T.);
#5983=ORIENTED_EDGE('',*,*,#4177,.F.);
#5984=ORIENTED_EDGE('',*,*,#4178,.F.);
#5985=ORIENTED_EDGE('',*,*,#4171,.F.);
#5986=ORIENTED_EDGE('',*,*,#4178,.T.);
#5987=ORIENTED_EDGE('',*,*,#4179,.F.);
#5988=ORIENTED_EDGE('',*,*,#4180,.F.);
#5989=ORIENTED_EDGE('',*,*,#4168,.F.);
#5990=ORIENTED_EDGE('',*,*,#4180,.T.);
#5991=ORIENTED_EDGE('',*,*,#4181,.F.);
#5992=ORIENTED_EDGE('',*,*,#4182,.F.);
#5993=ORIENTED_EDGE('',*,*,#4183,.F.);
#5994=ORIENTED_EDGE('',*,*,#4184,.F.);
#5995=ORIENTED_EDGE('',*,*,#4165,.F.);
#5996=ORIENTED_EDGE('',*,*,#4182,.T.);
#5997=ORIENTED_EDGE('',*,*,#4185,.F.);
#5998=ORIENTED_EDGE('',*,*,#4176,.F.);
#5999=ORIENTED_EDGE('',*,*,#4161,.F.);
#6000=ORIENTED_EDGE('',*,*,#4184,.T.);
#6001=ORIENTED_EDGE('',*,*,#4183,.T.);
#6002=ORIENTED_EDGE('',*,*,#4186,.F.);
#6003=ORIENTED_EDGE('',*,*,#4187,.T.);
#6004=ORIENTED_EDGE('',*,*,#4188,.T.);
#6005=ORIENTED_EDGE('',*,*,#4185,.T.);
#6006=ORIENTED_EDGE('',*,*,#4188,.F.);
#6007=ORIENTED_EDGE('',*,*,#4189,.T.);
#6008=ORIENTED_EDGE('',*,*,#4190,.T.);
#6009=ORIENTED_EDGE('',*,*,#4177,.T.);
#6010=ORIENTED_EDGE('',*,*,#4190,.F.);
#6011=ORIENTED_EDGE('',*,*,#4191,.T.);
#6012=ORIENTED_EDGE('',*,*,#4192,.T.);
#6013=ORIENTED_EDGE('',*,*,#4179,.T.);
#6014=ORIENTED_EDGE('',*,*,#4192,.F.);
#6015=ORIENTED_EDGE('',*,*,#4193,.T.);
#6016=ORIENTED_EDGE('',*,*,#4194,.T.);
#6017=ORIENTED_EDGE('',*,*,#4181,.T.);
#6018=ORIENTED_EDGE('',*,*,#4194,.F.);
#6019=ORIENTED_EDGE('',*,*,#4195,.T.);
#6020=ORIENTED_EDGE('',*,*,#4186,.T.);
#6021=ORIENTED_EDGE('',*,*,#4196,.F.);
#6022=ORIENTED_EDGE('',*,*,#4197,.F.);
#6023=ORIENTED_EDGE('',*,*,#4198,.F.);
#6024=ORIENTED_EDGE('',*,*,#4199,.F.);
#6025=ORIENTED_EDGE('',*,*,#4200,.F.);
#6026=ORIENTED_EDGE('',*,*,#4201,.T.);
#6027=ORIENTED_EDGE('',*,*,#4202,.T.);
#6028=ORIENTED_EDGE('',*,*,#4203,.T.);
#6029=ORIENTED_EDGE('',*,*,#4204,.T.);
#6030=ORIENTED_EDGE('',*,*,#4205,.F.);
#6031=ORIENTED_EDGE('',*,*,#4197,.T.);
#6032=ORIENTED_EDGE('',*,*,#4206,.F.);
#6033=ORIENTED_EDGE('',*,*,#4207,.F.);
#6034=ORIENTED_EDGE('',*,*,#4204,.F.);
#6035=ORIENTED_EDGE('',*,*,#4208,.T.);
#6036=ORIENTED_EDGE('',*,*,#4209,.T.);
#6037=ORIENTED_EDGE('',*,*,#4210,.F.);
#6038=ORIENTED_EDGE('',*,*,#4211,.F.);
#6039=ORIENTED_EDGE('',*,*,#4212,.F.);
#6040=ORIENTED_EDGE('',*,*,#4203,.F.);
#6041=ORIENTED_EDGE('',*,*,#4213,.F.);
#6042=ORIENTED_EDGE('',*,*,#4214,.F.);
#6043=ORIENTED_EDGE('',*,*,#4211,.T.);
#6044=ORIENTED_EDGE('',*,*,#4215,.F.);
#6045=ORIENTED_EDGE('',*,*,#4216,.T.);
#6046=ORIENTED_EDGE('',*,*,#4201,.F.);
#6047=ORIENTED_EDGE('',*,*,#4217,.F.);
#6048=ORIENTED_EDGE('',*,*,#4218,.F.);
#6049=ORIENTED_EDGE('',*,*,#4207,.T.);
#6050=ORIENTED_EDGE('',*,*,#4219,.T.);
#6051=ORIENTED_EDGE('',*,*,#4220,.F.);
#6052=ORIENTED_EDGE('',*,*,#4221,.F.);
#6053=ORIENTED_EDGE('',*,*,#4222,.F.);
#6054=ORIENTED_EDGE('',*,*,#4223,.F.);
#6055=ORIENTED_EDGE('',*,*,#4224,.F.);
#6056=ORIENTED_EDGE('',*,*,#4225,.F.);
#6057=ORIENTED_EDGE('',*,*,#4217,.T.);
#6058=ORIENTED_EDGE('',*,*,#4226,.T.);
#6059=ORIENTED_EDGE('',*,*,#4218,.T.);
#6060=ORIENTED_EDGE('',*,*,#4225,.T.);
#6061=ORIENTED_EDGE('',*,*,#4227,.T.);
#6062=ORIENTED_EDGE('',*,*,#4228,.T.);
#6063=ORIENTED_EDGE('',*,*,#4229,.T.);
#6064=ORIENTED_EDGE('',*,*,#4230,.F.);
#6065=ORIENTED_EDGE('',*,*,#4231,.F.);
#6066=ORIENTED_EDGE('',*,*,#4232,.F.);
#6067=ORIENTED_EDGE('',*,*,#4229,.F.);
#6068=ORIENTED_EDGE('',*,*,#4233,.T.);
#6069=ORIENTED_EDGE('',*,*,#4234,.F.);
#6070=ORIENTED_EDGE('',*,*,#4233,.F.);
#6071=ORIENTED_EDGE('',*,*,#4228,.F.);
#6072=ORIENTED_EDGE('',*,*,#4235,.F.);
#6073=ORIENTED_EDGE('',*,*,#4236,.F.);
#6074=ORIENTED_EDGE('',*,*,#4208,.F.);
#6075=ORIENTED_EDGE('',*,*,#4237,.F.);
#6076=ORIENTED_EDGE('',*,*,#4235,.T.);
#6077=ORIENTED_EDGE('',*,*,#4227,.F.);
#6078=ORIENTED_EDGE('',*,*,#4238,.F.);
#6079=ORIENTED_EDGE('',*,*,#4239,.T.);
#6080=ORIENTED_EDGE('',*,*,#4240,.F.);
#6081=ORIENTED_EDGE('',*,*,#4237,.T.);
#6082=ORIENTED_EDGE('',*,*,#4212,.T.);
#6083=ORIENTED_EDGE('',*,*,#4214,.T.);
#6084=ORIENTED_EDGE('',*,*,#4241,.F.);
#6085=ORIENTED_EDGE('',*,*,#4242,.F.);
#6086=ORIENTED_EDGE('',*,*,#4243,.T.);
#6087=ORIENTED_EDGE('',*,*,#4244,.T.);
#6088=ORIENTED_EDGE('',*,*,#4245,.T.);
#6089=ORIENTED_EDGE('',*,*,#4246,.F.);
#6090=ORIENTED_EDGE('',*,*,#4247,.T.);
#6091=ORIENTED_EDGE('',*,*,#4248,.T.);
#6092=ORIENTED_EDGE('',*,*,#4249,.T.);
#6093=ORIENTED_EDGE('',*,*,#4250,.F.);
#6094=ORIENTED_EDGE('',*,*,#4251,.T.);
#6095=ORIENTED_EDGE('',*,*,#4252,.T.);
#6096=ORIENTED_EDGE('',*,*,#4253,.F.);
#6097=ORIENTED_EDGE('',*,*,#4254,.F.);
#6098=ORIENTED_EDGE('',*,*,#4255,.T.);
#6099=ORIENTED_EDGE('',*,*,#4256,.F.);
#6100=ORIENTED_EDGE('',*,*,#4257,.T.);
#6101=ORIENTED_EDGE('',*,*,#4258,.F.);
#6102=ORIENTED_EDGE('',*,*,#4254,.T.);
#6103=ORIENTED_EDGE('',*,*,#4259,.F.);
#6104=ORIENTED_EDGE('',*,*,#4260,.T.);
#6105=ORIENTED_EDGE('',*,*,#4261,.F.);
#6106=ORIENTED_EDGE('',*,*,#4262,.T.);
#6107=ORIENTED_EDGE('',*,*,#4263,.F.);
#6108=ORIENTED_EDGE('',*,*,#4264,.T.);
#6109=ORIENTED_EDGE('',*,*,#4261,.T.);
#6110=ORIENTED_EDGE('',*,*,#4265,.T.);
#6111=ORIENTED_EDGE('',*,*,#4266,.F.);
#6112=ORIENTED_EDGE('',*,*,#4267,.F.);
#6113=ORIENTED_EDGE('',*,*,#4268,.T.);
#6114=ORIENTED_EDGE('',*,*,#4269,.F.);
#6115=ORIENTED_EDGE('',*,*,#4253,.T.);
#6116=ORIENTED_EDGE('',*,*,#4270,.T.);
#6117=ORIENTED_EDGE('',*,*,#4250,.T.);
#6118=ORIENTED_EDGE('',*,*,#4269,.T.);
#6119=ORIENTED_EDGE('',*,*,#4259,.T.);
#6120=ORIENTED_EDGE('',*,*,#4256,.T.);
#6121=ORIENTED_EDGE('',*,*,#4271,.T.);
#6122=ORIENTED_EDGE('',*,*,#4272,.T.);
#6123=ORIENTED_EDGE('',*,*,#4267,.T.);
#6124=ORIENTED_EDGE('',*,*,#4273,.T.);
#6125=ORIENTED_EDGE('',*,*,#4274,.T.);
#6126=ORIENTED_EDGE('',*,*,#4275,.T.);
#6127=ORIENTED_EDGE('',*,*,#4276,.F.);
#6128=ORIENTED_EDGE('',*,*,#4277,.T.);
#6129=ORIENTED_EDGE('',*,*,#4276,.T.);
#6130=ORIENTED_EDGE('',*,*,#4278,.T.);
#6131=ORIENTED_EDGE('',*,*,#4279,.T.);
#6132=ORIENTED_EDGE('',*,*,#4280,.T.);
#6133=ORIENTED_EDGE('',*,*,#4281,.F.);
#6134=ORIENTED_EDGE('',*,*,#4282,.T.);
#6135=ORIENTED_EDGE('',*,*,#4281,.T.);
#6136=ORIENTED_EDGE('',*,*,#4283,.T.);
#6137=ORIENTED_EDGE('',*,*,#4284,.F.);
#6138=ORIENTED_EDGE('',*,*,#4285,.F.);
#6139=ORIENTED_EDGE('',*,*,#4286,.F.);
#6140=ORIENTED_EDGE('',*,*,#4287,.F.);
#6141=ORIENTED_EDGE('',*,*,#4288,.F.);
#6142=ORIENTED_EDGE('',*,*,#4247,.F.);
#6143=ORIENTED_EDGE('',*,*,#4289,.F.);
#6144=ORIENTED_EDGE('',*,*,#4290,.T.);
#6145=ORIENTED_EDGE('',*,*,#4291,.T.);
#6146=ORIENTED_EDGE('',*,*,#4292,.F.);
#6147=ORIENTED_EDGE('',*,*,#4266,.T.);
#6148=ORIENTED_EDGE('',*,*,#4293,.F.);
#6149=ORIENTED_EDGE('',*,*,#4294,.F.);
#6150=ORIENTED_EDGE('',*,*,#4249,.F.);
#6151=ORIENTED_EDGE('',*,*,#4295,.F.);
#6152=ORIENTED_EDGE('',*,*,#4296,.T.);
#6153=ORIENTED_EDGE('',*,*,#4297,.T.);
#6154=ORIENTED_EDGE('',*,*,#4243,.F.);
#6155=ORIENTED_EDGE('',*,*,#4298,.F.);
#6156=ORIENTED_EDGE('',*,*,#4291,.F.);
#6157=ORIENTED_EDGE('',*,*,#4263,.T.);
#6158=ORIENTED_EDGE('',*,*,#4292,.T.);
#6159=ORIENTED_EDGE('',*,*,#4248,.F.);
#6160=ORIENTED_EDGE('',*,*,#4297,.F.);
#6161=ORIENTED_EDGE('',*,*,#4299,.T.);
#6162=ORIENTED_EDGE('',*,*,#4300,.T.);
#6163=ORIENTED_EDGE('',*,*,#4244,.F.);
#6164=ORIENTED_EDGE('',*,*,#4280,.F.);
#6165=ORIENTED_EDGE('',*,*,#4301,.F.);
#6166=ORIENTED_EDGE('',*,*,#4302,.F.);
#6167=ORIENTED_EDGE('',*,*,#4303,.F.);
#6168=ORIENTED_EDGE('',*,*,#4304,.F.);
#6169=ORIENTED_EDGE('',*,*,#4305,.F.);
#6170=ORIENTED_EDGE('',*,*,#4306,.F.);
#6171=ORIENTED_EDGE('',*,*,#4307,.F.);
#6172=ORIENTED_EDGE('',*,*,#4308,.F.);
#6173=ORIENTED_EDGE('',*,*,#4309,.F.);
#6174=ORIENTED_EDGE('',*,*,#4310,.F.);
#6175=ORIENTED_EDGE('',*,*,#4311,.F.);
#6176=ORIENTED_EDGE('',*,*,#4312,.F.);
#6177=ORIENTED_EDGE('',*,*,#4313,.F.);
#6178=ORIENTED_EDGE('',*,*,#4283,.F.);
#6179=ORIENTED_EDGE('',*,*,#4307,.T.);
#6180=ORIENTED_EDGE('',*,*,#4275,.F.);
#6181=ORIENTED_EDGE('',*,*,#4314,.F.);
#6182=ORIENTED_EDGE('',*,*,#4315,.F.);
#6183=ORIENTED_EDGE('',*,*,#4316,.F.);
#6184=ORIENTED_EDGE('',*,*,#4317,.F.);
#6185=ORIENTED_EDGE('',*,*,#4309,.T.);
#6186=ORIENTED_EDGE('',*,*,#4318,.F.);
#6187=ORIENTED_EDGE('',*,*,#4319,.F.);
#6188=ORIENTED_EDGE('',*,*,#4278,.F.);
#6189=ORIENTED_EDGE('',*,*,#4319,.T.);
#6190=ORIENTED_EDGE('',*,*,#4320,.F.);
#6191=ORIENTED_EDGE('',*,*,#4321,.F.);
#6192=ORIENTED_EDGE('',*,*,#4322,.F.);
#6193=ORIENTED_EDGE('',*,*,#4323,.F.);
#6194=ORIENTED_EDGE('',*,*,#4324,.F.);
#6195=ORIENTED_EDGE('',*,*,#4325,.F.);
#6196=ORIENTED_EDGE('',*,*,#4326,.F.);
#6197=ORIENTED_EDGE('',*,*,#4321,.T.);
#6198=ORIENTED_EDGE('',*,*,#4327,.F.);
#6199=ORIENTED_EDGE('',*,*,#4305,.T.);
#6200=ORIENTED_EDGE('',*,*,#4328,.F.);
#6201=ORIENTED_EDGE('',*,*,#4329,.F.);
#6202=ORIENTED_EDGE('',*,*,#4270,.F.);
#6203=ORIENTED_EDGE('',*,*,#4330,.T.);
#6204=ORIENTED_EDGE('',*,*,#4220,.T.);
#6205=ORIENTED_EDGE('',*,*,#4331,.T.);
#6206=ORIENTED_EDGE('',*,*,#4332,.T.);
#6207=ORIENTED_EDGE('',*,*,#4333,.T.);
#6208=ORIENTED_EDGE('',*,*,#4330,.F.);
#6209=ORIENTED_EDGE('',*,*,#4255,.F.);
#6210=ORIENTED_EDGE('',*,*,#4332,.F.);
#6211=ORIENTED_EDGE('',*,*,#4258,.T.);
#6212=ORIENTED_EDGE('',*,*,#4334,.F.);
#6213=ORIENTED_EDGE('',*,*,#4335,.T.);
#6214=ORIENTED_EDGE('',*,*,#4311,.T.);
#6215=ORIENTED_EDGE('',*,*,#4336,.T.);
#6216=ORIENTED_EDGE('',*,*,#4285,.T.);
#6217=ORIENTED_EDGE('',*,*,#4337,.T.);
#6218=ORIENTED_EDGE('',*,*,#4284,.T.);
#6219=ORIENTED_EDGE('',*,*,#4338,.T.);
#6220=ORIENTED_EDGE('',*,*,#4303,.T.);
#6221=ORIENTED_EDGE('',*,*,#4339,.T.);
#6222=ORIENTED_EDGE('',*,*,#4329,.T.);
#6223=ORIENTED_EDGE('',*,*,#4340,.T.);
#6224=ORIENTED_EDGE('',*,*,#4288,.T.);
#6225=ORIENTED_EDGE('',*,*,#4341,.T.);
#6226=ORIENTED_EDGE('',*,*,#4287,.T.);
#6227=ORIENTED_EDGE('',*,*,#4342,.T.);
#6228=ORIENTED_EDGE('',*,*,#4323,.T.);
#6229=ORIENTED_EDGE('',*,*,#4343,.T.);
#6230=ORIENTED_EDGE('',*,*,#4286,.T.);
#6231=ORIENTED_EDGE('',*,*,#4344,.T.);
#6232=ORIENTED_EDGE('',*,*,#4316,.T.);
#6233=ORIENTED_EDGE('',*,*,#4279,.F.);
#6234=ORIENTED_EDGE('',*,*,#4282,.F.);
#6235=ORIENTED_EDGE('',*,*,#4313,.T.);
#6236=ORIENTED_EDGE('',*,*,#4345,.T.);
#6237=ORIENTED_EDGE('',*,*,#4301,.T.);
#6238=ORIENTED_EDGE('',*,*,#4274,.F.);
#6239=ORIENTED_EDGE('',*,*,#4277,.F.);
#6240=ORIENTED_EDGE('',*,*,#4325,.T.);
#6241=ORIENTED_EDGE('',*,*,#4346,.T.);
#6242=ORIENTED_EDGE('',*,*,#4314,.T.);
#6243=ORIENTED_EDGE('',*,*,#4336,.F.);
#6244=ORIENTED_EDGE('',*,*,#4310,.T.);
#6245=ORIENTED_EDGE('',*,*,#4317,.T.);
#6246=ORIENTED_EDGE('',*,*,#4344,.F.);
#6247=ORIENTED_EDGE('',*,*,#4345,.F.);
#6248=ORIENTED_EDGE('',*,*,#4312,.T.);
#6249=ORIENTED_EDGE('',*,*,#4335,.F.);
#6250=ORIENTED_EDGE('',*,*,#4337,.F.);
#6251=ORIENTED_EDGE('',*,*,#4302,.T.);
#6252=ORIENTED_EDGE('',*,*,#4340,.F.);
#6253=ORIENTED_EDGE('',*,*,#4328,.T.);
#6254=ORIENTED_EDGE('',*,*,#4304,.T.);
#6255=ORIENTED_EDGE('',*,*,#4338,.F.);
#6256=ORIENTED_EDGE('',*,*,#4341,.F.);
#6257=ORIENTED_EDGE('',*,*,#4322,.T.);
#6258=ORIENTED_EDGE('',*,*,#4326,.T.);
#6259=ORIENTED_EDGE('',*,*,#4339,.F.);
#6260=ORIENTED_EDGE('',*,*,#4343,.F.);
#6261=ORIENTED_EDGE('',*,*,#4315,.T.);
#6262=ORIENTED_EDGE('',*,*,#4346,.F.);
#6263=ORIENTED_EDGE('',*,*,#4324,.T.);
#6264=ORIENTED_EDGE('',*,*,#4342,.F.);
#6265=ORIENTED_EDGE('',*,*,#4347,.F.);
#6266=ORIENTED_EDGE('',*,*,#4245,.F.);
#6267=ORIENTED_EDGE('',*,*,#4300,.F.);
#6268=ORIENTED_EDGE('',*,*,#4348,.F.);
#6269=ORIENTED_EDGE('',*,*,#4349,.T.);
#6270=ORIENTED_EDGE('',*,*,#4350,.F.);
#6271=ORIENTED_EDGE('',*,*,#4251,.F.);
#6272=ORIENTED_EDGE('',*,*,#4331,.F.);
#6273=ORIENTED_EDGE('',*,*,#4221,.T.);
#6274=ORIENTED_EDGE('',*,*,#4333,.F.);
#6275=ORIENTED_EDGE('',*,*,#4334,.T.);
#6276=ORIENTED_EDGE('',*,*,#4351,.T.);
#6277=ORIENTED_EDGE('',*,*,#4222,.T.);
#6278=ORIENTED_EDGE('',*,*,#4351,.F.);
#6279=ORIENTED_EDGE('',*,*,#4257,.F.);
#6280=ORIENTED_EDGE('',*,*,#4262,.F.);
#6281=ORIENTED_EDGE('',*,*,#4264,.F.);
#6282=ORIENTED_EDGE('',*,*,#4290,.F.);
#6283=ORIENTED_EDGE('',*,*,#4352,.F.);
#6284=ORIENTED_EDGE('',*,*,#4213,.T.);
#6285=ORIENTED_EDGE('',*,*,#4202,.F.);
#6286=ORIENTED_EDGE('',*,*,#4353,.T.);
#6287=ORIENTED_EDGE('',*,*,#4354,.F.);
#6288=ORIENTED_EDGE('',*,*,#4239,.F.);
#6289=ORIENTED_EDGE('',*,*,#4353,.F.);
#6290=ORIENTED_EDGE('',*,*,#4216,.F.);
#6291=ORIENTED_EDGE('',*,*,#4226,.F.);
#6292=ORIENTED_EDGE('',*,*,#4224,.T.);
#6293=ORIENTED_EDGE('',*,*,#4196,.T.);
#6294=ORIENTED_EDGE('',*,*,#4355,.T.);
#6295=ORIENTED_EDGE('',*,*,#4206,.T.);
#6296=ORIENTED_EDGE('',*,*,#4349,.F.);
#6297=ORIENTED_EDGE('',*,*,#4219,.F.);
#6298=ORIENTED_EDGE('',*,*,#4355,.F.);
#6299=ORIENTED_EDGE('',*,*,#4356,.F.);
#6300=ORIENTED_EDGE('',*,*,#4357,.F.);
#6301=ORIENTED_EDGE('',*,*,#4358,.F.);
#6302=ORIENTED_EDGE('',*,*,#4359,.T.);
#6303=ORIENTED_EDGE('',*,*,#4360,.T.);
#6304=ORIENTED_EDGE('',*,*,#4361,.T.);
#6305=ORIENTED_EDGE('',*,*,#4362,.T.);
#6306=ORIENTED_EDGE('',*,*,#4271,.F.);
#6307=ORIENTED_EDGE('',*,*,#4363,.F.);
#6308=ORIENTED_EDGE('',*,*,#4364,.F.);
#6309=ORIENTED_EDGE('',*,*,#4359,.F.);
#6310=ORIENTED_EDGE('',*,*,#4273,.F.);
#6311=ORIENTED_EDGE('',*,*,#4252,.F.);
#6312=ORIENTED_EDGE('',*,*,#4350,.T.);
#6313=ORIENTED_EDGE('',*,*,#4358,.T.);
#6314=ORIENTED_EDGE('',*,*,#4365,.T.);
#6315=ORIENTED_EDGE('',*,*,#4366,.T.);
#6316=ORIENTED_EDGE('',*,*,#4367,.F.);
#6317=ORIENTED_EDGE('',*,*,#4356,.T.);
#6318=ORIENTED_EDGE('',*,*,#4200,.T.);
#6319=ORIENTED_EDGE('',*,*,#4368,.F.);
#6320=ORIENTED_EDGE('',*,*,#4369,.F.);
#6321=ORIENTED_EDGE('',*,*,#4365,.F.);
#6322=ORIENTED_EDGE('',*,*,#4199,.T.);
#6323=ORIENTED_EDGE('',*,*,#4370,.F.);
#6324=ORIENTED_EDGE('',*,*,#4371,.T.);
#6325=ORIENTED_EDGE('',*,*,#4372,.F.);
#6326=ORIENTED_EDGE('',*,*,#4373,.F.);
#6327=ORIENTED_EDGE('',*,*,#4374,.F.);
#6328=ORIENTED_EDGE('',*,*,#4368,.T.);
#6329=ORIENTED_EDGE('',*,*,#4375,.T.);
#6330=ORIENTED_EDGE('',*,*,#4370,.T.);
#6331=ORIENTED_EDGE('',*,*,#4198,.T.);
#6332=ORIENTED_EDGE('',*,*,#4205,.T.);
#6333=ORIENTED_EDGE('',*,*,#4215,.T.);
#6334=ORIENTED_EDGE('',*,*,#4193,.F.);
#6335=ORIENTED_EDGE('',*,*,#4191,.F.);
#6336=ORIENTED_EDGE('',*,*,#4189,.F.);
#6337=ORIENTED_EDGE('',*,*,#4187,.F.);
#6338=ORIENTED_EDGE('',*,*,#4195,.F.);
#6339=ORIENTED_EDGE('',*,*,#4376,.F.);
#6340=ORIENTED_EDGE('',*,*,#4371,.F.);
#6341=ORIENTED_EDGE('',*,*,#4375,.F.);
#6342=ORIENTED_EDGE('',*,*,#4210,.T.);
#6343=ORIENTED_EDGE('',*,*,#4377,.F.);
#6344=ORIENTED_EDGE('',*,*,#4372,.T.);
#6345=ORIENTED_EDGE('',*,*,#4376,.T.);
#6346=ORIENTED_EDGE('',*,*,#4209,.F.);
#6347=ORIENTED_EDGE('',*,*,#4236,.T.);
#6348=ORIENTED_EDGE('',*,*,#4378,.F.);
#6349=ORIENTED_EDGE('',*,*,#4379,.T.);
#6350=ORIENTED_EDGE('',*,*,#4380,.F.);
#6351=ORIENTED_EDGE('',*,*,#4373,.T.);
#6352=ORIENTED_EDGE('',*,*,#4377,.T.);
#6353=ORIENTED_EDGE('',*,*,#4238,.T.);
#6354=ORIENTED_EDGE('',*,*,#4232,.T.);
#6355=ORIENTED_EDGE('',*,*,#4381,.T.);
#6356=ORIENTED_EDGE('',*,*,#4382,.T.);
#6357=ORIENTED_EDGE('',*,*,#4383,.T.);
#6358=ORIENTED_EDGE('',*,*,#4384,.T.);
#6359=ORIENTED_EDGE('',*,*,#4385,.T.);
#6360=ORIENTED_EDGE('',*,*,#4386,.T.);
#6361=ORIENTED_EDGE('',*,*,#4387,.T.);
#6362=ORIENTED_EDGE('',*,*,#4388,.T.);
#6363=ORIENTED_EDGE('',*,*,#4378,.T.);
#6364=ORIENTED_EDGE('',*,*,#4389,.T.);
#6365=ORIENTED_EDGE('',*,*,#4390,.F.);
#6366=ORIENTED_EDGE('',*,*,#4391,.F.);
#6367=ORIENTED_EDGE('',*,*,#4392,.F.);
#6368=ORIENTED_EDGE('',*,*,#4393,.F.);
#6369=ORIENTED_EDGE('',*,*,#4367,.T.);
#6370=ORIENTED_EDGE('',*,*,#4394,.T.);
#6371=ORIENTED_EDGE('',*,*,#4395,.T.);
#6372=ORIENTED_EDGE('',*,*,#4396,.T.);
#6373=ORIENTED_EDGE('',*,*,#4397,.T.);
#6374=ORIENTED_EDGE('',*,*,#4398,.T.);
#6375=ORIENTED_EDGE('',*,*,#4399,.T.);
#6376=ORIENTED_EDGE('',*,*,#4400,.T.);
#6377=ORIENTED_EDGE('',*,*,#4401,.T.);
#6378=ORIENTED_EDGE('',*,*,#4402,.T.);
#6379=ORIENTED_EDGE('',*,*,#4230,.T.);
#6380=ORIENTED_EDGE('',*,*,#4234,.T.);
#6381=ORIENTED_EDGE('',*,*,#4240,.T.);
#6382=ORIENTED_EDGE('',*,*,#4354,.T.);
#6383=ORIENTED_EDGE('',*,*,#4223,.T.);
#6384=ORIENTED_EDGE('',*,*,#4352,.T.);
#6385=ORIENTED_EDGE('',*,*,#4289,.T.);
#6386=ORIENTED_EDGE('',*,*,#4246,.T.);
#6387=ORIENTED_EDGE('',*,*,#4347,.T.);
#6388=ORIENTED_EDGE('',*,*,#4403,.T.);
#6389=ORIENTED_EDGE('',*,*,#4404,.T.);
#6390=ORIENTED_EDGE('',*,*,#4405,.T.);
#6391=ORIENTED_EDGE('',*,*,#4406,.T.);
#6392=ORIENTED_EDGE('',*,*,#4407,.T.);
#6393=ORIENTED_EDGE('',*,*,#4408,.T.);
#6394=ORIENTED_EDGE('',*,*,#4409,.T.);
#6395=ORIENTED_EDGE('',*,*,#4410,.T.);
#6396=ORIENTED_EDGE('',*,*,#4411,.T.);
#6397=ORIENTED_EDGE('',*,*,#4412,.T.);
#6398=ORIENTED_EDGE('',*,*,#4363,.T.);
#6399=ORIENTED_EDGE('',*,*,#4357,.T.);
#6400=ORIENTED_EDGE('',*,*,#4413,.F.);
#6401=ORIENTED_EDGE('',*,*,#4401,.F.);
#6402=ORIENTED_EDGE('',*,*,#4414,.T.);
#6403=ORIENTED_EDGE('',*,*,#4382,.F.);
#6404=ORIENTED_EDGE('',*,*,#4389,.F.);
#6405=ORIENTED_EDGE('',*,*,#4381,.F.);
#6406=ORIENTED_EDGE('',*,*,#4415,.F.);
#6407=ORIENTED_EDGE('',*,*,#4416,.F.);
#6408=ORIENTED_EDGE('',*,*,#4385,.F.);
#6409=ORIENTED_EDGE('',*,*,#4417,.T.);
#6410=ORIENTED_EDGE('',*,*,#4418,.F.);
#6411=ORIENTED_EDGE('',*,*,#4419,.F.);
#6412=ORIENTED_EDGE('',*,*,#4420,.F.);
#6413=ORIENTED_EDGE('',*,*,#4417,.F.);
#6414=ORIENTED_EDGE('',*,*,#4384,.F.);
#6415=ORIENTED_EDGE('',*,*,#4421,.F.);
#6416=ORIENTED_EDGE('',*,*,#4422,.F.);
#6417=ORIENTED_EDGE('',*,*,#4423,.F.);
#6418=ORIENTED_EDGE('',*,*,#4424,.F.);
#6419=ORIENTED_EDGE('',*,*,#4418,.T.);
#6420=ORIENTED_EDGE('',*,*,#4420,.T.);
#6421=ORIENTED_EDGE('',*,*,#4425,.F.);
#6422=ORIENTED_EDGE('',*,*,#4426,.F.);
#6423=ORIENTED_EDGE('',*,*,#4427,.F.);
#6424=ORIENTED_EDGE('',*,*,#4428,.T.);
#6425=ORIENTED_EDGE('',*,*,#4429,.T.);
#6426=ORIENTED_EDGE('',*,*,#4430,.T.);
#6427=ORIENTED_EDGE('',*,*,#4431,.T.);
#6428=ORIENTED_EDGE('',*,*,#4416,.T.);
#6429=ORIENTED_EDGE('',*,*,#4383,.F.);
#6430=ORIENTED_EDGE('',*,*,#4432,.T.);
#6431=ORIENTED_EDGE('',*,*,#4399,.F.);
#6432=ORIENTED_EDGE('',*,*,#4433,.T.);
#6433=ORIENTED_EDGE('',*,*,#4386,.F.);
#6434=ORIENTED_EDGE('',*,*,#4434,.F.);
#6435=ORIENTED_EDGE('',*,*,#4435,.T.);
#6436=ORIENTED_EDGE('',*,*,#4403,.F.);
#6437=ORIENTED_EDGE('',*,*,#4348,.T.);
#6438=ORIENTED_EDGE('',*,*,#4404,.F.);
#6439=ORIENTED_EDGE('',*,*,#4435,.F.);
#6440=ORIENTED_EDGE('',*,*,#4436,.F.);
#6441=ORIENTED_EDGE('',*,*,#4426,.T.);
#6442=ORIENTED_EDGE('',*,*,#4437,.F.);
#6443=ORIENTED_EDGE('',*,*,#4405,.F.);
#6444=ORIENTED_EDGE('',*,*,#4436,.T.);
#6445=ORIENTED_EDGE('',*,*,#4438,.T.);
#6446=ORIENTED_EDGE('',*,*,#4439,.T.);
#6447=ORIENTED_EDGE('',*,*,#4296,.F.);
#6448=ORIENTED_EDGE('',*,*,#4427,.T.);
#6449=ORIENTED_EDGE('',*,*,#4440,.F.);
#6450=ORIENTED_EDGE('',*,*,#4441,.F.);
#6451=ORIENTED_EDGE('',*,*,#4442,.F.);
#6452=ORIENTED_EDGE('',*,*,#4443,.T.);
#6453=ORIENTED_EDGE('',*,*,#4444,.F.);
#6454=ORIENTED_EDGE('',*,*,#4445,.F.);
#6455=ORIENTED_EDGE('',*,*,#4446,.T.);
#6456=ORIENTED_EDGE('',*,*,#4431,.F.);
#6457=ORIENTED_EDGE('',*,*,#4447,.T.);
#6458=ORIENTED_EDGE('',*,*,#4428,.F.);
#6459=ORIENTED_EDGE('',*,*,#4446,.F.);
#6460=ORIENTED_EDGE('',*,*,#4448,.F.);
#6461=ORIENTED_EDGE('',*,*,#4449,.T.);
#6462=ORIENTED_EDGE('',*,*,#4450,.F.);
#6463=ORIENTED_EDGE('',*,*,#4451,.T.);
#6464=ORIENTED_EDGE('',*,*,#4429,.F.);
#6465=ORIENTED_EDGE('',*,*,#4449,.F.);
#6466=ORIENTED_EDGE('',*,*,#4430,.F.);
#6467=ORIENTED_EDGE('',*,*,#4451,.F.);
#6468=ORIENTED_EDGE('',*,*,#4452,.F.);
#6469=ORIENTED_EDGE('',*,*,#4447,.F.);
#6470=ORIENTED_EDGE('',*,*,#4453,.F.);
#6471=ORIENTED_EDGE('',*,*,#4444,.T.);
#6472=ORIENTED_EDGE('',*,*,#4421,.T.);
#6473=ORIENTED_EDGE('',*,*,#4295,.T.);
#6474=ORIENTED_EDGE('',*,*,#4454,.F.);
#6475=ORIENTED_EDGE('',*,*,#4455,.T.);
#6476=ORIENTED_EDGE('',*,*,#4456,.T.);
#6477=ORIENTED_EDGE('',*,*,#4293,.T.);
#6478=ORIENTED_EDGE('',*,*,#4409,.F.);
#6479=ORIENTED_EDGE('',*,*,#4457,.F.);
#6480=ORIENTED_EDGE('',*,*,#4422,.T.);
#6481=ORIENTED_EDGE('',*,*,#4443,.F.);
#6482=ORIENTED_EDGE('',*,*,#4458,.T.);
#6483=ORIENTED_EDGE('',*,*,#4459,.T.);
#6484=ORIENTED_EDGE('',*,*,#4459,.F.);
#6485=ORIENTED_EDGE('',*,*,#4460,.T.);
#6486=ORIENTED_EDGE('',*,*,#4410,.F.);
#6487=ORIENTED_EDGE('',*,*,#4461,.F.);
#6488=ORIENTED_EDGE('',*,*,#4462,.F.);
#6489=ORIENTED_EDGE('',*,*,#4411,.F.);
#6490=ORIENTED_EDGE('',*,*,#4460,.F.);
#6491=ORIENTED_EDGE('',*,*,#4458,.F.);
#6492=ORIENTED_EDGE('',*,*,#4442,.T.);
#6493=ORIENTED_EDGE('',*,*,#4360,.F.);
#6494=ORIENTED_EDGE('',*,*,#4364,.T.);
#6495=ORIENTED_EDGE('',*,*,#4412,.F.);
#6496=ORIENTED_EDGE('',*,*,#4462,.T.);
#6497=ORIENTED_EDGE('',*,*,#4463,.F.);
#6498=ORIENTED_EDGE('',*,*,#4464,.F.);
#6499=ORIENTED_EDGE('',*,*,#4260,.F.);
#6500=ORIENTED_EDGE('',*,*,#4268,.F.);
#6501=ORIENTED_EDGE('',*,*,#4272,.F.);
#6502=ORIENTED_EDGE('',*,*,#4308,.T.);
#6503=ORIENTED_EDGE('',*,*,#4306,.T.);
#6504=ORIENTED_EDGE('',*,*,#4327,.T.);
#6505=ORIENTED_EDGE('',*,*,#4320,.T.);
#6506=ORIENTED_EDGE('',*,*,#4318,.T.);
#6507=ORIENTED_EDGE('',*,*,#4408,.F.);
#6508=ORIENTED_EDGE('',*,*,#4465,.T.);
#6509=ORIENTED_EDGE('',*,*,#4423,.T.);
#6510=ORIENTED_EDGE('',*,*,#4457,.T.);
#6511=ORIENTED_EDGE('',*,*,#4445,.T.);
#6512=ORIENTED_EDGE('',*,*,#4466,.T.);
#6513=ORIENTED_EDGE('',*,*,#4467,.T.);
#6514=ORIENTED_EDGE('',*,*,#4468,.T.);
#6515=ORIENTED_EDGE('',*,*,#4468,.F.);
#6516=ORIENTED_EDGE('',*,*,#4469,.T.);
#6517=ORIENTED_EDGE('',*,*,#4470,.T.);
#6518=ORIENTED_EDGE('',*,*,#4448,.T.);
#6519=ORIENTED_EDGE('',*,*,#4471,.T.);
#6520=ORIENTED_EDGE('',*,*,#4472,.T.);
#6521=ORIENTED_EDGE('',*,*,#4450,.T.);
#6522=ORIENTED_EDGE('',*,*,#4470,.F.);
#6523=ORIENTED_EDGE('',*,*,#4472,.F.);
#6524=ORIENTED_EDGE('',*,*,#4473,.T.);
#6525=ORIENTED_EDGE('',*,*,#4466,.F.);
#6526=ORIENTED_EDGE('',*,*,#4452,.T.);
#6527=ORIENTED_EDGE('',*,*,#4473,.F.);
#6528=ORIENTED_EDGE('',*,*,#4471,.F.);
#6529=ORIENTED_EDGE('',*,*,#4469,.F.);
#6530=ORIENTED_EDGE('',*,*,#4467,.F.);
#6531=ORIENTED_EDGE('',*,*,#4406,.F.);
#6532=ORIENTED_EDGE('',*,*,#4437,.T.);
#6533=ORIENTED_EDGE('',*,*,#4474,.T.);
#6534=ORIENTED_EDGE('',*,*,#4438,.F.);
#6535=ORIENTED_EDGE('',*,*,#4434,.T.);
#6536=ORIENTED_EDGE('',*,*,#4299,.F.);
#6537=ORIENTED_EDGE('',*,*,#4439,.F.);
#6538=ORIENTED_EDGE('',*,*,#4419,.T.);
#6539=ORIENTED_EDGE('',*,*,#4424,.T.);
#6540=ORIENTED_EDGE('',*,*,#4465,.F.);
#6541=ORIENTED_EDGE('',*,*,#4407,.F.);
#6542=ORIENTED_EDGE('',*,*,#4474,.F.);
#6543=ORIENTED_EDGE('',*,*,#4425,.T.);
#6544=ORIENTED_EDGE('',*,*,#4361,.F.);
#6545=ORIENTED_EDGE('',*,*,#4461,.T.);
#6546=ORIENTED_EDGE('',*,*,#4441,.T.);
#6547=ORIENTED_EDGE('',*,*,#4475,.F.);
#6548=ORIENTED_EDGE('',*,*,#4476,.T.);
#6549=ORIENTED_EDGE('',*,*,#4463,.T.);
#6550=ORIENTED_EDGE('',*,*,#4362,.F.);
#6551=ORIENTED_EDGE('',*,*,#4477,.T.);
#6552=ORIENTED_EDGE('',*,*,#4455,.F.);
#6553=ORIENTED_EDGE('',*,*,#4478,.F.);
#6554=ORIENTED_EDGE('',*,*,#4475,.T.);
#6555=ORIENTED_EDGE('',*,*,#4440,.T.);
#6556=ORIENTED_EDGE('',*,*,#4453,.T.);
#6557=ORIENTED_EDGE('',*,*,#4298,.T.);
#6558=ORIENTED_EDGE('',*,*,#4242,.T.);
#6559=ORIENTED_EDGE('',*,*,#4464,.T.);
#6560=ORIENTED_EDGE('',*,*,#4476,.F.);
#6561=ORIENTED_EDGE('',*,*,#4478,.T.);
#6562=ORIENTED_EDGE('',*,*,#4454,.T.);
#6563=ORIENTED_EDGE('',*,*,#4265,.F.);
#6564=ORIENTED_EDGE('',*,*,#4456,.F.);
#6565=ORIENTED_EDGE('',*,*,#4477,.F.);
#6566=ORIENTED_EDGE('',*,*,#4241,.T.);
#6567=ORIENTED_EDGE('',*,*,#4294,.T.);
#6568=ORIENTED_EDGE('',*,*,#4402,.F.);
#6569=ORIENTED_EDGE('',*,*,#4413,.T.);
#6570=ORIENTED_EDGE('',*,*,#4415,.T.);
#6571=ORIENTED_EDGE('',*,*,#4231,.T.);
#6572=ORIENTED_EDGE('',*,*,#4400,.F.);
#6573=ORIENTED_EDGE('',*,*,#4432,.F.);
#6574=ORIENTED_EDGE('',*,*,#4414,.F.);
#6575=ORIENTED_EDGE('',*,*,#4479,.T.);
#6576=ORIENTED_EDGE('',*,*,#4480,.F.);
#6577=ORIENTED_EDGE('',*,*,#4391,.T.);
#6578=ORIENTED_EDGE('',*,*,#4481,.T.);
#6579=ORIENTED_EDGE('',*,*,#4482,.T.);
#6580=ORIENTED_EDGE('',*,*,#4483,.F.);
#6581=ORIENTED_EDGE('',*,*,#4392,.T.);
#6582=ORIENTED_EDGE('',*,*,#4480,.T.);
#6583=ORIENTED_EDGE('',*,*,#4484,.T.);
#6584=ORIENTED_EDGE('',*,*,#4485,.T.);
#6585=ORIENTED_EDGE('',*,*,#4486,.T.);
#6586=ORIENTED_EDGE('',*,*,#4487,.T.);
#6587=ORIENTED_EDGE('',*,*,#4488,.T.);
#6588=ORIENTED_EDGE('',*,*,#4489,.F.);
#6589=ORIENTED_EDGE('',*,*,#4393,.T.);
#6590=ORIENTED_EDGE('',*,*,#4483,.T.);
#6591=ORIENTED_EDGE('',*,*,#4490,.T.);
#6592=ORIENTED_EDGE('',*,*,#4481,.F.);
#6593=ORIENTED_EDGE('',*,*,#4390,.T.);
#6594=ORIENTED_EDGE('',*,*,#4489,.T.);
#6595=ORIENTED_EDGE('',*,*,#4490,.F.);
#6596=ORIENTED_EDGE('',*,*,#4491,.F.);
#6597=ORIENTED_EDGE('',*,*,#4487,.F.);
#6598=ORIENTED_EDGE('',*,*,#4492,.T.);
#6599=ORIENTED_EDGE('',*,*,#4486,.F.);
#6600=ORIENTED_EDGE('',*,*,#4493,.T.);
#6601=ORIENTED_EDGE('',*,*,#4479,.F.);
#6602=ORIENTED_EDGE('',*,*,#4492,.F.);
#6603=ORIENTED_EDGE('',*,*,#4485,.F.);
#6604=ORIENTED_EDGE('',*,*,#4494,.T.);
#6605=ORIENTED_EDGE('',*,*,#4482,.F.);
#6606=ORIENTED_EDGE('',*,*,#4493,.F.);
#6607=ORIENTED_EDGE('',*,*,#4484,.F.);
#6608=ORIENTED_EDGE('',*,*,#4491,.T.);
#6609=ORIENTED_EDGE('',*,*,#4488,.F.);
#6610=ORIENTED_EDGE('',*,*,#4494,.F.);
#6611=ORIENTED_EDGE('',*,*,#4398,.F.);
#6612=ORIENTED_EDGE('',*,*,#4495,.F.);
#6613=ORIENTED_EDGE('',*,*,#4387,.F.);
#6614=ORIENTED_EDGE('',*,*,#4433,.F.);
#6615=ORIENTED_EDGE('',*,*,#4394,.F.);
#6616=ORIENTED_EDGE('',*,*,#4366,.F.);
#6617=ORIENTED_EDGE('',*,*,#4369,.T.);
#6618=ORIENTED_EDGE('',*,*,#4496,.F.);
#6619=ORIENTED_EDGE('',*,*,#4395,.F.);
#6620=ORIENTED_EDGE('',*,*,#4496,.T.);
#6621=ORIENTED_EDGE('',*,*,#4374,.T.);
#6622=ORIENTED_EDGE('',*,*,#4380,.T.);
#6623=ORIENTED_EDGE('',*,*,#4497,.T.);
#6624=ORIENTED_EDGE('',*,*,#4498,.F.);
#6625=ORIENTED_EDGE('',*,*,#4396,.F.);
#6626=ORIENTED_EDGE('',*,*,#4498,.T.);
#6627=ORIENTED_EDGE('',*,*,#4499,.T.);
#6628=ORIENTED_EDGE('',*,*,#4397,.F.);
#6629=ORIENTED_EDGE('',*,*,#4499,.F.);
#6630=ORIENTED_EDGE('',*,*,#4497,.F.);
#6631=ORIENTED_EDGE('',*,*,#4379,.F.);
#6632=ORIENTED_EDGE('',*,*,#4388,.F.);
#6633=ORIENTED_EDGE('',*,*,#4495,.T.);
#6634=PLANE('',#7254);
#6635=PLANE('',#7255);
#6636=PLANE('',#7258);
#6637=PLANE('',#7259);
#6638=PLANE('',#7260);
#6639=PLANE('',#7261);
#6640=PLANE('',#7262);
#6641=PLANE('',#7263);
#6642=PLANE('',#7264);
#6643=PLANE('',#7277);
#6644=PLANE('',#7278);
#6645=PLANE('',#7279);
#6646=PLANE('',#7280);
#6647=PLANE('',#7281);
#6648=PLANE('',#7282);
#6649=PLANE('',#7283);
#6650=PLANE('',#7284);
#6651=PLANE('',#7285);
#6652=PLANE('',#7286);
#6653=PLANE('',#7287);
#6654=PLANE('',#7288);
#6655=PLANE('',#7289);
#6656=PLANE('',#7290);
#6657=PLANE('',#7291);
#6658=PLANE('',#7292);
#6659=PLANE('',#7293);
#6660=PLANE('',#7294);
#6661=PLANE('',#7295);
#6662=PLANE('',#7296);
#6663=PLANE('',#7299);
#6664=PLANE('',#7300);
#6665=PLANE('',#7302);
#6666=PLANE('',#7304);
#6667=PLANE('',#7306);
#6668=PLANE('',#7320);
#6669=PLANE('',#7322);
#6670=PLANE('',#7327);
#6671=PLANE('',#7328);
#6672=PLANE('',#7413);
#6673=PLANE('',#7414);
#6674=PLANE('',#7419);
#6675=PLANE('',#7420);
#6676=PLANE('',#7421);
#6677=PLANE('',#7422);
#6678=PLANE('',#7423);
#6679=PLANE('',#7424);
#6680=PLANE('',#7425);
#6681=PLANE('',#7426);
#6682=PLANE('',#7431);
#6683=PLANE('',#7434);
#6684=PLANE('',#7435);
#6685=PLANE('',#7436);
#6686=PLANE('',#7437);
#6687=PLANE('',#7450);
#6688=PLANE('',#7451);
#6689=PLANE('',#7452);
#6690=PLANE('',#7453);
#6691=PLANE('',#7456);
#6692=PLANE('',#7458);
#6693=PLANE('',#7461);
#6694=PLANE('',#7464);
#6695=PLANE('',#7465);
#6696=PLANE('',#7466);
#6697=PLANE('',#7467);
#6698=PLANE('',#7468);
#6699=PLANE('',#7472);
#6700=PLANE('',#7474);
#6701=PLANE('',#7477);
#6702=PLANE('',#7480);
#6703=PLANE('',#7491);
#6704=PLANE('',#7492);
#6705=PLANE('',#7493);
#6706=PLANE('',#7495);
#6707=PLANE('',#7496);
#6708=PLANE('',#7498);
#6709=PLANE('',#7499);
#6710=PLANE('',#7500);
#6711=PLANE('',#7503);
#6712=PLANE('',#7505);
#6713=PLANE('',#7507);
#6714=PLANE('',#7508);
#6715=PLANE('',#7509);
#6716=PLANE('',#7511);
#6717=PLANE('',#7512);
#6718=PLANE('',#7513);
#6719=PLANE('',#7514);
#6720=PLANE('',#7515);
#6721=PLANE('',#7516);
#6722=PLANE('',#7517);
#6723=PLANE('',#7520);
#6724=PLANE('',#7521);
#6725=PLANE('',#7522);
#6726=PLANE('',#7523);
#6727=PLANE('',#7530);
#6728=PLANE('',#7531);
#6729=PLANE('',#7533);
#6730=PLANE('',#7536);
#6731=PLANE('',#7538);
#6732=PLANE('',#7539);
#6733=PLANE('',#7540);
#6734=PLANE('',#7541);
#6735=PLANE('',#7602);
#6736=PLANE('',#7603);
#6737=PLANE('',#7604);
#6738=PLANE('',#7605);
#6739=PLANE('',#7606);
#6740=PLANE('',#7607);
#6741=PLANE('',#7611);
#6742=PLANE('',#7613);
#6743=PLANE('',#7614);
#6744=PLANE('',#7619);
#6745=PLANE('',#7620);
#6746=PLANE('',#7621);
#6747=PLANE('',#7622);
#6748=PLANE('',#7623);
#6749=PLANE('',#7629);
#6750=PLANE('',#7630);
#6751=PLANE('',#7632);
#6752=PLANE('',#7634);
#6753=PLANE('',#7637);
#6754=PLANE('',#7640);
#6755=PLANE('',#7643);
#6756=PLANE('',#7645);
#6757=PLANE('',#7650);
#6758=PLANE('',#7652);
#6759=PLANE('',#7653);
#6760=PLANE('',#7655);
#6761=PLANE('',#7657);
#6762=PLANE('',#7658);
#6763=PLANE('',#7659);
#6764=PLANE('',#7660);
#6765=PLANE('',#7661);
#6766=PLANE('',#7662);
#6767=PLANE('',#7663);
#6768=PLANE('',#7664);
#6769=PLANE('',#7665);
#6770=PLANE('',#7667);
#6771=PLANE('',#7668);
#6772=PLANE('',#7669);
#6773=PLANE('',#7670);
#6774=PLANE('',#7671);
#6775=PLANE('',#7672);
#6776=PLANE('',#7673);
#6777=PLANE('',#7674);
#6778=PLANE('',#7675);
#6779=PLANE('',#7676);
#6780=PLANE('',#7677);
#6781=PLANE('',#7678);
#6782=PLANE('',#7679);
#6783=PLANE('',#7680);
#6784=PLANE('',#7681);
#6785=PLANE('',#7682);
#6786=PLANE('',#7683);
#6787=PLANE('',#7684);
#6788=PLANE('',#7685);
#6789=PLANE('',#7686);
#6790=PLANE('',#7687);
#6791=PLANE('',#7703);
#6792=PLANE('',#7708);
#6793=PLANE('',#7709);
#6794=PLANE('',#7710);
#6795=PLANE('',#7711);
#6796=PLANE('',#7712);
#6797=PLANE('',#7713);
#6798=PLANE('',#7715);
#6799=PLANE('',#7717);
#6800=PLANE('',#7730);
#6801=PLANE('',#7732);
#6802=PLANE('',#7734);
#6803=PLANE('',#7736);
#6804=PLANE('',#7738);
#6805=PLANE('',#7791);
#6806=PLANE('',#7792);
#6807=PLANE('',#7793);
#6808=PLANE('',#7794);
#6809=PLANE('',#7795);
#6810=PLANE('',#7797);
#6811=PLANE('',#7798);
#6812=PLANE('',#7805);
#6813=PLANE('',#7807);
#6814=PLANE('',#7808);
#6815=PLANE('',#7810);
#6816=PLANE('',#7814);
#6817=PLANE('',#7822);
#6818=PLANE('',#7845);
#6819=PLANE('',#7846);
#6820=PLANE('',#7848);
#6821=PLANE('',#7849);
#6822=PLANE('',#7850);
#6823=PLANE('',#7851);
#6824=PLANE('',#7852);
#6825=PLANE('',#7853);
#6826=PLANE('',#7854);
#6827=PLANE('',#7859);
#6828=PLANE('',#7862);
#6829=PLANE('',#7863);
#6830=PLANE('',#7864);
#6831=PLANE('',#7865);
#6832=PLANE('',#7866);
#6833=PLANE('',#7867);
#6834=PLANE('',#7868);
#6835=PLANE('',#7869);
#6836=PLANE('',#7870);
#6837=PLANE('',#7871);
#6838=PLANE('',#7872);
#6839=PLANE('',#7875);
#6840=PLANE('',#7877);
#6841=ADVANCED_FACE('',(#668),#6634,.T.);
#6842=ADVANCED_FACE('',(#669,#498,#499),#6635,.F.);
#6843=ADVANCED_FACE('',(#670),#6636,.F.);
#6844=ADVANCED_FACE('',(#671),#6637,.F.);
#6845=ADVANCED_FACE('',(#672),#6638,.F.);
#6846=ADVANCED_FACE('',(#673),#6639,.T.);
#6847=ADVANCED_FACE('',(#674),#6640,.F.);
#6848=ADVANCED_FACE('',(#675),#6641,.F.);
#6849=ADVANCED_FACE('',(#676),#6642,.F.);
#6850=ADVANCED_FACE('',(#677),#173,.F.);
#6851=ADVANCED_FACE('',(#678),#51,.T.);
#6852=ADVANCED_FACE('',(#679),#52,.T.);
#6853=ADVANCED_FACE('',(#680),#6643,.T.);
#6854=ADVANCED_FACE('',(#681),#6644,.T.);
#6855=ADVANCED_FACE('',(#682),#6645,.T.);
#6856=ADVANCED_FACE('',(#683),#6646,.T.);
#6857=ADVANCED_FACE('',(#684),#6647,.T.);
#6858=ADVANCED_FACE('',(#685),#6648,.T.);
#6859=ADVANCED_FACE('',(#686),#6649,.T.);
#6860=ADVANCED_FACE('',(#687),#6650,.T.);
#6861=ADVANCED_FACE('',(#688),#6651,.T.);
#6862=ADVANCED_FACE('',(#689),#6652,.T.);
#6863=ADVANCED_FACE('',(#690),#6653,.F.);
#6864=ADVANCED_FACE('',(#691),#6654,.F.);
#6865=ADVANCED_FACE('',(#692),#6655,.F.);
#6866=ADVANCED_FACE('',(#693),#6656,.F.);
#6867=ADVANCED_FACE('',(#694),#6657,.F.);
#6868=ADVANCED_FACE('',(#695),#6658,.F.);
#6869=ADVANCED_FACE('',(#696),#6659,.T.);
#6870=ADVANCED_FACE('',(#697),#6660,.F.);
#6871=ADVANCED_FACE('',(#698),#6661,.T.);
#6872=ADVANCED_FACE('',(#699),#6662,.F.);
#6873=ADVANCED_FACE('',(#700),#6663,.T.);
#6874=ADVANCED_FACE('',(#701),#6664,.F.);
#6875=ADVANCED_FACE('',(#702),#6665,.F.);
#6876=ADVANCED_FACE('',(#703),#6666,.F.);
#6877=ADVANCED_FACE('',(#704),#6667,.F.);
#6878=ADVANCED_FACE('',(#705),#53,.F.);
#6879=ADVANCED_FACE('',(#706),#24,.F.);
#6880=ADVANCED_FACE('',(#707),#54,.F.);
#6881=ADVANCED_FACE('',(#708),#174,.T.);
#6882=ADVANCED_FACE('',(#709),#55,.F.);
#6883=ADVANCED_FACE('',(#710),#56,.F.);
#6884=ADVANCED_FACE('',(#711),#6668,.T.);
#6885=ADVANCED_FACE('',(#712),#6669,.T.);
#6886=ADVANCED_FACE('',(#713),#57,.F.);
#6887=ADVANCED_FACE('',(#714),#6670,.F.);
#6888=ADVANCED_FACE('',(#715),#6671,.F.);
#6889=ADVANCED_FACE('',(#716),#58,.T.);
#6890=ADVANCED_FACE('',(#717),#59,.T.);
#6891=ADVANCED_FACE('',(#718),#60,.T.);
#6892=ADVANCED_FACE('',(#719),#61,.T.);
#6893=ADVANCED_FACE('',(#720),#62,.T.);
#6894=ADVANCED_FACE('',(#721),#63,.T.);
#6895=ADVANCED_FACE('',(#722),#64,.T.);
#6896=ADVANCED_FACE('',(#723),#65,.T.);
#6897=ADVANCED_FACE('',(#724),#66,.T.);
#6898=ADVANCED_FACE('',(#725),#67,.T.);
#6899=ADVANCED_FACE('',(#726),#68,.T.);
#6900=ADVANCED_FACE('',(#727),#69,.T.);
#6901=ADVANCED_FACE('',(#728),#70,.T.);
#6902=ADVANCED_FACE('',(#729),#71,.T.);
#6903=ADVANCED_FACE('',(#730),#72,.T.);
#6904=ADVANCED_FACE('',(#731),#175,.F.);
#6905=ADVANCED_FACE('',(#732),#176,.F.);
#6906=ADVANCED_FACE('',(#733),#177,.F.);
#6907=ADVANCED_FACE('',(#734),#73,.T.);
#6908=ADVANCED_FACE('',(#735),#178,.F.);
#6909=ADVANCED_FACE('',(#736),#179,.F.);
#6910=ADVANCED_FACE('',(#737),#180,.F.);
#6911=ADVANCED_FACE('',(#738),#74,.T.);
#6912=ADVANCED_FACE('',(#739),#75,.T.);
#6913=ADVANCED_FACE('',(#740),#76,.T.);
#6914=ADVANCED_FACE('',(#741),#77,.T.);
#6915=ADVANCED_FACE('',(#742),#78,.T.);
#6916=ADVANCED_FACE('',(#743),#25,.T.);
#6917=ADVANCED_FACE('',(#744),#26,.T.);
#6918=ADVANCED_FACE('',(#745),#27,.T.);
#6919=ADVANCED_FACE('',(#746),#28,.T.);
#6920=ADVANCED_FACE('',(#747),#29,.T.);
#6921=ADVANCED_FACE('',(#748),#30,.T.);
#6922=ADVANCED_FACE('',(#749),#31,.T.);
#6923=ADVANCED_FACE('',(#750),#32,.T.);
#6924=ADVANCED_FACE('',(#751),#33,.T.);
#6925=ADVANCED_FACE('',(#752),#34,.T.);
#6926=ADVANCED_FACE('',(#753),#35,.T.);
#6927=ADVANCED_FACE('',(#754),#79,.T.);
#6928=ADVANCED_FACE('',(#755),#36,.T.);
#6929=ADVANCED_FACE('',(#756),#6672,.F.);
#6930=ADVANCED_FACE('',(#757),#6673,.F.);
#6931=ADVANCED_FACE('',(#758),#80,.T.);
#6932=ADVANCED_FACE('',(#759),#81,.T.);
#6933=ADVANCED_FACE('',(#760),#6674,.T.);
#6934=ADVANCED_FACE('',(#761),#6675,.T.);
#6935=ADVANCED_FACE('',(#762),#6676,.F.);
#6936=ADVANCED_FACE('',(#763),#6677,.F.);
#6937=ADVANCED_FACE('',(#764),#6678,.F.);
#6938=ADVANCED_FACE('',(#765),#6679,.F.);
#6939=ADVANCED_FACE('',(#766),#6680,.F.);
#6940=ADVANCED_FACE('',(#767),#6681,.F.);
#6941=ADVANCED_FACE('',(#768),#82,.T.);
#6942=ADVANCED_FACE('',(#769),#83,.T.);
#6943=ADVANCED_FACE('',(#770,#500,#501),#6682,.T.);
#6944=ADVANCED_FACE('',(#771),#6683,.F.);
#6945=ADVANCED_FACE('',(#772),#6684,.F.);
#6946=ADVANCED_FACE('',(#773),#6685,.F.);
#6947=ADVANCED_FACE('',(#774),#6686,.F.);
#6948=ADVANCED_FACE('',(#775),#84,.F.);
#6949=ADVANCED_FACE('',(#776),#85,.F.);
#6950=ADVANCED_FACE('',(#777),#86,.T.);
#6951=ADVANCED_FACE('',(#778),#87,.T.);
#6952=ADVANCED_FACE('',(#779),#37,.T.);
#6953=ADVANCED_FACE('',(#780),#88,.T.);
#6954=ADVANCED_FACE('',(#781),#6687,.T.);
#6955=ADVANCED_FACE('',(#782),#6688,.F.);
#6956=ADVANCED_FACE('',(#783),#6689,.F.);
#6957=ADVANCED_FACE('',(#784,#502),#6690,.T.);
#6958=ADVANCED_FACE('',(#785),#181,.F.);
#6959=ADVANCED_FACE('',(#786),#6691,.T.);
#6960=ADVANCED_FACE('',(#787),#6692,.T.);
#6961=ADVANCED_FACE('',(#788),#89,.T.);
#6962=ADVANCED_FACE('',(#789),#6693,.T.);
#6963=ADVANCED_FACE('',(#790),#90,.T.);
#6964=ADVANCED_FACE('',(#791),#6694,.T.);
#6965=ADVANCED_FACE('',(#792),#6695,.T.);
#6966=ADVANCED_FACE('',(#793),#6696,.F.);
#6967=ADVANCED_FACE('',(#794),#6697,.F.);
#6968=ADVANCED_FACE('',(#795),#6698,.F.);
#6969=ADVANCED_FACE('',(#796),#6699,.F.);
#6970=ADVANCED_FACE('',(#797),#182,.T.);
#6971=ADVANCED_FACE('',(#798,#503),#6700,.F.);
#6972=ADVANCED_FACE('',(#799),#6701,.F.);
#6973=ADVANCED_FACE('',(#800),#6702,.F.);
#6974=ADVANCED_FACE('',(#801),#91,.T.);
#6975=ADVANCED_FACE('',(#802),#92,.F.);
#6976=ADVANCED_FACE('',(#803),#93,.F.);
#6977=ADVANCED_FACE('',(#804),#6703,.T.);
#6978=ADVANCED_FACE('',(#805),#6704,.F.);
#6979=ADVANCED_FACE('',(#806),#6705,.F.);
#6980=ADVANCED_FACE('',(#807),#6706,.F.);
#6981=ADVANCED_FACE('',(#808),#6707,.T.);
#6982=ADVANCED_FACE('',(#809),#6708,.T.);
#6983=ADVANCED_FACE('',(#810),#6709,.F.);
#6984=ADVANCED_FACE('',(#811),#6710,.F.);
#6985=ADVANCED_FACE('',(#812),#19,.F.);
#6986=ADVANCED_FACE('',(#813),#6711,.F.);
#6987=ADVANCED_FACE('',(#814),#6712,.F.);
#6988=ADVANCED_FACE('',(#815),#6713,.F.);
#6989=ADVANCED_FACE('',(#816),#6714,.F.);
#6990=ADVANCED_FACE('',(#817),#183,.F.);
#6991=ADVANCED_FACE('',(#818),#6715,.T.);
#6992=ADVANCED_FACE('',(#819),#6716,.T.);
#6993=ADVANCED_FACE('',(#820),#20,.T.);
#6994=ADVANCED_FACE('',(#821),#6717,.T.);
#6995=ADVANCED_FACE('',(#822),#6718,.T.);
#6996=ADVANCED_FACE('',(#823),#6719,.F.);
#6997=ADVANCED_FACE('',(#824),#6720,.F.);
#6998=ADVANCED_FACE('',(#825),#6721,.F.);
#6999=ADVANCED_FACE('',(#826),#184,.F.);
#7000=ADVANCED_FACE('',(#827),#185,.F.);
#7001=ADVANCED_FACE('',(#828),#6722,.F.);
#7002=ADVANCED_FACE('',(#829),#186,.F.);
#7003=ADVANCED_FACE('',(#830),#94,.T.);
#7004=ADVANCED_FACE('',(#831),#187,.T.);
#7005=ADVANCED_FACE('',(#832),#188,.T.);
#7006=ADVANCED_FACE('',(#833),#6723,.T.);
#7007=ADVANCED_FACE('',(#834),#6724,.T.);
#7008=ADVANCED_FACE('',(#835),#21,.T.);
#7009=ADVANCED_FACE('',(#836,#504),#6725,.T.);
#7010=ADVANCED_FACE('',(#837),#6726,.T.);
#7011=ADVANCED_FACE('',(#838),#189,.T.);
#7012=ADVANCED_FACE('',(#839),#190,.F.);
#7013=ADVANCED_FACE('',(#840),#95,.T.);
#7014=ADVANCED_FACE('',(#841),#191,.T.);
#7015=ADVANCED_FACE('',(#842),#96,.T.);
#7016=ADVANCED_FACE('',(#843),#6727,.T.);
#7017=ADVANCED_FACE('',(#844,#505),#6728,.T.);
#7018=ADVANCED_FACE('',(#845),#6729,.F.);
#7019=ADVANCED_FACE('',(#846,#506),#6730,.T.);
#7020=ADVANCED_FACE('',(#847),#6731,.F.);
#7021=ADVANCED_FACE('',(#848),#6732,.F.);
#7022=ADVANCED_FACE('',(#849),#6733,.F.);
#7023=ADVANCED_FACE('',(#850),#6734,.T.);
#7024=ADVANCED_FACE('',(#851),#97,.T.);
#7025=ADVANCED_FACE('',(#852),#98,.T.);
#7026=ADVANCED_FACE('',(#853),#99,.T.);
#7027=ADVANCED_FACE('',(#854),#192,.F.);
#7028=ADVANCED_FACE('',(#855),#193,.F.);
#7029=ADVANCED_FACE('',(#856),#194,.T.);
#7030=ADVANCED_FACE('',(#857),#100,.T.);
#7031=ADVANCED_FACE('',(#858),#38,.T.);
#7032=ADVANCED_FACE('',(#859),#39,.T.);
#7033=ADVANCED_FACE('',(#860),#40,.T.);
#7034=ADVANCED_FACE('',(#861),#41,.T.);
#7035=ADVANCED_FACE('',(#862),#42,.T.);
#7036=ADVANCED_FACE('',(#863),#101,.T.);
#7037=ADVANCED_FACE('',(#864),#102,.T.);
#7038=ADVANCED_FACE('',(#865),#103,.T.);
#7039=ADVANCED_FACE('',(#866),#104,.T.);
#7040=ADVANCED_FACE('',(#867),#105,.T.);
#7041=ADVANCED_FACE('',(#868),#106,.T.);
#7042=ADVANCED_FACE('',(#869),#107,.T.);
#7043=ADVANCED_FACE('',(#870),#108,.T.);
#7044=ADVANCED_FACE('',(#871),#109,.T.);
#7045=ADVANCED_FACE('',(#872),#110,.T.);
#7046=ADVANCED_FACE('',(#873),#111,.T.);
#7047=ADVANCED_FACE('',(#874),#17,.T.);
#7048=ADVANCED_FACE('',(#875),#112,.T.);
#7049=ADVANCED_FACE('',(#876),#113,.T.);
#7050=ADVANCED_FACE('',(#877),#114,.T.);
#7051=ADVANCED_FACE('',(#878),#115,.T.);
#7052=ADVANCED_FACE('',(#879),#116,.T.);
#7053=ADVANCED_FACE('',(#880),#117,.T.);
#7054=ADVANCED_FACE('',(#881),#195,.F.);
#7055=ADVANCED_FACE('',(#882),#196,.F.);
#7056=ADVANCED_FACE('',(#883),#6735,.T.);
#7057=ADVANCED_FACE('',(#884),#6736,.T.);
#7058=ADVANCED_FACE('',(#885),#6737,.T.);
#7059=ADVANCED_FACE('',(#886),#6738,.T.);
#7060=ADVANCED_FACE('',(#887),#6739,.T.);
#7061=ADVANCED_FACE('',(#888),#6740,.T.);
#7062=ADVANCED_FACE('',(#889),#118,.F.);
#7063=ADVANCED_FACE('',(#890),#6741,.T.);
#7064=ADVANCED_FACE('',(#891),#6742,.T.);
#7065=ADVANCED_FACE('',(#892),#6743,.T.);
#7066=ADVANCED_FACE('',(#893),#119,.F.);
#7067=ADVANCED_FACE('',(#894),#120,.F.);
#7068=ADVANCED_FACE('',(#895),#197,.F.);
#7069=ADVANCED_FACE('',(#896),#6744,.F.);
#7070=ADVANCED_FACE('',(#897),#6745,.F.);
#7071=ADVANCED_FACE('',(#898),#6746,.F.);
#7072=ADVANCED_FACE('',(#899),#6747,.F.);
#7073=ADVANCED_FACE('',(#900),#6748,.F.);
#7074=ADVANCED_FACE('',(#901),#121,.F.);
#7075=ADVANCED_FACE('',(#902),#122,.F.);
#7076=ADVANCED_FACE('',(#903),#198,.T.);
#7077=ADVANCED_FACE('',(#904,#507),#6749,.F.);
#7078=ADVANCED_FACE('',(#905,#508),#6750,.F.);
#7079=ADVANCED_FACE('',(#906),#6751,.T.);
#7080=ADVANCED_FACE('',(#907),#6752,.F.);
#7081=ADVANCED_FACE('',(#908),#123,.F.);
#7082=ADVANCED_FACE('',(#909),#199,.T.);
#7083=ADVANCED_FACE('',(#910),#6753,.F.);
#7084=ADVANCED_FACE('',(#911),#124,.F.);
#7085=ADVANCED_FACE('',(#912),#6754,.T.);
#7086=ADVANCED_FACE('',(#913),#125,.F.);
#7087=ADVANCED_FACE('',(#914),#200,.F.);
#7088=ADVANCED_FACE('',(#915),#201,.F.);
#7089=ADVANCED_FACE('',(#916),#6755,.F.);
#7090=ADVANCED_FACE('',(#917),#126,.T.);
#7091=ADVANCED_FACE('',(#918),#202,.F.);
#7092=ADVANCED_FACE('',(#919),#6756,.T.);
#7093=ADVANCED_FACE('',(#920),#203,.F.);
#7094=ADVANCED_FACE('',(#921),#127,.T.);
#7095=ADVANCED_FACE('',(#922),#6757,.T.);
#7096=ADVANCED_FACE('',(#923),#6758,.F.);
#7097=ADVANCED_FACE('',(#924,#509),#6759,.T.);
#7098=ADVANCED_FACE('',(#925),#204,.F.);
#7099=ADVANCED_FACE('',(#926),#6760,.T.);
#7100=ADVANCED_FACE('',(#927),#128,.T.);
#7101=ADVANCED_FACE('',(#928),#6761,.T.);
#7102=ADVANCED_FACE('',(#929),#6762,.T.);
#7103=ADVANCED_FACE('',(#930),#6763,.T.);
#7104=ADVANCED_FACE('',(#931),#6764,.T.);
#7105=ADVANCED_FACE('',(#932),#6765,.T.);
#7106=ADVANCED_FACE('',(#933),#6766,.T.);
#7107=ADVANCED_FACE('',(#934),#6767,.T.);
#7108=ADVANCED_FACE('',(#935),#6768,.T.);
#7109=ADVANCED_FACE('',(#936),#6769,.T.);
#7110=ADVANCED_FACE('',(#937),#129,.T.);
#7111=ADVANCED_FACE('',(#938),#6770,.F.);
#7112=ADVANCED_FACE('',(#939),#6771,.F.);
#7113=ADVANCED_FACE('',(#940),#6772,.F.);
#7114=ADVANCED_FACE('',(#941),#6773,.F.);
#7115=ADVANCED_FACE('',(#942),#6774,.F.);
#7116=ADVANCED_FACE('',(#943),#6775,.T.);
#7117=ADVANCED_FACE('',(#944),#6776,.T.);
#7118=ADVANCED_FACE('',(#945),#6777,.T.);
#7119=ADVANCED_FACE('',(#946),#6778,.T.);
#7120=ADVANCED_FACE('',(#947),#6779,.T.);
#7121=ADVANCED_FACE('',(#948),#6780,.T.);
#7122=ADVANCED_FACE('',(#949),#6781,.F.);
#7123=ADVANCED_FACE('',(#950),#6782,.F.);
#7124=ADVANCED_FACE('',(#951),#6783,.F.);
#7125=ADVANCED_FACE('',(#952),#6784,.F.);
#7126=ADVANCED_FACE('',(#953),#6785,.F.);
#7127=ADVANCED_FACE('',(#954),#6786,.F.);
#7128=ADVANCED_FACE('',(#955),#6787,.F.);
#7129=ADVANCED_FACE('',(#956),#6788,.F.);
#7130=ADVANCED_FACE('',(#957),#6789,.F.);
#7131=ADVANCED_FACE('',(#958),#6790,.F.);
#7132=ADVANCED_FACE('',(#959),#130,.T.);
#7133=ADVANCED_FACE('',(#960),#43,.T.);
#7134=ADVANCED_FACE('',(#961),#131,.T.);
#7135=ADVANCED_FACE('',(#962),#205,.T.);
#7136=ADVANCED_FACE('',(#963),#132,.T.);
#7137=ADVANCED_FACE('',(#964),#133,.T.);
#7138=ADVANCED_FACE('',(#965),#6791,.T.);
#7139=ADVANCED_FACE('',(#966),#134,.T.);
#7140=ADVANCED_FACE('',(#967),#6792,.T.);
#7141=ADVANCED_FACE('',(#968),#6793,.T.);
#7142=ADVANCED_FACE('',(#969),#6794,.F.);
#7143=ADVANCED_FACE('',(#970),#6795,.T.);
#7144=ADVANCED_FACE('',(#971),#6796,.T.);
#7145=ADVANCED_FACE('',(#972),#6797,.T.);
#7146=ADVANCED_FACE('',(#973),#6798,.F.);
#7147=ADVANCED_FACE('',(#974),#6799,.F.);
#7148=ADVANCED_FACE('',(#975),#135,.F.);
#7149=ADVANCED_FACE('',(#976),#136,.F.);
#7150=ADVANCED_FACE('',(#977),#206,.F.);
#7151=ADVANCED_FACE('',(#978),#137,.F.);
#7152=ADVANCED_FACE('',(#979),#44,.F.);
#7153=ADVANCED_FACE('',(#980),#138,.F.);
#7154=ADVANCED_FACE('',(#981),#6800,.T.);
#7155=ADVANCED_FACE('',(#982),#6801,.T.);
#7156=ADVANCED_FACE('',(#983),#6802,.T.);
#7157=ADVANCED_FACE('',(#984),#6803,.T.);
#7158=ADVANCED_FACE('',(#985),#6804,.F.);
#7159=ADVANCED_FACE('',(#986),#139,.T.);
#7160=ADVANCED_FACE('',(#987),#207,.F.);
#7161=ADVANCED_FACE('',(#988),#208,.F.);
#7162=ADVANCED_FACE('',(#989),#209,.F.);
#7163=ADVANCED_FACE('',(#990),#140,.T.);
#7164=ADVANCED_FACE('',(#991),#141,.T.);
#7165=ADVANCED_FACE('',(#992),#142,.T.);
#7166=ADVANCED_FACE('',(#993),#143,.T.);
#7167=ADVANCED_FACE('',(#994),#144,.T.);
#7168=ADVANCED_FACE('',(#995),#145,.T.);
#7169=ADVANCED_FACE('',(#996),#146,.T.);
#7170=ADVANCED_FACE('',(#997),#210,.F.);
#7171=ADVANCED_FACE('',(#998),#211,.F.);
#7172=ADVANCED_FACE('',(#999),#147,.T.);
#7173=ADVANCED_FACE('',(#1000),#148,.T.);
#7174=ADVANCED_FACE('',(#1001),#149,.T.);
#7175=ADVANCED_FACE('',(#1002),#150,.T.);
#7176=ADVANCED_FACE('',(#1003),#151,.T.);
#7177=ADVANCED_FACE('',(#1004),#152,.T.);
#7178=ADVANCED_FACE('',(#1005),#153,.T.);
#7179=ADVANCED_FACE('',(#1006),#45,.T.);
#7180=ADVANCED_FACE('',(#1007),#46,.T.);
#7181=ADVANCED_FACE('',(#1008),#47,.T.);
#7182=ADVANCED_FACE('',(#1009),#48,.T.);
#7183=ADVANCED_FACE('',(#1010),#49,.T.);
#7184=ADVANCED_FACE('',(#1011),#50,.T.);
#7185=ADVANCED_FACE('',(#1012),#212,.F.);
#7186=ADVANCED_FACE('',(#1013),#154,.F.);
#7187=ADVANCED_FACE('',(#1014),#6805,.F.);
#7188=ADVANCED_FACE('',(#1015),#6806,.F.);
#7189=ADVANCED_FACE('',(#1016),#6807,.F.);
#7190=ADVANCED_FACE('',(#1017),#6808,.F.);
#7191=ADVANCED_FACE('',(#1018),#6809,.F.);
#7192=ADVANCED_FACE('',(#1019),#213,.F.);
#7193=ADVANCED_FACE('',(#1020),#6810,.F.);
#7194=ADVANCED_FACE('',(#1021),#6811,.T.);
#7195=ADVANCED_FACE('',(#1022),#214,.T.);
#7196=ADVANCED_FACE('',(#1023),#155,.T.);
#7197=ADVANCED_FACE('',(#1024,#510),#6812,.F.);
#7198=ADVANCED_FACE('',(#1025),#156,.T.);
#7199=ADVANCED_FACE('',(#1026),#6813,.T.);
#7200=ADVANCED_FACE('',(#1027),#6814,.T.);
#7201=ADVANCED_FACE('',(#1028,#511),#6815,.T.);
#7202=ADVANCED_FACE('',(#1029),#6816,.T.);
#7203=ADVANCED_FACE('',(#1030),#215,.F.);
#7204=ADVANCED_FACE('',(#1031),#157,.F.);
#7205=ADVANCED_FACE('',(#1032,#512),#6817,.F.);
#7206=ADVANCED_FACE('',(#1033),#158,.T.);
#7207=ADVANCED_FACE('',(#1034),#159,.T.);
#7208=ADVANCED_FACE('',(#1035),#216,.F.);
#7209=ADVANCED_FACE('',(#1036),#217,.T.);
#7210=ADVANCED_FACE('',(#1037),#18,.T.);
#7211=ADVANCED_FACE('',(#1038),#160,.T.);
#7212=ADVANCED_FACE('',(#1039),#161,.T.);
#7213=ADVANCED_FACE('',(#1040),#162,.T.);
#7214=ADVANCED_FACE('',(#1041),#163,.T.);
#7215=ADVANCED_FACE('',(#1042),#164,.T.);
#7216=ADVANCED_FACE('',(#1043),#165,.T.);
#7217=ADVANCED_FACE('',(#1044),#166,.F.);
#7218=ADVANCED_FACE('',(#1045),#6818,.F.);
#7219=ADVANCED_FACE('',(#1046),#6819,.T.);
#7220=ADVANCED_FACE('',(#1047),#167,.F.);
#7221=ADVANCED_FACE('',(#1048,#513),#6820,.T.);
#7222=ADVANCED_FACE('',(#1049),#218,.F.);
#7223=ADVANCED_FACE('',(#1050),#6821,.T.);
#7224=ADVANCED_FACE('',(#1051),#6822,.T.);
#7225=ADVANCED_FACE('',(#1052),#6823,.T.);
#7226=ADVANCED_FACE('',(#1053),#6824,.T.);
#7227=ADVANCED_FACE('',(#1054),#6825,.T.);
#7228=ADVANCED_FACE('',(#1055),#219,.T.);
#7229=ADVANCED_FACE('',(#1056),#6826,.F.);
#7230=ADVANCED_FACE('',(#1057),#168,.F.);
#7231=ADVANCED_FACE('',(#1058),#169,.F.);
#7232=ADVANCED_FACE('',(#1059),#6827,.F.);
#7233=ADVANCED_FACE('',(#1060),#170,.F.);
#7234=ADVANCED_FACE('',(#1061),#6828,.F.);
#7235=ADVANCED_FACE('',(#1062),#6829,.T.);
#7236=ADVANCED_FACE('',(#1063),#220,.F.);
#7237=ADVANCED_FACE('',(#1064),#6830,.F.);
#7238=ADVANCED_FACE('',(#1065),#6831,.F.);
#7239=ADVANCED_FACE('',(#1066),#6832,.F.);
#7240=ADVANCED_FACE('',(#1067),#6833,.F.);
#7241=ADVANCED_FACE('',(#1068),#6834,.F.);
#7242=ADVANCED_FACE('',(#1069),#6835,.F.);
#7243=ADVANCED_FACE('',(#1070),#6836,.F.);
#7244=ADVANCED_FACE('',(#1071),#6837,.F.);
#7245=ADVANCED_FACE('',(#1072),#6838,.F.);
#7246=ADVANCED_FACE('',(#1073),#221,.T.);
#7247=ADVANCED_FACE('',(#1074),#171,.T.);
#7248=ADVANCED_FACE('',(#1075),#6839,.F.);
#7249=ADVANCED_FACE('',(#1076),#6840,.T.);
#7250=ADVANCED_FACE('',(#1077),#172,.T.);
#7251=CLOSED_SHELL('',(#6841,#6842,#6843,#6844,#6845,#6846,#6847,#6848,
#6849,#6850,#6851,#6852,#6853,#6854,#6855,#6856,#6857,#6858,#6859,#6860,
#6861,#6862,#6863,#6864,#6865,#6866,#6867,#6868,#6869,#6870,#6871,#6872,
#6873,#6874,#6875,#6876,#6877,#6878,#6879,#6880,#6881,#6882,#6883,#6884,
#6885,#6886,#6887,#6888,#6889,#6890,#6891,#6892,#6893,#6894,#6895,#6896,
#6897,#6898,#6899,#6900,#6901,#6902,#6903,#6904,#6905,#6906,#6907,#6908,
#6909,#6910,#6911,#6912,#6913,#6914,#6915,#6916,#6917,#6918,#6919,#6920,
#6921,#6922,#6923,#6924,#6925,#6926,#6927,#6928,#6929,#6930,#6931,#6932,
#6933,#6934,#6935,#6936,#6937,#6938,#6939,#6940,#6941,#6942,#6943,#6944,
#6945,#6946,#6947,#6948,#6949,#6950,#6951,#6952,#6953,#6954,#6955,#6956,
#6957,#6958,#6959,#6960,#6961,#6962,#6963,#6964,#6965,#6966,#6967,#6968,
#6969,#6970,#6971,#6972,#6973,#6974,#6975,#6976,#6977,#6978,#6979,#6980,
#6981,#6982,#6983,#6984,#6985,#6986,#6987,#6988,#6989,#6990,#6991,#6992,
#6993,#6994,#6995,#6996,#6997,#6998,#6999,#7000,#7001,#7002,#7003,#7004,
#7005,#7006,#7007,#7008,#7009,#7010,#7011,#7012,#7013,#7014,#7015,#7016,
#7017,#7018,#7019,#7020,#7021,#7022,#7023,#7024,#7025,#7026,#7027,#7028,
#7029,#7030,#7031,#7032,#7033,#7034,#7035,#7036,#7037,#7038,#7039,#7040,
#7041,#7042,#7043,#7044,#7045,#7046,#7047,#7048,#7049,#7050,#7051,#7052,
#7053,#7054,#7055,#7056,#7057,#7058,#7059,#7060,#7061,#7062,#7063,#7064,
#7065,#7066,#7067,#7068,#7069,#7070,#7071,#7072,#7073,#7074,#7075,#7076,
#7077,#7078,#7079,#7080,#7081,#7082,#7083,#7084,#7085,#7086,#7087,#7088,
#7089,#7090,#7091,#7092,#7093,#7094,#7095,#7096,#7097,#7098,#7099,#7100,
#7101,#7102,#7103,#7104,#7105,#7106,#7107,#7108,#7109,#7110,#7111,#7112,
#7113,#7114,#7115));
#7252=CLOSED_SHELL('',(#7116,#7117,#7118,#7119,#7120,#7121,#7122,#7123,
#7124,#7125,#7126,#7127,#7128,#7129,#7130,#7131,#7132,#7133,#7134,#7135,
#7136,#7137,#7138,#7139,#7140,#7141,#7142,#7143,#7144,#7145,#7146,#7147,
#7148,#7149,#7150,#7151,#7152,#7153,#7154,#7155,#7156,#7157,#7158,#7159,
#7160,#7161,#7162,#7163,#7164,#7165,#7166,#7167,#7168,#7169,#7170,#7171,
#7172,#7173,#7174,#7175,#7176,#7177,#7178,#7179,#7180,#7181,#7182,#7183,
#7184,#7185,#7186,#7187,#7188,#7189,#7190,#7191,#7192,#7193,#7194,#7195,
#7196,#7197,#7198,#7199,#7200,#7201,#7202,#7203,#7204,#7205,#7206,#7207,
#7208,#7209,#7210,#7211,#7212,#7213,#7214,#7215,#7216,#7217,#7218,#7219,
#7220,#7221,#7222,#7223,#7224,#7225,#7226,#7227,#7228,#7229,#7230,#7231,
#7232,#7233,#7234,#7235,#7236,#7237,#7238,#7239,#7240,#7241,#7242,#7243,
#7244,#7245,#7246,#7247,#7248,#7249,#7250));
#7253=AXIS2_PLACEMENT_3D('',#9766,#7879,#7880);
#7254=AXIS2_PLACEMENT_3D('',#9767,#7881,#7882);
#7255=AXIS2_PLACEMENT_3D('',#9776,#7887,#7888);
#7256=AXIS2_PLACEMENT_3D('',#9794,#7897,#7898);
#7257=AXIS2_PLACEMENT_3D('',#9796,#7899,#7900);
#7258=AXIS2_PLACEMENT_3D('',#9797,#7901,#7902);
#7259=AXIS2_PLACEMENT_3D('',#9803,#7906,#7907);
#7260=AXIS2_PLACEMENT_3D('',#9807,#7910,#7911);
#7261=AXIS2_PLACEMENT_3D('',#9814,#7915,#7916);
#7262=AXIS2_PLACEMENT_3D('',#9833,#7922,#7923);
#7263=AXIS2_PLACEMENT_3D('',#9840,#7928,#7929);
#7264=AXIS2_PLACEMENT_3D('',#9841,#7930,#7931);
#7265=AXIS2_PLACEMENT_3D('',#9848,#7934,#7935);
#7266=AXIS2_PLACEMENT_3D('',#9856,#7939,#7940);
#7267=AXIS2_PLACEMENT_3D('',#9897,#7943,#7944);
#7268=AXIS2_PLACEMENT_3D('',#9899,#7945,#7946);
#7269=AXIS2_PLACEMENT_3D('',#9901,#7947,#7948);
#7270=AXIS2_PLACEMENT_3D('',#9908,#7949,#7950);
#7271=AXIS2_PLACEMENT_3D('',#9910,#7951,#7952);
#7272=AXIS2_PLACEMENT_3D('',#9912,#7953,#7954);
#7273=AXIS2_PLACEMENT_3D('',#9915,#7956,#7957);
#7274=AXIS2_PLACEMENT_3D('',#9916,#7958,#7959);
#7275=AXIS2_PLACEMENT_3D('',#9918,#7960,#7961);
#7276=AXIS2_PLACEMENT_3D('',#9922,#7963,#7964);
#7277=AXIS2_PLACEMENT_3D('',#9924,#7966,#7967);
#7278=AXIS2_PLACEMENT_3D('',#9933,#7972,#7973);
#7279=AXIS2_PLACEMENT_3D('',#9939,#7977,#7978);
#7280=AXIS2_PLACEMENT_3D('',#9945,#7982,#7983);
#7281=AXIS2_PLACEMENT_3D('',#9951,#7987,#7988);
#7282=AXIS2_PLACEMENT_3D('',#9954,#7991,#7992);
#7283=AXIS2_PLACEMENT_3D('',#9960,#7996,#7997);
#7284=AXIS2_PLACEMENT_3D('',#9964,#8000,#8001);
#7285=AXIS2_PLACEMENT_3D('',#9968,#8004,#8005);
#7286=AXIS2_PLACEMENT_3D('',#9972,#8008,#8009);
#7287=AXIS2_PLACEMENT_3D('',#9974,#8011,#8012);
#7288=AXIS2_PLACEMENT_3D('',#9985,#8018,#8019);
#7289=AXIS2_PLACEMENT_3D('',#9988,#8022,#8023);
#7290=AXIS2_PLACEMENT_3D('',#9990,#8025,#8026);
#7291=AXIS2_PLACEMENT_3D('',#9992,#8028,#8029);
#7292=AXIS2_PLACEMENT_3D('',#9994,#8031,#8032);
#7293=AXIS2_PLACEMENT_3D('',#9995,#8033,#8034);
#7294=AXIS2_PLACEMENT_3D('',#9999,#8037,#8038);
#7295=AXIS2_PLACEMENT_3D('',#10008,#8043,#8044);
#7296=AXIS2_PLACEMENT_3D('',#10014,#8048,#8049);
#7297=AXIS2_PLACEMENT_3D('',#10018,#8051,#8052);
#7298=AXIS2_PLACEMENT_3D('',#10030,#8058,#8059);
#7299=AXIS2_PLACEMENT_3D('',#10047,#8065,#8066);
#7300=AXIS2_PLACEMENT_3D('',#10058,#8072,#8073);
#7301=AXIS2_PLACEMENT_3D('',#10061,#8074,#8075);
#7302=AXIS2_PLACEMENT_3D('',#10065,#8078,#8079);
#7303=AXIS2_PLACEMENT_3D('',#10067,#8080,#8081);
#7304=AXIS2_PLACEMENT_3D('',#10069,#8083,#8084);
#7305=AXIS2_PLACEMENT_3D('',#10072,#8085,#8086);
#7306=AXIS2_PLACEMENT_3D('',#10076,#8089,#8090);
#7307=AXIS2_PLACEMENT_3D('',#10078,#8091,#8092);
#7308=AXIS2_PLACEMENT_3D('',#10080,#8094,#8095);
#7309=AXIS2_PLACEMENT_3D('',#10093,#8098,#8099);
#7310=AXIS2_PLACEMENT_3D('',#10094,#8100,#8101);
#7311=AXIS2_PLACEMENT_3D('',#10096,#8102,#8103);
#7312=AXIS2_PLACEMENT_3D('',#10098,#8104,#8105);
#7313=AXIS2_PLACEMENT_3D('',#10099,#8106,#8107);
#7314=AXIS2_PLACEMENT_3D('',#10100,#8108,#8109);
#7315=AXIS2_PLACEMENT_3D('',#10181,#8114,#8115);
#7316=AXIS2_PLACEMENT_3D('',#10182,#8116,#8117);
#7317=AXIS2_PLACEMENT_3D('',#10183,#8118,#8119);
#7318=AXIS2_PLACEMENT_3D('',#10185,#8121,#8122);
#7319=AXIS2_PLACEMENT_3D('',#10188,#8124,#8125);
#7320=AXIS2_PLACEMENT_3D('',#10189,#8126,#8127);
#7321=AXIS2_PLACEMENT_3D('',#10190,#8128,#8129);
#7322=AXIS2_PLACEMENT_3D('',#10191,#8130,#8131);
#7323=AXIS2_PLACEMENT_3D('',#10193,#8132,#8133);
#7324=AXIS2_PLACEMENT_3D('',#10195,#8135,#8136);
#7325=AXIS2_PLACEMENT_3D('',#10197,#8137,#8138);
#7326=AXIS2_PLACEMENT_3D('',#10198,#8139,#8140);
#7327=AXIS2_PLACEMENT_3D('',#10199,#8141,#8142);
#7328=AXIS2_PLACEMENT_3D('',#10244,#8147,#8148);
#7329=AXIS2_PLACEMENT_3D('',#10253,#8153,#8154);
#7330=AXIS2_PLACEMENT_3D('',#10254,#8155,#8156);
#7331=AXIS2_PLACEMENT_3D('',#10255,#8157,#8158);
#7332=AXIS2_PLACEMENT_3D('',#10256,#8159,#8160);
#7333=AXIS2_PLACEMENT_3D('',#10261,#8162,#8163);
#7334=AXIS2_PLACEMENT_3D('',#10264,#8165,#8166);
#7335=AXIS2_PLACEMENT_3D('',#10265,#8167,#8168);
#7336=AXIS2_PLACEMENT_3D('',#10274,#8169,#8170);
#7337=AXIS2_PLACEMENT_3D('',#10281,#8171,#8172);
#7338=AXIS2_PLACEMENT_3D('',#10283,#8173,#8174);
#7339=AXIS2_PLACEMENT_3D('',#10286,#8176,#8177);
#7340=AXIS2_PLACEMENT_3D('',#10287,#8178,#8179);
#7341=AXIS2_PLACEMENT_3D('',#10289,#8180,#8181);
#7342=AXIS2_PLACEMENT_3D('',#10292,#8183,#8184);
#7343=AXIS2_PLACEMENT_3D('',#10293,#8185,#8186);
#7344=AXIS2_PLACEMENT_3D('',#10295,#8187,#8188);
#7345=AXIS2_PLACEMENT_3D('',#10298,#8190,#8191);
#7346=AXIS2_PLACEMENT_3D('',#10299,#8192,#8193);
#7347=AXIS2_PLACEMENT_3D('',#10308,#8194,#8195);
#7348=AXIS2_PLACEMENT_3D('',#10315,#8196,#8197);
#7349=AXIS2_PLACEMENT_3D('',#10317,#8198,#8199);
#7350=AXIS2_PLACEMENT_3D('',#10320,#8201,#8202);
#7351=AXIS2_PLACEMENT_3D('',#10321,#8203,#8204);
#7352=AXIS2_PLACEMENT_3D('',#10323,#8205,#8206);
#7353=AXIS2_PLACEMENT_3D('',#10326,#8208,#8209);
#7354=AXIS2_PLACEMENT_3D('',#10327,#8210,#8211);
#7355=AXIS2_PLACEMENT_3D('',#10342,#8212,#8213);
#7356=AXIS2_PLACEMENT_3D('',#10345,#8215,#8216);
#7357=AXIS2_PLACEMENT_3D('',#10346,#8217,#8218);
#7358=AXIS2_PLACEMENT_3D('',#10358,#8220,#8221);
#7359=AXIS2_PLACEMENT_3D('',#10363,#8222,#8223);
#7360=AXIS2_PLACEMENT_3D('',#10378,#8225,#8226);
#7361=AXIS2_PLACEMENT_3D('',#10379,#8227,#8228);
#7362=AXIS2_PLACEMENT_3D('',#10391,#8230,#8231);
#7363=AXIS2_PLACEMENT_3D('',#10396,#8232,#8233);
#7364=AXIS2_PLACEMENT_3D('',#10406,#8235,#8236);
#7365=AXIS2_PLACEMENT_3D('',#10407,#8237,#8238);
#7366=AXIS2_PLACEMENT_3D('',#10408,#8239,#8240);
#7367=AXIS2_PLACEMENT_3D('',#10469,#8241,#8242);
#7368=AXIS2_PLACEMENT_3D('',#10495,#8243,#8244);
#7369=AXIS2_PLACEMENT_3D('',#10496,#8245,#8246);
#7370=AXIS2_PLACEMENT_3D('',#10498,#8247,#8248);
#7371=AXIS2_PLACEMENT_3D('',#10501,#8250,#8251);
#7372=AXIS2_PLACEMENT_3D('',#10606,#8252,#8253);
#7373=AXIS2_PLACEMENT_3D('',#10612,#8254,#8255);
#7374=AXIS2_PLACEMENT_3D('',#10620,#8256,#8257);
#7375=AXIS2_PLACEMENT_3D('',#10622,#8258,#8259);
#7376=AXIS2_PLACEMENT_3D('',#10624,#8261,#8262);
#7377=AXIS2_PLACEMENT_3D('',#10628,#8264,#8265);
#7378=AXIS2_PLACEMENT_3D('',#10631,#8267,#8268);
#7379=AXIS2_PLACEMENT_3D('',#10632,#8269,#8270);
#7380=AXIS2_PLACEMENT_3D('',#10636,#8272,#8273);
#7381=AXIS2_PLACEMENT_3D('',#10639,#8275,#8276);
#7382=AXIS2_PLACEMENT_3D('',#10640,#8277,#8278);
#7383=AXIS2_PLACEMENT_3D('',#10644,#8280,#8281);
#7384=AXIS2_PLACEMENT_3D('',#10646,#8283,#8284);
#7385=AXIS2_PLACEMENT_3D('',#10648,#8285,#8286);
#7386=AXIS2_PLACEMENT_3D('',#10651,#8288,#8289);
#7387=AXIS2_PLACEMENT_3D('',#10652,#8290,#8291);
#7388=AXIS2_PLACEMENT_3D('',#10654,#8292,#8293);
#7389=AXIS2_PLACEMENT_3D('',#10655,#8294,#8295);
#7390=AXIS2_PLACEMENT_3D('',#10656,#8296,#8297);
#7391=AXIS2_PLACEMENT_3D('',#10657,#8298,#8299);
#7392=AXIS2_PLACEMENT_3D('',#10658,#8300,#8301);
#7393=AXIS2_PLACEMENT_3D('',#10659,#8302,#8303);
#7394=AXIS2_PLACEMENT_3D('',#10660,#8304,#8305);
#7395=AXIS2_PLACEMENT_3D('',#10661,#8306,#8307);
#7396=AXIS2_PLACEMENT_3D('',#10662,#8308,#8309);
#7397=AXIS2_PLACEMENT_3D('',#10663,#8310,#8311);
#7398=AXIS2_PLACEMENT_3D('',#10664,#8312,#8313);
#7399=AXIS2_PLACEMENT_3D('',#10665,#8314,#8315);
#7400=AXIS2_PLACEMENT_3D('',#10666,#8316,#8317);
#7401=AXIS2_PLACEMENT_3D('',#10667,#8318,#8319);
#7402=AXIS2_PLACEMENT_3D('',#10669,#8320,#8321);
#7403=AXIS2_PLACEMENT_3D('',#10670,#8322,#8323);
#7404=AXIS2_PLACEMENT_3D('',#10671,#8324,#8325);
#7405=AXIS2_PLACEMENT_3D('',#10673,#8326,#8327);
#7406=AXIS2_PLACEMENT_3D('',#10674,#8328,#8329);
#7407=AXIS2_PLACEMENT_3D('',#10675,#8330,#8331);
#7408=AXIS2_PLACEMENT_3D('',#10679,#8333,#8334);
#7409=AXIS2_PLACEMENT_3D('',#10681,#8336,#8337);
#7410=AXIS2_PLACEMENT_3D('',#10683,#8338,#8339);
#7411=AXIS2_PLACEMENT_3D('',#10685,#8340,#8341);
#7412=AXIS2_PLACEMENT_3D('',#10686,#8342,#8343);
#7413=AXIS2_PLACEMENT_3D('',#10687,#8344,#8345);
#7414=AXIS2_PLACEMENT_3D('',#10696,#8350,#8351);
#7415=AXIS2_PLACEMENT_3D('',#10705,#8356,#8357);
#7416=AXIS2_PLACEMENT_3D('',#10708,#8358,#8359);
#7417=AXIS2_PLACEMENT_3D('',#10711,#8362,#8363);
#7418=AXIS2_PLACEMENT_3D('',#10714,#8364,#8365);
#7419=AXIS2_PLACEMENT_3D('',#10717,#8368,#8369);
#7420=AXIS2_PLACEMENT_3D('',#10719,#8371,#8372);
#7421=AXIS2_PLACEMENT_3D('',#10721,#8374,#8375);
#7422=AXIS2_PLACEMENT_3D('',#10727,#8379,#8380);
#7423=AXIS2_PLACEMENT_3D('',#10734,#8385,#8386);
#7424=AXIS2_PLACEMENT_3D('',#10741,#8391,#8392);
#7425=AXIS2_PLACEMENT_3D('',#10744,#8395,#8396);
#7426=AXIS2_PLACEMENT_3D('',#10748,#8399,#8400);
#7427=AXIS2_PLACEMENT_3D('',#10752,#8403,#8404);
#7428=AXIS2_PLACEMENT_3D('',#10755,#8405,#8406);
#7429=AXIS2_PLACEMENT_3D('',#10758,#8409,#8410);
#7430=AXIS2_PLACEMENT_3D('',#10761,#8411,#8412);
#7431=AXIS2_PLACEMENT_3D('',#10764,#8415,#8416);
#7432=AXIS2_PLACEMENT_3D('',#10771,#8420,#8421);
#7433=AXIS2_PLACEMENT_3D('',#10773,#8422,#8423);
#7434=AXIS2_PLACEMENT_3D('',#10774,#8424,#8425);
#7435=AXIS2_PLACEMENT_3D('',#10783,#8430,#8431);
#7436=AXIS2_PLACEMENT_3D('',#10787,#8435,#8436);
#7437=AXIS2_PLACEMENT_3D('',#10791,#8440,#8441);
#7438=AXIS2_PLACEMENT_3D('',#10792,#8442,#8443);
#7439=AXIS2_PLACEMENT_3D('',#10794,#8445,#8446);
#7440=AXIS2_PLACEMENT_3D('',#10796,#8448,#8449);
#7441=AXIS2_PLACEMENT_3D('',#10798,#8450,#8451);
#7442=AXIS2_PLACEMENT_3D('',#10799,#8452,#8453);
#7443=AXIS2_PLACEMENT_3D('',#10800,#8454,#8455);
#7444=AXIS2_PLACEMENT_3D('',#10803,#8457,#8458);
#7445=AXIS2_PLACEMENT_3D('',#10804,#8459,#8460);
#7446=AXIS2_PLACEMENT_3D('',#10806,#8461,#8462);
#7447=AXIS2_PLACEMENT_3D('',#10807,#8463,#8464);
#7448=AXIS2_PLACEMENT_3D('',#10808,#8465,#8466);
#7449=AXIS2_PLACEMENT_3D('',#10810,#8467,#8468);
#7450=AXIS2_PLACEMENT_3D('',#10813,#8471,#8472);
#7451=AXIS2_PLACEMENT_3D('',#10819,#8477,#8478);
#7452=AXIS2_PLACEMENT_3D('',#10825,#8482,#8483);
#7453=AXIS2_PLACEMENT_3D('',#10827,#8485,#8486);
#7454=AXIS2_PLACEMENT_3D('',#10855,#8488,#8489);
#7455=AXIS2_PLACEMENT_3D('',#10865,#8492,#8493);
#7456=AXIS2_PLACEMENT_3D('',#10987,#8499,#8500);
#7457=AXIS2_PLACEMENT_3D('',#10991,#8502,#8503);
#7458=AXIS2_PLACEMENT_3D('',#11014,#8509,#8510);
#7459=AXIS2_PLACEMENT_3D('',#11018,#8513,#8514);
#7460=AXIS2_PLACEMENT_3D('',#11021,#8516,#8517);
#7461=AXIS2_PLACEMENT_3D('',#11022,#8518,#8519);
#7462=AXIS2_PLACEMENT_3D('',#11026,#8522,#8523);
#7463=AXIS2_PLACEMENT_3D('',#11029,#8525,#8526);
#7464=AXIS2_PLACEMENT_3D('',#11030,#8527,#8528);
#7465=AXIS2_PLACEMENT_3D('',#11042,#8535,#8536);
#7466=AXIS2_PLACEMENT_3D('',#11046,#8539,#8540);
#7467=AXIS2_PLACEMENT_3D('',#11050,#8543,#8544);
#7468=AXIS2_PLACEMENT_3D('',#11054,#8547,#8548);
#7469=AXIS2_PLACEMENT_3D('',#11189,#8553,#8554);
#7470=AXIS2_PLACEMENT_3D('',#11206,#8564,#8565);
#7471=AXIS2_PLACEMENT_3D('',#11302,#8572,#8573);
#7472=AXIS2_PLACEMENT_3D('',#11303,#8574,#8575);
#7473=AXIS2_PLACEMENT_3D('',#11341,#8577,#8578);
#7474=AXIS2_PLACEMENT_3D('',#11524,#8585,#8586);
#7475=AXIS2_PLACEMENT_3D('',#11530,#8589,#8590);
#7476=AXIS2_PLACEMENT_3D('',#11534,#8592,#8593);
#7477=AXIS2_PLACEMENT_3D('',#11544,#8599,#8600);
#7478=AXIS2_PLACEMENT_3D('',#11548,#8602,#8603);
#7479=AXIS2_PLACEMENT_3D('',#11551,#8605,#8606);
#7480=AXIS2_PLACEMENT_3D('',#11552,#8607,#8608);
#7481=AXIS2_PLACEMENT_3D('',#11556,#8611,#8612);
#7482=AXIS2_PLACEMENT_3D('',#11559,#8614,#8615);
#7483=AXIS2_PLACEMENT_3D('',#11560,#8616,#8617);
#7484=AXIS2_PLACEMENT_3D('',#11580,#8619,#8620);
#7485=AXIS2_PLACEMENT_3D('',#11581,#8621,#8622);
#7486=AXIS2_PLACEMENT_3D('',#11583,#8623,#8624);
#7487=AXIS2_PLACEMENT_3D('',#11584,#8625,#8626);
#7488=AXIS2_PLACEMENT_3D('',#11585,#8627,#8628);
#7489=AXIS2_PLACEMENT_3D('',#11587,#8629,#8630);
#7490=AXIS2_PLACEMENT_3D('',#11590,#8632,#8633);
#7491=AXIS2_PLACEMENT_3D('',#11591,#8634,#8635);
#7492=AXIS2_PLACEMENT_3D('',#11595,#8638,#8639);
#7493=AXIS2_PLACEMENT_3D('',#11604,#8644,#8645);
#7494=AXIS2_PLACEMENT_3D('',#11607,#8646,#8647);
#7495=AXIS2_PLACEMENT_3D('',#11611,#8650,#8651);
#7496=AXIS2_PLACEMENT_3D('',#11617,#8655,#8656);
#7497=AXIS2_PLACEMENT_3D('',#11619,#8657,#8658);
#7498=AXIS2_PLACEMENT_3D('',#11621,#8660,#8661);
#7499=AXIS2_PLACEMENT_3D('',#11630,#8668,#8669);
#7500=AXIS2_PLACEMENT_3D('',#11632,#8671,#8672);
#7501=AXIS2_PLACEMENT_3D('',#11642,#8675,#8676);
#7502=AXIS2_PLACEMENT_3D('',#11643,#8677,#8678);
#7503=AXIS2_PLACEMENT_3D('',#11644,#8679,#8680);
#7504=AXIS2_PLACEMENT_3D('',#11648,#8682,#8683);
#7505=AXIS2_PLACEMENT_3D('',#11654,#8688,#8689);
#7506=AXIS2_PLACEMENT_3D('',#11659,#8692,#8693);
#7507=AXIS2_PLACEMENT_3D('',#11673,#8696,#8697);
#7508=AXIS2_PLACEMENT_3D('',#11682,#8699,#8700);
#7509=AXIS2_PLACEMENT_3D('',#11709,#8701,#8702);
#7510=AXIS2_PLACEMENT_3D('',#11712,#8704,#8705);
#7511=AXIS2_PLACEMENT_3D('',#11728,#8706,#8707);
#7512=AXIS2_PLACEMENT_3D('',#11737,#8710,#8711);
#7513=AXIS2_PLACEMENT_3D('',#11738,#8712,#8713);
#7514=AXIS2_PLACEMENT_3D('',#11739,#8714,#8715);
#7515=AXIS2_PLACEMENT_3D('',#11757,#8722,#8723);
#7516=AXIS2_PLACEMENT_3D('',#11776,#8725,#8726);
#7517=AXIS2_PLACEMENT_3D('',#11885,#8728,#8729);
#7518=AXIS2_PLACEMENT_3D('',#11943,#8732,#8733);
#7519=AXIS2_PLACEMENT_3D('',#11950,#8734,#8735);
#7520=AXIS2_PLACEMENT_3D('',#12151,#8736,#8737);
#7521=AXIS2_PLACEMENT_3D('',#12153,#8739,#8740);
#7522=AXIS2_PLACEMENT_3D('',#12167,#8743,#8744);
#7523=AXIS2_PLACEMENT_3D('',#12260,#8747,#8748);
#7524=AXIS2_PLACEMENT_3D('',#12471,#8749,#8750);
#7525=AXIS2_PLACEMENT_3D('',#12472,#8751,#8752);
#7526=AXIS2_PLACEMENT_3D('',#12506,#8753,#8754);
#7527=AXIS2_PLACEMENT_3D('',#12507,#8755,#8756);
#7528=AXIS2_PLACEMENT_3D('',#12508,#8757,#8758);
#7529=AXIS2_PLACEMENT_3D('',#12510,#8759,#8760);
#7530=AXIS2_PLACEMENT_3D('',#12512,#8762,#8763);
#7531=AXIS2_PLACEMENT_3D('',#12514,#8765,#8766);
#7532=AXIS2_PLACEMENT_3D('',#12518,#8768,#8769);
#7533=AXIS2_PLACEMENT_3D('',#12520,#8771,#8772);
#7534=AXIS2_PLACEMENT_3D('',#12527,#8776,#8777);
#7535=AXIS2_PLACEMENT_3D('',#12531,#8779,#8780);
#7536=AXIS2_PLACEMENT_3D('',#12539,#8785,#8786);
#7537=AXIS2_PLACEMENT_3D('',#12544,#8789,#8790);
#7538=AXIS2_PLACEMENT_3D('',#12545,#8791,#8792);
#7539=AXIS2_PLACEMENT_3D('',#12554,#8797,#8798);
#7540=AXIS2_PLACEMENT_3D('',#12565,#8805,#8806);
#7541=AXIS2_PLACEMENT_3D('',#12571,#8810,#8811);
#7542=AXIS2_PLACEMENT_3D('',#12582,#8818,#8819);
#7543=AXIS2_PLACEMENT_3D('',#12584,#8820,#8821);
#7544=AXIS2_PLACEMENT_3D('',#12597,#8823,#8824);
#7545=AXIS2_PLACEMENT_3D('',#12599,#8825,#8826);
#7546=AXIS2_PLACEMENT_3D('',#12601,#8827,#8828);
#7547=AXIS2_PLACEMENT_3D('',#12614,#8830,#8831);
#7548=AXIS2_PLACEMENT_3D('',#12616,#8832,#8833);
#7549=AXIS2_PLACEMENT_3D('',#12618,#8835,#8836);
#7550=AXIS2_PLACEMENT_3D('',#12639,#8837,#8838);
#7551=AXIS2_PLACEMENT_3D('',#12742,#8839,#8840);
#7552=AXIS2_PLACEMENT_3D('',#12745,#8842,#8843);
#7553=AXIS2_PLACEMENT_3D('',#12746,#8844,#8845);
#7554=AXIS2_PLACEMENT_3D('',#12747,#8846,#8847);
#7555=AXIS2_PLACEMENT_3D('',#12748,#8848,#8849);
#7556=AXIS2_PLACEMENT_3D('',#12751,#8850,#8851);
#7557=AXIS2_PLACEMENT_3D('',#12753,#8852,#8853);
#7558=AXIS2_PLACEMENT_3D('',#12754,#8854,#8855);
#7559=AXIS2_PLACEMENT_3D('',#12755,#8856,#8857);
#7560=AXIS2_PLACEMENT_3D('',#12757,#8858,#8859);
#7561=AXIS2_PLACEMENT_3D('',#12758,#8860,#8861);
#7562=AXIS2_PLACEMENT_3D('',#12759,#8862,#8863);
#7563=AXIS2_PLACEMENT_3D('',#12761,#8864,#8865);
#7564=AXIS2_PLACEMENT_3D('',#12762,#8866,#8867);
#7565=AXIS2_PLACEMENT_3D('',#12763,#8868,#8869);
#7566=AXIS2_PLACEMENT_3D('',#12766,#8870,#8871);
#7567=AXIS2_PLACEMENT_3D('',#12768,#8872,#8873);
#7568=AXIS2_PLACEMENT_3D('',#12769,#8874,#8875);
#7569=AXIS2_PLACEMENT_3D('',#12770,#8876,#8877);
#7570=AXIS2_PLACEMENT_3D('',#12772,#8878,#8879);
#7571=AXIS2_PLACEMENT_3D('',#12775,#8882,#8883);
#7572=AXIS2_PLACEMENT_3D('',#12778,#8886,#8887);
#7573=AXIS2_PLACEMENT_3D('',#12781,#8890,#8891);
#7574=AXIS2_PLACEMENT_3D('',#12785,#8893,#8894);
#7575=AXIS2_PLACEMENT_3D('',#12787,#8896,#8897);
#7576=AXIS2_PLACEMENT_3D('',#12789,#8898,#8899);
#7577=AXIS2_PLACEMENT_3D('',#12791,#8901,#8902);
#7578=AXIS2_PLACEMENT_3D('',#12793,#8904,#8905);
#7579=AXIS2_PLACEMENT_3D('',#12795,#8907,#8908);
#7580=AXIS2_PLACEMENT_3D('',#12799,#8910,#8911);
#7581=AXIS2_PLACEMENT_3D('',#12800,#8912,#8913);
#7582=AXIS2_PLACEMENT_3D('',#12801,#8914,#8915);
#7583=AXIS2_PLACEMENT_3D('',#12804,#8917,#8918);
#7584=AXIS2_PLACEMENT_3D('',#12805,#8919,#8920);
#7585=AXIS2_PLACEMENT_3D('',#12808,#8922,#8923);
#7586=AXIS2_PLACEMENT_3D('',#12809,#8924,#8925);
#7587=AXIS2_PLACEMENT_3D('',#12811,#8927,#8928);
#7588=AXIS2_PLACEMENT_3D('',#12822,#8929,#8930);
#7589=AXIS2_PLACEMENT_3D('',#12824,#8931,#8932);
#7590=AXIS2_PLACEMENT_3D('',#12831,#8933,#8934);
#7591=AXIS2_PLACEMENT_3D('',#12834,#8935,#8936);
#7592=AXIS2_PLACEMENT_3D('',#12837,#8939,#8940);
#7593=AXIS2_PLACEMENT_3D('',#12839,#8941,#8942);
#7594=AXIS2_PLACEMENT_3D('',#12841,#8944,#8945);
#7595=AXIS2_PLACEMENT_3D('',#12844,#8948,#8949);
#7596=AXIS2_PLACEMENT_3D('',#12847,#8951,#8952);
#7597=AXIS2_PLACEMENT_3D('',#12849,#8954,#8955);
#7598=AXIS2_PLACEMENT_3D('',#12852,#8958,#8959);
#7599=AXIS2_PLACEMENT_3D('',#12853,#8960,#8961);
#7600=AXIS2_PLACEMENT_3D('',#12871,#8962,#8963);
#7601=AXIS2_PLACEMENT_3D('',#12872,#8964,#8965);
#7602=AXIS2_PLACEMENT_3D('',#12970,#8966,#8967);
#7603=AXIS2_PLACEMENT_3D('',#12971,#8968,#8969);
#7604=AXIS2_PLACEMENT_3D('',#12975,#8972,#8973);
#7605=AXIS2_PLACEMENT_3D('',#12979,#8976,#8977);
#7606=AXIS2_PLACEMENT_3D('',#12981,#8979,#8980);
#7607=AXIS2_PLACEMENT_3D('',#12982,#8981,#8982);
#7608=AXIS2_PLACEMENT_3D('',#12984,#8984,#8985);
#7609=AXIS2_PLACEMENT_3D('',#12986,#8986,#8987);
#7610=AXIS2_PLACEMENT_3D('',#12988,#8988,#8989);
#7611=AXIS2_PLACEMENT_3D('',#12990,#8991,#8992);
#7612=AXIS2_PLACEMENT_3D('',#12991,#8993,#8994);
#7613=AXIS2_PLACEMENT_3D('',#12992,#8995,#8996);
#7614=AXIS2_PLACEMENT_3D('',#12996,#8999,#9000);
#7615=AXIS2_PLACEMENT_3D('',#12997,#9001,#9002);
#7616=AXIS2_PLACEMENT_3D('',#13001,#9005,#9006);
#7617=AXIS2_PLACEMENT_3D('',#13002,#9007,#9008);
#7618=AXIS2_PLACEMENT_3D('',#13010,#9009,#9010);
#7619=AXIS2_PLACEMENT_3D('',#13046,#9011,#9012);
#7620=AXIS2_PLACEMENT_3D('',#13055,#9017,#9018);
#7621=AXIS2_PLACEMENT_3D('',#13058,#9021,#9022);
#7622=AXIS2_PLACEMENT_3D('',#13060,#9024,#9025);
#7623=AXIS2_PLACEMENT_3D('',#13062,#9027,#9028);
#7624=AXIS2_PLACEMENT_3D('',#13063,#9029,#9030);
#7625=AXIS2_PLACEMENT_3D('',#13064,#9031,#9032);
#7626=AXIS2_PLACEMENT_3D('',#13065,#9033,#9034);
#7627=AXIS2_PLACEMENT_3D('',#13066,#9035,#9036);
#7628=AXIS2_PLACEMENT_3D('',#13067,#9037,#9038);
#7629=AXIS2_PLACEMENT_3D('',#13110,#9039,#9040);
#7630=AXIS2_PLACEMENT_3D('',#13111,#9041,#9042);
#7631=AXIS2_PLACEMENT_3D('',#13113,#9043,#9044);
#7632=AXIS2_PLACEMENT_3D('',#13117,#9047,#9048);
#7633=AXIS2_PLACEMENT_3D('',#13120,#9050,#9051);
#7634=AXIS2_PLACEMENT_3D('',#13121,#9052,#9053);
#7635=AXIS2_PLACEMENT_3D('',#13123,#9055,#9056);
#7636=AXIS2_PLACEMENT_3D('',#13124,#9057,#9058);
#7637=AXIS2_PLACEMENT_3D('',#13167,#9059,#9060);
#7638=AXIS2_PLACEMENT_3D('',#13169,#9062,#9063);
#7639=AXIS2_PLACEMENT_3D('',#13170,#9064,#9065);
#7640=AXIS2_PLACEMENT_3D('',#13171,#9066,#9067);
#7641=AXIS2_PLACEMENT_3D('',#13172,#9068,#9069);
#7642=AXIS2_PLACEMENT_3D('',#13173,#9070,#9071);
#7643=AXIS2_PLACEMENT_3D('',#13244,#9072,#9073);
#7644=AXIS2_PLACEMENT_3D('',#13250,#9077,#9078);
#7645=AXIS2_PLACEMENT_3D('',#13284,#9080,#9081);
#7646=AXIS2_PLACEMENT_3D('',#13332,#9085,#9086);
#7647=AXIS2_PLACEMENT_3D('',#13333,#9087,#9088);
#7648=AXIS2_PLACEMENT_3D('',#13334,#9089,#9090);
#7649=AXIS2_PLACEMENT_3D('',#13336,#9091,#9092);
#7650=AXIS2_PLACEMENT_3D('',#13338,#9094,#9095);
#7651=AXIS2_PLACEMENT_3D('',#13344,#9099,#9100);
#7652=AXIS2_PLACEMENT_3D('',#13346,#9102,#9103);
#7653=AXIS2_PLACEMENT_3D('',#13348,#9105,#9106);
#7654=AXIS2_PLACEMENT_3D('',#13392,#9108,#9109);
#7655=AXIS2_PLACEMENT_3D('',#13393,#9110,#9111);
#7656=AXIS2_PLACEMENT_3D('',#13398,#9115,#9116);
#7657=AXIS2_PLACEMENT_3D('',#13399,#9117,#9118);
#7658=AXIS2_PLACEMENT_3D('',#13407,#9123,#9124);
#7659=AXIS2_PLACEMENT_3D('',#13413,#9128,#9129);
#7660=AXIS2_PLACEMENT_3D('',#13419,#9133,#9134);
#7661=AXIS2_PLACEMENT_3D('',#13422,#9137,#9138);
#7662=AXIS2_PLACEMENT_3D('',#13425,#9141,#9142);
#7663=AXIS2_PLACEMENT_3D('',#13426,#9143,#9144);
#7664=AXIS2_PLACEMENT_3D('',#13427,#9145,#9146);
#7665=AXIS2_PLACEMENT_3D('',#13429,#9148,#9149);
#7666=AXIS2_PLACEMENT_3D('',#13430,#9150,#9151);
#7667=AXIS2_PLACEMENT_3D('',#13431,#9152,#9153);
#7668=AXIS2_PLACEMENT_3D('',#13432,#9154,#9155);
#7669=AXIS2_PLACEMENT_3D('',#13434,#9157,#9158);
#7670=AXIS2_PLACEMENT_3D('',#13435,#9159,#9160);
#7671=AXIS2_PLACEMENT_3D('',#13436,#9161,#9162);
#7672=AXIS2_PLACEMENT_3D('',#13437,#9163,#9164);
#7673=AXIS2_PLACEMENT_3D('',#13446,#9169,#9170);
#7674=AXIS2_PLACEMENT_3D('',#13452,#9174,#9175);
#7675=AXIS2_PLACEMENT_3D('',#13458,#9179,#9180);
#7676=AXIS2_PLACEMENT_3D('',#13464,#9184,#9185);
#7677=AXIS2_PLACEMENT_3D('',#13467,#9188,#9189);
#7678=AXIS2_PLACEMENT_3D('',#13468,#9190,#9191);
#7679=AXIS2_PLACEMENT_3D('',#13474,#9195,#9196);
#7680=AXIS2_PLACEMENT_3D('',#13478,#9199,#9200);
#7681=AXIS2_PLACEMENT_3D('',#13482,#9203,#9204);
#7682=AXIS2_PLACEMENT_3D('',#13486,#9207,#9208);
#7683=AXIS2_PLACEMENT_3D('',#13488,#9210,#9211);
#7684=AXIS2_PLACEMENT_3D('',#13494,#9215,#9216);
#7685=AXIS2_PLACEMENT_3D('',#13498,#9219,#9220);
#7686=AXIS2_PLACEMENT_3D('',#13502,#9223,#9224);
#7687=AXIS2_PLACEMENT_3D('',#13506,#9227,#9228);
#7688=AXIS2_PLACEMENT_3D('',#13508,#9230,#9231);
#7689=AXIS2_PLACEMENT_3D('',#13513,#9233,#9234);
#7690=AXIS2_PLACEMENT_3D('',#13517,#9236,#9237);
#7691=AXIS2_PLACEMENT_3D('',#13519,#9239,#9240);
#7692=AXIS2_PLACEMENT_3D('',#13522,#9241,#9242);
#7693=AXIS2_PLACEMENT_3D('',#13524,#9243,#9244);
#7694=AXIS2_PLACEMENT_3D('',#13526,#9245,#9246);
#7695=AXIS2_PLACEMENT_3D('',#13527,#9247,#9248);
#7696=AXIS2_PLACEMENT_3D('',#13528,#9249,#9250);
#7697=AXIS2_PLACEMENT_3D('',#13587,#9254,#9255);
#7698=AXIS2_PLACEMENT_3D('',#13589,#9256,#9257);
#7699=AXIS2_PLACEMENT_3D('',#13590,#9258,#9259);
#7700=AXIS2_PLACEMENT_3D('',#13591,#9260,#9261);
#7701=AXIS2_PLACEMENT_3D('',#13596,#9265,#9266);
#7702=AXIS2_PLACEMENT_3D('',#13601,#9269,#9270);
#7703=AXIS2_PLACEMENT_3D('',#13602,#9271,#9272);
#7704=AXIS2_PLACEMENT_3D('',#13608,#9275,#9276);
#7705=AXIS2_PLACEMENT_3D('',#13615,#9280,#9281);
#7706=AXIS2_PLACEMENT_3D('',#13616,#9282,#9283);
#7707=AXIS2_PLACEMENT_3D('',#13617,#9284,#9285);
#7708=AXIS2_PLACEMENT_3D('',#13618,#9286,#9287);
#7709=AXIS2_PLACEMENT_3D('',#13625,#9291,#9292);
#7710=AXIS2_PLACEMENT_3D('',#13633,#9297,#9298);
#7711=AXIS2_PLACEMENT_3D('',#13640,#9303,#9304);
#7712=AXIS2_PLACEMENT_3D('',#13642,#9306,#9307);
#7713=AXIS2_PLACEMENT_3D('',#13646,#9310,#9311);
#7714=AXIS2_PLACEMENT_3D('',#13676,#9314,#9315);
#7715=AXIS2_PLACEMENT_3D('',#13690,#9318,#9319);
#7716=AXIS2_PLACEMENT_3D('',#13695,#9321,#9322);
#7717=AXIS2_PLACEMENT_3D('',#13697,#9324,#9325);
#7718=AXIS2_PLACEMENT_3D('',#13703,#9328,#9329);
#7719=AXIS2_PLACEMENT_3D('',#13704,#9330,#9331);
#7720=AXIS2_PLACEMENT_3D('',#13706,#9332,#9333);
#7721=AXIS2_PLACEMENT_3D('',#13709,#9335,#9336);
#7722=AXIS2_PLACEMENT_3D('',#13710,#9337,#9338);
#7723=AXIS2_PLACEMENT_3D('',#13712,#9339,#9340);
#7724=AXIS2_PLACEMENT_3D('',#13809,#9343,#9344);
#7725=AXIS2_PLACEMENT_3D('',#13811,#9345,#9346);
#7726=AXIS2_PLACEMENT_3D('',#13813,#9348,#9349);
#7727=AXIS2_PLACEMENT_3D('',#13815,#9351,#9352);
#7728=AXIS2_PLACEMENT_3D('',#13816,#9353,#9354);
#7729=AXIS2_PLACEMENT_3D('',#13819,#9355,#9356);
#7730=AXIS2_PLACEMENT_3D('',#13822,#9359,#9360);
#7731=AXIS2_PLACEMENT_3D('',#13825,#9361,#9362);
#7732=AXIS2_PLACEMENT_3D('',#13829,#9365,#9366);
#7733=AXIS2_PLACEMENT_3D('',#13831,#9367,#9368);
#7734=AXIS2_PLACEMENT_3D('',#13833,#9370,#9371);
#7735=AXIS2_PLACEMENT_3D('',#13836,#9372,#9373);
#7736=AXIS2_PLACEMENT_3D('',#13840,#9376,#9377);
#7737=AXIS2_PLACEMENT_3D('',#13842,#9378,#9379);
#7738=AXIS2_PLACEMENT_3D('',#13844,#9381,#9382);
#7739=AXIS2_PLACEMENT_3D('',#13855,#9388,#9389);
#7740=AXIS2_PLACEMENT_3D('',#13857,#9390,#9391);
#7741=AXIS2_PLACEMENT_3D('',#13859,#9393,#9394);
#7742=AXIS2_PLACEMENT_3D('',#13891,#9395,#9396);
#7743=AXIS2_PLACEMENT_3D('',#13928,#9397,#9398);
#7744=AXIS2_PLACEMENT_3D('',#13937,#9399,#9400);
#7745=AXIS2_PLACEMENT_3D('',#13967,#9401,#9402);
#7746=AXIS2_PLACEMENT_3D('',#13970,#9404,#9405);
#7747=AXIS2_PLACEMENT_3D('',#13971,#9406,#9407);
#7748=AXIS2_PLACEMENT_3D('',#13996,#9409,#9410);
#7749=AXIS2_PLACEMENT_3D('',#13999,#9412,#9413);
#7750=AXIS2_PLACEMENT_3D('',#14000,#9414,#9415);
#7751=AXIS2_PLACEMENT_3D('',#14004,#9417,#9418);
#7752=AXIS2_PLACEMENT_3D('',#14027,#9420,#9421);
#7753=AXIS2_PLACEMENT_3D('',#14052,#9424,#9425);
#7754=AXIS2_PLACEMENT_3D('',#14053,#9426,#9427);
#7755=AXIS2_PLACEMENT_3D('',#14057,#9429,#9430);
#7756=AXIS2_PLACEMENT_3D('',#14080,#9432,#9433);
#7757=AXIS2_PLACEMENT_3D('',#14093,#9436,#9437);
#7758=AXIS2_PLACEMENT_3D('',#14094,#9438,#9439);
#7759=AXIS2_PLACEMENT_3D('',#14095,#9440,#9441);
#7760=AXIS2_PLACEMENT_3D('',#14122,#9442,#9443);
#7761=AXIS2_PLACEMENT_3D('',#14123,#9444,#9445);
#7762=AXIS2_PLACEMENT_3D('',#14149,#9446,#9447);
#7763=AXIS2_PLACEMENT_3D('',#14150,#9448,#9449);
#7764=AXIS2_PLACEMENT_3D('',#14151,#9450,#9451);
#7765=AXIS2_PLACEMENT_3D('',#14152,#9452,#9453);
#7766=AXIS2_PLACEMENT_3D('',#14153,#9454,#9455);
#7767=AXIS2_PLACEMENT_3D('',#14154,#9456,#9457);
#7768=AXIS2_PLACEMENT_3D('',#14155,#9458,#9459);
#7769=AXIS2_PLACEMENT_3D('',#14156,#9460,#9461);
#7770=AXIS2_PLACEMENT_3D('',#14157,#9462,#9463);
#7771=AXIS2_PLACEMENT_3D('',#14158,#9464,#9465);
#7772=AXIS2_PLACEMENT_3D('',#14159,#9466,#9467);
#7773=AXIS2_PLACEMENT_3D('',#14160,#9468,#9469);
#7774=AXIS2_PLACEMENT_3D('',#14161,#9470,#9471);
#7775=AXIS2_PLACEMENT_3D('',#14162,#9472,#9473);
#7776=AXIS2_PLACEMENT_3D('',#14163,#9474,#9475);
#7777=AXIS2_PLACEMENT_3D('',#14164,#9476,#9477);
#7778=AXIS2_PLACEMENT_3D('',#14165,#9478,#9479);
#7779=AXIS2_PLACEMENT_3D('',#14166,#9480,#9481);
#7780=AXIS2_PLACEMENT_3D('',#14167,#9482,#9483);
#7781=AXIS2_PLACEMENT_3D('',#14168,#9484,#9485);
#7782=AXIS2_PLACEMENT_3D('',#14169,#9486,#9487);
#7783=AXIS2_PLACEMENT_3D('',#14170,#9488,#9489);
#7784=AXIS2_PLACEMENT_3D('',#14171,#9490,#9491);
#7785=AXIS2_PLACEMENT_3D('',#14172,#9492,#9493);
#7786=AXIS2_PLACEMENT_3D('',#14173,#9494,#9495);
#7787=AXIS2_PLACEMENT_3D('',#14174,#9496,#9497);
#7788=AXIS2_PLACEMENT_3D('',#14176,#9498,#9499);
#7789=AXIS2_PLACEMENT_3D('',#14177,#9500,#9501);
#7790=AXIS2_PLACEMENT_3D('',#14222,#9502,#9503);
#7791=AXIS2_PLACEMENT_3D('',#14224,#9505,#9506);
#7792=AXIS2_PLACEMENT_3D('',#14226,#9508,#9509);
#7793=AXIS2_PLACEMENT_3D('',#14228,#9511,#9512);
#7794=AXIS2_PLACEMENT_3D('',#14230,#9514,#9515);
#7795=AXIS2_PLACEMENT_3D('',#14232,#9517,#9518);
#7796=AXIS2_PLACEMENT_3D('',#14281,#9522,#9523);
#7797=AXIS2_PLACEMENT_3D('',#14301,#9524,#9525);
#7798=AXIS2_PLACEMENT_3D('',#14305,#9528,#9529);
#7799=AXIS2_PLACEMENT_3D('',#14307,#9530,#9531);
#7800=AXIS2_PLACEMENT_3D('',#14354,#9534,#9535);
#7801=AXIS2_PLACEMENT_3D('',#14355,#9536,#9537);
#7802=AXIS2_PLACEMENT_3D('',#14356,#9538,#9539);
#7803=AXIS2_PLACEMENT_3D('',#14360,#9541,#9542);
#7804=AXIS2_PLACEMENT_3D('',#14364,#9544,#9545);
#7805=AXIS2_PLACEMENT_3D('',#14366,#9547,#9548);
#7806=AXIS2_PLACEMENT_3D('',#14368,#9550,#9551);
#7807=AXIS2_PLACEMENT_3D('',#14370,#9553,#9554);
#7808=AXIS2_PLACEMENT_3D('',#14372,#9556,#9557);
#7809=AXIS2_PLACEMENT_3D('',#14377,#9559,#9560);
#7810=AXIS2_PLACEMENT_3D('',#14389,#9562,#9563);
#7811=AXIS2_PLACEMENT_3D('',#14413,#9565,#9566);
#7812=AXIS2_PLACEMENT_3D('',#14415,#9567,#9568);
#7813=AXIS2_PLACEMENT_3D('',#14419,#9570,#9571);
#7814=AXIS2_PLACEMENT_3D('',#14433,#9577,#9578);
#7815=AXIS2_PLACEMENT_3D('',#14435,#9579,#9580);
#7816=AXIS2_PLACEMENT_3D('',#14441,#9583,#9584);
#7817=AXIS2_PLACEMENT_3D('',#14706,#9589,#9590);
#7818=AXIS2_PLACEMENT_3D('',#14711,#9593,#9594);
#7819=AXIS2_PLACEMENT_3D('',#14873,#9595,#9596);
#7820=AXIS2_PLACEMENT_3D('',#14884,#9598,#9599);
#7821=AXIS2_PLACEMENT_3D('',#14893,#9600,#9601);
#7822=AXIS2_PLACEMENT_3D('',#14894,#9602,#9603);
#7823=AXIS2_PLACEMENT_3D('',#14932,#9612,#9613);
#7824=AXIS2_PLACEMENT_3D('',#14938,#9614,#9615);
#7825=AXIS2_PLACEMENT_3D('',#14939,#9616,#9617);
#7826=AXIS2_PLACEMENT_3D('',#14942,#9619,#9620);
#7827=AXIS2_PLACEMENT_3D('',#15061,#9621,#9622);
#7828=AXIS2_PLACEMENT_3D('',#15064,#9623,#9624);
#7829=AXIS2_PLACEMENT_3D('',#15079,#9625,#9626);
#7830=AXIS2_PLACEMENT_3D('',#15080,#9627,#9628);
#7831=AXIS2_PLACEMENT_3D('',#15081,#9629,#9630);
#7832=AXIS2_PLACEMENT_3D('',#15085,#9632,#9633);
#7833=AXIS2_PLACEMENT_3D('',#15086,#9634,#9635);
#7834=AXIS2_PLACEMENT_3D('',#15087,#9636,#9637);
#7835=AXIS2_PLACEMENT_3D('',#15090,#9639,#9640);
#7836=AXIS2_PLACEMENT_3D('',#15091,#9641,#9642);
#7837=AXIS2_PLACEMENT_3D('',#15094,#9644,#9645);
#7838=AXIS2_PLACEMENT_3D('',#15095,#9646,#9647);
#7839=AXIS2_PLACEMENT_3D('',#15097,#9649,#9650);
#7840=AXIS2_PLACEMENT_3D('',#15099,#9652,#9653);
#7841=AXIS2_PLACEMENT_3D('',#15103,#9655,#9656);
#7842=AXIS2_PLACEMENT_3D('',#15105,#9658,#9659);
#7843=AXIS2_PLACEMENT_3D('',#15106,#9660,#9661);
#7844=AXIS2_PLACEMENT_3D('',#15108,#9662,#9663);
#7845=AXIS2_PLACEMENT_3D('',#15110,#9665,#9666);
#7846=AXIS2_PLACEMENT_3D('',#15112,#9668,#9669);
#7847=AXIS2_PLACEMENT_3D('',#15115,#9672,#9673);
#7848=AXIS2_PLACEMENT_3D('',#15116,#9674,#9675);
#7849=AXIS2_PLACEMENT_3D('',#15155,#9678,#9679);
#7850=AXIS2_PLACEMENT_3D('',#15161,#9683,#9684);
#7851=AXIS2_PLACEMENT_3D('',#15165,#9687,#9688);
#7852=AXIS2_PLACEMENT_3D('',#15169,#9691,#9692);
#7853=AXIS2_PLACEMENT_3D('',#15171,#9694,#9695);
#7854=AXIS2_PLACEMENT_3D('',#15207,#9696,#9697);
#7855=AXIS2_PLACEMENT_3D('',#15208,#9698,#9699);
#7856=AXIS2_PLACEMENT_3D('',#15209,#9700,#9701);
#7857=AXIS2_PLACEMENT_3D('',#15211,#9702,#9703);
#7858=AXIS2_PLACEMENT_3D('',#15212,#9704,#9705);
#7859=AXIS2_PLACEMENT_3D('',#15213,#9706,#9707);
#7860=AXIS2_PLACEMENT_3D('',#15215,#9709,#9710);
#7861=AXIS2_PLACEMENT_3D('',#15216,#9711,#9712);
#7862=AXIS2_PLACEMENT_3D('',#15217,#9713,#9714);
#7863=AXIS2_PLACEMENT_3D('',#15218,#9715,#9716);
#7864=AXIS2_PLACEMENT_3D('',#15254,#9717,#9718);
#7865=AXIS2_PLACEMENT_3D('',#15260,#9722,#9723);
#7866=AXIS2_PLACEMENT_3D('',#15264,#9726,#9727);
#7867=AXIS2_PLACEMENT_3D('',#15273,#9732,#9733);
#7868=AXIS2_PLACEMENT_3D('',#15277,#9736,#9737);
#7869=AXIS2_PLACEMENT_3D('',#15279,#9739,#9740);
#7870=AXIS2_PLACEMENT_3D('',#15282,#9743,#9744);
#7871=AXIS2_PLACEMENT_3D('',#15284,#9746,#9747);
#7872=AXIS2_PLACEMENT_3D('',#15286,#9749,#9750);
#7873=AXIS2_PLACEMENT_3D('',#15329,#9751,#9752);
#7874=AXIS2_PLACEMENT_3D('',#15330,#9753,#9754);
#7875=AXIS2_PLACEMENT_3D('',#15332,#9756,#9757);
#7876=AXIS2_PLACEMENT_3D('',#15334,#9758,#9759);
#7877=AXIS2_PLACEMENT_3D('',#15336,#9761,#9762);
#7878=AXIS2_PLACEMENT_3D('',#15338,#9764,#9765);
#7879=DIRECTION('axis',(0.,0.,1.));
#7880=DIRECTION('refdir',(1.,0.,0.));
#7881=DIRECTION('center_axis',(1.,0.,0.));
#7882=DIRECTION('ref_axis',(0.,0.,-1.));
#7883=DIRECTION('',(0.,0.,-1.));
#7884=DIRECTION('',(0.,-1.,0.));
#7885=DIRECTION('',(0.,0.,-1.));
#7886=DIRECTION('',(0.,-1.,0.));
#7887=DIRECTION('center_axis',(0.,0.,-1.));
#7888=DIRECTION('ref_axis',(-1.,0.,0.));
#7889=DIRECTION('',(1.,0.,0.));
#7890=DIRECTION('',(0.,1.,0.));
#7891=DIRECTION('',(1.,0.,0.));
#7892=DIRECTION('',(0.,1.,0.));
#7893=DIRECTION('',(1.,0.,0.));
#7894=DIRECTION('',(0.,1.,0.));
#7895=DIRECTION('',(-1.,0.,0.));
#7896=DIRECTION('',(0.,1.,0.));
#7897=DIRECTION('center_axis',(0.,0.,-1.));
#7898=DIRECTION('ref_axis',(-1.,0.,0.));
#7899=DIRECTION('center_axis',(0.,0.,-1.));
#7900=DIRECTION('ref_axis',(-1.,0.,0.));
#7901=DIRECTION('center_axis',(0.,1.,0.));
#7902=DIRECTION('ref_axis',(1.,0.,0.));
#7903=DIRECTION('',(1.,0.,0.));
#7904=DIRECTION('',(0.,0.,-1.));
#7905=DIRECTION('',(0.,0.,-1.));
#7906=DIRECTION('center_axis',(-1.,0.,0.));
#7907=DIRECTION('ref_axis',(0.,1.,0.));
#7908=DIRECTION('',(0.,-1.,0.));
#7909=DIRECTION('',(0.,0.,-1.));
#7910=DIRECTION('center_axis',(-0.60643254642151,0.0492317728906155,0.793609349225908));
#7911=DIRECTION('ref_axis',(0.0263199146758204,0.998777289743225,-0.0418471932706965));
#7912=DIRECTION('',(-0.029891997001018,-0.99878738104666,0.0391182307529912));
#7913=DIRECTION('',(-0.0263199146758204,-0.998777289743225,0.0418471932706965));
#7914=DIRECTION('',(-0.79469920644995,-0.00448976961818248,-0.606986831188779));
#7915=DIRECTION('center_axis',(-0.794572863339803,0.,-0.607168810829399));
#7916=DIRECTION('ref_axis',(-0.607168810829399,0.,0.794572863339803));
#7917=DIRECTION('',(-0.0339152751337519,-0.99843871946739,0.0443833029518941));
#7918=DIRECTION('',(-0.607168810829399,2.78071846812435E-16,0.794572863339803));
#7919=DIRECTION('',(0.,1.,0.));
#7920=DIRECTION('',(0.607168810829399,0.,-0.794572863339803));
#7921=DIRECTION('',(-0.60643254642151,0.0492317728906152,0.793609349225908));
#7922=DIRECTION('center_axis',(0.317814289948849,0.0313293367825123,0.947635240881784));
#7923=DIRECTION('ref_axis',(-0.947787602364457,0.038241314699489,0.316601109685813));
#7924=DIRECTION('',(0.948100648467692,-3.50373020773627E-16,-0.317970376568543));
#7925=DIRECTION('',(0.947787602364457,-0.038241314699489,-0.316601109685813));
#7926=DIRECTION('',(-0.0263199146758225,-0.998777289743225,0.0418471932706945));
#7927=DIRECTION('',(-0.0263199146758225,-0.998777289743225,0.0418471932706945));
#7928=DIRECTION('center_axis',(0.0263199146758225,0.998777289743225,-0.0418471932706945));
#7929=DIRECTION('ref_axis',(-0.99965296320739,0.0263429905417812,-8.7008860201238E-17));
#7930=DIRECTION('center_axis',(0.74143890591518,0.,0.671020378822656));
#7931=DIRECTION('ref_axis',(-0.671020378822656,0.,0.74143890591518));
#7932=DIRECTION('',(-0.671020378822656,0.,0.74143890591518));
#7933=DIRECTION('',(0.,1.,0.));
#7934=DIRECTION('center_axis',(0.74143890591518,0.,0.671020378822656));
#7935=DIRECTION('ref_axis',(0.671020378822656,0.,-0.74143890591518));
#7936=DIRECTION('',(0.,1.,0.));
#7937=DIRECTION('',(0.671020378822656,0.,-0.74143890591518));
#7938=DIRECTION('',(0.,-1.,0.));
#7939=DIRECTION('center_axis',(-0.74143890591518,0.,-0.671020378822656));
#7940=DIRECTION('ref_axis',(0.671020378822656,6.16663415733384E-17,-0.74143890591518));
#7941=DIRECTION('',(-0.671020378822656,0.,0.74143890591518));
#7942=DIRECTION('',(0.,1.,0.));
#7943=DIRECTION('center_axis',(0.105472359826267,0.,0.994422234924722));
#7944=DIRECTION('ref_axis',(0.994422234924722,0.,-0.105472359826267));
#7945=DIRECTION('center_axis',(0.994422234924722,0.,-0.105472359826267));
#7946=DIRECTION('ref_axis',(-0.105472359826267,0.,-0.994422234924722));
#7947=DIRECTION('center_axis',(-0.430664289541661,2.00397964712462E-16,
-0.902512199204851));
#7948=DIRECTION('ref_axis',(0.902512199204851,0.,-0.430664289541661));
#7949=DIRECTION('center_axis',(-0.671020378822656,0.,0.74143890591518));
#7950=DIRECTION('ref_axis',(-0.524276478208158,0.707106781186547,-0.474483060179866));
#7951=DIRECTION('center_axis',(0.760722011382101,0.,0.649077823838383));
#7952=DIRECTION('ref_axis',(0.649077823838383,0.,-0.760722011382101));
#7953=DIRECTION('center_axis',(0.405573434273834,-4.51628983497169E-16,
0.914062464720726));
#7954=DIRECTION('ref_axis',(-0.914062464720726,-2.00389716156337E-16,0.405573434273834));
#7955=DIRECTION('',(0.671020378822656,0.,-0.74143890591518));
#7956=DIRECTION('center_axis',(0.671020378822657,0.,-0.741438905915179));
#7957=DIRECTION('ref_axis',(0.,1.,0.));
#7958=DIRECTION('center_axis',(1.,0.,0.));
#7959=DIRECTION('ref_axis',(0.,0.707106781186547,0.707106781186547));
#7960=DIRECTION('center_axis',(0.760722011382101,0.,0.649077823838383));
#7961=DIRECTION('ref_axis',(-0.649077823838383,8.44571092375568E-17,0.7607220113821));
#7962=DIRECTION('',(1.,0.,0.));
#7963=DIRECTION('center_axis',(-1.,0.,0.));
#7964=DIRECTION('ref_axis',(0.,0.,1.));
#7965=DIRECTION('',(-1.,0.,0.));
#7966=DIRECTION('center_axis',(-0.105472359826267,0.,-0.994422234924722));
#7967=DIRECTION('ref_axis',(-0.994422234924722,0.,0.105472359826267));
#7968=DIRECTION('',(-0.994422234924722,0.,0.105472359826267));
#7969=DIRECTION('',(0.,1.,0.));
#7970=DIRECTION('',(0.994422234924722,0.,-0.105472359826267));
#7971=DIRECTION('',(0.,1.,0.));
#7972=DIRECTION('center_axis',(-0.692793055415238,0.,-0.72113645197592));
#7973=DIRECTION('ref_axis',(-0.72113645197592,0.,0.692793055415238));
#7974=DIRECTION('',(-0.72113645197592,0.,0.692793055415238));
#7975=DIRECTION('',(0.72113645197592,0.,-0.692793055415238));
#7976=DIRECTION('',(0.,1.,0.));
#7977=DIRECTION('center_axis',(0.,0.,1.));
#7978=DIRECTION('ref_axis',(1.,0.,0.));
#7979=DIRECTION('',(1.,0.,0.));
#7980=DIRECTION('',(-1.,0.,0.));
#7981=DIRECTION('',(0.,1.,0.));
#7982=DIRECTION('center_axis',(0.571427282729375,0.,0.820652703981729));
#7983=DIRECTION('ref_axis',(0.820652703981729,0.,-0.571427282729375));
#7984=DIRECTION('',(0.820652703981729,0.,-0.571427282729375));
#7985=DIRECTION('',(-0.820652703981729,0.,0.571427282729375));
#7986=DIRECTION('',(0.,1.,0.));
#7987=DIRECTION('center_axis',(0.435928453727026,0.,-0.899981323823536));
#7988=DIRECTION('ref_axis',(-0.899981323823536,0.,-0.435928453727026));
#7989=DIRECTION('',(-0.899981323823536,0.,-0.435928453727026));
#7990=DIRECTION('',(0.899981323823536,0.,0.435928453727026));
#7991=DIRECTION('center_axis',(0.0498031692525529,0.996194698091746,0.0715245959533991));
#7992=DIRECTION('ref_axis',(0.,-0.0716134645253348,0.997432459717789));
#7993=DIRECTION('',(0.99594112503093,-0.0441594098036704,-0.0784297264939623));
#7994=DIRECTION('',(-0.820652703981729,0.,0.571427282729375));
#7995=DIRECTION('',(0.298417721352219,-0.0831845230325498,0.950803449042333));
#7996=DIRECTION('center_axis',(0.0379936681694158,0.996194698091746,-0.0784385407368582));
#7997=DIRECTION('ref_axis',(0.,0.0784952158578689,0.99691449035884));
#7998=DIRECTION('',(0.171238381797682,-0.0838247099092749,-0.981657187926589));
#7999=DIRECTION('',(0.899981323823536,0.,0.435928453727026));
#8000=DIRECTION('center_axis',(-0.00919252186000624,0.996194698091746,-0.0866696084896473));
#8001=DIRECTION('ref_axis',(0.,0.0866732706192251,0.996236791209884));
#8002=DIRECTION('',(0.994422234924722,0.,-0.105472359826267));
#8003=DIRECTION('',(-0.420436818034158,-0.0824903289864184,-0.903564180158236));
#8004=DIRECTION('center_axis',(-0.0603808933151325,0.996194698091746,-0.0628511830943701));
#8005=DIRECTION('ref_axis',(0.,0.0629660704011157,0.99801566820278));
#8006=DIRECTION('',(0.72113645197592,0.,-0.692793055415238));
#8007=DIRECTION('',(-0.927173535804045,-0.032651341742275,0.373206543869551));
#8008=DIRECTION('center_axis',(0.,0.996194698091746,0.0871557427476551));
#8009=DIRECTION('ref_axis',(0.,-0.0871557427476552,0.996194698091746));
#8010=DIRECTION('',(-1.,0.,0.));
#8011=DIRECTION('center_axis',(0.,-1.,0.));
#8012=DIRECTION('ref_axis',(0.,0.,-1.));
#8013=DIRECTION('',(-1.,0.,0.));
#8014=DIRECTION('',(-0.820652703981729,0.,0.571427282729375));
#8015=DIRECTION('',(0.899981323823536,0.,0.435928453727026));
#8016=DIRECTION('',(0.994422234924722,0.,-0.105472359826267));
#8017=DIRECTION('',(0.72113645197592,0.,-0.692793055415238));
#8018=DIRECTION('center_axis',(0.,0.,1.));
#8019=DIRECTION('ref_axis',(-1.,0.,0.));
#8020=DIRECTION('',(0.,-1.,0.));
#8021=DIRECTION('',(0.,-1.,0.));
#8022=DIRECTION('center_axis',(-0.692793055415238,0.,-0.72113645197592));
#8023=DIRECTION('ref_axis',(0.72113645197592,0.,-0.692793055415238));
#8024=DIRECTION('',(0.,-1.,0.));
#8025=DIRECTION('center_axis',(-0.105472359826267,0.,-0.994422234924722));
#8026=DIRECTION('ref_axis',(0.994422234924722,0.,-0.105472359826267));
#8027=DIRECTION('',(0.,-1.,0.));
#8028=DIRECTION('center_axis',(0.435928453727026,0.,-0.899981323823536));
#8029=DIRECTION('ref_axis',(0.899981323823536,0.,0.435928453727026));
#8030=DIRECTION('',(0.,-1.,0.));
#8031=DIRECTION('center_axis',(0.571427282729375,0.,0.820652703981729));
#8032=DIRECTION('ref_axis',(-0.820652703981729,0.,0.571427282729375));
#8033=DIRECTION('center_axis',(0.,1.,0.));
#8034=DIRECTION('ref_axis',(1.,0.,0.));
#8035=DIRECTION('',(1.,0.,0.));
#8036=DIRECTION('',(0.,0.,-1.));
#8037=DIRECTION('center_axis',(0.794572863339803,0.,0.607168810829399));
#8038=DIRECTION('ref_axis',(-0.607168810829399,0.,0.794572863339803));
#8039=DIRECTION('',(-0.607168810829399,0.,0.794572863339803));
#8040=DIRECTION('',(0.,-1.,0.));
#8041=DIRECTION('',(-0.607168810829399,-2.78071846812435E-16,0.794572863339803));
#8042=DIRECTION('',(-0.0339152751337519,0.99843871946739,0.0443833029518941));
#8043=DIRECTION('center_axis',(-0.317814289948849,0.0313293367825123,-0.947635240881784));
#8044=DIRECTION('ref_axis',(-0.947787602364457,-0.038241314699489,0.316601109685813));
#8045=DIRECTION('',(-0.948100648467692,0.,0.317970376568543));
#8046=DIRECTION('',(0.948100648467692,3.50373020773627E-16,-0.317970376568543));
#8047=DIRECTION('',(-0.0263199146758225,0.998777289743225,0.0418471932706945));
#8048=DIRECTION('center_axis',(-0.105472359826267,0.,-0.994422234924722));
#8049=DIRECTION('ref_axis',(-0.994422234924722,0.,0.105472359826267));
#8050=DIRECTION('',(-0.994422234924722,0.,0.105472359826267));
#8051=DIRECTION('center_axis',(-0.105472359826267,0.,-0.994422234924722));
#8052=DIRECTION('ref_axis',(-0.994422234924722,0.,0.105472359826267));
#8053=DIRECTION('',(3.4388456351319E-16,1.,-3.64737584777633E-17));
#8054=DIRECTION('',(-0.994422234924722,0.,0.105472359826267));
#8055=DIRECTION('',(0.,1.,0.));
#8056=DIRECTION('',(0.994422234924722,0.,-0.105472359826267));
#8057=DIRECTION('',(3.4388456351319E-16,1.,-3.64737584777633E-17));
#8058=DIRECTION('center_axis',(-0.105472359826267,0.,-0.994422234924722));
#8059=DIRECTION('ref_axis',(-0.994422234924722,0.,0.105472359826267));
#8060=DIRECTION('',(0.994422234924722,-3.46772964321956E-16,-0.105472359826267));
#8061=DIRECTION('',(0.,1.,0.));
#8062=DIRECTION('',(-0.994422234924722,0.,0.105472359826267));
#8063=DIRECTION('',(0.,-1.,0.));
#8064=DIRECTION('',(-0.994422234924722,0.,0.105472359826267));
#8065=DIRECTION('center_axis',(0.,-1.,0.));
#8066=DIRECTION('ref_axis',(0.,0.,-1.));
#8067=DIRECTION('',(-1.,0.,0.));
#8068=DIRECTION('',(0.72113645197592,0.,-0.692793055415238));
#8069=DIRECTION('',(0.994422234924722,0.,-0.105472359826267));
#8070=DIRECTION('',(0.899981323823536,0.,0.435928453727026));
#8071=DIRECTION('',(-0.820652703981729,0.,0.571427282729375));
#8072=DIRECTION('center_axis',(0.,0.996194698091746,0.0871557427476551));
#8073=DIRECTION('ref_axis',(0.,-0.0871557427476552,0.996194698091746));
#8074=DIRECTION('center_axis',(0.,0.996194698091746,0.0871557427476551));
#8075=DIRECTION('ref_axis',(0.,-0.0871557427476551,0.996194698091746));
#8076=DIRECTION('',(-1.,0.,0.));
#8077=DIRECTION('',(-0.927173535804045,-0.032651341742275,0.373206543869551));
#8078=DIRECTION('center_axis',(-0.0603808933151325,0.996194698091746,-0.0628511830943701));
#8079=DIRECTION('ref_axis',(0.,0.0629660704011157,0.99801566820278));
#8080=DIRECTION('center_axis',(-0.0603808933151325,0.996194698091746,-0.0628511830943701));
#8081=DIRECTION('ref_axis',(0.690156768679446,0.0871557427476552,0.7183923100591));
#8082=DIRECTION('',(0.72113645197592,0.,-0.692793055415238));
#8083=DIRECTION('center_axis',(0.0379936681694158,0.996194698091746,-0.0784385407368582));
#8084=DIRECTION('ref_axis',(0.,0.0784952158578689,0.99691449035884));
#8085=DIRECTION('center_axis',(0.0379936681694158,0.996194698091746,-0.0784385407368582));
#8086=DIRECTION('ref_axis',(-0.434269614350203,0.0871557427476552,0.896556623174594));
#8087=DIRECTION('',(0.899981323823536,0.,0.435928453727026));
#8088=DIRECTION('',(0.99594112503093,-0.0441594098036704,-0.0784297264939626));
#8089=DIRECTION('center_axis',(0.0498031692525529,0.996194698091746,0.0715245959533991));
#8090=DIRECTION('ref_axis',(0.,-0.0716134645253348,0.997432459717789));
#8091=DIRECTION('center_axis',(0.0498031692525529,0.996194698091746,0.0715245959533991));
#8092=DIRECTION('ref_axis',(0.569252829399977,-0.0871557427476551,0.817529872681253));
#8093=DIRECTION('',(-0.820652703981729,0.,0.571427282729375));
#8094=DIRECTION('center_axis',(1.,0.,0.));
#8095=DIRECTION('ref_axis',(0.,0.707106781186548,0.707106781186548));
#8096=DIRECTION('',(-1.,0.,0.));
#8097=DIRECTION('',(1.,0.,0.));
#8098=DIRECTION('center_axis',(0.405573434273834,0.,0.914062464720726));
#8099=DIRECTION('ref_axis',(-0.914062464720726,3.75230804089257E-17,0.405573434273834));
#8100=DIRECTION('center_axis',(0.,0.,1.));
#8101=DIRECTION('ref_axis',(1.,0.,0.));
#8102=DIRECTION('center_axis',(-0.994422234924722,-1.76644873826021E-15,
0.105472359826267));
#8103=DIRECTION('ref_axis',(-0.105472359826267,0.,-0.994422234924722));
#8104=DIRECTION('center_axis',(0.671020378822657,0.,-0.741438905915179));
#8105=DIRECTION('ref_axis',(0.,1.,0.));
#8106=DIRECTION('center_axis',(0.,1.,0.));
#8107=DIRECTION('ref_axis',(-0.74143890591518,0.,-0.671020378822656));
#8108=DIRECTION('center_axis',(-0.671020378822656,0.,0.74143890591518));
#8109=DIRECTION('ref_axis',(-0.524276478208158,0.707106781186547,-0.474483060179866));
#8110=DIRECTION('',(-0.671020378822656,0.,0.74143890591518));
#8111=DIRECTION('',(0.671020378822656,0.,-0.74143890591518));
#8112=DIRECTION('',(-0.671020378822656,0.,0.74143890591518));
#8113=DIRECTION('',(-0.671020378822656,0.,0.74143890591518));
#8114=DIRECTION('center_axis',(-0.329631410167309,1.99201789749001E-16,
-0.944109704129299));
#8115=DIRECTION('ref_axis',(0.944109704129298,0.,-0.329631410167309));
#8116=DIRECTION('center_axis',(0.994422234924722,0.,-0.105472359826267));
#8117=DIRECTION('ref_axis',(-0.105472359826267,0.,-0.994422234924722));
#8118=DIRECTION('center_axis',(-0.994422234924722,0.,0.105472359826267));
#8119=DIRECTION('ref_axis',(-0.0745802208609012,0.707106781186548,-0.703162705677953));
#8120=DIRECTION('',(0.994422234924722,0.,-0.105472359826267));
#8121=DIRECTION('center_axis',(0.,1.,0.));
#8122=DIRECTION('ref_axis',(-0.453279012466395,0.,-0.891368687388944));
#8123=DIRECTION('',(0.,1.,0.));
#8124=DIRECTION('center_axis',(-0.852710031619207,-0.514495755427526,0.090441802409232));
#8125=DIRECTION('ref_axis',(-0.511626018971524,0.857492925712544,0.0542650814455392));
#8126=DIRECTION('center_axis',(0.74143890591518,0.,0.671020378822656));
#8127=DIRECTION('ref_axis',(-0.671020378822656,0.,0.74143890591518));
#8128=DIRECTION('center_axis',(0.74143890591518,0.,0.671020378822656));
#8129=DIRECTION('ref_axis',(0.671020378822656,0.,-0.74143890591518));
#8130=DIRECTION('center_axis',(0.74143890591518,0.,0.671020378822656));
#8131=DIRECTION('ref_axis',(-0.671020378822656,0.,0.74143890591518));
#8132=DIRECTION('center_axis',(0.74143890591518,0.,0.671020378822656));
#8133=DIRECTION('ref_axis',(-0.671020378822656,8.23162544699918E-17,0.74143890591518));
#8134=DIRECTION('',(0.,1.,0.));
#8135=DIRECTION('center_axis',(0.994422234924722,0.,-0.105472359826267));
#8136=DIRECTION('ref_axis',(-0.074580220860901,0.707106781186548,-0.703162705677953));
#8137=DIRECTION('center_axis',(-0.511626018971524,-0.857492925712544,0.0542650814455391));
#8138=DIRECTION('ref_axis',(-0.852710031619206,0.514495755427526,0.0904418024092319));
#8139=DIRECTION('center_axis',(0.563036263853593,0.,0.826432190555152));
#8140=DIRECTION('ref_axis',(0.826432190555152,0.,-0.563036263853593));
#8141=DIRECTION('center_axis',(-0.794572863339803,0.,-0.607168810829399));
#8142=DIRECTION('ref_axis',(-0.607168810829399,0.,0.794572863339803));
#8143=DIRECTION('',(0.,1.,0.));
#8144=DIRECTION('',(0.607168810829399,-2.78071846812435E-16,-0.794572863339803));
#8145=DIRECTION('',(0.0301406007469323,0.998767114616351,-0.0394435666179187));
#8146=DIRECTION('',(-0.607168810829399,0.,0.794572863339803));
#8147=DIRECTION('center_axis',(1.,0.,0.));
#8148=DIRECTION('ref_axis',(0.,0.,-1.));
#8149=DIRECTION('',(0.,0.,-1.));
#8150=DIRECTION('',(0.,1.,0.));
#8151=DIRECTION('',(0.,0.,-1.));
#8152=DIRECTION('',(0.,-1.,0.));
#8153=DIRECTION('center_axis',(0.,1.,0.));
#8154=DIRECTION('ref_axis',(0.,0.,-1.));
#8155=DIRECTION('center_axis',(3.39081421555475E-16,1.,-9.08565930741863E-17));
#8156=DIRECTION('ref_axis',(0.,0.,-1.));
#8157=DIRECTION('center_axis',(2.67147415300428E-16,-1.,-3.8510861166685E-16));
#8158=DIRECTION('ref_axis',(-0.794572863339803,2.15578510768338E-17,-0.607168810829399));
#8159=DIRECTION('center_axis',(1.,0.,0.));
#8160=DIRECTION('ref_axis',(0.,0.,1.));
#8161=DIRECTION('',(1.,0.,0.));
#8162=DIRECTION('center_axis',(1.,0.,0.));
#8163=DIRECTION('ref_axis',(0.,0.,1.));
#8164=DIRECTION('',(1.,0.,0.));
#8165=DIRECTION('center_axis',(-1.,0.,0.));
#8166=DIRECTION('ref_axis',(0.,0.,1.));
#8167=DIRECTION('center_axis',(0.,-1.,0.));
#8168=DIRECTION('ref_axis',(0.,0.,1.));
#8169=DIRECTION('center_axis',(0.,1.,0.));
#8170=DIRECTION('ref_axis',(-0.435928453727026,0.,0.899981323823536));
#8171=DIRECTION('center_axis',(-0.820652703981729,0.,0.571427282729375));
#8172=DIRECTION('ref_axis',(0.,1.,0.));
#8173=DIRECTION('center_axis',(-0.820652703981729,0.,0.571427282729375));
#8174=DIRECTION('ref_axis',(-0.571427282729375,0.,-0.820652703981729));
#8175=DIRECTION('',(0.820652703981729,0.,-0.571427282729375));
#8176=DIRECTION('center_axis',(0.820652703981729,0.,-0.571427282729375));
#8177=DIRECTION('ref_axis',(-0.571427282729375,0.,-0.820652703981729));
#8178=DIRECTION('center_axis',(0.899981323823536,0.,0.435928453727026));
#8179=DIRECTION('ref_axis',(0.,1.,0.));
#8180=DIRECTION('center_axis',(0.899981323823536,0.,0.435928453727026));
#8181=DIRECTION('ref_axis',(-0.435928453727026,0.,0.899981323823536));
#8182=DIRECTION('',(-0.899981323823536,0.,-0.435928453727026));
#8183=DIRECTION('center_axis',(-0.899981323823536,0.,-0.435928453727026));
#8184=DIRECTION('ref_axis',(-0.435928453727026,0.,0.899981323823536));
#8185=DIRECTION('center_axis',(0.994422234924722,0.,-0.105472359826267));
#8186=DIRECTION('ref_axis',(0.,-1.,0.));
#8187=DIRECTION('center_axis',(0.994422234924722,0.,-0.105472359826267));
#8188=DIRECTION('ref_axis',(0.105472359826267,0.,0.994422234924722));
#8189=DIRECTION('',(-0.994422234924722,0.,0.105472359826267));
#8190=DIRECTION('center_axis',(-0.994422234924722,0.,0.105472359826267));
#8191=DIRECTION('ref_axis',(0.105472359826267,0.,0.994422234924722));
#8192=DIRECTION('center_axis',(0.,-1.,0.));
#8193=DIRECTION('ref_axis',(0.,0.,1.));
#8194=DIRECTION('center_axis',(0.,1.,0.));
#8195=DIRECTION('ref_axis',(0.,0.,-1.));
#8196=DIRECTION('center_axis',(0.72113645197592,0.,-0.692793055415238));
#8197=DIRECTION('ref_axis',(0.,-1.,0.));
#8198=DIRECTION('center_axis',(0.72113645197592,0.,-0.692793055415238));
#8199=DIRECTION('ref_axis',(0.692793055415238,0.,0.72113645197592));
#8200=DIRECTION('',(-0.72113645197592,0.,0.692793055415238));
#8201=DIRECTION('center_axis',(-0.72113645197592,0.,0.692793055415238));
#8202=DIRECTION('ref_axis',(0.692793055415238,0.,0.72113645197592));
#8203=DIRECTION('center_axis',(-1.,0.,0.));
#8204=DIRECTION('ref_axis',(0.,0.,-1.));
#8205=DIRECTION('center_axis',(-1.,0.,0.));
#8206=DIRECTION('ref_axis',(0.,0.,-1.));
#8207=DIRECTION('',(1.,0.,0.));
#8208=DIRECTION('center_axis',(1.,0.,0.));
#8209=DIRECTION('ref_axis',(0.,0.,-1.));
#8210=DIRECTION('center_axis',(0.899981323823536,0.,0.435928453727026));
#8211=DIRECTION('ref_axis',(0.,1.,0.));
#8212=DIRECTION('center_axis',(-0.985124317575481,0.,-0.171843181189836));
#8213=DIRECTION('ref_axis',(-0.171843181189836,0.,0.985124317575481));
#8214=DIRECTION('',(0.899981323823536,0.,0.435928453727026));
#8215=DIRECTION('center_axis',(0.0785063095983576,0.,0.996913616795982));
#8216=DIRECTION('ref_axis',(-0.996913616795982,0.,0.0785063095983576));
#8217=DIRECTION('center_axis',(-0.820652703981729,0.,0.571427282729375));
#8218=DIRECTION('ref_axis',(0.,1.,0.));
#8219=DIRECTION('',(-0.820652703981729,0.,0.571427282729375));
#8220=DIRECTION('center_axis',(-0.954110241005129,0.,0.29945558603762));
#8221=DIRECTION('ref_axis',(-0.29945558603762,0.,-0.954110241005129));
#8222=DIRECTION('center_axis',(-1.,0.,0.));
#8223=DIRECTION('ref_axis',(0.,0.,-1.));
#8224=DIRECTION('',(-1.,0.,0.));
#8225=DIRECTION('center_axis',(-0.373405642715854,0.,-0.927668165880429));
#8226=DIRECTION('ref_axis',(0.927668165880429,0.,-0.373405642715854));
#8227=DIRECTION('center_axis',(0.72113645197592,0.,-0.692793055415238));
#8228=DIRECTION('ref_axis',(0.,-1.,0.));
#8229=DIRECTION('',(0.72113645197592,0.,-0.692793055415238));
#8230=DIRECTION('center_axis',(0.906654179892666,0.,-0.421874623653945));
#8231=DIRECTION('ref_axis',(-0.421874623653945,0.,-0.906654179892666));
#8232=DIRECTION('center_axis',(0.994422234924722,0.,-0.105472359826267));
#8233=DIRECTION('ref_axis',(0.,-1.,0.));
#8234=DIRECTION('',(0.994422234924722,0.,-0.105472359826267));
#8235=DIRECTION('center_axis',(-0.671020378822656,0.,0.74143890591518));
#8236=DIRECTION('ref_axis',(0.,1.,0.));
#8237=DIRECTION('center_axis',(-0.671020378822656,2.42405401897128E-16,
0.74143890591518));
#8238=DIRECTION('ref_axis',(1.62658964609669E-16,1.,-1.79728795970536E-16));
#8239=DIRECTION('center_axis',(0.671020378822656,-1.84581076626874E-17,
-0.74143890591518));
#8240=DIRECTION('ref_axis',(1.23857663961659E-17,1.,-1.36855591506875E-17));
#8241=DIRECTION('center_axis',(-0.882261724753458,-3.72708517284813E-17,
-0.470759226181553));
#8242=DIRECTION('ref_axis',(0.407689448939129,0.5,-0.764061066423168));
#8243=DIRECTION('center_axis',(0.53798153593477,-0.597677647446214,-0.594438640009568));
#8244=DIRECTION('ref_axis',(-0.74143890591518,-1.77122760454642E-16,-0.671020378822656));
#8245=DIRECTION('center_axis',(0.,0.,-1.));
#8246=DIRECTION('ref_axis',(0.,-1.,0.));
#8247=DIRECTION('center_axis',(0.,0.,1.));
#8248=DIRECTION('ref_axis',(0.,-1.,0.));
#8249=DIRECTION('',(0.,0.,-1.));
#8250=DIRECTION('center_axis',(0.,0.,1.));
#8251=DIRECTION('ref_axis',(0.,-1.,0.));
#8252=DIRECTION('center_axis',(-0.846491017475722,-4.0430299040171E-16,
-0.532403002745963));
#8253=DIRECTION('ref_axis',(0.0263199146758202,0.998777289743225,-0.0418471932706969));
#8254=DIRECTION('center_axis',(0.026319914675826,0.998777289743225,-0.0418471932706927));
#8255=DIRECTION('ref_axis',(-0.719715563854462,-0.0101196456089045,-0.694195289467168));
#8256=DIRECTION('center_axis',(-0.0263199146758225,-0.998777289743225,0.0418471932706945));
#8257=DIRECTION('ref_axis',(0.,0.0418616953743197,0.999123415029589));
#8258=DIRECTION('center_axis',(3.39081421555475E-16,1.,-9.08565930741863E-17));
#8259=DIRECTION('ref_axis',(-0.532403002745982,2.53075686720679E-16,0.84649101747571));
#8260=DIRECTION('',(-0.0263199146758225,-0.998777289743225,0.0418471932706945));
#8261=DIRECTION('center_axis',(0.,1.,0.));
#8262=DIRECTION('ref_axis',(0.,0.,-1.));
#8263=DIRECTION('',(0.,1.,0.));
#8264=DIRECTION('center_axis',(0.,1.,0.));
#8265=DIRECTION('ref_axis',(1.,0.,0.));
#8266=DIRECTION('',(0.,-1.,0.));
#8267=DIRECTION('center_axis',(0.,-1.,0.));
#8268=DIRECTION('ref_axis',(1.,0.,0.));
#8269=DIRECTION('center_axis',(1.,0.,0.));
#8270=DIRECTION('ref_axis',(0.,0.,1.));
#8271=DIRECTION('',(1.,0.,0.));
#8272=DIRECTION('center_axis',(1.,0.,0.));
#8273=DIRECTION('ref_axis',(0.,-1.,0.));
#8274=DIRECTION('',(-1.,0.,0.));
#8275=DIRECTION('center_axis',(-1.,0.,0.));
#8276=DIRECTION('ref_axis',(0.,-1.,0.));
#8277=DIRECTION('center_axis',(-0.25881904510252,0.,-0.965925826289069));
#8278=DIRECTION('ref_axis',(0.,-1.,0.));
#8279=DIRECTION('',(-0.25881904510252,0.,-0.965925826289068));
#8280=DIRECTION('center_axis',(-0.25881904510252,0.,-0.965925826289069));
#8281=DIRECTION('ref_axis',(-3.39081421555475E-16,-1.,9.08565930741863E-17));
#8282=DIRECTION('',(-0.25881904510252,0.,-0.965925826289068));
#8283=DIRECTION('center_axis',(0.,-1.,0.));
#8284=DIRECTION('ref_axis',(0.,0.,1.));
#8285=DIRECTION('center_axis',(0.,-1.,0.));
#8286=DIRECTION('ref_axis',(0.,0.,1.));
#8287=DIRECTION('',(0.,-1.,0.));
#8288=DIRECTION('center_axis',(0.,-1.,0.));
#8289=DIRECTION('ref_axis',(0.,0.,1.));
#8290=DIRECTION('center_axis',(0.,0.,1.));
#8291=DIRECTION('ref_axis',(1.,0.,0.));
#8292=DIRECTION('center_axis',(0.,0.,1.));
#8293=DIRECTION('ref_axis',(0.,1.,0.));
#8294=DIRECTION('center_axis',(0.,1.,0.));
#8295=DIRECTION('ref_axis',(-1.,0.,0.));
#8296=DIRECTION('center_axis',(0.,0.,1.));
#8297=DIRECTION('ref_axis',(1.,0.,0.));
#8298=DIRECTION('center_axis',(0.,0.,1.));
#8299=DIRECTION('ref_axis',(0.,1.,0.));
#8300=DIRECTION('center_axis',(0.,0.,1.));
#8301=DIRECTION('ref_axis',(1.,0.,0.));
#8302=DIRECTION('center_axis',(0.,0.,1.));
#8303=DIRECTION('ref_axis',(1.,0.,0.));
#8304=DIRECTION('center_axis',(0.,0.,1.));
#8305=DIRECTION('ref_axis',(1.,0.,0.));
#8306=DIRECTION('center_axis',(0.,0.,1.));
#8307=DIRECTION('ref_axis',(1.,0.,0.));
#8308=DIRECTION('center_axis',(0.,0.,1.));
#8309=DIRECTION('ref_axis',(1.,0.,0.));
#8310=DIRECTION('center_axis',(0.,0.,1.));
#8311=DIRECTION('ref_axis',(1.,0.,0.));
#8312=DIRECTION('center_axis',(1.,0.,0.));
#8313=DIRECTION('ref_axis',(0.,-1.,0.));
#8314=DIRECTION('center_axis',(0.,0.,1.));
#8315=DIRECTION('ref_axis',(1.,0.,0.));
#8316=DIRECTION('center_axis',(0.,0.,1.));
#8317=DIRECTION('ref_axis',(0.,1.,0.));
#8318=DIRECTION('center_axis',(0.,0.,1.));
#8319=DIRECTION('ref_axis',(1.,0.,0.));
#8320=DIRECTION('center_axis',(0.,0.,1.));
#8321=DIRECTION('ref_axis',(0.,1.,0.));
#8322=DIRECTION('center_axis',(0.,-1.,0.));
#8323=DIRECTION('ref_axis',(-1.,0.,0.));
#8324=DIRECTION('center_axis',(1.,0.,0.));
#8325=DIRECTION('ref_axis',(0.,-1.,0.));
#8326=DIRECTION('center_axis',(-3.39081421555475E-16,-1.,9.08565930741864E-17));
#8327=DIRECTION('ref_axis',(-0.25881904510252,-1.36677094650494E-31,-0.965925826289069));
#8328=DIRECTION('center_axis',(0.965925826289069,-3.41607084500048E-16,
-0.25881904510252));
#8329=DIRECTION('ref_axis',(-0.25881904510252,4.10529423566147E-32,-0.965925826289069));
#8330=DIRECTION('center_axis',(-0.25881904510252,0.,-0.965925826289069));
#8331=DIRECTION('ref_axis',(0.,-1.,0.));
#8332=DIRECTION('',(-0.25881904510252,0.,-0.965925826289068));
#8333=DIRECTION('center_axis',(-0.25881904510252,0.,-0.965925826289069));
#8334=DIRECTION('ref_axis',(-3.39081421555475E-16,1.,9.08565930741863E-17));
#8335=DIRECTION('',(-0.25881904510252,0.,-0.965925826289068));
#8336=DIRECTION('center_axis',(1.,0.,0.));
#8337=DIRECTION('ref_axis',(0.,-1.,0.));
#8338=DIRECTION('center_axis',(0.,-1.,0.));
#8339=DIRECTION('ref_axis',(0.,0.,1.));
#8340=DIRECTION('center_axis',(0.965925826289069,3.41607084500048E-16,-0.25881904510252));
#8341=DIRECTION('ref_axis',(-3.29967105361909E-16,1.,8.84144194105583E-17));
#8342=DIRECTION('center_axis',(3.39081421555475E-16,1.,-9.08565930741864E-17));
#8343=DIRECTION('ref_axis',(-0.25881904510252,-1.36677094650494E-31,-0.965925826289069));
#8344=DIRECTION('center_axis',(-0.965925826289069,3.41607084500048E-16,
0.25881904510252));
#8345=DIRECTION('ref_axis',(0.25881904510252,0.,0.965925826289068));
#8346=DIRECTION('',(-0.25881904510252,0.,-0.965925826289068));
#8347=DIRECTION('',(-3.53383306251524E-16,1.,3.74812327445375E-17));
#8348=DIRECTION('',(-0.25881904510252,0.,-0.965925826289068));
#8349=DIRECTION('',(3.39081421555475E-16,1.,-9.08565930741864E-17));
#8350=DIRECTION('center_axis',(-0.965925826289069,3.41607084500048E-16,
0.25881904510252));
#8351=DIRECTION('ref_axis',(0.25881904510252,0.,0.965925826289068));
#8352=DIRECTION('',(0.25881904510252,0.,0.965925826289068));
#8353=DIRECTION('',(3.39081421555475E-16,1.,-9.08565930741864E-17));
#8354=DIRECTION('',(-0.25881904510252,0.,-0.965925826289068));
#8355=DIRECTION('',(-3.53383306251524E-16,1.,3.74812327445375E-17));
#8356=DIRECTION('center_axis',(3.39081421555475E-16,1.,-9.08565930741864E-17));
#8357=DIRECTION('ref_axis',(-0.500000000000002,2.48224828481289E-16,0.866025403784437));
#8358=DIRECTION('center_axis',(0.,1.,0.));
#8359=DIRECTION('ref_axis',(0.,-9.08565930741864E-17,-1.));
#8360=DIRECTION('',(3.39081421555475E-16,1.,-9.08565930741864E-17));
#8361=DIRECTION('',(3.39081421555475E-16,1.,-9.08565930741864E-17));
#8362=DIRECTION('center_axis',(3.39081421555475E-16,1.,-9.08565930741864E-17));
#8363=DIRECTION('ref_axis',(-0.500000000000001,2.48224828481289E-16,0.866025403784438));
#8364=DIRECTION('center_axis',(0.,-1.,0.));
#8365=DIRECTION('ref_axis',(0.,-9.08565930741864E-17,-1.));
#8366=DIRECTION('',(3.39081421555475E-16,1.,-9.08565930741864E-17));
#8367=DIRECTION('',(3.39081421555475E-16,1.,-9.08565930741864E-17));
#8368=DIRECTION('center_axis',(-0.965925826289069,3.41607084500048E-16,
0.25881904510252));
#8369=DIRECTION('ref_axis',(0.25881904510252,0.,0.965925826289068));
#8370=DIRECTION('',(0.25881904510252,0.,0.965925826289068));
#8371=DIRECTION('center_axis',(-0.965925826289069,3.41607084500048E-16,
0.25881904510252));
#8372=DIRECTION('ref_axis',(0.25881904510252,0.,0.965925826289068));
#8373=DIRECTION('',(-0.25881904510252,0.,-0.965925826289068));
#8374=DIRECTION('center_axis',(-0.994422234924722,0.,0.105472359826268));
#8375=DIRECTION('ref_axis',(0.,-1.,0.));
#8376=DIRECTION('',(0.105472359826268,0.,0.994422234924722));
#8377=DIRECTION('',(0.,-1.,0.));
#8378=DIRECTION('',(0.105472359826268,0.,0.994422234924722));
#8379=DIRECTION('center_axis',(0.,-1.,0.));
#8380=DIRECTION('ref_axis',(0.994422234924722,0.,-0.105472359826268));
#8381=DIRECTION('',(-0.965925826289068,0.,0.25881904510252));
#8382=DIRECTION('',(0.105472359826268,0.,0.994422234924722));
#8383=DIRECTION('',(0.965925826289068,0.,-0.25881904510252));
#8384=DIRECTION('',(0.994422234924722,0.,-0.105472359826267));
#8385=DIRECTION('center_axis',(0.,1.,0.));
#8386=DIRECTION('ref_axis',(-0.994422234924722,0.,0.105472359826268));
#8387=DIRECTION('',(-0.994422234924722,0.,0.105472359826267));
#8388=DIRECTION('',(-0.965925826289068,0.,0.25881904510252));
#8389=DIRECTION('',(0.105472359826268,0.,0.994422234924722));
#8390=DIRECTION('',(0.965925826289068,0.,-0.25881904510252));
#8391=DIRECTION('center_axis',(0.994422234924722,0.,-0.105472359826268));
#8392=DIRECTION('ref_axis',(0.,1.,0.));
#8393=DIRECTION('',(0.,-1.,0.));
#8394=DIRECTION('',(0.,1.,0.));
#8395=DIRECTION('center_axis',(1.,0.,0.));
#8396=DIRECTION('ref_axis',(0.,-1.,0.));
#8397=DIRECTION('',(0.,0.,1.));
#8398=DIRECTION('',(0.,1.,0.));
#8399=DIRECTION('center_axis',(1.,0.,0.));
#8400=DIRECTION('ref_axis',(0.,-1.,0.));
#8401=DIRECTION('',(0.,0.,-1.));
#8402=DIRECTION('',(0.,1.,0.));
#8403=DIRECTION('center_axis',(0.,1.,0.));
#8404=DIRECTION('ref_axis',(0.,0.,-1.));
#8405=DIRECTION('center_axis',(0.,1.,0.));
#8406=DIRECTION('ref_axis',(0.,0.,-1.));
#8407=DIRECTION('',(0.,1.,0.));
#8408=DIRECTION('',(0.,1.,0.));
#8409=DIRECTION('center_axis',(0.,1.,0.));
#8410=DIRECTION('ref_axis',(0.,0.,-1.));
#8411=DIRECTION('center_axis',(0.,-1.,0.));
#8412=DIRECTION('ref_axis',(0.,0.,-1.));
#8413=DIRECTION('',(0.,1.,0.));
#8414=DIRECTION('',(0.,1.,0.));
#8415=DIRECTION('center_axis',(0.,0.,-1.));
#8416=DIRECTION('ref_axis',(-1.,0.,0.));
#8417=DIRECTION('',(-1.,0.,0.));
#8418=DIRECTION('',(0.,-1.,0.));
#8419=DIRECTION('',(1.,0.,0.));
#8420=DIRECTION('center_axis',(0.,0.,1.));
#8421=DIRECTION('ref_axis',(-1.,0.,0.));
#8422=DIRECTION('center_axis',(0.,0.,1.));
#8423=DIRECTION('ref_axis',(-1.,0.,0.));
#8424=DIRECTION('center_axis',(1.,0.,0.));
#8425=DIRECTION('ref_axis',(0.,-1.,0.));
#8426=DIRECTION('',(0.,1.,0.));
#8427=DIRECTION('',(0.,0.,-1.));
#8428=DIRECTION('',(0.,-1.,0.));
#8429=DIRECTION('',(0.,0.,-1.));
#8430=DIRECTION('center_axis',(0.,-1.,0.));
#8431=DIRECTION('ref_axis',(-1.,0.,0.));
#8432=DIRECTION('',(1.,0.,0.));
#8433=DIRECTION('',(0.,0.,-1.));
#8434=DIRECTION('',(-1.,0.,0.));
#8435=DIRECTION('center_axis',(0.,1.,0.));
#8436=DIRECTION('ref_axis',(1.,0.,0.));
#8437=DIRECTION('',(-1.,0.,0.));
#8438=DIRECTION('',(1.,0.,0.));
#8439=DIRECTION('',(0.,0.,-1.));
#8440=DIRECTION('center_axis',(-1.,0.,0.));
#8441=DIRECTION('ref_axis',(0.,1.,0.));
#8442=DIRECTION('center_axis',(0.,0.,-1.));
#8443=DIRECTION('ref_axis',(-1.,0.,0.));
#8444=DIRECTION('',(0.,0.,-1.));
#8445=DIRECTION('center_axis',(0.,0.,-1.));
#8446=DIRECTION('ref_axis',(-1.,0.,0.));
#8447=DIRECTION('',(0.,0.,-1.));
#8448=DIRECTION('center_axis',(0.994422234924722,0.,-0.105472359826267));
#8449=DIRECTION('ref_axis',(-0.074580220860901,0.707106781186548,-0.703162705677953));
#8450=DIRECTION('center_axis',(0.430176204293137,0.,0.90274494363577));
#8451=DIRECTION('ref_axis',(0.90274494363577,-9.23045370576969E-17,-0.430176204293137));
#8452=DIRECTION('center_axis',(-0.703162705677953,-0.707106781186547,0.074580220860901));
#8453=DIRECTION('ref_axis',(-0.703162705677953,0.707106781186548,0.0745802208609011));
#8454=DIRECTION('center_axis',(0.,1.,0.));
#8455=DIRECTION('ref_axis',(-0.453279012466395,0.,-0.891368687388944));
#8456=DIRECTION('',(0.,-1.,0.));
#8457=DIRECTION('center_axis',(0.,1.,0.));
#8458=DIRECTION('ref_axis',(-0.74143890591518,0.,-0.671020378822656));
#8459=DIRECTION('center_axis',(0.,0.,1.));
#8460=DIRECTION('ref_axis',(1.,0.,0.));
#8461=DIRECTION('center_axis',(0.430176204293137,0.,0.90274494363577));
#8462=DIRECTION('ref_axis',(0.,1.,0.));
#8463=DIRECTION('center_axis',(-0.994422234924722,-1.76644873826021E-15,
0.105472359826267));
#8464=DIRECTION('ref_axis',(-0.105472359826267,0.,-0.994422234924722));
#8465=DIRECTION('center_axis',(-0.994422234924722,0.,0.105472359826267));
#8466=DIRECTION('ref_axis',(-0.0745802208609012,0.707106781186548,-0.703162705677953));
#8467=DIRECTION('center_axis',(0.430176204293137,0.,0.90274494363577));
#8468=DIRECTION('ref_axis',(0.90274494363577,-7.38436296461575E-17,-0.430176204293137));
#8469=DIRECTION('',(0.994422234924722,0.,-0.105472359826267));
#8470=DIRECTION('',(-0.994422234924722,0.,0.105472359826267));
#8471=DIRECTION('center_axis',(-0.105472359826267,0.,-0.994422234924722));
#8472=DIRECTION('ref_axis',(-0.994422234924722,0.,0.105472359826267));
#8473=DIRECTION('',(0.,1.,0.));
#8474=DIRECTION('',(-0.994422234924722,3.46772964321956E-16,0.105472359826267));
#8475=DIRECTION('',(-0.994422234924722,-3.46772964321956E-16,0.105472359826267));
#8476=DIRECTION('',(-0.994422234924722,0.,0.105472359826267));
#8477=DIRECTION('center_axis',(0.760722011382101,0.,0.649077823838383));
#8478=DIRECTION('ref_axis',(0.649077823838383,0.,-0.760722011382101));
#8479=DIRECTION('',(0.,1.,0.));
#8480=DIRECTION('',(0.649077823838383,0.,-0.760722011382101));
#8481=DIRECTION('',(0.,-1.,0.));
#8482=DIRECTION('center_axis',(0.430176204293137,0.,0.90274494363577));
#8483=DIRECTION('ref_axis',(0.90274494363577,0.,-0.430176204293137));
#8484=DIRECTION('',(0.90274494363577,0.,-0.430176204293137));
#8485=DIRECTION('center_axis',(-0.0263199146758204,-0.998777289743225,0.0418471932706965));
#8486=DIRECTION('ref_axis',(0.,-0.0418616953743217,-0.999123415029589));
#8487=DIRECTION('',(0.846491017475722,9.03160511128411E-17,0.532403002745963));
#8488=DIRECTION('center_axis',(-0.0263199146758204,-0.998777289743225,0.0418471932706965));
#8489=DIRECTION('ref_axis',(0.531752028133767,-0.0494360748156394,-0.845456004226387));
#8490=DIRECTION('',(-0.531752028133768,0.0494360748156394,0.845456004226386));
#8491=DIRECTION('',(-0.846491017475722,-3.69428795017586E-18,-0.532403002745963));
#8492=DIRECTION('center_axis',(0.0263199146758204,0.998777289743225,-0.0418471932706965));
#8493=DIRECTION('ref_axis',(0.53175202813378,-0.0494360748156394,-0.845456004226379));
#8494=DIRECTION('',(0.838716780838357,0.000714536716050526,0.544567398011876));
#8495=DIRECTION('',(0.719264532688371,-0.0479929740588837,-0.69307662379968));
#8496=DIRECTION('',(-0.838999315209559,-0.000688850425788198,-0.54413203780239));
#8497=DIRECTION('',(-0.543931451224868,0.0494309106780252,0.837672466682504));
#8498=DIRECTION('',(0.838716780838357,0.000714536716050526,0.544567398011876));
#8499=DIRECTION('center_axis',(0.719715563854462,0.0101196456089083,0.694195289467167));
#8500=DIRECTION('ref_axis',(-0.693769968532158,0.0483892370876783,0.7185692120436));
#8501=DIRECTION('',(-0.694230837504855,3.00795031890852E-16,0.719752418722791));
#8502=DIRECTION('center_axis',(0.719715563854462,0.0101196456089083,0.694195289467167));
#8503=DIRECTION('ref_axis',(0.694010175356314,0.016816034172427,-0.719768780579298));
#8504=DIRECTION('',(-0.00305663120542267,0.999930260509163,-0.0114075029586393));
#8505=DIRECTION('',(0.694230837504855,0.,-0.719752418722791));
#8506=DIRECTION('',(-0.00875103971339719,0.99994656125994,-0.00550399203816176));
#8507=DIRECTION('',(0.694230837504855,-3.94352381935191E-16,-0.719752418722791));
#8508=DIRECTION('',(0.694230837504855,-3.94352381935191E-16,-0.719752418722791));
#8509=DIRECTION('center_axis',(3.39081421555475E-16,1.,-9.08565930741863E-17));
#8510=DIRECTION('ref_axis',(-0.965925826289069,3.51042918955973E-16,0.25881904510252));
#8511=DIRECTION('',(-0.965925826289068,3.41607084500048E-16,0.25881904510252));
#8512=DIRECTION('',(0.25881904510252,0.,0.965925826289068));
#8513=DIRECTION('center_axis',(-0.965925826289069,3.41607084500048E-16,
0.25881904510252));
#8514=DIRECTION('ref_axis',(0.,1.,-1.31986842144764E-15));
#8515=DIRECTION('',(-0.965925826289068,3.41607084500048E-16,0.25881904510252));
#8516=DIRECTION('center_axis',(-0.965925826289069,3.41607084500048E-16,
0.25881904510252));
#8517=DIRECTION('ref_axis',(-0.25881904510252,4.10529423566147E-32,-0.965925826289069));
#8518=DIRECTION('center_axis',(0.25881904510252,0.,0.965925826289069));
#8519=DIRECTION('ref_axis',(0.965925826289068,0.,-0.25881904510252));
#8520=DIRECTION('',(-0.965925826289068,-3.41607084500048E-16,0.25881904510252));
#8521=DIRECTION('',(3.39081421555475E-16,1.,-9.08565930741864E-17));
#8522=DIRECTION('center_axis',(-0.965925826289069,-3.41607084500048E-16,
0.25881904510252));
#8523=DIRECTION('ref_axis',(0.,1.,1.31986842144764E-15));
#8524=DIRECTION('',(-0.965925826289068,-3.41607084500048E-16,0.25881904510252));
#8525=DIRECTION('center_axis',(-0.965925826289069,-3.41607084500048E-16,
0.25881904510252));
#8526=DIRECTION('ref_axis',(-3.29967105361909E-16,1.,8.84144194105583E-17));
#8527=DIRECTION('center_axis',(-0.719715563854462,0.0101196456089083,-0.694195289467167));
#8528=DIRECTION('ref_axis',(-0.693769968532158,-0.0483892370876783,0.7185692120436));
#8529=DIRECTION('',(0.694230837504855,3.00795031890852E-16,-0.719752418722791));
#8530=DIRECTION('',(0.00305663120542267,0.999930260509163,0.0114075029586393));
#8531=DIRECTION('',(0.694230837504855,0.,-0.719752418722791));
#8532=DIRECTION('',(0.0263199146758139,-0.998777289743226,-0.0418471932706856));
#8533=DIRECTION('',(0.0263199146758132,-0.998777289743226,-0.0418471932706849));
#8534=DIRECTION('',(-0.694230837504855,0.,0.719752418722791));
#8535=DIRECTION('center_axis',(-3.39081421555475E-16,1.,9.08565930741863E-17));
#8536=DIRECTION('ref_axis',(-0.965925826289069,-3.51042918955973E-16,0.25881904510252));
#8537=DIRECTION('',(-0.965925826289068,-3.41607084500048E-16,0.25881904510252));
#8538=DIRECTION('',(0.25881904510252,0.,0.965925826289068));
#8539=DIRECTION('center_axis',(0.25881904510252,0.,0.965925826289069));
#8540=DIRECTION('ref_axis',(0.965925826289068,0.,-0.25881904510252));
#8541=DIRECTION('',(-0.965925826289068,3.41607084500048E-16,0.25881904510252));
#8542=DIRECTION('',(3.39081421555475E-16,1.,-9.08565930741864E-17));
#8543=DIRECTION('center_axis',(3.39081421555475E-16,1.,-9.08565930741863E-17));
#8544=DIRECTION('ref_axis',(-0.965925826289069,3.51042918955973E-16,0.25881904510252));
#8545=DIRECTION('',(0.694230837504855,-3.00795031890852E-16,-0.719752418722791));
#8546=DIRECTION('',(0.25881904510252,0.,0.965925826289068));
#8547=DIRECTION('center_axis',(0.,1.,0.));
#8548=DIRECTION('ref_axis',(0.,0.,1.));
#8549=DIRECTION('',(-0.532403002745963,0.,0.846491017475722));
#8550=DIRECTION('',(0.694230837504855,0.,-0.719752418722791));
#8551=DIRECTION('',(0.532403002745966,0.,-0.846491017475719));
#8552=DIRECTION('',(-0.846491017475722,9.03160511128411E-17,-0.532403002745963));
#8553=DIRECTION('center_axis',(0.,1.,0.));
#8554=DIRECTION('ref_axis',(0.532403002745963,0.,-0.846491017475722));
#8555=DIRECTION('',(0.532403002745963,0.,-0.846491017475722));
#8556=DIRECTION('',(0.812051308665028,0.,-0.583586045151369));
#8557=DIRECTION('',(-0.583586045151369,0.,-0.812051308665028));
#8558=DIRECTION('',(0.812051308665028,0.,-0.583586045151369));
#8559=DIRECTION('',(1.,0.,0.));
#8560=DIRECTION('',(1.,0.,0.));
#8561=DIRECTION('',(1.,0.,0.));
#8562=DIRECTION('',(1.,0.,0.));
#8563=DIRECTION('',(0.812051308665028,0.,-0.583586045151369));
#8564=DIRECTION('center_axis',(0.,-1.,0.));
#8565=DIRECTION('ref_axis',(0.,0.,1.));
#8566=DIRECTION('',(0.583586045151369,0.,0.812051308665028));
#8567=DIRECTION('',(0.812051308665028,0.,-0.583586045151369));
#8568=DIRECTION('',(0.532403002745963,0.,-0.846491017475722));
#8569=DIRECTION('',(-0.846491017475722,9.03160511128411E-17,-0.532403002745963));
#8570=DIRECTION('',(-0.694230837504855,0.,0.719752418722791));
#8571=DIRECTION('',(0.25881904510252,0.,0.965925826289068));
#8572=DIRECTION('center_axis',(0.,-1.,0.));
#8573=DIRECTION('ref_axis',(0.,0.,1.));
#8574=DIRECTION('center_axis',(0.719715563854462,0.0101196456089083,0.694195289467167));
#8575=DIRECTION('ref_axis',(-0.693769968532158,0.0483892370876783,0.7185692120436));
#8576=DIRECTION('',(0.694230837504855,0.,-0.719752418722791));
#8577=DIRECTION('center_axis',(-0.719715563854462,-0.0101196456089083,-0.694195289467167));
#8578=DIRECTION('ref_axis',(0.694231477311354,-8.82079163878997E-5,-0.719751796197451));
#8579=DIRECTION('',(0.0263199146758126,0.998777289743226,-0.0418471932706843));
#8580=DIRECTION('',(-0.694230837504855,-2.63409263974484E-33,0.719752418722791));
#8581=DIRECTION('',(-0.694230837504855,-2.63409263974484E-33,0.719752418722791));
#8582=DIRECTION('',(-0.694230837504855,-2.63409263974484E-33,0.719752418722791));
#8583=DIRECTION('',(-0.0263199146758126,-0.998777289743226,0.0418471932706843));
#8584=DIRECTION('',(0.00305663120542267,-0.999930260509163,0.0114075029586393));
#8585=DIRECTION('center_axis',(-0.0263199146758204,-0.998777289743225,0.0418471932706965));
#8586=DIRECTION('ref_axis',(0.,-0.0418616953743217,-0.999123415029589));
#8587=DIRECTION('',(-0.846491017475722,-3.69428795017586E-18,-0.532403002745963));
#8588=DIRECTION('',(-0.531752028133768,0.0494360748156394,0.845456004226386));
#8589=DIRECTION('center_axis',(-0.0263199146758204,-0.998777289743225,0.0418471932706965));
#8590=DIRECTION('ref_axis',(0.531752028133767,-0.0494360748156394,-0.845456004226387));
#8591=DIRECTION('',(0.846491017475722,9.03160511128411E-17,0.532403002745963));
#8592=DIRECTION('center_axis',(-0.0263199146758204,-0.998777289743225,0.0418471932706965));
#8593=DIRECTION('ref_axis',(0.53175202813378,-0.0494360748156394,-0.845456004226379));
#8594=DIRECTION('',(0.838716780838357,0.000714536716050526,0.544567398011876));
#8595=DIRECTION('',(-0.543931451224868,0.0494309106780252,0.837672466682504));
#8596=DIRECTION('',(-0.838999315209559,-0.000688850425788198,-0.54413203780239));
#8597=DIRECTION('',(0.719264532688371,-0.0479929740588837,-0.69307662379968));
#8598=DIRECTION('',(0.838716780838357,0.000714536716050526,0.544567398011876));
#8599=DIRECTION('center_axis',(-0.531752028133768,0.0494360748156394,0.845456004226386));
#8600=DIRECTION('ref_axis',(-0.846491017475722,0.,-0.532403002745963));
#8601=DIRECTION('',(-0.846491017475722,0.,-0.532403002745963));
#8602=DIRECTION('center_axis',(-0.531752028133768,0.0494360748156394,0.845456004226386));
#8603=DIRECTION('ref_axis',(0.843480536895768,0.120534472950514,0.523461579018527));
#8604=DIRECTION('',(-0.0433281166421622,-0.998575533907486,0.0311380376649169));
#8605=DIRECTION('center_axis',(-0.531752028133768,0.0494360748156394,0.845456004226386));
#8606=DIRECTION('ref_axis',(0.617170528818105,0.706242194472557,0.346875339430417));
#8607=DIRECTION('center_axis',(0.,-1.,0.));
#8608=DIRECTION('ref_axis',(0.,0.,-1.));
#8609=DIRECTION('',(-0.882261724753458,0.,-0.470759226181553));
#8610=DIRECTION('',(-0.812051308665028,0.,0.583586045151369));
#8611=DIRECTION('center_axis',(0.882261724753458,0.,0.470759226181553));
#8612=DIRECTION('ref_axis',(0.407689448939129,0.5,-0.764061066423168));
#8613=DIRECTION('',(0.882261724753458,0.,0.470759226181553));
#8614=DIRECTION('center_axis',(-0.0664443255781828,0.,-0.997790134045462));
#8615=DIRECTION('ref_axis',(0.997790134045462,-2.93287725594292E-17,-0.0664443255781829));
#8616=DIRECTION('center_axis',(-0.0263199146758204,0.998777289743225,0.0418471932706965));
#8617=DIRECTION('ref_axis',(0.,0.0418616953743217,-0.999123415029588));
#8618=DIRECTION('',(-0.0263199146758204,0.998777289743225,0.0418471932706965));
#8619=DIRECTION('center_axis',(-0.0736265090895932,-0.990668452881808,0.114695918079264));
#8620=DIRECTION('ref_axis',(0.533084234155041,-0.136293445440488,-0.835012153220116));
#8621=DIRECTION('center_axis',(-0.543931451224877,0.0494309106780244,0.837672466682498));
#8622=DIRECTION('ref_axis',(0.0275228888036405,0.998777287226707,-0.0410660579062776));
#8623=DIRECTION('center_axis',(-0.543931451224877,0.0494309106780244,0.837672466682498));
#8624=DIRECTION('ref_axis',(0.0275228888036405,0.998777287226707,-0.0410660579062776));
#8625=DIRECTION('center_axis',(-0.0736265090895932,-0.990668452881808,0.114695918079264));
#8626=DIRECTION('ref_axis',(0.533084234155041,-0.136293445440488,-0.835012153220116));
#8627=DIRECTION('center_axis',(-0.0263199146758204,0.998777289743225,0.0418471932706965));
#8628=DIRECTION('ref_axis',(0.,0.0418616953743217,-0.999123415029588));
#8629=DIRECTION('center_axis',(6.93599723241583E-17,1.,-4.80999495456527E-16));
#8630=DIRECTION('ref_axis',(0.532403002746002,-4.45891297823049E-16,-0.846491017475697));
#8631=DIRECTION('',(-0.0263199146758204,0.998777289743225,0.0418471932706965));
#8632=DIRECTION('center_axis',(1.67074456487097E-16,-1.,1.05081968360558E-16));
#8633=DIRECTION('ref_axis',(0.532403002745999,-8.47088770650711E-19,-0.846491017475699));
#8634=DIRECTION('center_axis',(0.543931451224877,-0.0494309106780244,-0.837672466682498));
#8635=DIRECTION('ref_axis',(-0.838716780838357,-0.000714536716050585,-0.544567398011876));
#8636=DIRECTION('',(-0.838716780838357,-0.000714536716052094,-0.544567398011876));
#8637=DIRECTION('',(0.0263199146758186,0.998777289743225,-0.0418471932706967));
#8638=DIRECTION('center_axis',(-0.846445782062276,0.0103380183991712,-0.532374551800291));
#8639=DIRECTION('ref_axis',(0.00875103971339719,0.99994656125994,0.00550399203816176));
#8640=DIRECTION('',(-0.0350588524786911,-0.998724046773444,0.0363476995056518));
#8641=DIRECTION('',(0.532403002745962,0.,-0.846491017475722));
#8642=DIRECTION('',(0.00875103971339719,0.99994656125994,0.00550399203816176));
#8643=DIRECTION('',(0.532403002745962,0.,-0.846491017475722));
#8644=DIRECTION('center_axis',(1.67074456487097E-16,-1.,1.05081968360558E-16));
#8645=DIRECTION('ref_axis',(-0.846491017475721,-1.97372982155583E-16,-0.532403002745963));
#8646=DIRECTION('center_axis',(-1.67074456487097E-16,1.,-1.05081968360558E-16));
#8647=DIRECTION('ref_axis',(0.532403002745963,1.47258778015564E-32,-0.846491017475722));
#8648=DIRECTION('',(0.532403002745962,0.,-0.846491017475722));
#8649=DIRECTION('',(-0.846491017475722,-1.97372982155583E-16,-0.532403002745963));
#8650=DIRECTION('center_axis',(1.67074456487097E-16,-1.,1.05081968360558E-16));
#8651=DIRECTION('ref_axis',(-0.846491017475721,-1.97372982155583E-16,-0.532403002745963));
#8652=DIRECTION('',(0.694230837504855,4.03552389610427E-17,-0.719752418722791));
#8653=DIRECTION('',(-0.694230837504855,-4.03552389610427E-17,0.719752418722791));
#8654=DIRECTION('',(-0.846491017475722,-1.97372982155583E-16,-0.532403002745963));
#8655=DIRECTION('center_axis',(-0.532403002745963,-4.93038065763132E-32,
0.846491017475722));
#8656=DIRECTION('ref_axis',(-8.28821662404634E-16,1.,-5.21289810163619E-16));
#8657=DIRECTION('center_axis',(-0.532403002745963,-4.93038065763132E-32,
0.846491017475722));
#8658=DIRECTION('ref_axis',(-5.50736553294334E-14,-1.,-3.46058455048202E-14));
#8659=DIRECTION('',(2.62494946680353E-32,-1.,-4.17352293942096E-32));
#8660=DIRECTION('center_axis',(-0.532403002745963,-4.93038065763132E-32,
0.846491017475722));
#8661=DIRECTION('ref_axis',(-8.28821662404634E-16,1.,-5.21289810163619E-16));
#8662=DIRECTION('',(-3.49669151071019E-32,1.,3.62523822970268E-32));
#8663=DIRECTION('',(-0.00875103971339718,-0.99994656125994,-0.00550399203816177));
#8664=DIRECTION('',(-0.846491017475721,-1.98000573593536E-16,-0.532403002745963));
#8665=DIRECTION('',(2.62494946680353E-32,-1.,-4.17352293942096E-32));
#8666=DIRECTION('',(0.846491017475721,1.97372982155583E-16,0.532403002745963));
#8667=DIRECTION('',(0.846491017475722,1.97372982155583E-16,0.532403002745963));
#8668=DIRECTION('center_axis',(-1.67074456487097E-16,1.,-1.05081968360558E-16));
#8669=DIRECTION('ref_axis',(0.846491017475721,1.97372982155583E-16,0.532403002745963));
#8670=DIRECTION('',(0.532403002745962,0.,-0.846491017475722));
#8671=DIRECTION('center_axis',(-0.846445782062276,-0.0103380183991712,-0.532374551800291));
#8672=DIRECTION('ref_axis',(-0.00875103971339719,0.99994656125994,-0.00550399203816176));
#8673=DIRECTION('',(0.0350588524786911,-0.998724046773444,-0.0363476995056518));
#8674=DIRECTION('',(0.532403002745962,0.,-0.846491017475722));
#8675=DIRECTION('center_axis',(-0.719752418722791,0.,-0.694230837504855));
#8676=DIRECTION('ref_axis',(-0.694230837504855,0.,0.719752418722791));
#8677=DIRECTION('center_axis',(-0.532403002745962,1.18329135783152E-30,
0.846491017475722));
#8678=DIRECTION('ref_axis',(-0.846491017475722,0.,-0.532403002745962));
#8679=DIRECTION('center_axis',(0.719752418722791,0.,0.694230837504855));
#8680=DIRECTION('ref_axis',(-0.694230837504855,-2.63409263974484E-33,0.719752418722791));
#8681=DIRECTION('',(0.0350588524786906,0.998724046773444,-0.0363476995056512));
#8682=DIRECTION('center_axis',(-0.719752418722791,0.,-0.694230837504855));
#8683=DIRECTION('ref_axis',(0.694230837504855,0.,-0.719752418722791));
#8684=DIRECTION('',(-0.0350588524786919,0.998724046773444,0.0363476995056526));
#8685=DIRECTION('',(0.,-1.,0.));
#8686=DIRECTION('',(0.,-1.,0.));
#8687=DIRECTION('',(6.70161359932649E-16,-1.,-6.94798089753116E-16));
#8688=DIRECTION('center_axis',(-0.719715563854462,0.0101196456089083,-0.694195289467167));
#8689=DIRECTION('ref_axis',(-0.693769968532158,-0.0483892370876783,0.7185692120436));
#8690=DIRECTION('',(0.694230837504855,0.,-0.719752418722791));
#8691=DIRECTION('',(0.00305663120542324,0.999930260509163,0.0114075029586387));
#8692=DIRECTION('center_axis',(0.719715563854462,-0.0101196456089083,0.694195289467167));
#8693=DIRECTION('ref_axis',(-0.694010175356314,0.016816034172427,0.719768780579298));
#8694=DIRECTION('',(-0.694230837504855,3.94352381935191E-16,0.719752418722791));
#8695=DIRECTION('',(-0.693769968532158,-0.0483892370876786,0.7185692120436));
#8696=DIRECTION('center_axis',(0.846491017475719,0.,0.532403002745967));
#8697=DIRECTION('ref_axis',(0.,-1.,0.));
#8698=DIRECTION('',(-0.0263199146758139,0.998777289743226,0.0418471932706857));
#8699=DIRECTION('center_axis',(-0.846491017475722,0.,-0.532403002745963));
#8700=DIRECTION('ref_axis',(0.532403002745963,2.69093998546527E-33,-0.846491017475722));
#8701=DIRECTION('center_axis',(-0.719715563854462,0.0101196456089083,-0.694195289467167));
#8702=DIRECTION('ref_axis',(-0.693769968532158,-0.0483892370876783,0.7185692120436));
#8703=DIRECTION('',(-0.0263199146758139,0.998777289743226,0.0418471932706856));
#8704=DIRECTION('center_axis',(-0.719715563854462,0.0101196456089083,-0.694195289467167));
#8705=DIRECTION('ref_axis',(0.694231477311354,8.82079163878997E-5,-0.719751796197451));
#8706=DIRECTION('center_axis',(0.531752028133767,0.0494360748156267,-0.845456004226388));
#8707=DIRECTION('ref_axis',(0.0263199146758139,-0.998777289743226,-0.0418471932706856));
#8708=DIRECTION('',(-0.846491017475722,0.,-0.532403002745962));
#8709=DIRECTION('',(-0.846491017475722,0.,-0.532403002745962));
#8710=DIRECTION('center_axis',(0.531752028133767,-0.0494360748156248,-0.845456004226388));
#8711=DIRECTION('ref_axis',(-0.0263199146758126,-0.998777289743226,0.0418471932706843));
#8712=DIRECTION('center_axis',(-0.846491017475722,-1.97372982155583E-16,
-0.532403002745963));
#8713=DIRECTION('ref_axis',(-0.532403002745963,0.,0.846491017475721));
#8714=DIRECTION('center_axis',(-0.532403002745963,3.75917527095969E-16,
0.846491017475722));
#8715=DIRECTION('ref_axis',(0.846491017475722,-9.03160511128411E-17,0.532403002745963));
#8716=DIRECTION('',(-0.846491017475722,-9.03160511128411E-17,-0.532403002745963));
#8717=DIRECTION('',(0.,1.,-4.44089209850063E-16));
#8718=DIRECTION('',(0.846491017475722,-9.03160511128411E-17,0.532403002745963));
#8719=DIRECTION('',(0.,1.,-4.44089209850063E-16));
#8720=DIRECTION('',(-0.846491017475722,-1.97372982155583E-16,-0.532403002745963));
#8721=DIRECTION('',(0.,1.,-4.44089209850063E-16));
#8722=DIRECTION('center_axis',(-0.846491017475722,-2.36434428811255E-16,
-0.532403002745962));
#8723=DIRECTION('ref_axis',(-0.532403002745962,4.44089209850063E-16,0.846491017475722));
#8724=DIRECTION('',(0.,1.,-4.44089209850063E-16));
#8725=DIRECTION('center_axis',(-0.846491017475722,-2.36434428811255E-16,
-0.532403002745962));
#8726=DIRECTION('ref_axis',(-0.532403002745962,4.44089209850063E-16,0.846491017475722));
#8727=DIRECTION('',(0.,1.,-4.44089209850063E-16));
#8728=DIRECTION('center_axis',(0.846491017475722,2.36434428811255E-16,0.532403002745962));
#8729=DIRECTION('ref_axis',(0.532403002745962,-4.44089209850063E-16,-0.846491017475722));
#8730=DIRECTION('',(0.,1.,0.));
#8731=DIRECTION('',(0.,1.,-4.44089209850063E-16));
#8732=DIRECTION('center_axis',(0.846491017475722,9.0316051112841E-17,0.532403002745963));
#8733=DIRECTION('ref_axis',(0.385659019691191,0.689406964421002,-0.6131762861842));
#8734=DIRECTION('center_axis',(0.846491017475722,7.6768643445915E-16,0.532403002745962));
#8735=DIRECTION('ref_axis',(0.532403002745962,0.,-0.846491017475722));
#8736=DIRECTION('center_axis',(6.93599723241583E-17,1.,-4.80999495456527E-16));
#8737=DIRECTION('ref_axis',(0.846491017475721,1.97372982155583E-16,0.532403002745963));
#8738=DIRECTION('',(0.532403002745962,-4.44089209850063E-16,-0.846491017475722));
#8739=DIRECTION('center_axis',(-0.846445782062276,-0.0103380183991711,-0.532374551800291));
#8740=DIRECTION('ref_axis',(-0.00875103971339677,0.99994656125994,-0.00550399203816219));
#8741=DIRECTION('',(0.532403002745962,-4.44089209850063E-16,-0.846491017475722));
#8742=DIRECTION('',(0.532403002745962,-4.44089209850063E-16,-0.846491017475722));
#8743=DIRECTION('center_axis',(-6.93599723241583E-17,-1.,4.80999495456527E-16));
#8744=DIRECTION('ref_axis',(-0.846491017475721,-1.97372982155583E-16,-0.532403002745963));
#8745=DIRECTION('',(-0.846491017475722,9.03160511128411E-17,-0.532403002745963));
#8746=DIRECTION('',(-0.846491017475721,-1.97372982155583E-16,-0.532403002745963));
#8747=DIRECTION('center_axis',(-0.846445782062276,0.0103380183991713,-0.532374551800291));
#8748=DIRECTION('ref_axis',(0.00875103971339759,0.99994656125994,0.00550399203816135));
#8749=DIRECTION('center_axis',(-0.846491017475722,9.0316051112841E-17,-0.532403002745963));
#8750=DIRECTION('ref_axis',(0.385659019691191,-0.689406964421002,-0.6131762861842));
#8751=DIRECTION('center_axis',(-0.846491017475722,7.6768643445915E-16,-0.532403002745962));
#8752=DIRECTION('ref_axis',(0.532403002745962,0.,-0.846491017475722));
#8753=DIRECTION('center_axis',(-0.0112912322926788,0.999775083902823,0.0179524282595848));
#8754=DIRECTION('ref_axis',(0.532283256740459,0.0212080552409402,-0.846300628019777));
#8755=DIRECTION('center_axis',(-0.531752028133767,-0.0494360748156382,0.845456004226387));
#8756=DIRECTION('ref_axis',(0.0263199146758204,-0.998777289743225,-0.0418471932706952));
#8757=DIRECTION('center_axis',(0.,1.,0.));
#8758=DIRECTION('ref_axis',(0.975025312236333,0.,-0.222093765104834));
#8759=DIRECTION('center_axis',(0.0112912322926788,0.999775083902823,-0.0179524282595848));
#8760=DIRECTION('ref_axis',(0.532283256740459,-0.0212080552409402,-0.846300628019777));
#8761=DIRECTION('',(0.,-1.,0.));
#8762=DIRECTION('center_axis',(0.0263199146758208,-0.998777289743225,-0.0418471932706966));
#8763=DIRECTION('ref_axis',(-0.531752028133768,-0.0494360748156397,0.845456004226386));
#8764=DIRECTION('',(0.531752028133768,0.0494360748156394,-0.845456004226386));
#8765=DIRECTION('center_axis',(-1.67074456487097E-16,1.,-1.05081968360558E-16));
#8766=DIRECTION('ref_axis',(0.532403002745963,0.,-0.846491017475722));
#8767=DIRECTION('',(-0.532403002745963,-1.23259516440783E-32,0.846491017475722));
#8768=DIRECTION('center_axis',(-6.93599723241583E-17,-1.,4.80999495456527E-16));
#8769=DIRECTION('ref_axis',(0.975025312236333,0.,-0.222093765104834));
#8770=DIRECTION('',(0.846491017475722,1.97372982155583E-16,0.532403002745963));
#8771=DIRECTION('center_axis',(0.846491017475722,0.,0.532403002745963));
#8772=DIRECTION('ref_axis',(0.532403002745963,0.,-0.846491017475722));
#8773=DIRECTION('',(0.531752028133768,0.0494360748156394,-0.845456004226386));
#8774=DIRECTION('',(0.,1.,0.));
#8775=DIRECTION('',(-0.532403002745963,0.,0.846491017475722));
#8776=DIRECTION('center_axis',(0.846491017475722,0.,0.532403002745963));
#8777=DIRECTION('ref_axis',(0.,-1.,0.));
#8778=DIRECTION('',(0.,1.,0.));
#8779=DIRECTION('center_axis',(0.846491017475722,0.,0.532403002745963));
#8780=DIRECTION('ref_axis',(0.,-1.,0.));
#8781=DIRECTION('',(-0.532403002745963,0.,0.846491017475722));
#8782=DIRECTION('',(0.,1.,0.));
#8783=DIRECTION('',(0.531752028133768,-0.0494360748156395,-0.845456004226386));
#8784=DIRECTION('',(0.,-1.,0.));
#8785=DIRECTION('center_axis',(0.,0.,1.));
#8786=DIRECTION('ref_axis',(1.,0.,0.));
#8787=DIRECTION('',(1.,0.,0.));
#8788=DIRECTION('',(0.,-1.,0.));
#8789=DIRECTION('center_axis',(0.,0.,-1.));
#8790=DIRECTION('ref_axis',(1.,0.,0.));
#8791=DIRECTION('center_axis',(-0.532403002745963,5.55111457511868E-16,
0.846491017475721));
#8792=DIRECTION('ref_axis',(3.54280114648213E-16,1.,-4.32953986626901E-16));
#8793=DIRECTION('',(4.86624263970814E-16,1.,-3.49715746597693E-16));
#8794=DIRECTION('',(-0.846491017475721,0.,-0.532403002745963));
#8795=DIRECTION('',(-4.86624263970814E-16,-1.,3.49715746597693E-16));
#8796=DIRECTION('',(-0.846491017475721,0.,-0.532403002745963));
#8797=DIRECTION('center_axis',(-0.583586045151369,0.,-0.812051308665028));
#8798=DIRECTION('ref_axis',(-0.812051308665028,0.,0.583586045151369));
#8799=DIRECTION('',(-0.812051308665028,0.,0.583586045151369));
#8800=DIRECTION('',(0.812051308665028,0.,-0.583586045151369));
#8801=DIRECTION('',(0.,-1.,0.));
#8802=DIRECTION('',(0.812051308665028,0.,-0.583586045151369));
#8803=DIRECTION('',(0.,-1.,0.));
#8804=DIRECTION('',(0.,-1.,0.));
#8805=DIRECTION('center_axis',(0.812051308665028,0.,-0.583586045151369));
#8806=DIRECTION('ref_axis',(0.,-1.,0.));
#8807=DIRECTION('',(0.583586045151369,0.,0.812051308665028));
#8808=DIRECTION('',(0.,-1.,0.));
#8809=DIRECTION('',(-0.583586045151369,0.,-0.812051308665028));
#8810=DIRECTION('center_axis',(-0.583586045151369,0.,-0.812051308665028));
#8811=DIRECTION('ref_axis',(-0.812051308665028,0.,0.583586045151369));
#8812=DIRECTION('',(-0.812051308665028,0.,0.583586045151369));
#8813=DIRECTION('',(0.812051308665028,0.,-0.583586045151369));
#8814=DIRECTION('',(0.,-1.,0.));
#8815=DIRECTION('',(0.,1.,0.));
#8816=DIRECTION('',(0.812051308665028,0.,-0.583586045151369));
#8817=DIRECTION('',(0.,-1.,0.));
#8818=DIRECTION('center_axis',(0.,-1.,0.));
#8819=DIRECTION('ref_axis',(0.161549337096085,0.,-0.986864636960822));
#8820=DIRECTION('center_axis',(0.,-1.,0.));
#8821=DIRECTION('ref_axis',(0.,0.,1.));
#8822=DIRECTION('',(0.,-1.,0.));
#8823=DIRECTION('center_axis',(0.,-1.,0.));
#8824=DIRECTION('ref_axis',(0.161549337096082,0.,-0.986864636960823));
#8825=DIRECTION('center_axis',(0.,1.,0.));
#8826=DIRECTION('ref_axis',(0.,0.,1.));
#8827=DIRECTION('center_axis',(0.,-1.,0.));
#8828=DIRECTION('ref_axis',(-0.812051308665028,0.,0.583586045151369));
#8829=DIRECTION('',(0.,-1.,0.));
#8830=DIRECTION('center_axis',(-0.846491017475722,9.0316051112841E-17,-0.532403002745963));
#8831=DIRECTION('ref_axis',(0.,-1.,-1.69638508135792E-16));
#8832=DIRECTION('center_axis',(-0.846491017475721,4.51580255564205E-17,
-0.532403002745964));
#8833=DIRECTION('ref_axis',(0.509396272333907,-0.290789674283628,-0.809911602005022));
#8834=DIRECTION('',(-0.846491017475721,0.,-0.532403002745963));
#8835=DIRECTION('center_axis',(-0.846491017475721,4.51580255564205E-17,
-0.532403002745964));
#8836=DIRECTION('ref_axis',(0.509396272333909,-0.290789674283613,-0.809911602005027));
#8837=DIRECTION('center_axis',(-0.709804428284589,0.,0.70439880294304));
#8838=DIRECTION('ref_axis',(-0.683797477217971,-0.240079132575377,-0.689045005969997));
#8839=DIRECTION('center_axis',(0.25881904510252,0.,0.965925826289069));
#8840=DIRECTION('ref_axis',(0.,1.,0.));
#8841=DIRECTION('',(0.25881904510252,0.,0.965925826289068));
#8842=DIRECTION('center_axis',(-0.25881904510252,0.,-0.965925826289069));
#8843=DIRECTION('ref_axis',(-3.39081421555475E-16,1.,9.08565930741863E-17));
#8844=DIRECTION('center_axis',(0.,0.,1.));
#8845=DIRECTION('ref_axis',(1.,0.,0.));
#8846=DIRECTION('center_axis',(3.39081421555475E-16,1.,-9.08565930741864E-17));
#8847=DIRECTION('ref_axis',(-0.965925826289069,3.51042918955973E-16,0.25881904510252));
#8848=DIRECTION('center_axis',(1.,0.,0.));
#8849=DIRECTION('ref_axis',(0.,-1.,0.));
#8850=DIRECTION('center_axis',(0.846491017475721,0.,0.532403002745963));
#8851=DIRECTION('ref_axis',(0.,-1.,0.));
#8852=DIRECTION('center_axis',(0.,-1.,0.));
#8853=DIRECTION('ref_axis',(-0.532403002745963,0.,0.846491017475721));
#8854=DIRECTION('center_axis',(-0.532403002745963,0.,0.846491017475722));
#8855=DIRECTION('ref_axis',(0.,-1.,0.));
#8856=DIRECTION('center_axis',(0.,0.,1.));
#8857=DIRECTION('ref_axis',(1.,0.,0.));
#8858=DIRECTION('center_axis',(-3.39081421555475E-16,-1.,9.08565930741864E-17));
#8859=DIRECTION('ref_axis',(-0.965925826289069,3.51042918955973E-16,0.25881904510252));
#8860=DIRECTION('center_axis',(-0.25881904510252,0.,-0.965925826289069));
#8861=DIRECTION('ref_axis',(-0.965925826289069,3.51042918955973E-16,0.25881904510252));
#8862=DIRECTION('center_axis',(1.,0.,0.));
#8863=DIRECTION('ref_axis',(0.,-1.,0.));
#8864=DIRECTION('center_axis',(0.583586045151369,0.,0.812051308665028));
#8865=DIRECTION('ref_axis',(-0.812051308665028,0.,0.583586045151369));
#8866=DIRECTION('center_axis',(-0.812051308665028,0.,0.583586045151369));
#8867=DIRECTION('ref_axis',(0.,-1.,0.));
#8868=DIRECTION('center_axis',(1.,0.,0.));
#8869=DIRECTION('ref_axis',(0.,-1.,0.));
#8870=DIRECTION('center_axis',(0.846491017475721,0.,0.532403002745963));
#8871=DIRECTION('ref_axis',(-0.532403002745963,0.,0.846491017475721));
#8872=DIRECTION('center_axis',(-0.532403002745963,0.,0.846491017475722));
#8873=DIRECTION('ref_axis',(0.846491017475722,0.,0.532403002745963));
#8874=DIRECTION('center_axis',(0.,1.,0.));
#8875=DIRECTION('ref_axis',(-0.532403002745963,0.,0.846491017475721));
#8876=DIRECTION('center_axis',(0.532403002745963,0.,-0.846491017475722));
#8877=DIRECTION('ref_axis',(0.,-1.,0.));
#8878=DIRECTION('center_axis',(0.812051308665028,0.,-0.583586045151369));
#8879=DIRECTION('ref_axis',(-0.583586045151369,0.,-0.812051308665028));
#8880=DIRECTION('',(0.532403002745963,0.,-0.846491017475722));
#8881=DIRECTION('',(0.532403002745963,0.,-0.846491017475722));
#8882=DIRECTION('center_axis',(0.,1.,0.));
#8883=DIRECTION('ref_axis',(0.,0.,-1.));
#8884=DIRECTION('',(0.,1.,0.));
#8885=DIRECTION('',(0.,1.,0.));
#8886=DIRECTION('center_axis',(-0.846491017475721,0.,-0.532403002745963));
#8887=DIRECTION('ref_axis',(0.,-1.,0.));
#8888=DIRECTION('',(-0.846491017475721,0.,-0.532403002745963));
#8889=DIRECTION('',(-0.846491017475721,0.,-0.532403002745963));
#8890=DIRECTION('center_axis',(-0.882261724753458,0.,-0.470759226181553));
#8891=DIRECTION('ref_axis',(0.,-1.,0.));
#8892=DIRECTION('',(-0.882261724753458,0.,-0.470759226181553));
#8893=DIRECTION('center_axis',(-0.531752028133768,0.0494360748156394,0.845456004226386));
#8894=DIRECTION('ref_axis',(-0.846578653776046,-0.00352572826317185,-0.532251963087927));
#8895=DIRECTION('',(-0.882261724753458,0.,-0.470759226181553));
#8896=DIRECTION('center_axis',(-0.846491017475722,-3.69428795017586E-18,
-0.532403002745963));
#8897=DIRECTION('ref_axis',(0.,-1.,6.93889390390723E-18));
#8898=DIRECTION('center_axis',(0.846491017475721,1.84714397508793E-18,0.532403002745963));
#8899=DIRECTION('ref_axis',(0.0263199146758205,0.998777289743225,-0.0418471932706965));
#8900=DIRECTION('',(-0.846491017475722,-3.69428795017586E-18,-0.532403002745963));
#8901=DIRECTION('center_axis',(0.25881904510252,0.,0.965925826289069));
#8902=DIRECTION('ref_axis',(0.,1.,0.));
#8903=DIRECTION('',(0.25881904510252,0.,0.965925826289068));
#8904=DIRECTION('center_axis',(3.39081421555475E-16,1.,-9.08565930741864E-17));
#8905=DIRECTION('ref_axis',(0.,-9.08565930741864E-17,-1.));
#8906=DIRECTION('',(3.39081421555475E-16,1.,-9.08565930741864E-17));
#8907=DIRECTION('center_axis',(-0.83899931520956,-0.000688850425788198,
-0.54413203780239));
#8908=DIRECTION('ref_axis',(0.,-0.999999198671203,0.00126596088069838));
#8909=DIRECTION('',(-0.838999315209559,-0.000688850425788198,-0.54413203780239));
#8910=DIRECTION('center_axis',(-0.977625749961092,0.0344568899364344,0.207510519610264));
#8911=DIRECTION('ref_axis',(-0.208698718502225,-0.0354492345345558,-0.977337299332448));
#8912=DIRECTION('center_axis',(0.0962543156822049,0.0391351251763786,0.994587124735676));
#8913=DIRECTION('ref_axis',(0.995008728003935,-0.0302054212122043,-0.0951065913876915));
#8914=DIRECTION('center_axis',(-0.543931451224868,0.0494309106780252,0.837672466682504));
#8915=DIRECTION('ref_axis',(0.,0.998263453808905,-0.0589073576857431));
#8916=DIRECTION('',(-0.543931451224868,0.0494309106780252,0.837672466682504));
#8917=DIRECTION('center_axis',(0.208444705564007,0.0354581858979845,0.977391181551767));
#8918=DIRECTION('ref_axis',(-0.977679940887503,0.0344476783833326,0.207256581657149));
#8919=DIRECTION('center_axis',(0.838716780838357,0.000714536716050526,0.544567398011876));
#8920=DIRECTION('ref_axis',(0.,0.999999139174214,-0.00131211692724821));
#8921=DIRECTION('',(0.838716780838357,0.000714536716050526,0.544567398011876));
#8922=DIRECTION('center_axis',(0.995033703134152,-0.0301952521376153,-0.0948481753935302));
#8923=DIRECTION('ref_axis',(0.0959957901087003,0.039142971802399,0.99461180167937));
#8924=DIRECTION('center_axis',(0.719264532688371,-0.0479929740588837,-0.69307662379968));
#8925=DIRECTION('ref_axis',(0.,-0.997611064609632,0.0690808495057593));
#8926=DIRECTION('',(0.719264532688371,-0.0479929740588837,-0.69307662379968));
#8927=DIRECTION('center_axis',(-0.531752028133768,0.0494360748156394,0.845456004226386));
#8928=DIRECTION('ref_axis',(0.617170528818105,0.706242194472557,0.346875339430418));
#8929=DIRECTION('center_axis',(-0.531752028133768,0.0494360748156394,0.845456004226386));
#8930=DIRECTION('ref_axis',(0.617170528818105,0.706242194472557,0.346875339430417));
#8931=DIRECTION('center_axis',(-0.531752028133768,0.0494360748156394,0.845456004226386));
#8932=DIRECTION('ref_axis',(0.617170528818105,0.706242194472557,0.346875339430417));
#8933=DIRECTION('center_axis',(-0.583586045151369,0.,-0.812051308665028));
#8934=DIRECTION('ref_axis',(0.,-1.,0.));
#8935=DIRECTION('center_axis',(0.583586045151369,0.,0.812051308665028));
#8936=DIRECTION('ref_axis',(0.,-1.,0.));
#8937=DIRECTION('',(-0.583586045151369,0.,-0.812051308665028));
#8938=DIRECTION('',(-0.583586045151369,0.,-0.812051308665028));
#8939=DIRECTION('center_axis',(0.812051308665028,0.,-0.583586045151369));
#8940=DIRECTION('ref_axis',(0.,-1.,0.));
#8941=DIRECTION('center_axis',(0.951853798822338,0.,-0.306552353876925));
#8942=DIRECTION('ref_axis',(0.306552353876925,0.,0.951853798822338));
#8943=DIRECTION('',(0.812051308665028,0.,-0.583586045151369));
#8944=DIRECTION('center_axis',(1.,0.,0.));
#8945=DIRECTION('ref_axis',(0.,0.,1.));
#8946=DIRECTION('',(1.,0.,0.));
#8947=DIRECTION('',(1.,0.,0.));
#8948=DIRECTION('center_axis',(0.532403002745963,0.,-0.846491017475722));
#8949=DIRECTION('ref_axis',(0.,-1.,0.));
#8950=DIRECTION('',(0.532403002745963,0.,-0.846491017475722));
#8951=DIRECTION('center_axis',(0.812051308665028,0.,-0.583586045151369));
#8952=DIRECTION('ref_axis',(-0.583586045151369,0.,-0.812051308665028));
#8953=DIRECTION('',(0.532403002745963,0.,-0.846491017475722));
#8954=DIRECTION('center_axis',(-0.846491017475721,0.,-0.532403002745963));
#8955=DIRECTION('ref_axis',(0.,-1.,0.));
#8956=DIRECTION('',(-0.846491017475721,0.,-0.532403002745963));
#8957=DIRECTION('',(-0.846491017475721,0.,-0.532403002745963));
#8958=DIRECTION('center_axis',(0.694230837504855,0.,-0.719752418722791));
#8959=DIRECTION('ref_axis',(0.,-1.,0.));
#8960=DIRECTION('center_axis',(0.965925826289069,-3.51042918955973E-16,
-0.25881904510252));
#8961=DIRECTION('ref_axis',(-0.25881904510252,0.,-0.965925826289069));
#8962=DIRECTION('center_axis',(-0.0105233262712013,0.999804639162919,0.0167315006049818));
#8963=DIRECTION('ref_axis',(0.532298992049682,0.0197657154766697,-0.846325646281966));
#8964=DIRECTION('center_axis',(0.521370503858671,0.,-0.853330415317628));
#8965=DIRECTION('ref_axis',(0.825419297733985,-0.253667228176287,0.504317281359359));
#8966=DIRECTION('center_axis',(0.,0.,-1.));
#8967=DIRECTION('ref_axis',(-1.,0.,0.));
#8968=DIRECTION('center_axis',(0.812051308665028,0.,-0.583586045151369));
#8969=DIRECTION('ref_axis',(0.,-1.,0.));
#8970=DIRECTION('',(0.583586045151369,0.,0.812051308665028));
#8971=DIRECTION('',(0.,1.,0.));
#8972=DIRECTION('center_axis',(0.812051308665028,0.,-0.583586045151369));
#8973=DIRECTION('ref_axis',(0.,-1.,0.));
#8974=DIRECTION('',(0.,1.,0.));
#8975=DIRECTION('',(-0.583586045151369,0.,-0.812051308665028));
#8976=DIRECTION('center_axis',(0.,1.,0.));
#8977=DIRECTION('ref_axis',(0.532403002745963,0.,-0.846491017475722));
#8978=DIRECTION('',(-0.812051308665028,0.,0.583586045151369));
#8979=DIRECTION('center_axis',(0.532403002745963,0.,-0.846491017475721));
#8980=DIRECTION('ref_axis',(0.,-1.,0.));
#8981=DIRECTION('center_axis',(0.,-1.,0.));
#8982=DIRECTION('ref_axis',(0.,0.,-1.));
#8983=DIRECTION('',(0.846491017475722,0.,0.532403002745963));
#8984=DIRECTION('center_axis',(0.882261724753458,0.,0.470759226181553));
#8985=DIRECTION('ref_axis',(0.407689448939129,0.5,-0.764061066423168));
#8986=DIRECTION('center_axis',(-0.531752028133768,0.0494360748156394,0.845456004226386));
#8987=DIRECTION('ref_axis',(-0.846578653776046,-0.00352572826317185,-0.532251963087927));
#8988=DIRECTION('center_axis',(0.066444325578183,0.,0.997790134045462));
#8989=DIRECTION('ref_axis',(0.997790134045462,7.3321931398573E-17,-0.0664443255781829));
#8990=DIRECTION('',(0.882261724753458,0.,0.470759226181553));
#8991=DIRECTION('center_axis',(-0.531752028133768,0.0494360748156394,0.845456004226386));
#8992=DIRECTION('ref_axis',(-0.846491017475722,0.,-0.532403002745963));
#8993=DIRECTION('center_axis',(0.531752028133768,-0.0494360748156394,-0.845456004226386));
#8994=DIRECTION('ref_axis',(0.843480536895768,0.120534472950513,0.523461579018527));
#8995=DIRECTION('center_axis',(-0.532403002745963,0.,0.846491017475722));
#8996=DIRECTION('ref_axis',(-0.846491017475722,0.,-0.532403002745963));
#8997=DIRECTION('',(0.,1.,0.));
#8998=DIRECTION('',(-0.846491017475722,-9.03160511128411E-17,-0.532403002745963));
#8999=DIRECTION('center_axis',(0.965925826289069,-3.51042918955973E-16,
-0.25881904510252));
#9000=DIRECTION('ref_axis',(3.63426372296746E-16,1.,-1.23259516440783E-32));
#9001=DIRECTION('center_axis',(0.812051308665028,0.,-0.583586045151369));
#9002=DIRECTION('ref_axis',(0.412657649932372,0.707106781186548,0.574206987028451));
#9003=DIRECTION('',(-0.812051308665028,0.,0.583586045151369));
#9004=DIRECTION('',(0.812051308665028,0.,-0.583586045151369));
#9005=DIRECTION('center_axis',(-0.229779044142856,4.16260437296603E-16,
0.973242822153236));
#9006=DIRECTION('ref_axis',(0.973242822153236,0.,0.229779044142856));
#9007=DIRECTION('center_axis',(0.846491017475722,9.0316051112841E-17,0.532403002745963));
#9008=DIRECTION('ref_axis',(0.385659019691191,0.689406964421002,-0.6131762861842));
#9009=DIRECTION('center_axis',(0.846491017475722,7.6768643445915E-16,0.532403002745962));
#9010=DIRECTION('ref_axis',(0.532403002745962,0.,-0.846491017475722));
#9011=DIRECTION('center_axis',(0.0263199146758186,0.998777289743225,-0.0418471932706967));
#9012=DIRECTION('ref_axis',(0.,0.0418616953743219,0.999123415029589));
#9013=DIRECTION('',(-0.838999315209559,-0.000688850425789768,-0.54413203780239));
#9014=DIRECTION('',(0.719264532688371,-0.0479929740588826,-0.69307662379968));
#9015=DIRECTION('',(0.838716780838357,0.00071453671605209,0.544567398011876));
#9016=DIRECTION('',(-0.543931451224868,0.0494309106780244,0.837672466682504));
#9017=DIRECTION('center_axis',(-0.0342870310066138,0.993943192764491,-0.104409429947111));
#9018=DIRECTION('ref_axis',(0.,0.104470856000571,0.994527948449166));
#9019=DIRECTION('',(-0.994968955925534,-0.0241077888445137,0.0972398645694326));
#9020=DIRECTION('',(0.0975699235184476,0.107300837478314,0.989427430538014));
#9021=DIRECTION('center_axis',(-0.0211489987496757,0.999284860130806,0.0313446672536371));
#9022=DIRECTION('ref_axis',(0.,-0.0313516795297696,0.999508415267557));
#9023=DIRECTION('',(0.206674731550732,-0.0263046890426432,0.978056040660658));
#9024=DIRECTION('center_axis',(0.0993187434431701,0.995038916594852,0.00577422398359528));
#9025=DIRECTION('ref_axis',(0.,-0.00580291551050361,0.999983162944046));
#9026=DIRECTION('',(0.974189294381976,-0.09605223727725,-0.204277229336956));
#9027=DIRECTION('center_axis',(0.0736265090895932,0.990668452881808,-0.114695918079264));
#9028=DIRECTION('ref_axis',(0.,0.115008063145956,0.993364558161512));
#9029=DIRECTION('center_axis',(-0.531752028133768,0.0494360748156394,0.845456004226386));
#9030=DIRECTION('ref_axis',(0.617170528818105,0.706242194472557,0.346875339430417));
#9031=DIRECTION('center_axis',(0.583586045151369,0.,0.812051308665028));
#9032=DIRECTION('ref_axis',(0.810894569110453,-0.053356378075902,-0.582754746617987));
#9033=DIRECTION('center_axis',(0.531752028133767,-0.0494360748156382,-0.845456004226387));
#9034=DIRECTION('ref_axis',(0.0263199146758204,0.998777289743225,-0.0418471932706952));
#9035=DIRECTION('center_axis',(0.,1.,0.));
#9036=DIRECTION('ref_axis',(0.975025312236333,0.,-0.222093765104834));
#9037=DIRECTION('center_axis',(0.014634543510322,0.999622141295701,-0.0232681062324064));
#9038=DIRECTION('ref_axis',(0.532201829637179,-0.0274877178281147,-0.846171163476658));
#9039=DIRECTION('center_axis',(0.,1.,0.));
#9040=DIRECTION('ref_axis',(0.,0.,1.));
#9041=DIRECTION('center_axis',(0.,0.,1.));
#9042=DIRECTION('ref_axis',(1.,0.,0.));
#9043=DIRECTION('center_axis',(0.,0.,-1.));
#9044=DIRECTION('ref_axis',(1.,0.,0.));
#9045=DIRECTION('',(0.,-1.,0.));
#9046=DIRECTION('',(1.,0.,0.));
#9047=DIRECTION('center_axis',(0.,1.,0.));
#9048=DIRECTION('ref_axis',(0.812051308665028,0.,-0.583586045151369));
#9049=DIRECTION('',(-0.812051308665028,0.,0.583586045151369));
#9050=DIRECTION('center_axis',(0.,-1.,0.));
#9051=DIRECTION('ref_axis',(0.30655235387693,0.,0.951853798822337));
#9052=DIRECTION('center_axis',(0.583586045151369,0.,0.812051308665028));
#9053=DIRECTION('ref_axis',(0.812051308665028,0.,-0.583586045151369));
#9054=DIRECTION('',(0.,1.,0.));
#9055=DIRECTION('center_axis',(0.,1.,0.));
#9056=DIRECTION('ref_axis',(0.30655235387693,0.,0.951853798822337));
#9057=DIRECTION('center_axis',(0.,1.,0.));
#9058=DIRECTION('ref_axis',(0.,0.,1.));
#9059=DIRECTION('center_axis',(0.,1.,0.));
#9060=DIRECTION('ref_axis',(0.532403002745963,0.,-0.846491017475722));
#9061=DIRECTION('',(0.812051308665028,0.,-0.583586045151369));
#9062=DIRECTION('center_axis',(0.531752028133768,0.0494360748156394,-0.845456004226386));
#9063=DIRECTION('ref_axis',(0.617170528818105,-0.706242194472557,0.346875339430417));
#9064=DIRECTION('center_axis',(-0.531752028133767,-0.0494360748156382,0.845456004226387));
#9065=DIRECTION('ref_axis',(0.0263199146758204,-0.998777289743225,-0.0418471932706952));
#9066=DIRECTION('center_axis',(-0.583586045151369,0.,-0.812051308665028));
#9067=DIRECTION('ref_axis',(0.812051308665028,0.,-0.583586045151369));
#9068=DIRECTION('center_axis',(-0.846491017475722,9.0316051112841E-17,-0.532403002745963));
#9069=DIRECTION('ref_axis',(0.385659019691191,-0.689406964421002,-0.6131762861842));
#9070=DIRECTION('center_axis',(-0.846491017475722,7.6768643445915E-16,-0.532403002745962));
#9071=DIRECTION('ref_axis',(0.532403002745962,0.,-0.846491017475722));
#9072=DIRECTION('center_axis',(-0.583586045151369,0.,-0.812051308665028));
#9073=DIRECTION('ref_axis',(0.812051308665028,0.,-0.583586045151369));
#9074=DIRECTION('',(0.,-1.,0.));
#9075=DIRECTION('',(0.812051308665028,0.,-0.583586045151369));
#9076=DIRECTION('',(0.,1.,0.));
#9077=DIRECTION('center_axis',(0.531752028133768,0.0494360748156394,-0.845456004226386));
#9078=DIRECTION('ref_axis',(0.617170528818105,-0.706242194472557,0.346875339430417));
#9079=DIRECTION('',(0.531752028133768,0.0494360748156394,-0.845456004226386));
#9080=DIRECTION('center_axis',(0.,1.,0.));
#9081=DIRECTION('ref_axis',(0.532403002745963,0.,-0.846491017475722));
#9082=DIRECTION('',(0.532403002745963,0.,-0.846491017475722));
#9083=DIRECTION('',(-0.846491017475721,0.,-0.532403002745963));
#9084=DIRECTION('',(0.583586045151369,0.,0.812051308665028));
#9085=DIRECTION('center_axis',(0.,1.,0.));
#9086=DIRECTION('ref_axis',(0.,0.,1.));
#9087=DIRECTION('center_axis',(-0.333294447285146,4.18697427384138E-16,
0.942822788974094));
#9088=DIRECTION('ref_axis',(0.942822788974094,0.,0.333294447285146));
#9089=DIRECTION('center_axis',(0.,1.,0.));
#9090=DIRECTION('ref_axis',(0.306552353876931,0.,0.951853798822337));
#9091=DIRECTION('center_axis',(0.,1.,0.));
#9092=DIRECTION('ref_axis',(0.306552353876931,0.,0.951853798822337));
#9093=DIRECTION('',(0.,1.,0.));
#9094=DIRECTION('center_axis',(0.583586045151369,0.,0.812051308665028));
#9095=DIRECTION('ref_axis',(0.812051308665028,0.,-0.583586045151369));
#9096=DIRECTION('',(0.812051308665028,0.,-0.583586045151369));
#9097=DIRECTION('',(0.812051308665028,0.,-0.583586045151369));
#9098=DIRECTION('',(0.,1.,0.));
#9099=DIRECTION('center_axis',(-0.583586045151369,0.,-0.812051308665028));
#9100=DIRECTION('ref_axis',(0.810894569110453,-0.053356378075902,-0.582754746617987));
#9101=DIRECTION('',(0.812051308665028,0.,-0.583586045151369));
#9102=DIRECTION('center_axis',(0.,1.,0.));
#9103=DIRECTION('ref_axis',(0.812051308665028,0.,-0.583586045151369));
#9104=DIRECTION('',(1.,0.,0.));
#9105=DIRECTION('center_axis',(0.,1.,0.));
#9106=DIRECTION('ref_axis',(0.,0.,1.));
#9107=DIRECTION('',(-0.812051308665028,0.,0.583586045151369));
#9108=DIRECTION('center_axis',(0.531752028133767,-0.0494360748156382,-0.845456004226387));
#9109=DIRECTION('ref_axis',(0.0263199146758204,0.998777289743225,-0.0418471932706952));
#9110=DIRECTION('center_axis',(0.846491017475722,0.,0.532403002745963));
#9111=DIRECTION('ref_axis',(0.532403002745963,0.,-0.846491017475722));
#9112=DIRECTION('',(0.531752028133768,-0.0494360748156394,-0.845456004226386));
#9113=DIRECTION('',(0.532403002745963,0.,-0.846491017475722));
#9114=DIRECTION('',(0.,1.,0.));
#9115=DIRECTION('center_axis',(-0.531752028133768,0.0494360748156394,0.845456004226386));
#9116=DIRECTION('ref_axis',(0.617170528818105,0.706242194472557,0.346875339430417));
#9117=DIRECTION('center_axis',(0.0736265090895932,0.990668452881808,-0.114695918079264));
#9118=DIRECTION('ref_axis',(0.,0.115008063145956,0.993364558161512));
#9119=DIRECTION('',(-0.838716780838357,-0.000714536716052094,-0.544567398011876));
#9120=DIRECTION('',(-0.0975699235184409,-0.107300837478314,-0.989427430538015));
#9121=DIRECTION('',(0.838716780838357,0.000714536716052091,0.544567398011876));
#9122=DIRECTION('',(0.974189294381976,-0.0960522372772502,-0.204277229336954));
#9123=DIRECTION('center_axis',(0.0993187434431701,0.995038916594852,0.00577422398359528));
#9124=DIRECTION('ref_axis',(0.,-0.00580291551050361,0.999983162944046));
#9125=DIRECTION('',(-0.543931451224868,0.0494309106780244,0.837672466682504));
#9126=DIRECTION('',(0.206674731550731,-0.0263046890426431,0.978056040660658));
#9127=DIRECTION('',(0.543931451224868,-0.0494309106780244,-0.837672466682504));
#9128=DIRECTION('center_axis',(-0.0211489987496757,0.999284860130806,0.0313446672536371));
#9129=DIRECTION('ref_axis',(0.,-0.0313516795297696,0.999508415267557));
#9130=DIRECTION('',(-0.838999315209559,-0.000688850425789766,-0.54413203780239));
#9131=DIRECTION('',(-0.994968955925533,-0.0241077888445135,0.0972398645694366));
#9132=DIRECTION('',(0.838999315209559,0.000688850425789763,0.54413203780239));
#9133=DIRECTION('center_axis',(-0.0342870310066138,0.993943192764491,-0.104409429947111));
#9134=DIRECTION('ref_axis',(0.,0.104470856000571,0.994527948449166));
#9135=DIRECTION('',(-0.719264532688371,0.0479929740588826,0.69307662379968));
#9136=DIRECTION('',(0.719264532688371,-0.0479929740588826,-0.69307662379968));
#9137=DIRECTION('center_axis',(-0.694237563164107,-0.0118574843099556,-0.719648251549187));
#9138=DIRECTION('ref_axis',(-0.719264532688371,0.0479929740588838,0.69307662379968));
#9139=DIRECTION('',(0.0263199146758186,0.998777289743225,-0.0418471932706967));
#9140=DIRECTION('',(0.0263199146758186,0.998777289743225,-0.0418471932706967));
#9141=DIRECTION('center_axis',(0.543931451224877,-0.0494309106780244,-0.837672466682498));
#9142=DIRECTION('ref_axis',(-0.838716780838357,-0.000714536716050585,-0.544567398011876));
#9143=DIRECTION('center_axis',(0.0263199146758186,0.998777289743225,-0.0418471932706967));
#9144=DIRECTION('ref_axis',(0.,0.0418616953743219,0.999123415029589));
#9145=DIRECTION('center_axis',(0.838716780838363,0.000714536716051567,0.544567398011867));
#9146=DIRECTION('ref_axis',(0.543931451224868,-0.0494309106780253,-0.837672466682504));
#9147=DIRECTION('',(0.0263199146758186,0.998777289743225,-0.0418471932706967));
#9148=DIRECTION('center_axis',(-0.543495548435632,0.0494312753048948,0.837955331656995));
#9149=DIRECTION('ref_axis',(0.838999315209559,0.000688850425788253,0.54413203780239));
#9150=DIRECTION('center_axis',(0.812051308665028,0.,-0.583586045151369));
#9151=DIRECTION('ref_axis',(0.412657649932372,0.707106781186548,0.574206987028451));
#9152=DIRECTION('center_axis',(0.965925826289069,-3.51042918955973E-16,
-0.25881904510252));
#9153=DIRECTION('ref_axis',(3.63426372296746E-16,1.,-1.23259516440783E-32));
#9154=DIRECTION('center_axis',(0.532403002745963,0.,-0.846491017475721));
#9155=DIRECTION('ref_axis',(0.,-1.,0.));
#9156=DIRECTION('',(-0.846491017475721,0.,-0.532403002745963));
#9157=DIRECTION('center_axis',(0.,1.,0.));
#9158=DIRECTION('ref_axis',(0.532403002745963,0.,-0.846491017475722));
#9159=DIRECTION('center_axis',(0.812051308665028,0.,-0.583586045151369));
#9160=DIRECTION('ref_axis',(0.,-1.,0.));
#9161=DIRECTION('center_axis',(0.,0.,-1.));
#9162=DIRECTION('ref_axis',(-1.,0.,0.));
#9163=DIRECTION('center_axis',(-0.571427282729375,0.,-0.820652703981729));
#9164=DIRECTION('ref_axis',(-0.820652703981729,0.,0.571427282729375));
#9165=DIRECTION('',(-0.820652703981729,0.,0.571427282729375));
#9166=DIRECTION('',(0.,1.,0.));
#9167=DIRECTION('',(-0.820652703981729,0.,0.571427282729375));
#9168=DIRECTION('',(0.,1.,0.));
#9169=DIRECTION('center_axis',(-0.435928453727026,0.,0.899981323823536));
#9170=DIRECTION('ref_axis',(0.899981323823536,0.,0.435928453727026));
#9171=DIRECTION('',(0.899981323823536,0.,0.435928453727026));
#9172=DIRECTION('',(0.899981323823536,0.,0.435928453727026));
#9173=DIRECTION('',(0.,1.,0.));
#9174=DIRECTION('center_axis',(0.105472359826267,0.,0.994422234924722));
#9175=DIRECTION('ref_axis',(0.994422234924722,0.,-0.105472359826267));
#9176=DIRECTION('',(0.994422234924722,0.,-0.105472359826267));
#9177=DIRECTION('',(0.994422234924722,0.,-0.105472359826267));
#9178=DIRECTION('',(0.,1.,0.));
#9179=DIRECTION('center_axis',(0.692793055415238,0.,0.72113645197592));
#9180=DIRECTION('ref_axis',(0.72113645197592,0.,-0.692793055415238));
#9181=DIRECTION('',(0.72113645197592,0.,-0.692793055415238));
#9182=DIRECTION('',(0.72113645197592,0.,-0.692793055415238));
#9183=DIRECTION('',(0.,1.,0.));
#9184=DIRECTION('center_axis',(0.,0.,-1.));
#9185=DIRECTION('ref_axis',(-1.,0.,0.));
#9186=DIRECTION('',(-1.,0.,0.));
#9187=DIRECTION('',(-1.,0.,0.));
#9188=DIRECTION('center_axis',(0.,-1.,0.));
#9189=DIRECTION('ref_axis',(0.,0.,-1.));
#9190=DIRECTION('center_axis',(0.,0.996194698091746,-0.0871557427476551));
#9191=DIRECTION('ref_axis',(0.,0.0871557427476552,0.996194698091746));
#9192=DIRECTION('',(0.298417721352219,0.0831845230325498,0.950803449042333));
#9193=DIRECTION('',(1.,0.,0.));
#9194=DIRECTION('',(-0.927173535804045,0.032651341742275,0.373206543869551));
#9195=DIRECTION('center_axis',(0.0603808933151325,0.996194698091746,0.0628511830943701));
#9196=DIRECTION('ref_axis',(0.,-0.0629660704011157,0.99801566820278));
#9197=DIRECTION('',(-0.72113645197592,0.,0.692793055415238));
#9198=DIRECTION('',(-0.420436818034158,0.0824903289864184,-0.903564180158236));
#9199=DIRECTION('center_axis',(0.00919252186000624,0.996194698091746,0.0866696084896473));
#9200=DIRECTION('ref_axis',(0.,-0.0866732706192251,0.996236791209884));
#9201=DIRECTION('',(-0.994422234924722,0.,0.105472359826267));
#9202=DIRECTION('',(0.171238381797682,0.0838247099092749,-0.981657187926589));
#9203=DIRECTION('center_axis',(-0.0379936681694158,0.996194698091746,0.0784385407368582));
#9204=DIRECTION('ref_axis',(0.,-0.0784952158578689,0.99691449035884));
#9205=DIRECTION('',(-0.899981323823536,0.,-0.435928453727026));
#9206=DIRECTION('',(0.99594112503093,0.0441594098036704,-0.0784297264939623));
#9207=DIRECTION('center_axis',(-0.0498031692525529,0.996194698091746,-0.0715245959533991));
#9208=DIRECTION('ref_axis',(0.,0.0716134645253348,0.997432459717789));
#9209=DIRECTION('',(0.820652703981729,0.,-0.571427282729375));
#9210=DIRECTION('center_axis',(-0.435928453727026,0.,0.899981323823536));
#9211=DIRECTION('ref_axis',(-0.899981323823536,0.,-0.435928453727026));
#9212=DIRECTION('',(0.,-1.,0.));
#9213=DIRECTION('',(0.899981323823536,0.,0.435928453727026));
#9214=DIRECTION('',(0.,-1.,0.));
#9215=DIRECTION('center_axis',(-0.571427282729375,0.,-0.820652703981729));
#9216=DIRECTION('ref_axis',(0.820652703981729,0.,-0.571427282729375));
#9217=DIRECTION('',(-0.820652703981729,0.,0.571427282729375));
#9218=DIRECTION('',(0.,-1.,0.));
#9219=DIRECTION('center_axis',(0.,0.,-1.));
#9220=DIRECTION('ref_axis',(1.,0.,0.));
#9221=DIRECTION('',(-1.,0.,0.));
#9222=DIRECTION('',(0.,-1.,0.));
#9223=DIRECTION('center_axis',(0.692793055415238,0.,0.72113645197592));
#9224=DIRECTION('ref_axis',(-0.72113645197592,0.,0.692793055415238));
#9225=DIRECTION('',(0.72113645197592,0.,-0.692793055415238));
#9226=DIRECTION('',(0.,-1.,0.));
#9227=DIRECTION('center_axis',(0.105472359826267,0.,0.994422234924722));
#9228=DIRECTION('ref_axis',(-0.994422234924722,0.,0.105472359826267));
#9229=DIRECTION('',(0.994422234924722,0.,-0.105472359826267));
#9230=DIRECTION('center_axis',(-1.,0.,0.));
#9231=DIRECTION('ref_axis',(0.,-0.707106781186547,0.707106781186547));
#9232=DIRECTION('',(1.,0.,0.));
#9233=DIRECTION('center_axis',(-0.405573434273834,-4.51628983497169E-16,
-0.914062464720726));
#9234=DIRECTION('ref_axis',(-0.914062464720726,2.00389716156337E-16,0.405573434273834));
#9235=DIRECTION('',(-1.,0.,0.));
#9236=DIRECTION('center_axis',(1.,0.,0.));
#9237=DIRECTION('ref_axis',(0.,0.,1.));
#9238=DIRECTION('',(1.,0.,0.));
#9239=DIRECTION('center_axis',(0.,0.,1.));
#9240=DIRECTION('ref_axis',(1.,0.,0.));
#9241=DIRECTION('center_axis',(0.,1.,0.));
#9242=DIRECTION('ref_axis',(-0.74143890591518,0.,-0.671020378822656));
#9243=DIRECTION('center_axis',(0.,1.,0.));
#9244=DIRECTION('ref_axis',(-0.74143890591518,0.,-0.671020378822656));
#9245=DIRECTION('center_axis',(0.994422234924722,-1.76644873826021E-15,
-0.105472359826267));
#9246=DIRECTION('ref_axis',(-0.105472359826267,0.,-0.994422234924722));
#9247=DIRECTION('center_axis',(-0.671020378822657,0.,0.741438905915179));
#9248=DIRECTION('ref_axis',(0.,-1.,0.));
#9249=DIRECTION('center_axis',(0.671020378822656,0.,-0.74143890591518));
#9250=DIRECTION('ref_axis',(-0.524276478208158,-0.707106781186547,-0.474483060179866));
#9251=DIRECTION('',(0.671020378822656,0.,-0.74143890591518));
#9252=DIRECTION('',(-0.671020378822656,0.,0.74143890591518));
#9253=DIRECTION('',(-0.671020378822656,0.,0.74143890591518));
#9254=DIRECTION('center_axis',(0.430664289541661,2.00397964712462E-16,0.902512199204851));
#9255=DIRECTION('ref_axis',(0.902512199204851,0.,-0.430664289541661));
#9256=DIRECTION('center_axis',(-0.994422234924722,0.,0.105472359826267));
#9257=DIRECTION('ref_axis',(-0.105472359826267,0.,-0.994422234924722));
#9258=DIRECTION('center_axis',(-0.105472359826267,0.,-0.994422234924722));
#9259=DIRECTION('ref_axis',(0.994422234924722,0.,-0.105472359826267));
#9260=DIRECTION('center_axis',(0.994422234924722,0.,-0.105472359826267));
#9261=DIRECTION('ref_axis',(-0.0745802208609012,-0.707106781186548,-0.703162705677953));
#9262=DIRECTION('',(-0.994422234924722,0.,0.105472359826267));
#9263=DIRECTION('',(-0.994422234924722,0.,0.105472359826267));
#9264=DIRECTION('',(0.994422234924722,0.,-0.105472359826267));
#9265=DIRECTION('center_axis',(0.,1.,0.));
#9266=DIRECTION('ref_axis',(-0.453279012466395,0.,-0.891368687388944));
#9267=DIRECTION('',(0.,-1.,0.));
#9268=DIRECTION('',(0.,-1.,0.));
#9269=DIRECTION('center_axis',(0.703162705677953,-0.707106781186547,-0.074580220860901));
#9270=DIRECTION('ref_axis',(-0.703162705677953,-0.707106781186548,0.0745802208609011));
#9271=DIRECTION('center_axis',(-0.74143890591518,0.,-0.671020378822656));
#9272=DIRECTION('ref_axis',(-0.671020378822656,0.,0.74143890591518));
#9273=DIRECTION('',(0.,1.,0.));
#9274=DIRECTION('',(-0.671020378822656,0.,0.74143890591518));
#9275=DIRECTION('center_axis',(-0.74143890591518,0.,-0.671020378822656));
#9276=DIRECTION('ref_axis',(0.671020378822656,-6.16663415733384E-17,-0.74143890591518));
#9277=DIRECTION('',(0.,-1.,0.));
#9278=DIRECTION('',(-0.671020378822656,0.,0.74143890591518));
#9279=DIRECTION('',(0.,1.,0.));
#9280=DIRECTION('center_axis',(0.74143890591518,0.,0.671020378822656));
#9281=DIRECTION('ref_axis',(0.671020378822656,0.,-0.74143890591518));
#9282=DIRECTION('center_axis',(-0.994422234924722,0.,0.105472359826267));
#9283=DIRECTION('ref_axis',(-0.074580220860901,-0.707106781186548,-0.703162705677953));
#9284=DIRECTION('center_axis',(0.430176204293137,0.,0.90274494363577));
#9285=DIRECTION('ref_axis',(0.90274494363577,9.23045370576969E-17,-0.430176204293137));
#9286=DIRECTION('center_axis',(-0.0263199146758225,0.998777289743225,0.0418471932706945));
#9287=DIRECTION('ref_axis',(-0.99965296320739,-0.0263429905417812,-8.7008860201238E-17));
#9288=DIRECTION('',(-0.79469920644995,0.00448976961818248,-0.606986831188779));
#9289=DIRECTION('',(-0.60643254642151,-0.0492317728906152,0.793609349225908));
#9290=DIRECTION('',(0.947787602364457,0.038241314699489,-0.316601109685813));
#9291=DIRECTION('center_axis',(-0.317814289948849,0.0313293367825123,-0.947635240881784));
#9292=DIRECTION('ref_axis',(-0.947787602364457,-0.038241314699489,0.316601109685813));
#9293=DIRECTION('',(-0.948100648467692,0.,0.317970376568543));
#9294=DIRECTION('',(-0.0263199146758225,0.998777289743225,0.0418471932706945));
#9295=DIRECTION('',(-0.0263199146758225,0.998777289743225,0.0418471932706945));
#9296=DIRECTION('',(-0.0339152751337519,0.99843871946739,0.0443833029518941));
#9297=DIRECTION('center_axis',(0.794572863339803,0.,0.607168810829399));
#9298=DIRECTION('ref_axis',(-0.607168810829399,0.,0.794572863339803));
#9299=DIRECTION('',(-0.607168810829399,0.,0.794572863339803));
#9300=DIRECTION('',(-0.029891997001018,0.99878738104666,0.0391182307529912));
#9301=DIRECTION('',(0.607168810829399,0.,-0.794572863339803));
#9302=DIRECTION('',(0.,-1.,0.));
#9303=DIRECTION('center_axis',(0.60643254642151,0.0492317728906155,-0.793609349225908));
#9304=DIRECTION('ref_axis',(0.0263199146758204,-0.998777289743225,-0.0418471932706965));
#9305=DIRECTION('',(-0.0263199146758204,0.998777289743225,0.0418471932706965));
#9306=DIRECTION('center_axis',(-0.105472359826267,0.,-0.994422234924722));
#9307=DIRECTION('ref_axis',(-0.994422234924722,0.,0.105472359826267));
#9308=DIRECTION('',(0.,1.,0.));
#9309=DIRECTION('',(-0.994422234924722,0.,0.105472359826267));
#9310=DIRECTION('center_axis',(0.794572863339803,0.,0.607168810829399));
#9311=DIRECTION('ref_axis',(-0.607168810829399,0.,0.794572863339803));
#9312=DIRECTION('',(-0.607168810829399,0.,0.794572863339803));
#9313=DIRECTION('',(0.0301406007469323,-0.998767114616351,-0.0394435666179187));
#9314=DIRECTION('center_axis',(-0.794572863339803,0.,-0.607168810829399));
#9315=DIRECTION('ref_axis',(0.,-1.,0.));
#9316=DIRECTION('',(0.607168810829399,0.,-0.794572863339803));
#9317=DIRECTION('',(0.,-1.,0.));
#9318=DIRECTION('center_axis',(-0.74143890591518,0.,-0.671020378822656));
#9319=DIRECTION('ref_axis',(-0.671020378822656,0.,0.74143890591518));
#9320=DIRECTION('',(-0.671020378822656,0.,0.74143890591518));
#9321=DIRECTION('center_axis',(-0.74143890591518,0.,-0.671020378822656));
#9322=DIRECTION('ref_axis',(-0.671020378822656,-8.23162544699918E-17,0.74143890591518));
#9323=DIRECTION('',(0.,-1.,0.));
#9324=DIRECTION('center_axis',(-0.74143890591518,0.,-0.671020378822656));
#9325=DIRECTION('ref_axis',(-0.671020378822656,0.,0.74143890591518));
#9326=DIRECTION('',(-0.671020378822656,0.,0.74143890591518));
#9327=DIRECTION('',(0.,-1.,0.));
#9328=DIRECTION('center_axis',(-0.74143890591518,0.,-0.671020378822656));
#9329=DIRECTION('ref_axis',(0.671020378822656,0.,-0.74143890591518));
#9330=DIRECTION('center_axis',(0.,1.,0.));
#9331=DIRECTION('ref_axis',(-0.453279012466395,0.,-0.891368687388944));
#9332=DIRECTION('center_axis',(0.,1.,0.));
#9333=DIRECTION('ref_axis',(-0.74143890591518,0.,-0.671020378822656));
#9334=DIRECTION('',(0.,1.,0.));
#9335=DIRECTION('center_axis',(0.852710031619207,-0.514495755427526,-0.090441802409232));
#9336=DIRECTION('ref_axis',(-0.511626018971524,-0.857492925712544,0.0542650814455392));
#9337=DIRECTION('center_axis',(0.994422234924722,0.,-0.105472359826267));
#9338=DIRECTION('ref_axis',(-0.0745802208609012,-0.707106781186548,-0.703162705677953));
#9339=DIRECTION('center_axis',(0.994422234924722,-1.76644873826021E-15,
-0.105472359826267));
#9340=DIRECTION('ref_axis',(-0.105472359826267,0.,-0.994422234924722));
#9341=DIRECTION('',(0.994422234924722,0.,-0.105472359826267));
#9342=DIRECTION('',(-0.994422234924722,0.,0.105472359826267));
#9343=DIRECTION('center_axis',(0.671020378822656,0.,-0.74143890591518));
#9344=DIRECTION('ref_axis',(-0.524276478208158,-0.707106781186547,-0.474483060179866));
#9345=DIRECTION('center_axis',(-0.405573434273834,0.,-0.914062464720726));
#9346=DIRECTION('ref_axis',(-0.914062464720726,7.50461608178514E-17,0.405573434273834));
#9347=DIRECTION('',(0.671020378822656,0.,-0.74143890591518));
#9348=DIRECTION('center_axis',(-0.671020378822657,0.,0.741438905915179));
#9349=DIRECTION('ref_axis',(0.,-1.,0.));
#9350=DIRECTION('',(-0.671020378822656,0.,0.74143890591518));
#9351=DIRECTION('center_axis',(0.,0.,1.));
#9352=DIRECTION('ref_axis',(1.,0.,0.));
#9353=DIRECTION('center_axis',(-1.,0.,0.));
#9354=DIRECTION('ref_axis',(0.,-0.707106781186548,0.707106781186548));
#9355=DIRECTION('center_axis',(1.,0.,0.));
#9356=DIRECTION('ref_axis',(0.,0.,1.));
#9357=DIRECTION('',(-1.,0.,0.));
#9358=DIRECTION('',(1.,0.,0.));
#9359=DIRECTION('center_axis',(-0.0498031692525529,0.996194698091746,-0.0715245959533991));
#9360=DIRECTION('ref_axis',(0.,0.0716134645253348,0.997432459717789));
#9361=DIRECTION('center_axis',(0.0498031692525529,-0.996194698091746,0.0715245959533991));
#9362=DIRECTION('ref_axis',(-0.569252829399977,-0.0871557427476551,-0.817529872681253));
#9363=DIRECTION('',(0.820652703981729,0.,-0.571427282729375));
#9364=DIRECTION('',(0.99594112503093,0.0441594098036704,-0.0784297264939626));
#9365=DIRECTION('center_axis',(-0.0379936681694158,0.996194698091746,0.0784385407368582));
#9366=DIRECTION('ref_axis',(0.,-0.0784952158578689,0.99691449035884));
#9367=DIRECTION('center_axis',(0.0379936681694158,-0.996194698091746,-0.0784385407368582));
#9368=DIRECTION('ref_axis',(0.434269614350203,0.0871557427476552,-0.896556623174594));
#9369=DIRECTION('',(-0.899981323823536,0.,-0.435928453727026));
#9370=DIRECTION('center_axis',(0.0603808933151325,0.996194698091746,0.0628511830943701));
#9371=DIRECTION('ref_axis',(0.,-0.0629660704011157,0.99801566820278));
#9372=DIRECTION('center_axis',(-0.0603808933151325,-0.996194698091746,-0.0628511830943701));
#9373=DIRECTION('ref_axis',(-0.690156768679446,0.0871557427476552,-0.7183923100591));
#9374=DIRECTION('',(-0.72113645197592,0.,0.692793055415238));
#9375=DIRECTION('',(-0.927173535804045,0.032651341742275,0.373206543869551));
#9376=DIRECTION('center_axis',(0.,0.996194698091746,-0.0871557427476551));
#9377=DIRECTION('ref_axis',(0.,0.0871557427476552,0.996194698091746));
#9378=DIRECTION('center_axis',(0.,-0.996194698091746,0.0871557427476551));
#9379=DIRECTION('ref_axis',(0.,-0.0871557427476551,-0.996194698091746));
#9380=DIRECTION('',(1.,0.,0.));
#9381=DIRECTION('center_axis',(0.,-1.,0.));
#9382=DIRECTION('ref_axis',(0.,0.,-1.));
#9383=DIRECTION('',(0.72113645197592,0.,-0.692793055415238));
#9384=DIRECTION('',(-1.,0.,0.));
#9385=DIRECTION('',(-0.820652703981729,0.,0.571427282729375));
#9386=DIRECTION('',(0.899981323823536,0.,0.435928453727026));
#9387=DIRECTION('',(0.994422234924722,0.,-0.105472359826267));
#9388=DIRECTION('center_axis',(0.,-1.,0.));
#9389=DIRECTION('ref_axis',(0.,0.,1.));
#9390=DIRECTION('center_axis',(0.,1.,0.));
#9391=DIRECTION('ref_axis',(0.,0.,-1.));
#9392=DIRECTION('',(0.,-1.,0.));
#9393=DIRECTION('center_axis',(2.67147415300428E-16,1.,-3.81639164714897E-16));
#9394=DIRECTION('ref_axis',(-0.105472359826267,-3.51333802797368E-16,-0.994422234924722));
#9395=DIRECTION('center_axis',(0.882261724753458,-3.33902144568214E-17,
0.470759226181553));
#9396=DIRECTION('ref_axis',(-2.94589081965631E-17,-1.,-1.57187515197293E-17));
#9397=DIRECTION('center_axis',(0.846491017475722,-3.12434940073336E-15,
0.532403002745963));
#9398=DIRECTION('ref_axis',(0.531752028133768,0.0494360748156394,-0.845456004226386));
#9399=DIRECTION('center_axis',(0.026319914675823,-0.998777289743225,-0.0418471932706945));
#9400=DIRECTION('ref_axis',(-0.719715563854462,0.0101196456089079,-0.694195289467167));
#9401=DIRECTION('center_axis',(-0.0263199146758225,0.998777289743225,0.0418471932706945));
#9402=DIRECTION('ref_axis',(0.,0.0418616953743197,-0.999123415029589));
#9403=DIRECTION('',(-0.0263199146758225,0.998777289743225,0.0418471932706945));
#9404=DIRECTION('center_axis',(0.0263199146758225,-0.998777289743225,-0.0418471932706945));
#9405=DIRECTION('ref_axis',(-0.719715563854462,0.0101196456089083,-0.694195289467168));
#9406=DIRECTION('center_axis',(0.72113645197592,0.,-0.692793055415238));
#9407=DIRECTION('ref_axis',(0.,-1.,0.));
#9408=DIRECTION('',(-0.72113645197592,0.,0.692793055415238));
#9409=DIRECTION('center_axis',(0.906654179892666,0.,-0.421874623653945));
#9410=DIRECTION('ref_axis',(-0.421874623653945,0.,-0.906654179892666));
#9411=DIRECTION('',(0.72113645197592,0.,-0.692793055415238));
#9412=DIRECTION('center_axis',(0.373405642715854,0.,0.92766816588043));
#9413=DIRECTION('ref_axis',(-0.92766816588043,0.,0.373405642715853));
#9414=DIRECTION('center_axis',(-1.,0.,0.));
#9415=DIRECTION('ref_axis',(0.,0.,-1.));
#9416=DIRECTION('',(-1.,0.,0.));
#9417=DIRECTION('center_axis',(0.95411024100513,0.,-0.299455586037616));
#9418=DIRECTION('ref_axis',(-0.299455586037616,0.,-0.95411024100513));
#9419=DIRECTION('',(1.,0.,0.));
#9420=DIRECTION('center_axis',(-0.820652703981729,0.,0.571427282729375));
#9421=DIRECTION('ref_axis',(0.,1.,0.));
#9422=DIRECTION('',(0.820652703981729,0.,-0.571427282729375));
#9423=DIRECTION('',(-0.820652703981729,0.,0.571427282729375));
#9424=DIRECTION('center_axis',(-0.0785063095983587,0.,-0.996913616795982));
#9425=DIRECTION('ref_axis',(-0.996913616795982,0.,0.0785063095983587));
#9426=DIRECTION('center_axis',(0.899981323823536,0.,0.435928453727026));
#9427=DIRECTION('ref_axis',(0.,1.,0.));
#9428=DIRECTION('',(0.899981323823536,0.,0.435928453727026));
#9429=DIRECTION('center_axis',(-0.985124317575481,0.,-0.171843181189836));
#9430=DIRECTION('ref_axis',(-0.171843181189836,0.,0.985124317575481));
#9431=DIRECTION('',(-0.899981323823536,0.,-0.435928453727026));
#9432=DIRECTION('center_axis',(0.994422234924722,0.,-0.105472359826267));
#9433=DIRECTION('ref_axis',(0.,-1.,0.));
#9434=DIRECTION('',(0.994422234924722,0.,-0.105472359826267));
#9435=DIRECTION('',(-0.994422234924722,0.,0.105472359826267));
#9436=DIRECTION('center_axis',(-0.671020378822656,0.,0.74143890591518));
#9437=DIRECTION('ref_axis',(0.,1.,0.));
#9438=DIRECTION('center_axis',(-0.671020378822656,-2.42405401897128E-16,
0.74143890591518));
#9439=DIRECTION('ref_axis',(1.62658964609669E-16,-1.,-1.79728795970536E-16));
#9440=DIRECTION('center_axis',(0.671020378822656,1.84581076626874E-17,-0.74143890591518));
#9441=DIRECTION('ref_axis',(1.23857663961659E-17,-1.,-1.36855591506875E-17));
#9442=DIRECTION('center_axis',(-0.53798153593477,-0.597677647446214,0.594438640009568));
#9443=DIRECTION('ref_axis',(-0.0786274183473229,-0.666529231034373,-0.741320789713038));
#9444=DIRECTION('center_axis',(-0.563036263853593,0.,-0.826432190555152));
#9445=DIRECTION('ref_axis',(0.826432190555152,0.,-0.563036263853593));
#9446=DIRECTION('center_axis',(0.511626018971524,-0.857492925712544,-0.0542650814455391));
#9447=DIRECTION('ref_axis',(-0.852710031619206,-0.514495755427526,0.0904418024092319));
#9448=DIRECTION('center_axis',(-1.,0.,0.));
#9449=DIRECTION('ref_axis',(0.,0.,-1.));
#9450=DIRECTION('center_axis',(1.,0.,0.));
#9451=DIRECTION('ref_axis',(0.,0.,-1.));
#9452=DIRECTION('center_axis',(-1.,0.,0.));
#9453=DIRECTION('ref_axis',(0.,0.,-1.));
#9454=DIRECTION('center_axis',(0.72113645197592,0.,-0.692793055415238));
#9455=DIRECTION('ref_axis',(0.,-1.,0.));
#9456=DIRECTION('center_axis',(0.72113645197592,0.,-0.692793055415238));
#9457=DIRECTION('ref_axis',(0.692793055415238,0.,0.72113645197592));
#9458=DIRECTION('center_axis',(-0.72113645197592,0.,0.692793055415238));
#9459=DIRECTION('ref_axis',(0.692793055415238,0.,0.72113645197592));
#9460=DIRECTION('center_axis',(0.994422234924722,0.,-0.105472359826267));
#9461=DIRECTION('ref_axis',(0.,-1.,0.));
#9462=DIRECTION('center_axis',(-0.994422234924722,0.,0.105472359826267));
#9463=DIRECTION('ref_axis',(0.105472359826267,0.,0.994422234924722));
#9464=DIRECTION('center_axis',(0.994422234924722,0.,-0.105472359826267));
#9465=DIRECTION('ref_axis',(0.105472359826267,0.,0.994422234924722));
#9466=DIRECTION('center_axis',(0.899981323823536,0.,0.435928453727026));
#9467=DIRECTION('ref_axis',(0.,1.,0.));
#9468=DIRECTION('center_axis',(0.899981323823536,0.,0.435928453727026));
#9469=DIRECTION('ref_axis',(-0.435928453727026,0.,0.899981323823536));
#9470=DIRECTION('center_axis',(-0.899981323823536,0.,-0.435928453727026));
#9471=DIRECTION('ref_axis',(-0.435928453727026,0.,0.899981323823536));
#9472=DIRECTION('center_axis',(-0.820652703981729,0.,0.571427282729375));
#9473=DIRECTION('ref_axis',(0.,1.,0.));
#9474=DIRECTION('center_axis',(-0.820652703981729,0.,0.571427282729375));
#9475=DIRECTION('ref_axis',(-0.571427282729375,0.,-0.820652703981729));
#9476=DIRECTION('center_axis',(0.820652703981729,0.,-0.571427282729375));
#9477=DIRECTION('ref_axis',(-0.571427282729375,0.,-0.820652703981729));
#9478=DIRECTION('center_axis',(0.,1.,0.));
#9479=DIRECTION('ref_axis',(0.,0.,-1.));
#9480=DIRECTION('center_axis',(0.,-1.,0.));
#9481=DIRECTION('ref_axis',(0.692793055415238,0.,0.72113645197592));
#9482=DIRECTION('center_axis',(0.,1.,0.));
#9483=DIRECTION('ref_axis',(0.,0.,-1.));
#9484=DIRECTION('center_axis',(0.,-1.,0.));
#9485=DIRECTION('ref_axis',(-0.571427282729375,0.,-0.820652703981729));
#9486=DIRECTION('center_axis',(0.,0.,1.));
#9487=DIRECTION('ref_axis',(1.,0.,0.));
#9488=DIRECTION('center_axis',(0.,0.,1.));
#9489=DIRECTION('ref_axis',(1.,0.,0.));
#9490=DIRECTION('center_axis',(0.,0.,1.));
#9491=DIRECTION('ref_axis',(1.,0.,0.));
#9492=DIRECTION('center_axis',(0.,0.,1.));
#9493=DIRECTION('ref_axis',(1.,0.,0.));
#9494=DIRECTION('center_axis',(0.,0.,1.));
#9495=DIRECTION('ref_axis',(1.,0.,0.));
#9496=DIRECTION('center_axis',(0.,0.,1.));
#9497=DIRECTION('ref_axis',(1.,0.,0.));
#9498=DIRECTION('center_axis',(0.,1.,0.));
#9499=DIRECTION('ref_axis',(0.,0.,-1.));
#9500=DIRECTION('center_axis',(0.694230837504855,0.,-0.719752418722791));
#9501=DIRECTION('ref_axis',(-0.719715563854462,0.0101196456089083,-0.694195289467168));
#9502=DIRECTION('center_axis',(-0.994422234924722,0.,0.105472359826267));
#9503=DIRECTION('ref_axis',(-0.074580220860901,-0.707106781186548,-0.703162705677953));
#9504=DIRECTION('',(-0.994422234924722,0.,0.105472359826267));
#9505=DIRECTION('center_axis',(-0.105472359826267,0.,-0.994422234924722));
#9506=DIRECTION('ref_axis',(-0.994422234924722,0.,0.105472359826267));
#9507=DIRECTION('',(0.994422234924722,0.,-0.105472359826267));
#9508=DIRECTION('center_axis',(0.,-1.,0.));
#9509=DIRECTION('ref_axis',(1.,0.,0.));
#9510=DIRECTION('',(0.90274494363577,0.,-0.430176204293137));
#9511=DIRECTION('center_axis',(0.430176204293137,0.,0.90274494363577));
#9512=DIRECTION('ref_axis',(0.90274494363577,0.,-0.430176204293137));
#9513=DIRECTION('',(-0.90274494363577,0.,0.430176204293137));
#9514=DIRECTION('center_axis',(0.,-1.,0.));
#9515=DIRECTION('ref_axis',(1.,0.,0.));
#9516=DIRECTION('',(0.649077823838383,0.,-0.7607220113821));
#9517=DIRECTION('center_axis',(0.760722011382101,0.,0.649077823838383));
#9518=DIRECTION('ref_axis',(0.649077823838383,0.,-0.760722011382101));
#9519=DIRECTION('',(0.,-1.,0.));
#9520=DIRECTION('',(-0.649077823838383,0.,0.760722011382101));
#9521=DIRECTION('',(0.,1.,0.));
#9522=DIRECTION('center_axis',(0.,0.,1.));
#9523=DIRECTION('ref_axis',(1.,0.,0.));
#9524=DIRECTION('center_axis',(0.,0.,1.));
#9525=DIRECTION('ref_axis',(1.,0.,0.));
#9526=DIRECTION('',(-1.,0.,0.));
#9527=DIRECTION('',(0.,1.,0.));
#9528=DIRECTION('center_axis',(0.,0.,1.));
#9529=DIRECTION('ref_axis',(1.,0.,0.));
#9530=DIRECTION('center_axis',(0.,0.,1.));
#9531=DIRECTION('ref_axis',(1.,0.,0.));
#9532=DIRECTION('',(0.,1.,0.));
#9533=DIRECTION('',(1.,0.,0.));
#9534=DIRECTION('center_axis',(0.333294447285146,4.18697427384138E-16,-0.942822788974094));
#9535=DIRECTION('ref_axis',(0.942822788974094,0.,0.333294447285146));
#9536=DIRECTION('center_axis',(0.,1.,0.));
#9537=DIRECTION('ref_axis',(0.,0.,1.));
#9538=DIRECTION('center_axis',(-0.812051308665028,0.,0.583586045151369));
#9539=DIRECTION('ref_axis',(0.412657649932372,-0.707106781186548,0.574206987028451));
#9540=DIRECTION('',(-0.812051308665028,0.,0.583586045151369));
#9541=DIRECTION('center_axis',(0.0664443255781828,0.,0.997790134045462));
#9542=DIRECTION('ref_axis',(0.997790134045462,2.93287725594292E-17,-0.0664443255781829));
#9543=DIRECTION('',(-0.812051308665028,0.,0.583586045151369));
#9544=DIRECTION('center_axis',(0.531752028133768,0.0494360748156394,-0.845456004226386));
#9545=DIRECTION('ref_axis',(0.843480536895768,-0.120534472950514,0.523461579018527));
#9546=DIRECTION('',(0.812051308665028,0.,-0.583586045151369));
#9547=DIRECTION('center_axis',(0.,1.,0.));
#9548=DIRECTION('ref_axis',(0.,0.,1.));
#9549=DIRECTION('',(0.882261724753458,0.,0.470759226181553));
#9550=DIRECTION('center_axis',(-0.882261724753458,0.,-0.470759226181553));
#9551=DIRECTION('ref_axis',(0.407689448939129,-0.5,-0.764061066423168));
#9552=DIRECTION('',(-0.882261724753458,0.,-0.470759226181553));
#9553=DIRECTION('center_axis',(0.,-1.,0.));
#9554=DIRECTION('ref_axis',(0.,0.,-1.));
#9555=DIRECTION('',(-0.846491017475722,0.,-0.532403002745963));
#9556=DIRECTION('center_axis',(0.531752028133768,0.0494360748156394,-0.845456004226386));
#9557=DIRECTION('ref_axis',(-0.846491017475722,0.,-0.532403002745963));
#9558=DIRECTION('',(-0.846491017475722,3.69428795017586E-18,-0.532403002745963));
#9559=DIRECTION('center_axis',(0.531752028133768,0.0494360748156394,-0.845456004226386));
#9560=DIRECTION('ref_axis',(0.617170528818105,-0.706242194472557,0.346875339430417));
#9561=DIRECTION('',(-0.0433281166421622,0.998575533907486,0.0311380376649169));
#9562=DIRECTION('center_axis',(0.0263199146758204,-0.998777289743225,-0.0418471932706965));
#9563=DIRECTION('ref_axis',(0.,0.0418616953743217,-0.999123415029589));
#9564=DIRECTION('',(0.846491017475722,-9.03160511128411E-17,0.532403002745963));
#9565=DIRECTION('center_axis',(-0.0263199146758204,0.998777289743225,0.0418471932706965));
#9566=DIRECTION('ref_axis',(0.,0.0418616953743217,-0.999123415029588));
#9567=DIRECTION('center_axis',(-0.0263199146758204,0.998777289743225,0.0418471932706965));
#9568=DIRECTION('ref_axis',(0.,0.0418616953743217,-0.999123415029588));
#9569=DIRECTION('',(0.846491017475722,-9.03160511128411E-17,0.532403002745963));
#9570=DIRECTION('center_axis',(0.0263199146758204,-0.998777289743225,-0.0418471932706965));
#9571=DIRECTION('ref_axis',(0.531752028133767,0.0494360748156394,-0.845456004226387));
#9572=DIRECTION('',(-0.531752028133768,-0.0494360748156394,0.845456004226386));
#9573=DIRECTION('',(0.719264532688371,0.0479929740588837,-0.69307662379968));
#9574=DIRECTION('',(-0.838999315209559,0.000688850425788198,-0.54413203780239));
#9575=DIRECTION('',(-0.543931451224868,-0.0494309106780252,0.837672466682504));
#9576=DIRECTION('',(0.838716780838357,-0.000714536716050526,0.544567398011876));
#9577=DIRECTION('center_axis',(0.,1.,0.));
#9578=DIRECTION('ref_axis',(0.,0.,1.));
#9579=DIRECTION('center_axis',(0.,1.,0.));
#9580=DIRECTION('ref_axis',(0.306552353876931,0.,0.951853798822337));
#9581=DIRECTION('',(0.812051308665028,0.,-0.583586045151369));
#9582=DIRECTION('',(0.532403002745963,0.,-0.846491017475722));
#9583=DIRECTION('center_axis',(0.,1.,0.));
#9584=DIRECTION('ref_axis',(0.532403002745963,0.,-0.846491017475722));
#9585=DIRECTION('',(-0.846491017475722,9.03160511128411E-17,-0.532403002745963));
#9586=DIRECTION('',(-0.694230837504855,0.,0.719752418722791));
#9587=DIRECTION('',(0.694230837504855,0.,-0.719752418722791));
#9588=DIRECTION('',(0.846491017475722,-9.03160511128411E-17,0.532403002745963));
#9589=DIRECTION('center_axis',(0.,-1.,0.));
#9590=DIRECTION('ref_axis',(0.532403002745963,-3.23413367729009E-18,-0.846491017475722));
#9591=DIRECTION('',(-0.532403002745963,0.,0.846491017475722));
#9592=DIRECTION('',(-0.812051308665028,0.,0.583586045151369));
#9593=DIRECTION('center_axis',(0.,-1.,0.));
#9594=DIRECTION('ref_axis',(0.,0.,1.));
#9595=DIRECTION('center_axis',(-0.0263199146758204,0.998777289743225,0.0418471932706965));
#9596=DIRECTION('ref_axis',(0.,0.0418616953743217,-0.999123415029588));
#9597=DIRECTION('',(-0.0263199146758204,0.998777289743225,0.0418471932706965));
#9598=DIRECTION('center_axis',(0.0263199146758204,-0.998777289743225,-0.0418471932706965));
#9599=DIRECTION('ref_axis',(0.,0.0418616953743217,-0.999123415029588));
#9600=DIRECTION('center_axis',(0.0263199146758204,-0.998777289743225,-0.0418471932706965));
#9601=DIRECTION('ref_axis',(0.,0.0418616953743217,-0.999123415029588));
#9602=DIRECTION('center_axis',(0.0263199146758204,-0.998777289743225,-0.0418471932706965));
#9603=DIRECTION('ref_axis',(0.,0.0418616953743217,-0.999123415029589));
#9604=DIRECTION('',(-0.846491017475722,3.69428795017586E-18,-0.532403002745963));
#9605=DIRECTION('',(-0.531752028133768,-0.0494360748156393,0.845456004226386));
#9606=DIRECTION('',(0.846491017475722,0.,0.532403002745962));
#9607=DIRECTION('',(0.846491017475722,0.,0.532403002745962));
#9608=DIRECTION('',(-0.543931451224868,-0.0494309106780252,0.837672466682504));
#9609=DIRECTION('',(-0.838999315209559,0.000688850425788198,-0.54413203780239));
#9610=DIRECTION('',(0.719264532688371,0.0479929740588837,-0.69307662379968));
#9611=DIRECTION('',(0.838716780838357,-0.000714536716050526,0.544567398011876));
#9612=DIRECTION('center_axis',(-0.846491017475722,9.0316051112841E-17,-0.532403002745963));
#9613=DIRECTION('ref_axis',(0.385659019691191,-0.689406964421002,-0.6131762861842));
#9614=DIRECTION('center_axis',(-0.846491017475722,7.6768643445915E-16,-0.532403002745962));
#9615=DIRECTION('ref_axis',(0.532403002745962,0.,-0.846491017475722));
#9616=DIRECTION('center_axis',(-0.694230837504855,0.,0.719752418722791));
#9617=DIRECTION('ref_axis',(0.,1.,0.));
#9618=DIRECTION('',(-0.694230837504855,0.,0.719752418722791));
#9619=DIRECTION('center_axis',(-0.694230837504855,0.,0.719752418722791));
#9620=DIRECTION('ref_axis',(-0.719715563854462,0.0101196456089083,-0.694195289467168));
#9621=DIRECTION('center_axis',(0.531752028133768,0.0494360748156394,-0.845456004226386));
#9622=DIRECTION('ref_axis',(0.617170528818105,-0.706242194472557,0.346875339430418));
#9623=DIRECTION('center_axis',(0.531752028133768,0.0494360748156394,-0.845456004226386));
#9624=DIRECTION('ref_axis',(0.617170528818105,-0.706242194472557,0.346875339430417));
#9625=DIRECTION('center_axis',(0.531752028133768,0.0494360748156394,-0.845456004226386));
#9626=DIRECTION('ref_axis',(0.617170528818105,-0.706242194472557,0.346875339430417));
#9627=DIRECTION('center_axis',(-0.846491017475721,1.84714397508793E-18,
-0.532403002745963));
#9628=DIRECTION('ref_axis',(0.531752028133768,0.0494360748156394,-0.845456004226386));
#9629=DIRECTION('center_axis',(0.838716780838357,-0.000714536716050526,
0.544567398011876));
#9630=DIRECTION('ref_axis',(0.,0.999999139174214,0.00131211692724821));
#9631=DIRECTION('',(-0.838716780838357,0.000714536716050526,-0.544567398011876));
#9632=DIRECTION('center_axis',(-0.208444705564009,0.0354581858979845,-0.977391181551766));
#9633=DIRECTION('ref_axis',(0.977679940887503,0.0344476783833318,-0.207256581657151));
#9634=DIRECTION('center_axis',(0.995033703134152,0.0301952521376153,-0.0948481753935302));
#9635=DIRECTION('ref_axis',(-0.0959957901087003,0.039142971802399,-0.99461180167937));
#9636=DIRECTION('center_axis',(-0.543931451224868,-0.0494309106780252,0.837672466682504));
#9637=DIRECTION('ref_axis',(0.,0.998263453808905,0.0589073576857431));
#9638=DIRECTION('',(0.543931451224868,0.0494309106780252,-0.837672466682504));
#9639=DIRECTION('center_axis',(0.977625749961092,0.0344568899364342,-0.207510519610261));
#9640=DIRECTION('ref_axis',(0.208698718502222,-0.0354492345345525,0.977337299332449));
#9641=DIRECTION('center_axis',(-0.83899931520956,0.000688850425788198,-0.54413203780239));
#9642=DIRECTION('ref_axis',(0.201269235684178,0.929467631439669,-0.309161150329466));
#9643=DIRECTION('',(0.838999315209559,-0.000688850425788198,0.54413203780239));
#9644=DIRECTION('center_axis',(0.0962543156822049,-0.0391351251763786,0.994587124735676));
#9645=DIRECTION('ref_axis',(-0.995008728003935,-0.0302054212122043,0.0951065913876915));
#9646=DIRECTION('center_axis',(0.719264532688371,0.0479929740588837,-0.69307662379968));
#9647=DIRECTION('ref_axis',(0.263736265055996,0.904069757105034,0.336305005586235));
#9648=DIRECTION('',(-0.719264532688371,-0.0479929740588837,0.69307662379968));
#9649=DIRECTION('center_axis',(-0.846491017475722,3.69428795017586E-18,
-0.532403002745963));
#9650=DIRECTION('ref_axis',(0.,-1.,-6.93889390390723E-18));
#9651=DIRECTION('',(-0.846491017475722,3.69428795017586E-18,-0.532403002745963));
#9652=DIRECTION('center_axis',(-0.882261724753458,0.,-0.470759226181553));
#9653=DIRECTION('ref_axis',(0.,-1.,0.));
#9654=DIRECTION('',(-0.882261724753458,0.,-0.470759226181553));
#9655=DIRECTION('center_axis',(-0.531752028133768,-0.0494360748156394,0.845456004226386));
#9656=DIRECTION('ref_axis',(0.846578653776046,-0.00352572826317185,0.532251963087927));
#9657=DIRECTION('',(-0.882261724753458,0.,-0.470759226181553));
#9658=DIRECTION('center_axis',(0.531752028133768,0.0494360748156394,-0.845456004226386));
#9659=DIRECTION('ref_axis',(0.617170528818105,-0.706242194472557,0.346875339430417));
#9660=DIRECTION('center_axis',(-0.531752028133767,-0.0494360748156382,0.845456004226387));
#9661=DIRECTION('ref_axis',(0.0263199146758204,-0.998777289743225,-0.0418471932706952));
#9662=DIRECTION('center_axis',(0.583586045151369,0.,0.812051308665028));
#9663=DIRECTION('ref_axis',(0.810894569110453,0.053356378075902,-0.582754746617987));
#9664=DIRECTION('',(0.531752028133768,0.0494360748156394,-0.845456004226386));
#9665=DIRECTION('center_axis',(0.846491017475722,0.,0.532403002745963));
#9666=DIRECTION('ref_axis',(0.532403002745963,0.,-0.846491017475722));
#9667=DIRECTION('',(0.,1.,0.));
#9668=DIRECTION('center_axis',(-0.583586045151369,0.,-0.812051308665028));
#9669=DIRECTION('ref_axis',(0.812051308665028,0.,-0.583586045151369));
#9670=DIRECTION('',(0.812051308665028,0.,-0.583586045151369));
#9671=DIRECTION('',(0.,-1.,0.));
#9672=DIRECTION('center_axis',(0.,1.,0.));
#9673=DIRECTION('ref_axis',(0.30655235387693,0.,0.951853798822337));
#9674=DIRECTION('center_axis',(0.,1.,0.));
#9675=DIRECTION('ref_axis',(0.,0.,1.));
#9676=DIRECTION('',(-0.812051308665028,0.,0.583586045151369));
#9677=DIRECTION('',(0.882261724753458,0.,0.470759226181553));
#9678=DIRECTION('center_axis',(-0.0736265090895932,0.990668452881808,0.114695918079264));
#9679=DIRECTION('ref_axis',(0.,-0.115008063145956,0.993364558161512));
#9680=DIRECTION('',(0.0975699235184476,-0.107300837478314,0.989427430538014));
#9681=DIRECTION('',(0.838716780838357,-0.00071453671605209,0.544567398011876));
#9682=DIRECTION('',(0.974189294381976,0.09605223727725,-0.204277229336956));
#9683=DIRECTION('center_axis',(-0.0993187434431701,0.995038916594852,-0.00577422398359528));
#9684=DIRECTION('ref_axis',(0.,0.00580291551050361,0.999983162944046));
#9685=DIRECTION('',(-0.543931451224868,-0.0494309106780244,0.837672466682504));
#9686=DIRECTION('',(0.206674731550732,0.0263046890426432,0.978056040660658));
#9687=DIRECTION('center_axis',(0.0211489987496757,0.999284860130806,-0.0313446672536371));
#9688=DIRECTION('ref_axis',(0.,0.0313516795297696,0.999508415267557));
#9689=DIRECTION('',(-0.838999315209559,0.000688850425789768,-0.54413203780239));
#9690=DIRECTION('',(-0.994968955925534,0.0241077888445137,0.0972398645694326));
#9691=DIRECTION('center_axis',(0.0342870310066138,0.993943192764491,0.104409429947111));
#9692=DIRECTION('ref_axis',(0.,-0.104470856000571,0.994527948449166));
#9693=DIRECTION('',(0.719264532688371,0.0479929740588826,-0.69307662379968));
#9694=DIRECTION('center_axis',(-0.0263199146758186,0.998777289743225,0.0418471932706967));
#9695=DIRECTION('ref_axis',(0.,-0.0418616953743219,0.999123415029589));
#9696=DIRECTION('center_axis',(-0.719715563854462,0.0101196456089083,-0.694195289467167));
#9697=DIRECTION('ref_axis',(-0.693769968532158,-0.0483892370876783,0.7185692120436));
#9698=DIRECTION('center_axis',(-0.846491017475722,9.0316051112841E-17,-0.532403002745963));
#9699=DIRECTION('ref_axis',(0.385659019691191,-0.689406964421002,-0.6131762861842));
#9700=DIRECTION('center_axis',(-0.812051308665028,0.,0.583586045151369));
#9701=DIRECTION('ref_axis',(0.412657649932372,-0.707106781186548,0.574206987028451));
#9702=DIRECTION('center_axis',(-0.531752028133768,-0.0494360748156394,0.845456004226386));
#9703=DIRECTION('ref_axis',(0.843480536895768,-0.120534472950513,0.523461579018527));
#9704=DIRECTION('center_axis',(-0.066444325578183,0.,-0.997790134045462));
#9705=DIRECTION('ref_axis',(0.997790134045462,-3.66609656992865E-17,-0.0664443255781831));
#9706=DIRECTION('center_axis',(0.531752028133768,0.0494360748156394,-0.845456004226386));
#9707=DIRECTION('ref_axis',(-0.846491017475722,0.,-0.532403002745963));
#9708=DIRECTION('',(0.846491017475722,0.,0.532403002745963));
#9709=DIRECTION('center_axis',(0.531752028133768,0.0494360748156394,-0.845456004226386));
#9710=DIRECTION('ref_axis',(-0.846578653776046,0.00352572826317185,-0.532251963087927));
#9711=DIRECTION('center_axis',(-0.882261724753458,0.,-0.470759226181553));
#9712=DIRECTION('ref_axis',(0.407689448939129,-0.5,-0.764061066423168));
#9713=DIRECTION('center_axis',(0.,-1.,0.));
#9714=DIRECTION('ref_axis',(0.,0.,-1.));
#9715=DIRECTION('center_axis',(-0.719715563854462,0.0101196456089083,-0.694195289467167));
#9716=DIRECTION('ref_axis',(-0.693769968532158,-0.0483892370876783,0.7185692120436));
#9717=DIRECTION('center_axis',(0.543495548435632,0.0494312753048948,-0.837955331656995));
#9718=DIRECTION('ref_axis',(0.838999315209559,-0.000688850425788253,0.54413203780239));
#9719=DIRECTION('',(0.838999315209559,-0.000688850425789763,0.54413203780239));
#9720=DIRECTION('',(0.0263199146758186,-0.998777289743225,-0.0418471932706967));
#9721=DIRECTION('',(0.0263199146758186,-0.998777289743225,-0.0418471932706967));
#9722=DIRECTION('center_axis',(-0.838716780838363,0.000714536716051567,
-0.544567398011867));
#9723=DIRECTION('ref_axis',(0.543931451224868,0.0494309106780253,-0.837672466682504));
#9724=DIRECTION('',(0.543931451224868,0.0494309106780244,-0.837672466682504));
#9725=DIRECTION('',(0.0263199146758186,-0.998777289743225,-0.0418471932706967));
#9726=DIRECTION('center_axis',(-0.0263199146758186,0.998777289743225,0.0418471932706967));
#9727=DIRECTION('ref_axis',(0.,-0.0418616953743219,0.999123415029589));
#9728=DIRECTION('',(0.838716780838357,-0.000714536716052091,0.544567398011876));
#9729=DIRECTION('',(-0.543931451224868,-0.0494309106780244,0.837672466682504));
#9730=DIRECTION('',(-0.838999315209559,0.000688850425789766,-0.54413203780239));
#9731=DIRECTION('',(0.719264532688371,0.0479929740588826,-0.69307662379968));
#9732=DIRECTION('center_axis',(-0.543931451224877,-0.0494309106780244,0.837672466682498));
#9733=DIRECTION('ref_axis',(-0.838716780838357,0.000714536716050585,-0.544567398011876));
#9734=DIRECTION('',(-0.838716780838357,0.000714536716052094,-0.544567398011876));
#9735=DIRECTION('',(0.0263199146758186,-0.998777289743225,-0.0418471932706967));
#9736=DIRECTION('center_axis',(0.694237563164107,-0.0118574843099556,0.719648251549187));
#9737=DIRECTION('ref_axis',(-0.719264532688371,-0.0479929740588838,0.69307662379968));
#9738=DIRECTION('',(-0.719264532688371,-0.0479929740588826,0.69307662379968));
#9739=DIRECTION('center_axis',(0.0342870310066138,0.993943192764491,0.104409429947111));
#9740=DIRECTION('ref_axis',(0.,-0.104470856000571,0.994527948449166));
#9741=DIRECTION('',(-0.0975699235184409,0.107300837478314,-0.989427430538015));
#9742=DIRECTION('',(-0.994968955925533,0.0241077888445135,0.0972398645694366));
#9743=DIRECTION('center_axis',(0.0211489987496757,0.999284860130806,-0.0313446672536371));
#9744=DIRECTION('ref_axis',(0.,0.0313516795297696,0.999508415267557));
#9745=DIRECTION('',(0.206674731550731,0.0263046890426431,0.978056040660658));
#9746=DIRECTION('center_axis',(-0.0993187434431701,0.995038916594852,-0.00577422398359528));
#9747=DIRECTION('ref_axis',(0.,0.00580291551050361,0.999983162944046));
#9748=DIRECTION('',(0.974189294381976,0.0960522372772502,-0.204277229336954));
#9749=DIRECTION('center_axis',(-0.0736265090895932,0.990668452881808,0.114695918079264));
#9750=DIRECTION('ref_axis',(0.,-0.115008063145956,0.993364558161512));
#9751=DIRECTION('center_axis',(-0.531752028133767,-0.0494360748156382,0.845456004226387));
#9752=DIRECTION('ref_axis',(0.0263199146758204,-0.998777289743225,-0.0418471932706952));
#9753=DIRECTION('center_axis',(0.,1.,0.));
#9754=DIRECTION('ref_axis',(0.306552353876931,0.,0.951853798822337));
#9755=DIRECTION('',(0.,-1.,0.));
#9756=DIRECTION('center_axis',(-0.583586045151369,0.,-0.812051308665028));
#9757=DIRECTION('ref_axis',(0.812051308665028,0.,-0.583586045151369));
#9758=DIRECTION('center_axis',(0.583586045151369,0.,0.812051308665028));
#9759=DIRECTION('ref_axis',(0.810894569110453,0.053356378075902,-0.582754746617987));
#9760=DIRECTION('',(0.,-1.,0.));
#9761=DIRECTION('center_axis',(0.846491017475722,0.,0.532403002745963));
#9762=DIRECTION('ref_axis',(0.532403002745963,0.,-0.846491017475722));
#9763=DIRECTION('',(0.531752028133768,0.0494360748156394,-0.845456004226386));
#9764=DIRECTION('center_axis',(0.531752028133768,0.0494360748156394,-0.845456004226386));
#9765=DIRECTION('ref_axis',(0.617170528818105,-0.706242194472557,0.346875339430417));
#9766=CARTESIAN_POINT('',(0.,0.,0.));
#9767=CARTESIAN_POINT('Origin',(110.73775017134,26.9125833904467,177.9474886951));
#9768=CARTESIAN_POINT('',(110.73775017134,63.0000009387732,177.9474886951));
#9769=CARTESIAN_POINT('',(110.73775017134,63.0000009387732,167.9474886951));
#9770=CARTESIAN_POINT('',(110.73775017134,63.0000009387732,176.246553405576));
#9771=CARTESIAN_POINT('',(110.73775017134,26.9999990612268,177.9474886951));
#9772=CARTESIAN_POINT('',(110.73775017134,27.9783569179331,177.9474886951));
#9773=CARTESIAN_POINT('',(110.73775017134,26.9999990612268,167.9474886951));
#9774=CARTESIAN_POINT('',(110.73775017134,26.9999990612268,102.594773359541));
#9775=CARTESIAN_POINT('',(110.73775017134,35.9344377775283,167.9474886951));
#9776=CARTESIAN_POINT('Origin',(69.5000010356307,45.0271838053079,174.9474886951));
#9777=CARTESIAN_POINT('',(73.0000010877848,55.0000008195639,174.9474886951));
#9778=CARTESIAN_POINT('',(79.0000011771917,55.0000008195639,174.9474886951));
#9779=CARTESIAN_POINT('',(71.2500010617077,55.0000008195639,174.9474886951));
#9780=CARTESIAN_POINT('',(79.0000011771917,56.9785936856686,174.9474886951));
#9781=CARTESIAN_POINT('',(79.0000011771917,33.0214063143314,174.9474886951));
#9782=CARTESIAN_POINT('',(60.0000008940697,56.9785936856686,174.9474886951));
#9783=CARTESIAN_POINT('',(60.0000008940697,56.9785936856686,174.9474886951));
#9784=CARTESIAN_POINT('',(60.0000008940697,33.0214063143314,174.9474886951));
#9785=CARTESIAN_POINT('',(60.0000008940697,33.0757739249472,174.9474886951));
#9786=CARTESIAN_POINT('',(79.0000011771917,33.0214063143314,174.9474886951));
#9787=CARTESIAN_POINT('',(60.0000008940697,33.0214063143314,174.9474886951));
#9788=CARTESIAN_POINT('',(79.0000011771917,35.0000005215406,174.9474886951));
#9789=CARTESIAN_POINT('',(79.0000011771917,33.0214063143314,174.9474886951));
#9790=CARTESIAN_POINT('',(73.0000010877848,35.0000005215406,174.9474886951));
#9791=CARTESIAN_POINT('',(78.9911237015297,35.0000005215406,174.9474886951));
#9792=CARTESIAN_POINT('',(73.0000010877848,40.0135921634243,174.9474886951));
#9793=CARTESIAN_POINT('',(69.2841882021244,38.0889736397047,174.9474886951));
#9794=CARTESIAN_POINT('Origin',(67.5651497636177,38.0889736397047,174.9474886951));
#9795=CARTESIAN_POINT('',(69.3593545036305,52.0689156634057,174.9474886951));
#9796=CARTESIAN_POINT('Origin',(67.5471636210092,52.0689156634057,174.9474886951));
#9797=CARTESIAN_POINT('Origin',(60.0000008940697,56.9785936856686,177.9474886951));
#9798=CARTESIAN_POINT('',(60.0000008940697,56.9785936856686,177.9474886951));
#9799=CARTESIAN_POINT('',(79.0000011771917,56.9785936856686,177.9474886951));
#9800=CARTESIAN_POINT('',(-31.2853112782098,56.9785936856686,177.9474886951));
#9801=CARTESIAN_POINT('',(60.0000008940697,56.9785936856686,177.9474886951));
#9802=CARTESIAN_POINT('',(79.0000011771917,56.9785936856686,177.9474886951));
#9803=CARTESIAN_POINT('Origin',(60.0000008940697,33.0757739249472,177.9474886951));
#9804=CARTESIAN_POINT('',(60.0000008940697,33.0214063143314,177.9474886951));
#9805=CARTESIAN_POINT('',(60.0000008940697,73.4621130375264,177.9474886951));
#9806=CARTESIAN_POINT('',(60.0000008940697,33.0214063143314,177.9474886951));
#9807=CARTESIAN_POINT('Origin',(103.012904827365,75.0061135512839,106.094173036703));
#9808=CARTESIAN_POINT('',(103.144504400744,80.,105.88493707035));
#9809=CARTESIAN_POINT('',(102.995042905647,75.0060126377398,106.080530200301));
#9810=CARTESIAN_POINT('',(101.95881601837,40.3823527036675,107.436590904026));
#9811=CARTESIAN_POINT('',(103.012904827365,75.0061135512839,106.094173036703));
#9812=CARTESIAN_POINT('',(103.144504400744,80.,105.88493707035));
#9813=CARTESIAN_POINT('',(103.012904827365,75.0061135512839,106.094173036703));
#9814=CARTESIAN_POINT('Origin',(171.856402181823,8.88178419700125E-15,15.9649537121062));
#9815=CARTESIAN_POINT('',(102.974922578448,75.0076460582825,106.106860712851));
#9816=CARTESIAN_POINT('',(102.533074866641,62.000000923872,106.685085739019));
#9817=CARTESIAN_POINT('',(101.812420783549,40.7845180164094,107.628171365401));
#9818=CARTESIAN_POINT('',(100.,62.000000923872,110.));
#9819=CARTESIAN_POINT('',(140.798923901622,62.0000009238719,56.6083942266209));
#9820=CARTESIAN_POINT('',(100.,74.2676571880968,110.));
#9821=CARTESIAN_POINT('',(100.,8.88178419700125E-15,110.));
#9822=CARTESIAN_POINT('',(99.3287913024243,80.,110.878378808692));
#9823=CARTESIAN_POINT('Ctrl Pts',(100.,74.2676571880968,110.));
#9824=CARTESIAN_POINT('Ctrl Pts',(100.,75.0641844119335,110.));
#9825=CARTESIAN_POINT('Ctrl Pts',(99.9670371389863,75.8411290624307,110.043136924019));
#9826=CARTESIAN_POINT('Ctrl Pts',(99.8116875346211,77.532465153877,110.246435541731));
#9827=CARTESIAN_POINT('Ctrl Pts',(99.6777356908433,78.4213507562379,110.421731930744));
#9828=CARTESIAN_POINT('Ctrl Pts',(99.4421246331151,79.5276298810703,110.730064884339));
#9829=CARTESIAN_POINT('Ctrl Pts',(99.3872737464928,79.7651691829185,110.801845623506));
#9830=CARTESIAN_POINT('Ctrl Pts',(99.3287913024242,80.,110.878378808692));
#9831=CARTESIAN_POINT('',(154.384191239735,80.,38.8300028212136));
#9832=CARTESIAN_POINT('',(153.371654346321,70.9163081717097,40.1550615598827));
#9833=CARTESIAN_POINT('Origin',(103.012904827365,75.0061135512839,106.094173036703));
#9834=CARTESIAN_POINT('',(102.670165982446,62.000000923872,106.639108643879));
#9835=CARTESIAN_POINT('',(109.979204180863,62.000000923872,104.187831311604));
#9836=CARTESIAN_POINT('',(96.5437622498075,75.2671303830372,108.255140023042));
#9837=CARTESIAN_POINT('',(102.881305253986,70.0122271025678,106.303409003057));
#9838=CARTESIAN_POINT('',(103.012904827365,75.0061135512839,106.094173036703));
#9839=CARTESIAN_POINT('',(103.012904827365,75.0061135512839,106.094173036703));
#9840=CARTESIAN_POINT('Origin',(118.514049180529,72.5044033533941,56.1347284236638));
#9841=CARTESIAN_POINT('Origin',(-13.1658899332725,90.,114.053305091933));
#9842=CARTESIAN_POINT('',(-23.6866935999253,80.,125.678187742499));
#9843=CARTESIAN_POINT('',(-61.9414467717641,80.,167.9474886951));
#9844=CARTESIAN_POINT('',(-100.,80.,210.));
#9845=CARTESIAN_POINT('',(-23.6866935999253,76.6652923103437,125.678187742499));
#9846=CARTESIAN_POINT('',(-23.6866935999253,45.,125.678187742499));
#9847=CARTESIAN_POINT('',(-23.6121651332313,76.5815568376761,125.595838075411));
#9848=CARTESIAN_POINT('Origin',(-31.191713752302,70.,133.970803147731));
#9849=CARTESIAN_POINT('',(-23.6121651332313,26.9999990612268,125.595838075411));
#9850=CARTESIAN_POINT('',(-23.6121651332313,-65.,125.595838075411));
#9851=CARTESIAN_POINT('',(-25.1512850876988,26.9999990612268,127.296477059155));
#9852=CARTESIAN_POINT('',(-21.3355543250648,26.9999990612268,123.08031413594));
#9853=CARTESIAN_POINT('',(-25.1512850876988,70.,127.296477059155));
#9854=CARTESIAN_POINT('',(-25.1512850876988,-32.5,127.296477059155));
#9855=CARTESIAN_POINT('',(-31.191713752302,76.,133.970803147731));
#9856=CARTESIAN_POINT('Origin',(-31.191713752302,70.,133.970803147731));
#9857=CARTESIAN_POINT('',(-61.9414467717641,76.,167.9474886951));
#9858=CARTESIAN_POINT('',(-100.,76.,210.));
#9859=CARTESIAN_POINT('',(-61.9414467717641,-65.,167.9474886951));
#9860=CARTESIAN_POINT('Ctrl Pts',(100.,74.2676571880968,110.));
#9861=CARTESIAN_POINT('Ctrl Pts',(99.1862399454611,75.2408223293597,110.086310613611));
#9862=CARTESIAN_POINT('Ctrl Pts',(96.9967193807428,77.0361573103239,110.318539834497));
#9863=CARTESIAN_POINT('Ctrl Pts',(91.5971915553995,79.3342417828949,110.891235136036));
#9864=CARTESIAN_POINT('Ctrl Pts',(86.8349499497446,80.,111.396337337667));
#9865=CARTESIAN_POINT('Ctrl Pts',(83.9747387659294,80.,111.699702661333));
#9866=CARTESIAN_POINT('Ctrl Pts',(100.525487944698,74.712013064527,109.944264667823));
#9867=CARTESIAN_POINT('Ctrl Pts',(99.69259412523,75.792898839737,110.032573046164));
#9868=CARTESIAN_POINT('Ctrl Pts',(97.4504839845907,77.8019079915554,110.270767761646));
#9869=CARTESIAN_POINT('Ctrl Pts',(91.9008323200884,80.4623380144776,110.859043848087));
#9870=CARTESIAN_POINT('Ctrl Pts',(86.9698380051843,81.3684052709927,111.38240980116));
#9871=CARTESIAN_POINT('Ctrl Pts',(83.9747387659294,81.4959965017094,111.699702661333));
#9872=CARTESIAN_POINT('Ctrl Pts',(101.591494322595,75.6006130178569,109.975766113518));
#9873=CARTESIAN_POINT('Ctrl Pts',(100.722714131312,76.8968830551846,110.090835650364));
#9874=CARTESIAN_POINT('Ctrl Pts',(98.3818235325919,79.3327536844452,110.402310238124));
#9875=CARTESIAN_POINT('Ctrl Pts',(92.5493594666948,82.7167521946116,111.18864796764));
#9876=CARTESIAN_POINT('Ctrl Pts',(87.2987455927489,84.100565310459,111.917080239816));
#9877=CARTESIAN_POINT('Ctrl Pts',(84.0469548292949,84.4812329063858,112.380575444));
#9878=CARTESIAN_POINT('Ctrl Pts',(103.430537907424,77.0895074700312,110.527262922807));
#9879=CARTESIAN_POINT('Ctrl Pts',(102.497527180976,78.7362149560868,110.765917107116));
#9880=CARTESIAN_POINT('Ctrl Pts',(99.9816942053434,81.8457205133772,111.413195334095));
#9881=CARTESIAN_POINT('Ctrl Pts',(93.6866721897846,86.2350458219972,113.07829205852));
#9882=CARTESIAN_POINT('Ctrl Pts',(87.9732735069809,88.1220166009921,114.66657924005));
#9883=CARTESIAN_POINT('Ctrl Pts',(84.3997406272367,88.688048916818,115.706736366319));
#9884=CARTESIAN_POINT('Ctrl Pts',(104.649644764708,78.0363936275022,111.345051819494));
#9885=CARTESIAN_POINT('Ctrl Pts',(103.660774503539,79.8872201502278,111.732766384557));
#9886=CARTESIAN_POINT('Ctrl Pts',(100.996504772292,83.3417917202183,112.781736894471));
#9887=CARTESIAN_POINT('Ctrl Pts',(94.3713010502639,88.0067454464875,115.430297486075));
#9888=CARTESIAN_POINT('Ctrl Pts',(88.4338980561096,89.6963372850909,117.874471985859));
#9889=CARTESIAN_POINT('Ctrl Pts',(84.7927829422014,90.,119.412446733576));
#9890=CARTESIAN_POINT('Ctrl Pts',(105.312092177345,78.5353143761936,111.965380647175));
#9891=CARTESIAN_POINT('Ctrl Pts',(104.282143666562,80.4816446587193,112.456855492669));
#9892=CARTESIAN_POINT('Ctrl Pts',(101.510941722718,84.0723146206478,113.779228439399));
#9893=CARTESIAN_POINT('Ctrl Pts',(94.6769424232606,88.6684835657898,117.040302866562));
#9894=CARTESIAN_POINT('Ctrl Pts',(88.6495346850991,90.,119.916484788114));
#9895=CARTESIAN_POINT('Ctrl Pts',(85.0294623641921,90.,121.64392501058));
#9896=CARTESIAN_POINT('',(83.9747387659294,80.,111.699702661333));
#9897=CARTESIAN_POINT('Origin',(83.9747387659294,70.,111.699702661333));
#9898=CARTESIAN_POINT('',(85.0294623641921,90.,121.64392501058));
#9899=CARTESIAN_POINT('Origin',(85.0294623641921,80.,121.64392501058));
#9900=CARTESIAN_POINT('',(104.45229132053,80.,112.375663771851));
#9901=CARTESIAN_POINT('Origin',(85.0294623641921,70.,121.64392501058));
#9902=CARTESIAN_POINT('Ctrl Pts',(99.3287913024243,80.,110.878378808692));
#9903=CARTESIAN_POINT('Ctrl Pts',(100.199249593233,80.,110.980797414672));
#9904=CARTESIAN_POINT('Ctrl Pts',(101.064011975652,80.,111.138539843028));
#9905=CARTESIAN_POINT('Ctrl Pts',(102.789797020254,80.,111.617500332621));
#9906=CARTESIAN_POINT('Ctrl Pts',(103.645255127832,80.,111.945043556879));
#9907=CARTESIAN_POINT('Ctrl Pts',(104.45229132053,80.,112.375663771851));
#9908=CARTESIAN_POINT('Origin',(12.6359841616711,80.,100.446395990996));
#9909=CARTESIAN_POINT('',(-70.1583453425785,82.6941540587365,177.577729289592));
#9910=CARTESIAN_POINT('Origin',(-284.164288122246,80.,428.393618016685));
#9911=CARTESIAN_POINT('',(-48.4541588506417,90.,167.9474886951));
#9912=CARTESIAN_POINT('Origin',(-48.4541588506417,80.,167.9474886951));
#9913=CARTESIAN_POINT('',(-16.2723045407735,90.,132.388391530725));
#9914=CARTESIAN_POINT('',(12.6359841616711,90.,100.446395990996));
#9915=CARTESIAN_POINT('Origin',(-16.2723045407735,80.,132.388391530725));
#9916=CARTESIAN_POINT('Origin',(-36.4771779635182,80.,167.9474886951));
#9917=CARTESIAN_POINT('',(-70.4738385538701,80.,177.9474886951));
#9918=CARTESIAN_POINT('Origin',(-61.9414467717641,80.,167.9474886951));
#9919=CARTESIAN_POINT('',(96.4148742882241,80.,177.9474886951));
#9920=CARTESIAN_POINT('',(-36.4771779635182,80.,177.9474886951));
#9921=CARTESIAN_POINT('',(96.4148742882241,90.,167.9474886951));
#9922=CARTESIAN_POINT('Origin',(96.4148742882241,80.,167.9474886951));
#9923=CARTESIAN_POINT('',(-36.4771779635182,90.,167.9474886951));
#9924=CARTESIAN_POINT('Origin',(83.5246532029689,90.,132.471099592677));
#9925=CARTESIAN_POINT('',(83.5246532029689,91.4750680188445,132.471099592677));
#9926=CARTESIAN_POINT('',(-11.8775547210397,91.4750680188445,142.589835526959));
#9927=CARTESIAN_POINT('',(61.4456412830072,91.4750680188445,134.812887022648));
#9928=CARTESIAN_POINT('',(83.5246532029689,90.,132.471099592677));
#9929=CARTESIAN_POINT('',(83.5246532029689,90.,132.471099592677));
#9930=CARTESIAN_POINT('',(-11.8775547210397,90.,142.589835526959));
#9931=CARTESIAN_POINT('',(68.6215382169072,90.,134.05178297961));
#9932=CARTESIAN_POINT('',(-11.8775547210397,90.,142.589835526959));
#9933=CARTESIAN_POINT('Origin',(-11.8775547210397,90.,142.589835526959));
#9934=CARTESIAN_POINT('',(-30.,91.4750680188445,160.));
#9935=CARTESIAN_POINT('',(0.7866429613778,91.4750680188445,130.423388826414));
#9936=CARTESIAN_POINT('',(-30.,90.,160.));
#9937=CARTESIAN_POINT('',(15.511239414824,90.,116.277524837999));
#9938=CARTESIAN_POINT('',(-30.,90.,160.));
#9939=CARTESIAN_POINT('Origin',(-30.,90.,160.));
#9940=CARTESIAN_POINT('',(90.,91.4750680188445,160.));
#9941=CARTESIAN_POINT('',(5.16489147966356,91.4750680188445,160.));
#9942=CARTESIAN_POINT('',(90.,90.,160.));
#9943=CARTESIAN_POINT('',(9.80813376172646,90.,160.));
#9944=CARTESIAN_POINT('',(90.,90.,160.));
#9945=CARTESIAN_POINT('Origin',(90.,90.,160.));
#9946=CARTESIAN_POINT('',(110.659565918654,91.4750680188445,145.614572939337));
#9947=CARTESIAN_POINT('',(76.50165175113,91.4750680188445,169.399011815549));
#9948=CARTESIAN_POINT('',(110.659565918654,90.,145.614572939337));
#9949=CARTESIAN_POINT('',(91.1833467140281,90.,159.176025870575));
#9950=CARTESIAN_POINT('',(110.659565918654,90.,145.614572939337));
#9951=CARTESIAN_POINT('Origin',(110.659565918654,90.,145.614572939337));
#9952=CARTESIAN_POINT('',(82.2989990888033,91.4750680188445,131.877423381128));
#9953=CARTESIAN_POINT('',(76.3930521683635,90.,129.01673034154));
#9954=CARTESIAN_POINT('Origin',(74.7873699029419,91.7375340094222,166.937053703604));
#9955=CARTESIAN_POINT('',(98.8206090530375,92.,146.546883219139));
#9956=CARTESIAN_POINT('',(98.8206090530375,92.,146.546883219139));
#9957=CARTESIAN_POINT('',(88.1168491448819,92.,154.));
#9958=CARTESIAN_POINT('',(73.0730880547537,92.,164.475095591659));
#9959=CARTESIAN_POINT('',(88.1168491448819,92.,154.));
#9960=CARTESIAN_POINT('Origin',(80.9912137276222,91.7375340094222,134.577367352599));
#9961=CARTESIAN_POINT('',(82.4523142338963,92.,138.618490416118));
#9962=CARTESIAN_POINT('',(82.4523142338963,92.,138.618490416118));
#9963=CARTESIAN_POINT('',(79.6834283664411,92.,137.277311324069));
#9964=CARTESIAN_POINT('Origin',(61.762058362486,91.7375340094222,137.796153727422));
#9965=CARTESIAN_POINT('',(-9.20208070422821,92.,148.33971846499));
#9966=CARTESIAN_POINT('',(62.0784754419648,92.,140.779420432197));
#9967=CARTESIAN_POINT('',(-9.2020807042282,92.,148.33971846499));
#9968=CARTESIAN_POINT('Origin',(2.86502212762351,91.7375340094222,132.586798182342));
#9969=CARTESIAN_POINT('',(-15.0939344279859,92.,154.));
#9970=CARTESIAN_POINT('',(4.94340129386923,92.,134.75020753827));
#9971=CARTESIAN_POINT('',(-15.0939344279859,92.,154.));
#9972=CARTESIAN_POINT('Origin',(5.16489147966356,91.7375340094222,157.));
#9973=CARTESIAN_POINT('',(5.16489147966356,92.,154.));
#9974=CARTESIAN_POINT('Origin',(40.3297829593271,87.,146.235549796338));
#9975=CARTESIAN_POINT('',(88.1168491448819,87.,154.));
#9976=CARTESIAN_POINT('',(-15.0939344279859,87.,154.));
#9977=CARTESIAN_POINT('',(5.16489147966356,87.,154.));
#9978=CARTESIAN_POINT('',(98.8206090530375,87.,146.546883219139));
#9979=CARTESIAN_POINT('',(73.0730880547537,87.,164.475095591659));
#9980=CARTESIAN_POINT('',(82.4523142338963,87.,138.618490416118));
#9981=CARTESIAN_POINT('',(79.6834283664411,87.,137.277311324069));
#9982=CARTESIAN_POINT('',(-9.2020807042282,87.,148.33971846499));
#9983=CARTESIAN_POINT('',(62.0784754419648,87.,140.779420432197));
#9984=CARTESIAN_POINT('',(4.94340129386923,87.,134.75020753827));
#9985=CARTESIAN_POINT('Origin',(88.1168491448819,92.,154.));
#9986=CARTESIAN_POINT('',(88.1168491448819,92.,154.));
#9987=CARTESIAN_POINT('',(-15.0939344279859,92.,154.));
#9988=CARTESIAN_POINT('Origin',(-15.0939344279859,92.,154.));
#9989=CARTESIAN_POINT('',(-9.20208070422821,92.,148.33971846499));
#9990=CARTESIAN_POINT('Origin',(-9.20208070422822,92.,148.33971846499));
#9991=CARTESIAN_POINT('',(82.4523142338963,92.,138.618490416118));
#9992=CARTESIAN_POINT('Origin',(82.4523142338963,92.,138.618490416118));
#9993=CARTESIAN_POINT('',(98.8206090530375,92.,146.546883219139));
#9994=CARTESIAN_POINT('Origin',(98.8206090530375,92.,146.546883219139));
#9995=CARTESIAN_POINT('Origin',(60.0000008940697,33.0214063143314,177.9474886951));
#9996=CARTESIAN_POINT('',(79.0000011771917,33.0214063143314,177.9474886951));
#9997=CARTESIAN_POINT('',(-31.2853112782098,33.0214063143314,177.9474886951));
#9998=CARTESIAN_POINT('',(79.0000011771917,33.0214063143314,177.9474886951));
#9999=CARTESIAN_POINT('Origin',(171.856402181823,90.,15.9649537121062));
#10000=CARTESIAN_POINT('',(102.567043176341,26.9999990612268,106.64063303226));
#10001=CARTESIAN_POINT('',(100.,26.9999990612268,110.));
#10002=CARTESIAN_POINT('',(127.793261065397,26.9999990612268,73.6282848650994));
#10003=CARTESIAN_POINT('',(100.,27.9999990761281,110.));
#10004=CARTESIAN_POINT('',(100.,90.,110.));
#10005=CARTESIAN_POINT('',(102.533074866641,27.9999990761281,106.685085739019));
#10006=CARTESIAN_POINT('',(140.798923901622,27.9999990761281,56.6083942266209));
#10007=CARTESIAN_POINT('',(101.812420783549,49.2154819835906,107.628171365401));
#10008=CARTESIAN_POINT('Origin',(103.012904827365,14.9938864487162,106.094173036703));
#10009=CARTESIAN_POINT('',(102.696518118541,26.9999990612268,106.597210220353));
#10010=CARTESIAN_POINT('',(78.1893471118228,26.9999990612268,114.816331688343));
#10011=CARTESIAN_POINT('',(102.670165982446,27.9999990761281,106.639108643879));
#10012=CARTESIAN_POINT('',(109.979204180863,27.9999990761281,104.187831311604));
#10013=CARTESIAN_POINT('',(103.012904827365,14.9938864487161,106.094173036703));
#10014=CARTESIAN_POINT('Origin',(100.421889439305,8.88178419700125E-15,
113.977688939699));
#10015=CARTESIAN_POINT('',(49.23934030482,26.9999990612268,119.406312767229));
#10016=CARTESIAN_POINT('',(74.2988943900928,26.9999990612268,116.748397233223));
#10017=CARTESIAN_POINT('',(49.1114768328566,27.999999076128,119.419874473363));
#10018=CARTESIAN_POINT('Origin',(53.1381446523075,27.999999076128,118.992790140131));
#10019=CARTESIAN_POINT('',(49.1114768328566,35.,119.419874473363));
#10020=CARTESIAN_POINT('',(49.1114768328566,31.000000461936,119.419874473363));
#10021=CARTESIAN_POINT('',(45.3710686323308,35.,119.816596977917));
#10022=CARTESIAN_POINT('',(72.8964790358179,35.,116.897142958808));
#10023=CARTESIAN_POINT('',(45.3710686323308,57.638888939869,119.816596977917));
#10024=CARTESIAN_POINT('',(45.3710686323308,28.8194444699345,119.816596977917));
#10025=CARTESIAN_POINT('',(49.1114768328566,57.638888939869,119.419874473363));
#10026=CARTESIAN_POINT('',(85.7828885960364,57.638888939869,115.530359334841));
#10027=CARTESIAN_POINT('',(49.1114768328566,62.000000923872,119.419874473363));
#10028=CARTESIAN_POINT('',(49.1114768328566,31.000000461936,119.419874473363));
#10029=CARTESIAN_POINT('',(53.1381446523075,66.000000923872,118.992790140131));
#10030=CARTESIAN_POINT('Origin',(53.1381446523075,62.000000923872,118.992790140131));
#10031=CARTESIAN_POINT('',(100.421889439305,66.0000009238719,113.977688939699));
#10032=CARTESIAN_POINT('',(109.277618924277,66.0000009238719,113.038415204701));
#10033=CARTESIAN_POINT('',(100.421889439305,74.2676571880968,113.977688939699));
#10034=CARTESIAN_POINT('',(100.421889439305,8.88178419700125E-15,113.977688939699));
#10035=CARTESIAN_POINT('',(84.3966282052345,80.,115.677391601031));
#10036=CARTESIAN_POINT('Ctrl Pts',(100.421889439305,74.2676571880968,113.977688939699));
#10037=CARTESIAN_POINT('Ctrl Pts',(99.6081293847662,75.2408223293597,114.06399955331));
#10038=CARTESIAN_POINT('Ctrl Pts',(97.4185937356616,77.036137847585,114.296230374106));
#10039=CARTESIAN_POINT('Ctrl Pts',(92.0190608322841,79.3342043642828,114.868926214241));
#10040=CARTESIAN_POINT('Ctrl Pts',(87.2568393890496,80.,115.374026277366));
#10041=CARTESIAN_POINT('Ctrl Pts',(84.3966282052345,80.,115.677391601031));
#10042=CARTESIAN_POINT('',(-16.9051386997311,80.,126.421858121177));
#10043=CARTESIAN_POINT('',(76.1943103061082,80.,116.547361915937));
#10044=CARTESIAN_POINT('',(-16.9051386997311,70.,126.421858121177));
#10045=CARTESIAN_POINT('',(-16.9051386997311,45.,126.421858121177));
#10046=CARTESIAN_POINT('',(6.43521523627987,70.,123.946287762478));
#10047=CARTESIAN_POINT('Origin',(40.3297829593271,83.,146.235549796338));
#10048=CARTESIAN_POINT('',(88.1168491448819,83.,154.));
#10049=CARTESIAN_POINT('',(-15.0939344279859,83.,154.));
#10050=CARTESIAN_POINT('',(5.16489147966356,83.,154.));
#10051=CARTESIAN_POINT('',(-9.2020807042282,83.,148.33971846499));
#10052=CARTESIAN_POINT('',(4.94340129386923,83.,134.75020753827));
#10053=CARTESIAN_POINT('',(82.4523142338963,83.,138.618490416118));
#10054=CARTESIAN_POINT('',(62.0784754419648,83.,140.779420432197));
#10055=CARTESIAN_POINT('',(98.8206090530375,83.,146.546883219139));
#10056=CARTESIAN_POINT('',(79.6834283664411,83.,137.277311324069));
#10057=CARTESIAN_POINT('',(73.0730880547537,83.,164.475095591659));
#10058=CARTESIAN_POINT('Origin',(5.16489147966356,87.7527552170552,156.651377029009));
#10059=CARTESIAN_POINT('',(-18.8046070915077,87.8540456072896,155.493622570863));
#10060=CARTESIAN_POINT('',(-18.0511932286637,87.749075161978,156.69344025102));
#10061=CARTESIAN_POINT('Origin',(-15.0939344279859,87.9847206498266,154.));
#10062=CARTESIAN_POINT('',(-21.7853672606534,87.749075161978,156.69344025102));
#10063=CARTESIAN_POINT('',(9.80813376172646,87.749075161978,156.69344025102));
#10064=CARTESIAN_POINT('',(4.63238381023493,88.679402641105,146.059748505901));
#10065=CARTESIAN_POINT('Origin',(3.10654570088404,87.7527552170552,132.83820291472));
#10066=CARTESIAN_POINT('',(-19.0925182481637,87.7490751619779,154.106430413946));
#10067=CARTESIAN_POINT('Origin',(-15.0939344279859,87.9847206498266,154.));
#10068=CARTESIAN_POINT('',(17.802001046233,87.749075161978,118.662005603625));
#10069=CARTESIAN_POINT('Origin',(80.8392390549445,87.7527552170552,134.891121515546));
#10070=CARTESIAN_POINT('',(102.808263520221,87.8079105318928,146.232857980746));
#10071=CARTESIAN_POINT('',(102.656233987193,87.749075161978,145.411990552637));
#10072=CARTESIAN_POINT('Origin',(98.8206090530375,87.9847206498266,146.546883219139));
#10073=CARTESIAN_POINT('',(104.135196211694,87.749075161978,146.128362880129));
#10074=CARTESIAN_POINT('',(74.9516286898346,87.749075161978,131.992572361729));
#10075=CARTESIAN_POINT('',(77.5649382855002,88.9271838662606,148.220753694858));
#10076=CARTESIAN_POINT('Origin',(74.5881572259317,87.7527552170552,166.65095531979));
#10077=CARTESIAN_POINT('',(102.786596728022,87.749075161978,147.067403883353));
#10078=CARTESIAN_POINT('Origin',(98.8206090530375,87.9847206498266,146.546883219139));
#10079=CARTESIAN_POINT('',(89.2938882614861,87.749075161978,156.462488671697));
#10080=CARTESIAN_POINT('Origin',(-36.4771779635182,80.,167.9474886951));
#10081=CARTESIAN_POINT('',(96.4148742882241,86.,167.9474886951));
#10082=CARTESIAN_POINT('',(-48.4541588506417,86.,167.9474886951));
#10083=CARTESIAN_POINT('',(-36.4771779635182,86.,167.9474886951));
#10084=CARTESIAN_POINT('',(96.4148742882241,80.,173.9474886951));
#10085=CARTESIAN_POINT('Ctrl Pts',(96.4148742882241,80.,173.9474886951));
#10086=CARTESIAN_POINT('Ctrl Pts',(96.4148742882241,80.8975979010256,173.9474886951));
#10087=CARTESIAN_POINT('Ctrl Pts',(96.4148742882241,82.6887282434957,173.536561390066));
#10088=CARTESIAN_POINT('Ctrl Pts',(96.4148742882241,85.2132587430127,171.529659644885));
#10089=CARTESIAN_POINT('Ctrl Pts',(96.4148742882241,86.,169.293885546639));
#10090=CARTESIAN_POINT('Ctrl Pts',(96.4148742882241,86.,167.9474886951));
#10091=CARTESIAN_POINT('',(-61.9766786333882,80.,173.9474886951));
#10092=CARTESIAN_POINT('',(-36.4771779635182,80.,173.9474886951));
#10093=CARTESIAN_POINT('Origin',(-48.4541588506417,80.,167.9474886951));
#10094=CARTESIAN_POINT('Origin',(-16.2723045407735,80.,132.388391530725));
#10095=CARTESIAN_POINT('',(-16.2723045407735,86.,132.388391530725));
#10096=CARTESIAN_POINT('Origin',(-16.2723045407735,80.,132.388391530725));
#10097=CARTESIAN_POINT('',(-20.7209379762646,80.,128.36226925779));
#10098=CARTESIAN_POINT('Origin',(-16.2723045407735,80.,132.388391530725));
#10099=CARTESIAN_POINT('Origin',(-16.2723045407735,80.,132.388391530725));
#10100=CARTESIAN_POINT('Origin',(12.6359841616711,80.,100.446395990996));
#10101=CARTESIAN_POINT('',(-28.2259581286413,80.,136.654884663022));
#10102=CARTESIAN_POINT('',(8.18735072617997,80.,96.4202737180604));
#10103=CARTESIAN_POINT('',(12.6359841616711,86.,100.446395990996));
#10104=CARTESIAN_POINT('',(-58.9756911481033,80.,170.631570210391));
#10105=CARTESIAN_POINT('',(8.18735072617997,80.,96.4202737180604));
#10106=CARTESIAN_POINT('',(-97.0342443763393,80.,212.684081515291));
#10107=CARTESIAN_POINT('Ctrl Pts',(100.421889439305,74.2676571880968,113.977688939699));
#10108=CARTESIAN_POINT('Ctrl Pts',(99.6081293847662,75.2408223293597,114.06399955331));
#10109=CARTESIAN_POINT('Ctrl Pts',(97.4185937356616,77.036137847585,114.296230374106));
#10110=CARTESIAN_POINT('Ctrl Pts',(92.0190608322841,79.3342043642828,114.868926214241));
#10111=CARTESIAN_POINT('Ctrl Pts',(87.2568393890496,80.,115.374026277366));
#10112=CARTESIAN_POINT('Ctrl Pts',(84.3966282052345,80.,115.677391601031));
#10113=CARTESIAN_POINT('Ctrl Pts',(100.737182206124,74.5342707139549,113.944247740393));
#10114=CARTESIAN_POINT('Ctrl Pts',(99.9119425491337,75.5720699037424,114.031753876204));
#10115=CARTESIAN_POINT('Ctrl Pts',(97.6908627245331,77.4955297544008,114.267603546811));
#10116=CARTESIAN_POINT('Ctrl Pts',(92.2012609823807,80.0110330915077,114.849615754735));
#10117=CARTESIAN_POINT('Ctrl Pts',(87.3377934312744,80.8209656519608,115.365701561968));
#10118=CARTESIAN_POINT('Ctrl Pts',(84.3966282052345,80.8975979010256,115.677391601031));
#10119=CARTESIAN_POINT('Ctrl Pts',(101.376786746378,75.0674309722369,113.96315210714));
#10120=CARTESIAN_POINT('Ctrl Pts',(100.530013298573,76.2344560413841,114.066722481684));
#10121=CARTESIAN_POINT('Ctrl Pts',(98.2496549720307,78.4141874887638,114.346499002978));
#10122=CARTESIAN_POINT('Ctrl Pts',(92.59035906298,81.3637463283589,115.047424392887));
#10123=CARTESIAN_POINT('Ctrl Pts',(87.5350945938751,82.4604799978455,115.686553351171));
#10124=CARTESIAN_POINT('Ctrl Pts',(84.439968314838,82.6887503918797,116.086013999589));
#10125=CARTESIAN_POINT('Ctrl Pts',(102.480221304134,75.9607760524188,114.294034643519));
#10126=CARTESIAN_POINT('Ctrl Pts',(101.594912561187,77.3380703304646,114.471746833386));
#10127=CARTESIAN_POINT('Ctrl Pts',(99.2096066026014,79.9219257798051,114.953065629047));
#10128=CARTESIAN_POINT('Ctrl Pts',(93.2727949227107,83.4748176185452,116.181161310529));
#10129=CARTESIAN_POINT('Ctrl Pts',(87.9398809192525,84.8735302027029,117.336269298322));
#10130=CARTESIAN_POINT('Ctrl Pts',(84.6516405657265,85.2133026860716,118.081717832772));
#10131=CARTESIAN_POINT('Ctrl Pts',(103.21167629813,76.52889905174,114.784720031395));
#10132=CARTESIAN_POINT('Ctrl Pts',(102.292849243057,78.0286592080491,115.051874814664));
#10133=CARTESIAN_POINT('Ctrl Pts',(99.8184659565745,80.8195357529342,115.774154051817));
#10134=CARTESIAN_POINT('Ctrl Pts',(93.6835288505664,84.537669507345,117.592380183302));
#10135=CARTESIAN_POINT('Ctrl Pts',(88.2161925582697,85.8178735784686,119.260924472045));
#10136=CARTESIAN_POINT('Ctrl Pts',(84.8874547109977,86.,120.305038044377));
#10137=CARTESIAN_POINT('Ctrl Pts',(103.609144745712,76.8282515009548,115.156917328004));
#10138=CARTESIAN_POINT('Ctrl Pts',(102.665671617427,78.3853157269754,115.486326480745));
#10139=CARTESIAN_POINT('Ctrl Pts',(100.127124736401,81.257820556136,116.37264804328));
#10140=CARTESIAN_POINT('Ctrl Pts',(93.8669081391178,84.9347269828525,118.558372875775));
#10141=CARTESIAN_POINT('Ctrl Pts',(88.3455902302624,86.,120.486114747634));
#10142=CARTESIAN_POINT('Ctrl Pts',(85.0294623641921,86.,121.64392501058));
#10143=CARTESIAN_POINT('',(98.8879979886093,78.669271902509,114.624692194548));
#10144=CARTESIAN_POINT('Ctrl Pts',(100.421889439305,74.2676571880968,113.977688939699));
#10145=CARTESIAN_POINT('Ctrl Pts',(100.132934621439,75.4980635151989,114.008336631849));
#10146=CARTESIAN_POINT('Ctrl Pts',(99.7850432873807,76.5907887635638,114.130936913028));
#10147=CARTESIAN_POINT('Ctrl Pts',(99.3553824617919,77.6300951165989,114.357572261631));
#10148=CARTESIAN_POINT('Ctrl Pts',(99.2086175338031,77.9851047264523,114.434987093601));
#10149=CARTESIAN_POINT('Ctrl Pts',(99.0524217781434,78.3323869841295,114.52437348633));
#10150=CARTESIAN_POINT('Ctrl Pts',(98.8879979886092,78.669271902509,114.624692194548));
#10151=CARTESIAN_POINT('',(102.821533524773,78.,115.431908037543));
#10152=CARTESIAN_POINT('Ctrl Pts',(98.8876969145078,78.6684753526519,114.625016972207));
#10153=CARTESIAN_POINT('Ctrl Pts',(99.0671167377354,78.6377871523943,114.635205936343));
#10154=CARTESIAN_POINT('Ctrl Pts',(99.2445738098311,78.6072888330963,114.647673166504));
#10155=CARTESIAN_POINT('Ctrl Pts',(99.4199396570068,78.5770128111845,114.662599173119));
#10156=CARTESIAN_POINT('Ctrl Pts',(99.5927822456384,78.5471724170314,114.677310416288));
#10157=CARTESIAN_POINT('Ctrl Pts',(99.7635935463781,78.5175480414644,114.694409854196));
#10158=CARTESIAN_POINT('Ctrl Pts',(99.9322456957806,78.4882182375046,114.71408748642));
#10159=CARTESIAN_POINT('Ctrl Pts',(99.9779010702731,78.4802784443367,114.719414365866));
#10160=CARTESIAN_POINT('Ctrl Pts',(100.023398179401,78.4723605064061,114.724930296081));
#10161=CARTESIAN_POINT('Ctrl Pts',(100.068734392347,78.4644665786876,114.730639317167));
#10162=CARTESIAN_POINT('Ctrl Pts',(100.237747082558,78.4350381400656,114.751922458161));
#10163=CARTESIAN_POINT('Ctrl Pts',(100.404524470092,78.4059400551341,114.775887234996));
#10164=CARTESIAN_POINT('Ctrl Pts',(100.568933051468,78.3773376415741,114.802718143633));
#10165=CARTESIAN_POINT('Ctrl Pts',(100.692788622155,78.3557902976042,114.822930941977));
#10166=CARTESIAN_POINT('Ctrl Pts',(100.815299726781,78.3345251945847,114.844770749693));
#10167=CARTESIAN_POINT('Ctrl Pts',(100.936404221035,78.3136287534969,114.868326937664));
#10168=CARTESIAN_POINT('Ctrl Pts',(101.105451570803,78.2844598278743,114.901208550949));
#10169=CARTESIAN_POINT('Ctrl Pts',(101.271567274476,78.2560078139599,114.937380071471));
#10170=CARTESIAN_POINT('Ctrl Pts',(101.434729961961,78.2282878211617,114.977006300434));
#10171=CARTESIAN_POINT('Ctrl Pts',(101.595119705336,78.2010389286619,115.015959083036));
#10172=CARTESIAN_POINT('Ctrl Pts',(101.752656031052,78.1744976941474,115.05825012543));
#10173=CARTESIAN_POINT('Ctrl Pts',(101.907274589259,78.1486982188297,115.104053252643));
#10174=CARTESIAN_POINT('Ctrl Pts',(102.065902898446,78.1222296810617,115.151044200622));
#10175=CARTESIAN_POINT('Ctrl Pts',(102.221460614226,78.0965420967726,115.201731664693));
#10176=CARTESIAN_POINT('Ctrl Pts',(102.373826880808,78.0716894691553,115.256322716329));
#10177=CARTESIAN_POINT('Ctrl Pts',(102.52619314739,78.046836841538,115.310913767965));
#10178=CARTESIAN_POINT('Ctrl Pts',(102.675368261761,78.0228195440391,115.369408454865));
#10179=CARTESIAN_POINT('Ctrl Pts',(102.821175164356,77.9997039517424,115.432033157378));
#10180=CARTESIAN_POINT('',(85.0294623641921,86.,121.64392501058));
#10181=CARTESIAN_POINT('Origin',(85.0294623641921,70.,121.64392501058));
#10182=CARTESIAN_POINT('Origin',(85.0294623641921,80.,121.64392501058));
#10183=CARTESIAN_POINT('Origin',(76.8271444650658,80.,122.513895325485));
#10184=CARTESIAN_POINT('',(76.8271444650658,86.,122.513895325485));
#10185=CARTESIAN_POINT('Origin',(-16.2723045407735,45.,132.388391530725));
#10186=CARTESIAN_POINT('',(-20.7209379762646,76.6652923103437,128.36226925779));
#10187=CARTESIAN_POINT('',(-20.7209379762646,45.,128.36226925779));
#10188=CARTESIAN_POINT('Origin',(-16.2723045407735,70.,132.388391530725));
#10189=CARTESIAN_POINT('Origin',(-10.2001343096118,90.,116.737386607224));
#10190=CARTESIAN_POINT('Origin',(-28.2259581286413,70.,136.654884663022));
#10191=CARTESIAN_POINT('Origin',(-10.2001343096118,90.,116.737386607224));
#10192=CARTESIAN_POINT('',(-61.9766786333882,79.4342294122394,173.9474886951));
#10193=CARTESIAN_POINT('Origin',(-58.9756911481034,70.,170.631570210391));
#10194=CARTESIAN_POINT('',(-61.9766786333882,45.,173.9474886951));
#10195=CARTESIAN_POINT('Origin',(7.06804939523747,70.,129.912821172026));
#10196=CARTESIAN_POINT('',(-23.372183926536,73.9991753862062,128.643470901351));
#10197=CARTESIAN_POINT('Origin',(-16.2723045407735,70.,132.388391530725));
#10198=CARTESIAN_POINT('Origin',(-31.191713752302,70.,133.970803147731));
#10199=CARTESIAN_POINT('Origin',(175.034693635183,8.88178419700125E-15,
18.3936289554238));
#10200=CARTESIAN_POINT('',(103.178291453359,66.0000009238719,112.428675243318));
#10201=CARTESIAN_POINT('',(103.178291453359,74.2676571880968,112.428675243318));
#10202=CARTESIAN_POINT('',(103.178291453359,8.88178419700125E-15,112.428675243318));
#10203=CARTESIAN_POINT('',(105.473232595779,66.0000009238719,109.42539522925));
#10204=CARTESIAN_POINT('',(143.977215354981,66.0000009238719,59.0370694699385));
#10205=CARTESIAN_POINT('',(105.661927578845,70.0594118307563,109.178459104867));
#10206=CARTESIAN_POINT('Ctrl Pts',(105.473232595778,66.0000009238446,109.425395229252));
#10207=CARTESIAN_POINT('Ctrl Pts',(105.572651202293,68.2017512740855,109.295290840754));
#10208=CARTESIAN_POINT('Ctrl Pts',(105.661927578845,70.0594118307564,109.178459104867));
#10209=CARTESIAN_POINT('',(103.951355845874,74.9819388216454,111.417002744746));
#10210=CARTESIAN_POINT('Ctrl Pts',(105.661927578845,70.0594118307563,109.178459104867));
#10211=CARTESIAN_POINT('Ctrl Pts',(105.662502088657,70.071366216203,109.177707271278));
#10212=CARTESIAN_POINT('Ctrl Pts',(105.662235521654,70.0832425713229,109.178056114801));
#10213=CARTESIAN_POINT('Ctrl Pts',(105.66009611753,70.107375786775,109.180855850937));
#10214=CARTESIAN_POINT('Ctrl Pts',(105.658193535635,70.1193491567243,109.183345669118));
#10215=CARTESIAN_POINT('Ctrl Pts',(105.650065162703,70.1568669805375,109.193982883086));
#10216=CARTESIAN_POINT('Ctrl Pts',(105.641326940596,70.1814501425064,109.20541817758));
#10217=CARTESIAN_POINT('Ctrl Pts',(105.605233311989,70.2653277089753,109.252652187824));
#10218=CARTESIAN_POINT('Ctrl Pts',(105.562149869219,70.3328339476144,109.309033434479));
#10219=CARTESIAN_POINT('Ctrl Pts',(105.363578628977,70.6090752189388,109.568894145573));
#10220=CARTESIAN_POINT('Ctrl Pts',(105.137961383223,70.8759481808721,109.864148674099));
#10221=CARTESIAN_POINT('Ctrl Pts',(104.699024064966,71.5859759577162,110.438565007042));
#10222=CARTESIAN_POINT('Ctrl Pts',(104.456928155871,72.0448198913315,110.755384376321));
#10223=CARTESIAN_POINT('Ctrl Pts',(104.106903866392,73.1616761077817,111.213444469279));
#10224=CARTESIAN_POINT('Ctrl Pts',(104.003714390467,73.7056304528079,111.348483614782));
#10225=CARTESIAN_POINT('Ctrl Pts',(103.948864202886,74.5060740415229,111.420263439146));
#10226=CARTESIAN_POINT('Ctrl Pts',(103.944183015856,74.7442532226914,111.426389485277));
#10227=CARTESIAN_POINT('Ctrl Pts',(103.951355845874,74.9819388216454,111.417002744746));
#10228=CARTESIAN_POINT('',(103.982078699144,76.,111.376797212023));
#10229=CARTESIAN_POINT('',(102.993665870736,43.2470287846189,112.670285937435));
#10230=CARTESIAN_POINT('',(103.548842827583,76.0000000000008,111.943751915513));
#10231=CARTESIAN_POINT('',(157.562482693094,76.,41.2586780645312));
#10232=CARTESIAN_POINT('',(103.118653397437,76.0591331965628,112.506720722619));
#10233=CARTESIAN_POINT('Ctrl Pts',(103.548826939155,76.,111.943917994004));
#10234=CARTESIAN_POINT('Ctrl Pts',(103.472474583032,76.,112.043799343421));
#10235=CARTESIAN_POINT('Ctrl Pts',(103.396184003262,76.0056770029729,112.143589796107));
#10236=CARTESIAN_POINT('Ctrl Pts',(103.320203365554,76.0168588845316,112.242990956601));
#10237=CARTESIAN_POINT('Ctrl Pts',(103.252609429236,76.0268065160963,112.33142027116));
#10238=CARTESIAN_POINT('Ctrl Pts',(103.185260365231,76.0411116133978,112.419541788129));
#10239=CARTESIAN_POINT('Ctrl Pts',(103.118316962499,76.0596840973861,112.50713925386));
#10240=CARTESIAN_POINT('Ctrl Pts',(103.178291453359,74.2676571880968,112.428675243318));
#10241=CARTESIAN_POINT('Ctrl Pts',(103.178291453359,74.8724632182687,112.428675243318));
#10242=CARTESIAN_POINT('Ctrl Pts',(103.159226673159,75.4659678758596,112.453624411856));
#10243=CARTESIAN_POINT('Ctrl Pts',(103.118653397437,76.0591331965628,112.506720722619));
#10244=CARTESIAN_POINT('Origin',(106.73775017134,26.9125833904467,177.9474886951));
#10245=CARTESIAN_POINT('',(106.73775017134,26.9999990612268,173.9474886951));
#10246=CARTESIAN_POINT('',(106.73775017134,26.9999990612268,167.9474886951));
#10247=CARTESIAN_POINT('',(106.73775017134,26.9999990612268,176.246553405576));
#10248=CARTESIAN_POINT('',(106.73775017134,63.0000009387732,173.9474886951));
#10249=CARTESIAN_POINT('',(106.73775017134,13.4562916952234,173.9474886951));
#10250=CARTESIAN_POINT('',(106.73775017134,63.0000009387732,167.9474886951));
#10251=CARTESIAN_POINT('',(106.73775017134,63.0000009387732,176.246553405576));
#10252=CARTESIAN_POINT('',(106.73775017134,35.9344377775283,167.9474886951));
#10253=CARTESIAN_POINT('Origin',(100.,8.88178419700125E-15,110.));
#10254=CARTESIAN_POINT('Origin',(100.,66.0000009238719,110.));
#10255=CARTESIAN_POINT('Origin',(100.,74.2676571880968,110.));
#10256=CARTESIAN_POINT('Origin',(60.0000008940697,33.0214063143314,174.9474886951));
#10257=CARTESIAN_POINT('',(60.0000008940697,29.148422968124,173.9474886951));
#10258=CARTESIAN_POINT('',(79.0000011771917,29.148422968124,173.9474886951));
#10259=CARTESIAN_POINT('',(60.0000008940697,29.148422968124,173.9474886951));
#10260=CARTESIAN_POINT('',(60.0000008940697,33.0214063143314,170.9474886951));
#10261=CARTESIAN_POINT('Origin',(60.0000008940697,33.0214063143314,174.9474886951));
#10262=CARTESIAN_POINT('',(79.0000011771917,33.0214063143314,170.9474886951));
#10263=CARTESIAN_POINT('',(60.0000008940697,33.0214063143314,170.9474886951));
#10264=CARTESIAN_POINT('Origin',(79.0000011771917,33.0214063143314,174.9474886951));
#10265=CARTESIAN_POINT('Origin',(98.8206090530375,92.,146.546883219139));
#10266=CARTESIAN_POINT('',(102.525704050932,87.000000000001,148.054288624655));
#10267=CARTESIAN_POINT('Ctrl Pts',(102.525704050932,87.000000000001,148.054288624655));
#10268=CARTESIAN_POINT('Ctrl Pts',(102.637053110712,87.1419665588081,147.780600575706));
#10269=CARTESIAN_POINT('Ctrl Pts',(102.714460505397,87.3415637724802,147.490653184689));
#10270=CARTESIAN_POINT('Ctrl Pts',(102.768016520753,87.6131503353006,147.197034727576));
#10271=CARTESIAN_POINT('Ctrl Pts',(102.778244531838,87.6793696011506,147.131041524275));
#10272=CARTESIAN_POINT('Ctrl Pts',(102.786596728022,87.7490751619779,147.067403883353));
#10273=CARTESIAN_POINT('',(102.244082086172,87.000000000001,144.478107641315));
#10274=CARTESIAN_POINT('Origin',(98.8206090530375,87.,146.546883219139));
#10275=CARTESIAN_POINT('Ctrl Pts',(102.656233987192,87.7490751619714,145.411990552631));
#10276=CARTESIAN_POINT('Ctrl Pts',(102.63802367039,87.6793696011464,145.350444692617));
#10277=CARTESIAN_POINT('Ctrl Pts',(102.617591949373,87.6131503352987,145.286865923608));
#10278=CARTESIAN_POINT('Ctrl Pts',(102.518736576073,87.3415637724802,145.005249765856));
#10279=CARTESIAN_POINT('Ctrl Pts',(102.396898451726,87.1419665588081,144.730992832006));
#10280=CARTESIAN_POINT('Ctrl Pts',(102.244082086172,87.000000000001,144.478107641315));
#10281=CARTESIAN_POINT('Origin',(73.0730880547537,87.,164.475095591659));
#10282=CARTESIAN_POINT('',(101.091849322003,86.5506411310382,149.808714644507));
#10283=CARTESIAN_POINT('Origin',(98.8206090530375,87.,146.546883219139));
#10284=CARTESIAN_POINT('',(90.3880894138476,86.5506411310382,157.261831425367));
#10285=CARTESIAN_POINT('',(75.3443283237195,86.5506411310382,167.736927017026));
#10286=CARTESIAN_POINT('Origin',(88.1168491448819,87.,154.));
#10287=CARTESIAN_POINT('Origin',(79.6834283664411,87.,137.277311324069));
#10288=CARTESIAN_POINT('',(84.1849900938302,86.5506411310382,135.041353156899));
#10289=CARTESIAN_POINT('Origin',(82.4523142338963,87.,138.618490416118));
#10290=CARTESIAN_POINT('',(100.553284912971,86.5506411310382,142.969745959921));
#10291=CARTESIAN_POINT('',(81.416104226375,86.5506411310382,133.700174064851));
#10292=CARTESIAN_POINT('Origin',(98.8206090530375,87.,146.546883219139));
#10293=CARTESIAN_POINT('Origin',(62.0784754419648,87.,140.779420432197));
#10294=CARTESIAN_POINT('',(-9.62129952373584,86.5506411310382,144.387208858644));
#10295=CARTESIAN_POINT('Origin',(-9.20208070422822,87.,148.33971846499));
#10296=CARTESIAN_POINT('',(82.0330954143887,86.5506411310382,134.665980809772));
#10297=CARTESIAN_POINT('',(61.6592566224572,86.5506411310382,136.826910825851));
#10298=CARTESIAN_POINT('Origin',(82.4523142338963,87.,138.618490416118));
#10299=CARTESIAN_POINT('Origin',(-15.0939344279859,92.,154.));
#10300=CARTESIAN_POINT('',(-18.9892522394961,87.000000000001,153.090880014887));
#10301=CARTESIAN_POINT('Ctrl Pts',(-18.9892522394961,87.000000000001,153.090880014887));
#10302=CARTESIAN_POINT('Ctrl Pts',(-19.0564071370434,87.1419665588081,153.378619447338));
#10303=CARTESIAN_POINT('Ctrl Pts',(-19.0874943890185,87.3415637724802,153.677107264634));
#10304=CARTESIAN_POINT('Ctrl Pts',(-19.0944496337785,87.6131503353006,153.975489016269));
#10305=CARTESIAN_POINT('Ctrl Pts',(-19.0942260145566,87.6793696011506,154.042269740187));
#10306=CARTESIAN_POINT('Ctrl Pts',(-19.0925182481637,87.7490751619779,154.106430413946));
#10307=CARTESIAN_POINT('',(-17.2731580816698,87.,157.354248688935));
#10308=CARTESIAN_POINT('Origin',(-15.0939344279859,87.,154.));
#10309=CARTESIAN_POINT('Ctrl Pts',(-18.0511932286596,87.7490751619714,156.693440251024));
#10310=CARTESIAN_POINT('Ctrl Pts',(-18.0079746920476,87.6793696011464,156.740891980351));
#10311=CARTESIAN_POINT('Ctrl Pts',(-17.9618707302548,87.6131503352987,156.7892049165));
#10312=CARTESIAN_POINT('Ctrl Pts',(-17.7501382443322,87.3415637724802,156.999560328939));
#10313=CARTESIAN_POINT('Ctrl Pts',(-17.5209298067925,87.1419665588081,157.193273742181));
#10314=CARTESIAN_POINT('Ctrl Pts',(-17.2731580816715,87.000000000001,157.354248688934));
#10315=CARTESIAN_POINT('Origin',(4.94340129386923,87.,134.75020753827));
#10316=CARTESIAN_POINT('',(-17.8475647376961,86.5506411310382,151.133713774877));
#10317=CARTESIAN_POINT('Origin',(-15.0939344279859,87.,154.));
#10318=CARTESIAN_POINT('',(-11.9557110139383,86.5506411310382,145.473432239867));
#10319=CARTESIAN_POINT('',(2.1897709841591,86.5506411310382,131.883921313147));
#10320=CARTESIAN_POINT('Origin',(-9.20208070422821,87.,148.33971846499));
#10321=CARTESIAN_POINT('Origin',(5.16489147966356,87.,154.));
#10322=CARTESIAN_POINT('',(88.1168491448819,86.5506411310382,157.974679434481));
#10323=CARTESIAN_POINT('Origin',(88.1168491448819,87.,154.));
#10324=CARTESIAN_POINT('',(-15.0939344279859,86.5506411310382,157.974679434481));
#10325=CARTESIAN_POINT('',(5.16489147966356,86.5506411310382,157.974679434481));
#10326=CARTESIAN_POINT('Origin',(-15.0939344279859,87.,154.));
#10327=CARTESIAN_POINT('Origin',(76.3930521683635,90.,129.01673034154));
#10328=CARTESIAN_POINT('Ctrl Pts',(100.553284912971,86.5506411310382,142.969745959921));
#10329=CARTESIAN_POINT('Ctrl Pts',(100.99183442803,86.5506411310382,143.182168381277));
#10330=CARTESIAN_POINT('Ctrl Pts',(101.417814844387,86.5990406679136,143.489277894663));
#10331=CARTESIAN_POINT('Ctrl Pts',(101.925561829543,86.7791368847677,144.022148203874));
#10332=CARTESIAN_POINT('Ctrl Pts',(102.073846760433,86.8573375512288,144.210848844933));
#10333=CARTESIAN_POINT('Ctrl Pts',(102.212368696571,86.9714235119431,144.42644016807));
#10334=CARTESIAN_POINT('Ctrl Pts',(102.228473848095,86.9854999309732,144.452278652068));
#10335=CARTESIAN_POINT('Ctrl Pts',(102.244082086227,87.000000000052,144.478107641406));
#10336=CARTESIAN_POINT('',(83.1368902479936,86.6395372367407,134.694025831333));
#10337=CARTESIAN_POINT('Ctrl Pts',(83.1368902479936,86.6395372367407,134.694025831333));
#10338=CARTESIAN_POINT('Ctrl Pts',(83.5004997576752,86.577372031543,134.763163056198));
#10339=CARTESIAN_POINT('Ctrl Pts',(83.8607487483233,86.5506411310382,134.88429875517));
#10340=CARTESIAN_POINT('Ctrl Pts',(84.1849900938302,86.5506411310382,135.041353156899));
#10341=CARTESIAN_POINT('',(83.5246532029689,86.,132.471099592677));
#10342=CARTESIAN_POINT('Origin',(83.5246532029689,90.,132.471099592677));
#10343=CARTESIAN_POINT('',(110.659565918654,86.,145.614572939337));
#10344=CARTESIAN_POINT('',(76.3930521683635,86.,129.01673034154));
#10345=CARTESIAN_POINT('Origin',(110.659565918654,90.,145.614572939337));
#10346=CARTESIAN_POINT('Origin',(91.1833467140281,90.,159.176025870575));
#10347=CARTESIAN_POINT('Ctrl Pts',(102.525704050972,87.000000000052,148.054288624557));
#10348=CARTESIAN_POINT('Ctrl Pts',(102.514331168006,86.9854999309732,148.082242359921));
#10349=CARTESIAN_POINT('Ctrl Pts',(102.502468983021,86.9714235119431,148.110283253779));
#10350=CARTESIAN_POINT('Ctrl Pts',(102.399400617465,86.8573375512288,148.344899658629));
#10351=CARTESIAN_POINT('Ctrl Pts',(102.282480455358,86.7791368847678,148.554485031111));
#10352=CARTESIAN_POINT('Ctrl Pts',(101.864401337314,86.5990406679136,149.160263553698));
#10353=CARTESIAN_POINT('Ctrl Pts',(101.491743004056,86.5506411310382,149.530265357729));
#10354=CARTESIAN_POINT('Ctrl Pts',(101.091849322003,86.5506411310382,149.808714644507));
#10355=CARTESIAN_POINT('',(90.,86.,160.));
#10356=CARTESIAN_POINT('',(91.1833467140281,86.,159.176025870575));
#10357=CARTESIAN_POINT('',(89.310278408799,86.6577331906829,157.802443953994));
#10358=CARTESIAN_POINT('Origin',(90.,90.,160.));
#10359=CARTESIAN_POINT('Ctrl Pts',(90.3880894138476,86.5506411310382,157.261831425367));
#10360=CARTESIAN_POINT('Ctrl Pts',(90.0650557602535,86.5506411310382,157.486762436997));
#10361=CARTESIAN_POINT('Ctrl Pts',(89.6926601538771,86.5824786354409,157.675656365037));
#10362=CARTESIAN_POINT('Ctrl Pts',(89.310278408799,86.6577331906829,157.802443953994));
#10363=CARTESIAN_POINT('Origin',(9.80813376172646,90.,160.));
#10364=CARTESIAN_POINT('Ctrl Pts',(-15.0939344279859,86.5506411310382,157.974679434481));
#10365=CARTESIAN_POINT('Ctrl Pts',(-15.5812217787894,86.5506411310382,157.974679434481));
#10366=CARTESIAN_POINT('Ctrl Pts',(-16.0984739731208,86.5990406679136,157.883983592286));
#10367=CARTESIAN_POINT('Ctrl Pts',(-16.7877301069193,86.7791368847677,157.6257516241));
#10368=CARTESIAN_POINT('Ctrl Pts',(-17.0034437539995,86.8573375512288,157.520566191987));
#10369=CARTESIAN_POINT('Ctrl Pts',(-17.2220933015957,86.9714235119431,157.386923681013));
#10370=CARTESIAN_POINT('Ctrl Pts',(-17.2478513675609,86.9854999309732,157.37069022178));
#10371=CARTESIAN_POINT('Ctrl Pts',(-17.2731580817605,87.000000000052,157.354248688876));
#10372=CARTESIAN_POINT('Ctrl Pts',(89.310278408799,86.6577331906829,157.802443953994));
#10373=CARTESIAN_POINT('Ctrl Pts',(88.9240259083056,86.582478635441,157.91689873784));
#10374=CARTESIAN_POINT('Ctrl Pts',(88.5104793029582,86.5506411310382,157.974679434481));
#10375=CARTESIAN_POINT('Ctrl Pts',(88.1168491448819,86.5506411310382,157.974679434481));
#10376=CARTESIAN_POINT('',(-30.,86.,160.));
#10377=CARTESIAN_POINT('',(9.80813376172646,86.,160.));
#10378=CARTESIAN_POINT('Origin',(-30.,90.,160.));
#10379=CARTESIAN_POINT('Origin',(15.511239414824,90.,116.277524837999));
#10380=CARTESIAN_POINT('Ctrl Pts',(-18.9892522395202,87.000000000052,153.09088001499));
#10381=CARTESIAN_POINT('Ctrl Pts',(-18.9823932252469,86.9854999309732,153.061491110435));
#10382=CARTESIAN_POINT('Ctrl Pts',(-18.975064572769,86.9714235119431,153.031939562018));
#10383=CARTESIAN_POINT('Ctrl Pts',(-18.9099750173004,86.8573375512288,152.784086187677));
#10384=CARTESIAN_POINT('Ctrl Pts',(-18.8272877801009,86.7791368847677,152.558788221708));
#10385=CARTESIAN_POINT('Ctrl Pts',(-18.5091413715162,86.5990406679136,151.895055873486));
#10386=CARTESIAN_POINT('Ctrl Pts',(-18.1989654089472,86.5506411310382,151.471303067505));
#10387=CARTESIAN_POINT('Ctrl Pts',(-17.8475647376961,86.5506411310382,151.133713774877));
#10388=CARTESIAN_POINT('',(-11.8775547210397,86.,142.589835526959));
#10389=CARTESIAN_POINT('',(15.511239414824,86.,116.277524837999));
#10390=CARTESIAN_POINT('',(-10.8840990082313,86.6778944244401,144.724879267572));
#10391=CARTESIAN_POINT('Origin',(-11.8775547210397,90.,142.589835526959));
#10392=CARTESIAN_POINT('Ctrl Pts',(-11.9557110139383,86.5506411310382,145.473432239867));
#10393=CARTESIAN_POINT('Ctrl Pts',(-11.6477105685928,86.5506411310382,145.177537379726));
#10394=CARTESIAN_POINT('Ctrl Pts',(-11.275368483385,86.5880274183651,144.914948326028));
#10395=CARTESIAN_POINT('Ctrl Pts',(-10.8840990082313,86.6778944244401,144.724879267572));
#10396=CARTESIAN_POINT('Origin',(68.6215382169072,90.,134.05178297961));
#10397=CARTESIAN_POINT('Ctrl Pts',(82.0330954143887,86.5506411310382,134.665980809772));
#10398=CARTESIAN_POINT('Ctrl Pts',(82.3913615193831,86.5506411310382,134.627981688058));
#10399=CARTESIAN_POINT('Ctrl Pts',(82.7713475208735,86.577372031543,134.635971149848));
#10400=CARTESIAN_POINT('Ctrl Pts',(83.1368902479936,86.6395372367407,134.694025831333));
#10401=CARTESIAN_POINT('Ctrl Pts',(-10.8840990082313,86.6778944244401,144.724879267572));
#10402=CARTESIAN_POINT('Ctrl Pts',(-10.4867037078873,86.5880274183651,144.547975269783));
#10403=CARTESIAN_POINT('Ctrl Pts',(-10.0460214891546,86.5506411310382,144.432256552058));
#10404=CARTESIAN_POINT('Ctrl Pts',(-9.62129952373584,86.5506411310382,144.387208858644));
#10405=CARTESIAN_POINT('',(68.6215382169072,86.,134.05178297961));
#10406=CARTESIAN_POINT('Origin',(-100.,80.,210.));
#10407=CARTESIAN_POINT('Origin',(-31.191713752302,80.,133.970803147731));
#10408=CARTESIAN_POINT('Origin',(-61.9414467717641,80.,167.9474886951));
#10409=CARTESIAN_POINT('Ctrl Pts',(103.178291453359,74.2676571880968,112.428675243318));
#10410=CARTESIAN_POINT('Ctrl Pts',(103.178291453359,75.1155847300682,112.428675243318));
#10411=CARTESIAN_POINT('Ctrl Pts',(103.093363704257,77.0625648153479,112.539821517914));
#10412=CARTESIAN_POINT('Ctrl Pts',(102.775457333598,78.9705505257399,112.955775826175));
#10413=CARTESIAN_POINT('Ctrl Pts',(102.51734957969,80.0069582154419,113.293549133062));
#10414=CARTESIAN_POINT('Ctrl Pts',(102.805846941491,74.2676571880968,112.916075611967));
#10415=CARTESIAN_POINT('Ctrl Pts',(102.805846941491,75.0859296484057,112.916075611967));
#10416=CARTESIAN_POINT('Ctrl Pts',(102.724990671748,76.9534659597097,113.023339302967));
#10417=CARTESIAN_POINT('Ctrl Pts',(102.42237998945,78.7808589984884,113.422462416076));
#10418=CARTESIAN_POINT('Ctrl Pts',(102.175002668827,79.7741796309383,113.74619331672));
#10419=CARTESIAN_POINT('Ctrl Pts',(101.670623276879,74.2676571880968,113.850687875174));
#10420=CARTESIAN_POINT('Ctrl Pts',(101.670623276879,75.0166756998439,113.850687875174));
#10421=CARTESIAN_POINT('Ctrl Pts',(101.598967129255,76.6987568995455,113.949285553092));
#10422=CARTESIAN_POINT('Ctrl Pts',(101.331468645188,78.3376312375335,114.309901469133));
#10423=CARTESIAN_POINT('Ctrl Pts',(101.109177278109,79.2302215557496,114.600803578867));
#10424=CARTESIAN_POINT('Ctrl Pts',(100.189876250463,74.2676571880968,114.078342632139));
#10425=CARTESIAN_POINT('Ctrl Pts',(100.189876250463,74.9643091956252,114.078342632139));
#10426=CARTESIAN_POINT('Ctrl Pts',(100.124431352564,76.5064966763301,114.171354629177));
#10427=CARTESIAN_POINT('Ctrl Pts',(99.8820137720258,78.0024224201992,114.504777017818));
#10428=CARTESIAN_POINT('Ctrl Pts',(99.6787539477415,78.818593347676,114.770773455222));
#10429=CARTESIAN_POINT('Ctrl Pts',(99.3818200935652,74.2676571880968,113.951943016199));
#10430=CARTESIAN_POINT('Ctrl Pts',(99.3818200935652,74.9455404058018,113.951943016199));
#10431=CARTESIAN_POINT('Ctrl Pts',(99.3183453736778,76.4371594649388,114.043295852457));
#10432=CARTESIAN_POINT('Ctrl Pts',(99.0844086272923,77.8806032430494,114.367658959663));
#10433=CARTESIAN_POINT('Ctrl Pts',(98.8879979886092,78.669271902509,114.624692194548));
#10434=CARTESIAN_POINT('Ctrl Pts',(98.8879979886093,78.669271902509,114.624692194548));
#10435=CARTESIAN_POINT('Ctrl Pts',(98.8902763636264,78.6676214906686,114.624374026576));
#10436=CARTESIAN_POINT('Ctrl Pts',(98.8925547141384,78.6659711784742,114.624055105869));
#10437=CARTESIAN_POINT('Ctrl Pts',(99.5908050381605,78.1602221155873,114.526082909057));
#10438=CARTESIAN_POINT('Ctrl Pts',(100.328807488719,77.629621548264,114.351385038413));
#10439=CARTESIAN_POINT('Ctrl Pts',(101.451495736116,76.8855843479354,113.882084616736));
#10440=CARTESIAN_POINT('Ctrl Pts',(101.896204756459,76.6092028392135,113.640751746169));
#10441=CARTESIAN_POINT('Ctrl Pts',(102.600595995409,76.2448322193371,113.092336302533));
#10442=CARTESIAN_POINT('Ctrl Pts',(102.877372769924,76.1258252092446,112.822473171777));
#10443=CARTESIAN_POINT('Ctrl Pts',(103.118653397437,76.0591331965628,112.506720722619));
#10444=CARTESIAN_POINT('Ctrl Pts',(99.3287913024243,76.,110.878378808692));
#10445=CARTESIAN_POINT('Ctrl Pts',(101.11053760138,76.,111.088020067872));
#10446=CARTESIAN_POINT('Ctrl Pts',(102.874377711871,76.,111.533717024585));
#10447=CARTESIAN_POINT('Ctrl Pts',(104.45229132053,76.,112.375663771851));
#10448=CARTESIAN_POINT('Ctrl Pts',(99.2465491172931,76.,111.577357194667));
#10449=CARTESIAN_POINT('Ctrl Pts',(100.967875086664,76.,111.779889364309));
#10450=CARTESIAN_POINT('Ctrl Pts',(102.64376897531,76.,112.208390853156));
#10451=CARTESIAN_POINT('Ctrl Pts',(104.12097093665,76.,112.996599649621));
#10452=CARTESIAN_POINT('Ctrl Pts',(99.0544966412806,76.4426056553863,113.209615986084));
#10453=CARTESIAN_POINT('Ctrl Pts',(100.634598149121,76.4426056553862,113.395531607141));
#10454=CARTESIAN_POINT('Ctrl Pts',(102.105467541353,76.4426056553864,113.784009573366));
#10455=CARTESIAN_POINT('Ctrl Pts',(103.347269460019,76.4426056553863,114.446613077406));
#10456=CARTESIAN_POINT('Ctrl Pts',(98.9244786507936,77.7843239394683,114.314642135296));
#10457=CARTESIAN_POINT('Ctrl Pts',(100.408508313624,77.7843239394681,114.489253889707));
#10458=CARTESIAN_POINT('Ctrl Pts',(101.741815216851,77.7843239394684,114.851103542083));
#10459=CARTESIAN_POINT('Ctrl Pts',(102.823479747348,77.7843239394683,115.428260572789));
#10460=CARTESIAN_POINT('Ctrl Pts',(98.8879979886093,78.669271902509,114.624692194548));
#10461=CARTESIAN_POINT('Ctrl Pts',(100.345562412167,78.6692719025088,114.796190034207));
#10462=CARTESIAN_POINT('Ctrl Pts',(101.638963028742,78.6692719025091,115.150074047025));
#10463=CARTESIAN_POINT('Ctrl Pts',(102.676513965981,78.669271902509,115.703692845885));
#10464=CARTESIAN_POINT('',(104.45229132053,76.,112.375663771851));
#10465=CARTESIAN_POINT('Ctrl Pts',(103.548827195303,76.,111.943918103134));
#10466=CARTESIAN_POINT('Ctrl Pts',(103.855749308577,76.,112.074679447353));
#10467=CARTESIAN_POINT('Ctrl Pts',(104.157270075695,76.,112.218245662203));
#10468=CARTESIAN_POINT('Ctrl Pts',(104.45229132053,76.,112.375663771851));
#10469=CARTESIAN_POINT('Origin',(104.45229132053,80.,112.375663771851));
#10470=CARTESIAN_POINT('Ctrl Pts',(-23.372183926536,73.9991753862062,128.643470901351));
#10471=CARTESIAN_POINT('Ctrl Pts',(-22.8526525978979,73.421995238684,128.06941867872));
#10472=CARTESIAN_POINT('Ctrl Pts',(-21.3630297639015,71.8123857492366,126.853029646739));
#10473=CARTESIAN_POINT('Ctrl Pts',(-19.418662315048,69.8114298506099,126.213680392261));
#10474=CARTESIAN_POINT('Ctrl Pts',(-18.2805576893089,68.6669415379313,126.092968509129));
#10475=CARTESIAN_POINT('Ctrl Pts',(-22.7445323966017,74.3323817287425,128.87648898238));
#10476=CARTESIAN_POINT('Ctrl Pts',(-22.2430686330904,73.7752739798042,128.322400379548));
#10477=CARTESIAN_POINT('Ctrl Pts',(-20.7960093066689,72.2114721546507,127.139020621));
#10478=CARTESIAN_POINT('Ctrl Pts',(-18.8932059625304,70.2531899552167,126.512389668185));
#10479=CARTESIAN_POINT('Ctrl Pts',(-17.7795938587779,69.1333315443308,126.394275558917));
#10480=CARTESIAN_POINT('Ctrl Pts',(-21.6777058888927,75.1660367786124,129.00379560263));
#10481=CARTESIAN_POINT('Ctrl Pts',(-21.1905348217825,74.6248076883085,128.465499606873));
#10482=CARTESIAN_POINT('Ctrl Pts',(-19.7776661938993,73.0977914899034,127.308530899512));
#10483=CARTESIAN_POINT('Ctrl Pts',(-17.9086871457141,71.1742578557745,126.692451842287));
#10484=CARTESIAN_POINT('Ctrl Pts',(-16.8144503245964,70.0738834044726,126.576392752216));
#10485=CARTESIAN_POINT('Ctrl Pts',(-20.9458822175795,76.2156120576466,128.610819700423));
#10486=CARTESIAN_POINT('Ctrl Pts',(-20.4398340902103,75.6534112495184,128.051665639327));
#10487=CARTESIAN_POINT('Ctrl Pts',(-18.9821429587377,74.0781636980563,126.860006716741));
#10488=CARTESIAN_POINT('Ctrl Pts',(-17.0690984554663,72.1093738229547,126.230307288783));
#10489=CARTESIAN_POINT('Ctrl Pts',(-15.9492717549049,70.9832659572691,126.11153403477));
#10490=CARTESIAN_POINT('Ctrl Pts',(-20.7209379762646,76.6652923103437,128.36226925779));
#10491=CARTESIAN_POINT('Ctrl Pts',(-20.2014066476265,76.0881121628215,127.788217035158));
#10492=CARTESIAN_POINT('Ctrl Pts',(-18.71178381363,74.4785026733741,126.571828003177));
#10493=CARTESIAN_POINT('Ctrl Pts',(-16.7674163647766,72.4775467747474,125.932478748699));
#10494=CARTESIAN_POINT('Ctrl Pts',(-15.6293117390375,71.3330584620687,125.811766865567));
#10495=CARTESIAN_POINT('Origin',(-23.6866935999253,76.6652923103437,125.678187742499));
#10496=CARTESIAN_POINT('Origin',(110.73775017134,63.0000009387732,176.246553405576));
#10497=CARTESIAN_POINT('',(110.73775017134,67.0000009387732,173.9474886951));
#10498=CARTESIAN_POINT('Origin',(110.73775017134,63.0000009387732,173.9474886951));
#10499=CARTESIAN_POINT('',(110.73775017134,67.0000009387732,167.9474886951));
#10500=CARTESIAN_POINT('',(110.73775017134,67.0000009387732,176.246553405576));
#10501=CARTESIAN_POINT('Origin',(110.73775017134,63.0000009387732,167.9474886951));
#10502=CARTESIAN_POINT('Ctrl Pts',(-20.7209379762646,76.6652923103437,128.36226925779));
#10503=CARTESIAN_POINT('Ctrl Pts',(-21.5273636000991,77.5612014401176,129.253323167787));
#10504=CARTESIAN_POINT('Ctrl Pts',(-23.7922883887095,79.3119793725989,131.7559347281));
#10505=CARTESIAN_POINT('Ctrl Pts',(-26.6127743175667,80.,134.872409379601));
#10506=CARTESIAN_POINT('Ctrl Pts',(-28.2259581286413,80.,136.654884663022));
#10507=CARTESIAN_POINT('Ctrl Pts',(-21.2009181391255,75.7057763002282,128.892619718139));
#10508=CARTESIAN_POINT('Ctrl Pts',(-21.9324229915824,76.5184512158314,129.700890486948));
#10509=CARTESIAN_POINT('Ctrl Pts',(-24.0281150867548,78.1472381601069,132.016509659209));
#10510=CARTESIAN_POINT('Ctrl Pts',(-26.6988904259464,78.8032027986325,134.967562723961));
#10511=CARTESIAN_POINT('Ctrl Pts',(-28.2259581286413,78.8032027986325,136.654884663022));
#10512=CARTESIAN_POINT('Ctrl Pts',(-22.7768315347726,74.0448850180972,129.136320708161));
#10513=CARTESIAN_POINT('Ctrl Pts',(-23.3795292668276,74.714459972914,129.802267020904));
#10514=CARTESIAN_POINT('Ctrl Pts',(-25.1822360917885,76.1323915960601,131.794154328902));
#10515=CARTESIAN_POINT('Ctrl Pts',(-27.5920282739438,76.7315854235448,134.456836022944));
#10516=CARTESIAN_POINT('Ctrl Pts',(-28.9710413352272,76.7315854235448,135.980566102788));
#10517=CARTESIAN_POINT('Ctrl Pts',(-24.6253951198499,73.458346274644,128.053060070126));
#10518=CARTESIAN_POINT('Ctrl Pts',(-25.1822448783157,74.0769858215246,128.668347010293));
#10519=CARTESIAN_POINT('Ctrl Pts',(-26.8815049029733,75.420328588335,130.54593155662));
#10520=CARTESIAN_POINT('Ctrl Pts',(-29.1998856764112,76.,133.107608904137));
#10521=CARTESIAN_POINT('Ctrl Pts',(-30.5261997466138,76.,134.573109631308));
#10522=CARTESIAN_POINT('Ctrl Pts',(-25.2909091255381,73.458346274644,127.450753586549));
#10523=CARTESIAN_POINT('Ctrl Pts',(-25.8479326575626,74.0771788775401,128.0662325365));
#10524=CARTESIAN_POINT('Ctrl Pts',(-27.5471830008718,75.4205824126691,129.943806385493));
#10525=CARTESIAN_POINT('Ctrl Pts',(-29.8651999417292,76.,132.505081718945));
#10526=CARTESIAN_POINT('Ctrl Pts',(-31.191713752302,76.,133.970803147731));
#10527=CARTESIAN_POINT('Ctrl Pts',(-58.9756911481034,80.,170.631570210391));
#10528=CARTESIAN_POINT('Ctrl Pts',(-60.1502134010988,80.,171.92934971414));
#10529=CARTESIAN_POINT('Ctrl Pts',(-62.8914368106711,79.4040194020919,174.958243842852));
#10530=CARTESIAN_POINT('Ctrl Pts',(-65.1491864671627,77.5142050215808,177.452927295055));
#10531=CARTESIAN_POINT('Ctrl Pts',(-66.1122511330423,76.1497217065712,178.517058332995));
#10532=CARTESIAN_POINT('Ctrl Pts',(-58.9756911481034,78.8032027986325,170.631570210391));
#10533=CARTESIAN_POINT('Ctrl Pts',(-60.0726290500534,78.8032027986325,171.843623470689));
#10534=CARTESIAN_POINT('Ctrl Pts',(-62.6342938677316,78.2442235665268,174.674115687741));
#10535=CARTESIAN_POINT('Ctrl Pts',(-64.699975699174,76.4993108535108,176.956575245468));
#10536=CARTESIAN_POINT('Ctrl Pts',(-65.5589159895247,75.2823523913263,177.905654840102));
#10537=CARTESIAN_POINT('Ctrl Pts',(-59.7207911518212,76.7316024828718,169.957236448341));
#10538=CARTESIAN_POINT('Ctrl Pts',(-60.6843425888079,76.7316024828718,171.021905340344));
#10539=CARTESIAN_POINT('Ctrl Pts',(-62.9349973748042,76.2374729620035,173.508749368911));
#10540=CARTESIAN_POINT('Ctrl Pts',(-64.6662935491063,74.744303608834,175.421732017131));
#10541=CARTESIAN_POINT('Ctrl Pts',(-65.3462185846901,73.7809764311476,176.173010056364));
#10542=CARTESIAN_POINT('Ctrl Pts',(-61.2759327660758,76.,168.549795178677));
#10543=CARTESIAN_POINT('Ctrl Pts',(-62.192006244517,76.,169.562003658522));
#10544=CARTESIAN_POINT('Ctrl Pts',(-64.3329080919174,75.5284447306505,171.92757700548));
#10545=CARTESIAN_POINT('Ctrl Pts',(-65.9469004266568,74.1238022477431,173.710945661026));
#10546=CARTESIAN_POINT('Ctrl Pts',(-66.5631062621915,73.2507533124146,174.391817650814));
#10547=CARTESIAN_POINT('Ctrl Pts',(-61.9414467717641,76.,167.9474886951));
#10548=CARTESIAN_POINT('Ctrl Pts',(-62.8577002017532,76.,168.959896011051));
#10549=CARTESIAN_POINT('Ctrl Pts',(-64.9985619447525,75.528603611019,171.325425044953));
#10550=CARTESIAN_POINT('Ctrl Pts',(-66.6121729230419,74.1241444214581,173.108372323566));
#10551=CARTESIAN_POINT('Ctrl Pts',(-67.2286202678797,73.2507533124146,173.789511167237));
#10552=CARTESIAN_POINT('',(-67.0608818279594,73.2555652595396,173.94748869056));
#10553=CARTESIAN_POINT('Ctrl Pts',(-67.0608818327937,73.2555652587488,173.94748868545));
#10554=CARTESIAN_POINT('Ctrl Pts',(-66.5886214821547,73.9453030774529,173.393997515917));
#10555=CARTESIAN_POINT('Ctrl Pts',(-65.972601373848,74.5531804433056,172.672019289835));
#10556=CARTESIAN_POINT('Ctrl Pts',(-64.2563338535447,75.6560997226688,170.660546347509));
#10557=CARTESIAN_POINT('Ctrl Pts',(-63.115511405681,76.,169.32349751408));
#10558=CARTESIAN_POINT('Ctrl Pts',(-61.9414467717641,76.,167.9474886951));
#10559=CARTESIAN_POINT('Ctrl Pts',(-67.0608818226384,73.2555652595396,173.9474886951));
#10560=CARTESIAN_POINT('Ctrl Pts',(-66.4836586076164,73.6578694751519,173.9474886951));
#10561=CARTESIAN_POINT('Ctrl Pts',(-65.897034316392,74.0707563811021,173.9474886951));
#10562=CARTESIAN_POINT('Ctrl Pts',(-64.5229335420175,75.1380340852029,173.9474886951));
#10563=CARTESIAN_POINT('Ctrl Pts',(-63.7155857383795,75.8482635293019,173.947488695122));
#10564=CARTESIAN_POINT('Ctrl Pts',(-62.7287171851038,77.1129404514026,173.947488695122));
#10565=CARTESIAN_POINT('Ctrl Pts',(-62.4125610302101,77.6289540214511,173.947488694965));
#10566=CARTESIAN_POINT('Ctrl Pts',(-62.0628661388886,78.5866824488061,173.947488694965));
#10567=CARTESIAN_POINT('Ctrl Pts',(-61.9766786333882,79.0069486541158,173.9474886951));
#10568=CARTESIAN_POINT('Ctrl Pts',(-61.9766786333882,79.4342294122394,173.9474886951));
#10569=CARTESIAN_POINT('Ctrl Pts',(105.24812749912,75.2090420508883,112.219327754063));
#10570=CARTESIAN_POINT('Ctrl Pts',(104.924882408965,75.2090420508883,112.016021808615));
#10571=CARTESIAN_POINT('Ctrl Pts',(103.956818120557,75.0837049531035,111.414488223769));
#10572=CARTESIAN_POINT('Ctrl Pts',(102.440674038727,74.2714977240422,110.50837951644));
#10573=CARTESIAN_POINT('Ctrl Pts',(101.132542106142,72.4751646770153,109.790640217205));
#10574=CARTESIAN_POINT('Ctrl Pts',(100.797986729236,70.9667057025359,109.668347577538));
#10575=CARTESIAN_POINT('Ctrl Pts',(100.778045036646,70.2099665594635,109.700053754181));
#10576=CARTESIAN_POINT('Ctrl Pts',(105.223863408892,74.3118594138286,112.257906301365));
#10577=CARTESIAN_POINT('Ctrl Pts',(104.954489602168,74.3118594138286,112.088482857288));
#10578=CARTESIAN_POINT('Ctrl Pts',(104.149381538619,74.2071280947672,111.586960487067));
#10579=CARTESIAN_POINT('Ctrl Pts',(102.895985894,73.5321722431669,110.835823719234));
#10580=CARTESIAN_POINT('Ctrl Pts',(101.826647880653,72.0565047274096,110.24715070246));
#10581=CARTESIAN_POINT('Ctrl Pts',(101.558084673821,70.8274038125373,110.147122771106));
#10582=CARTESIAN_POINT('Ctrl Pts',(101.541805693435,70.2096557647388,110.173005440059));
#10583=CARTESIAN_POINT('Ctrl Pts',(105.556837861441,72.1781728352323,111.728495532309));
#10584=CARTESIAN_POINT('Ctrl Pts',(105.413938839431,72.1781728352323,111.638618774213));
#10585=CARTESIAN_POINT('Ctrl Pts',(104.98977906085,72.1211530908903,111.370926585074));
#10586=CARTESIAN_POINT('Ctrl Pts',(104.349793133824,71.7669105204099,110.98157052396));
#10587=CARTESIAN_POINT('Ctrl Pts',(103.837795402939,71.0427179206613,110.69394707417));
#10588=CARTESIAN_POINT('Ctrl Pts',(103.719590196786,70.4650934457341,110.643617139715));
#10589=CARTESIAN_POINT('Ctrl Pts',(103.711885023913,70.1727007167088,110.655867933929));
#10590=CARTESIAN_POINT('Ctrl Pts',(106.632792456527,71.0702182261211,110.017787863016));
#10591=CARTESIAN_POINT('Ctrl Pts',(106.551243488323,71.0702182261211,109.966497400806));
#10592=CARTESIAN_POINT('Ctrl Pts',(106.309529892169,71.036274478599,109.810784107593));
#10593=CARTESIAN_POINT('Ctrl Pts',(105.961326247587,70.8365602630968,109.593400360999));
#10594=CARTESIAN_POINT('Ctrl Pts',(105.713430004396,70.4752728518732,109.448008520385));
#10595=CARTESIAN_POINT('Ctrl Pts',(105.659910677591,70.2065727969004,109.417092640179));
#10596=CARTESIAN_POINT('Ctrl Pts',(105.656306381031,70.0697984344676,109.422823270258));
#10597=CARTESIAN_POINT('Ctrl Pts',(107.269717542904,71.011004392311,109.00511257448));
#10598=CARTESIAN_POINT('Ctrl Pts',(107.187461301046,71.011004392311,108.953377270435));
#10599=CARTESIAN_POINT('Ctrl Pts',(106.94544532573,70.9802502904095,108.797283637449));
#10600=CARTESIAN_POINT('Ctrl Pts',(106.595149610212,70.78387544129,108.578393317391));
#10601=CARTESIAN_POINT('Ctrl Pts',(106.342972664074,70.4208697690378,108.430430801441));
#10602=CARTESIAN_POINT('Ctrl Pts',(106.288491422177,70.1507345286363,108.399020526973));
#10603=CARTESIAN_POINT('Ctrl Pts',(106.284798225953,70.0105866382919,108.404892502552));
#10604=CARTESIAN_POINT('',(107.269717542904,71.011004392311,109.00511257448));
#10605=CARTESIAN_POINT('',(105.247989089073,75.2038578505464,112.219547818302));
#10606=CARTESIAN_POINT('Origin',(107.374997201608,75.0061135512839,108.837723801397));
#10607=CARTESIAN_POINT('Ctrl Pts',(105.247989089073,75.2038578505464,112.219547818302));
#10608=CARTESIAN_POINT('Ctrl Pts',(104.810230240923,75.2038578505464,111.944218109632));
#10609=CARTESIAN_POINT('Ctrl Pts',(104.373180060799,75.1291982710774,111.673699665174));
#10610=CARTESIAN_POINT('Ctrl Pts',(103.951355845874,74.9819388216454,111.417002744746));
#10611=CARTESIAN_POINT('',(105.760167509404,70.0527056850034,109.080190160925));
#10612=CARTESIAN_POINT('Origin',(102.881305253986,70.0122271025678,106.303409003057));
#10613=CARTESIAN_POINT('Ctrl Pts',(107.269717542904,71.011004392311,109.00511257448));
#10614=CARTESIAN_POINT('Ctrl Pts',(106.547522932941,71.0323204544409,109.05964187669));
#10615=CARTESIAN_POINT('Ctrl Pts',(105.902277911685,70.719240846411,109.10955693416));
#10616=CARTESIAN_POINT('Ctrl Pts',(105.780715150934,70.2806771867753,109.093270809902));
#10617=CARTESIAN_POINT('Ctrl Pts',(105.760274575333,70.2069334383971,109.090532325254));
#10618=CARTESIAN_POINT('Ctrl Pts',(105.753325081776,70.130545943034,109.086149414605));
#10619=CARTESIAN_POINT('Ctrl Pts',(105.760167509404,70.0527056850035,109.080190160925));
#10620=CARTESIAN_POINT('Origin',(103.012904827365,75.0061135512839,106.094173036703));
#10621=CARTESIAN_POINT('',(105.653370083577,66.0000009238719,109.249992098905));
#10622=CARTESIAN_POINT('Origin',(102.775574525256,66.0000009238719,106.471514952271));
#10623=CARTESIAN_POINT('',(105.891767082783,75.0465921337195,108.870954194572));
#10624=CARTESIAN_POINT('Origin',(60.0000008940697,33.0757739249472,174.9474886951));
#10625=CARTESIAN_POINT('',(60.0000008940697,56.9785936856686,170.9474886951));
#10626=CARTESIAN_POINT('',(60.0000008940697,33.0757739249472,170.9474886951));
#10627=CARTESIAN_POINT('',(56.1270175478623,33.0214063143314,173.9474886951));
#10628=CARTESIAN_POINT('Origin',(60.0000008940697,33.0214063143314,174.9474886951));
#10629=CARTESIAN_POINT('',(56.1270175478623,56.9785936856686,173.9474886951));
#10630=CARTESIAN_POINT('',(56.1270175478623,33.0757739249472,173.9474886951));
#10631=CARTESIAN_POINT('Origin',(60.0000008940697,56.9785936856686,174.9474886951));
#10632=CARTESIAN_POINT('Origin',(60.0000008940697,56.9785936856686,174.9474886951));
#10633=CARTESIAN_POINT('',(79.0000011771917,56.9785936856686,170.9474886951));
#10634=CARTESIAN_POINT('',(60.0000008940697,56.9785936856686,170.9474886951));
#10635=CARTESIAN_POINT('',(60.0000008940697,60.851577031876,173.9474886951));
#10636=CARTESIAN_POINT('Origin',(60.0000008940697,56.9785936856686,174.9474886951));
#10637=CARTESIAN_POINT('',(79.0000011771917,60.851577031876,173.9474886951));
#10638=CARTESIAN_POINT('',(60.0000008940697,60.851577031876,173.9474886951));
#10639=CARTESIAN_POINT('Origin',(79.0000011771917,56.9785936856686,174.9474886951));
#10640=CARTESIAN_POINT('Origin',(56.2557355351626,62.000000923872,130.62779771216));
#10641=CARTESIAN_POINT('',(52.3920322300064,62.000000923872,131.66307389257));
#10642=CARTESIAN_POINT('',(52.3920322300064,62.000000923872,131.66307389257));
#10643=CARTESIAN_POINT('',(56.2557355351626,66.000000923872,130.62779771216));
#10644=CARTESIAN_POINT('Origin',(56.2557355351626,62.000000923872,130.62779771216));
#10645=CARTESIAN_POINT('',(56.2557355351626,66.000000923872,130.62779771216));
#10646=CARTESIAN_POINT('Origin',(110.73775017134,35.9344377775283,167.9474886951));
#10647=CARTESIAN_POINT('',(110.73775017134,63.0000009387732,163.9474886951));
#10648=CARTESIAN_POINT('Origin',(110.73775017134,63.0000009387732,167.9474886951));
#10649=CARTESIAN_POINT('',(110.73775017134,26.9999990612268,163.9474886951));
#10650=CARTESIAN_POINT('',(110.73775017134,35.9344377775283,163.9474886951));
#10651=CARTESIAN_POINT('Origin',(110.73775017134,26.9999990612268,167.9474886951));
#10652=CARTESIAN_POINT('Origin',(79.0000011771917,33.0214063143314,174.9474886951));
#10653=CARTESIAN_POINT('',(82.8729845233991,33.0214063143314,173.9474886951));
#10654=CARTESIAN_POINT('Origin',(79.0000011771917,33.0214063143314,173.9474886951));
#10655=CARTESIAN_POINT('Origin',(79.0000011771917,33.0214063143314,174.9474886951));
#10656=CARTESIAN_POINT('Origin',(60.0000008940697,33.0214063143314,174.9474886951));
#10657=CARTESIAN_POINT('Origin',(60.0000008940697,33.0214063143314,173.9474886951));
#10658=CARTESIAN_POINT('Origin',(98.8206090530375,87.,146.546883219139));
#10659=CARTESIAN_POINT('Origin',(88.1168491448819,87.,154.));
#10660=CARTESIAN_POINT('Origin',(82.4523142338963,87.,138.618490416118));
#10661=CARTESIAN_POINT('Origin',(-9.2020807042282,87.,148.33971846499));
#10662=CARTESIAN_POINT('Origin',(-15.0939344279859,87.,154.));
#10663=CARTESIAN_POINT('Origin',(110.73775017134,63.0000009387732,167.9474886951));
#10664=CARTESIAN_POINT('Origin',(110.73775017134,63.0000009387732,167.9474886951));
#10665=CARTESIAN_POINT('Origin',(60.0000008940697,56.9785936856686,174.9474886951));
#10666=CARTESIAN_POINT('Origin',(60.0000008940697,56.9785936856686,173.9474886951));
#10667=CARTESIAN_POINT('Origin',(79.0000011771917,56.9785936856686,174.9474886951));
#10668=CARTESIAN_POINT('',(82.8729845233991,56.9785936856686,173.9474886951));
#10669=CARTESIAN_POINT('Origin',(79.0000011771917,56.9785936856686,173.9474886951));
#10670=CARTESIAN_POINT('Origin',(79.0000011771917,56.9785936856686,174.9474886951));
#10671=CARTESIAN_POINT('Origin',(56.2557355351626,62.000000923872,130.62779771216));
#10672=CARTESIAN_POINT('',(57.2910117155727,62.000000923872,134.491501017317));
#10673=CARTESIAN_POINT('Origin',(56.2557355351626,62.000000923872,130.62779771216));
#10674=CARTESIAN_POINT('Origin',(56.2557355351626,62.000000923872,130.62779771216));
#10675=CARTESIAN_POINT('Origin',(56.2557355351626,27.999999076128,130.62779771216));
#10676=CARTESIAN_POINT('',(52.5147208999898,26.9999990612268,131.630199562528));
#10677=CARTESIAN_POINT('',(52.5147208999898,26.9999990612268,131.630199562528));
#10678=CARTESIAN_POINT('',(52.3920322300064,27.999999076128,131.66307389257));
#10679=CARTESIAN_POINT('Origin',(56.2557355351626,27.999999076128,130.62779771216));
#10680=CARTESIAN_POINT('',(52.3920322300064,27.999999076128,131.66307389257));
#10681=CARTESIAN_POINT('Origin',(56.2557355351626,27.999999076128,130.62779771216));
#10682=CARTESIAN_POINT('',(57.2581373855302,26.9999990612268,134.368812347333));
#10683=CARTESIAN_POINT('Origin',(56.2557355351626,26.9999990612268,130.62779771216));
#10684=CARTESIAN_POINT('',(57.2910117155727,27.999999076128,134.491501017317));
#10685=CARTESIAN_POINT('Origin',(56.2557355351626,27.999999076128,130.62779771216));
#10686=CARTESIAN_POINT('Origin',(56.2557355351626,27.999999076128,130.62779771216));
#10687=CARTESIAN_POINT('Origin',(53.4087260390349,62.000000923872,120.002613622981));
#10688=CARTESIAN_POINT('',(56.2557355351626,57.638888939869,130.62779771216));
#10689=CARTESIAN_POINT('',(52.0901207009381,57.638888939869,115.081511506072));
#10690=CARTESIAN_POINT('',(53.1264516004819,57.638888939869,118.949151076623));
#10691=CARTESIAN_POINT('',(52.0901207009381,62.000000923872,115.081511506072));
#10692=CARTESIAN_POINT('',(52.0901207009381,74.9999997764826,115.081511506072));
#10693=CARTESIAN_POINT('',(56.2557355351626,62.000000923872,130.62779771216));
#10694=CARTESIAN_POINT('',(56.2557355351626,62.000000923872,130.62779771216));
#10695=CARTESIAN_POINT('',(56.2557355351626,54.0000008046627,130.62779771216));
#10696=CARTESIAN_POINT('Origin',(53.4087260390349,62.000000923872,120.002613622981));
#10697=CARTESIAN_POINT('',(52.0901207009382,35.,115.081511506072));
#10698=CARTESIAN_POINT('',(56.2557355351626,35.,130.62779771216));
#10699=CARTESIAN_POINT('',(52.6049217477244,35.,117.002775168468));
#10700=CARTESIAN_POINT('',(56.2557355351626,27.999999076128,130.62779771216));
#10701=CARTESIAN_POINT('',(56.2557355351626,54.0000008046627,130.62779771216));
#10702=CARTESIAN_POINT('',(52.0901207009381,27.999999076128,115.081511506072));
#10703=CARTESIAN_POINT('',(56.2557355351626,27.999999076128,130.62779771216));
#10704=CARTESIAN_POINT('',(52.0901207009381,74.9999997764826,115.081511506072));
#10705=CARTESIAN_POINT('Origin',(56.2557355351626,54.0000008046627,130.62779771216));
#10706=CARTESIAN_POINT('',(52.3920322300064,57.638888939869,131.66307389257));
#10707=CARTESIAN_POINT('',(57.2910117155727,57.638888939869,134.491501017317));
#10708=CARTESIAN_POINT('Origin',(56.2557355351626,57.638888939869,130.62779771216));
#10709=CARTESIAN_POINT('',(57.2910117155727,54.0000008046627,134.491501017317));
#10710=CARTESIAN_POINT('',(52.3920322300064,54.0000008046627,131.66307389257));
#10711=CARTESIAN_POINT('Origin',(56.2557355351626,54.0000008046627,130.62779771216));
#10712=CARTESIAN_POINT('',(57.2910117155727,35.,134.491501017317));
#10713=CARTESIAN_POINT('',(52.3920322300064,35.,131.66307389257));
#10714=CARTESIAN_POINT('Origin',(56.2557355351626,35.,130.62779771216));
#10715=CARTESIAN_POINT('',(52.3920322300064,54.0000008046627,131.66307389257));
#10716=CARTESIAN_POINT('',(57.2910117155727,54.0000008046627,134.491501017317));
#10717=CARTESIAN_POINT('Origin',(49.5450227338786,62.000000923872,121.037889803391));
#10718=CARTESIAN_POINT('',(49.2627482953256,57.638888939869,119.984427257033));
#10719=CARTESIAN_POINT('Origin',(49.5450227338786,62.000000923872,121.037889803391));
#10720=CARTESIAN_POINT('',(48.7412184425681,35.,118.038051348878));
#10721=CARTESIAN_POINT('Origin',(44.9491791930257,57.638888939869,115.838908038218));
#10722=CARTESIAN_POINT('',(44.9491791930257,35.,115.838908038218));
#10723=CARTESIAN_POINT('',(44.9491791930257,35.,115.838908038218));
#10724=CARTESIAN_POINT('',(44.9491791930257,57.638888939869,115.838908038218));
#10725=CARTESIAN_POINT('',(44.9491791930257,28.8194444699345,115.838908038218));
#10726=CARTESIAN_POINT('',(44.9491791930257,57.638888939869,115.838908038218));
#10727=CARTESIAN_POINT('Origin',(44.9491791930257,35.,115.838908038218));
#10728=CARTESIAN_POINT('',(72.556458920471,35.,130.401136766664));
#10729=CARTESIAN_POINT('',(72.9420778438005,35.,130.297810487572));
#10730=CARTESIAN_POINT('',(72.1293745872389,35.,126.374468947213));
#10731=CARTESIAN_POINT('',(70.7219983134627,35.,113.105340790283));
#10732=CARTESIAN_POINT('',(71.9068016633904,35.,126.434107182416));
#10733=CARTESIAN_POINT('',(72.4745895965129,35.,112.919454019109));
#10734=CARTESIAN_POINT('Origin',(70.7219983134627,57.638888939869,113.105340790283));
#10735=CARTESIAN_POINT('',(85.3609991567313,57.638888939869,111.552670395142));
#10736=CARTESIAN_POINT('',(72.1293745872389,57.638888939869,126.374468947213));
#10737=CARTESIAN_POINT('',(84.2716813708514,57.638888939869,123.120947650293));
#10738=CARTESIAN_POINT('',(72.556458920471,57.638888939869,130.401136766664));
#10739=CARTESIAN_POINT('',(70.7219983134627,57.638888939869,113.105340790283));
#10740=CARTESIAN_POINT('',(85.3069575512615,57.638888939869,126.98465095545));
#10741=CARTESIAN_POINT('Origin',(70.7219983134627,35.,113.105340790283));
#10742=CARTESIAN_POINT('',(72.556458920471,40.5000003427267,130.401136766664));
#10743=CARTESIAN_POINT('',(72.1293745872389,40.5000003427267,126.374468947213));
#10744=CARTESIAN_POINT('Origin',(79.0000011771917,56.9785936856686,177.9474886951));
#10745=CARTESIAN_POINT('',(79.0000011771917,55.0000008195639,177.9474886951));
#10746=CARTESIAN_POINT('',(79.0000011771917,55.0000008195639,177.9474886951));
#10747=CARTESIAN_POINT('',(79.0000011771917,61.5107031571657,177.9474886951));
#10748=CARTESIAN_POINT('Origin',(79.0000011771917,56.9785936856686,177.9474886951));
#10749=CARTESIAN_POINT('',(79.0000011771917,35.0000005215406,177.9474886951));
#10750=CARTESIAN_POINT('',(79.0000011771917,35.0000005215406,177.9474886951));
#10751=CARTESIAN_POINT('',(79.0000011771917,61.5107031571657,177.9474886951));
#10752=CARTESIAN_POINT('Origin',(79.0000011771917,33.0214063143314,174.9474886951));
#10753=CARTESIAN_POINT('',(82.8729845233991,55.0000008195639,173.9474886951));
#10754=CARTESIAN_POINT('',(79.0000011771917,55.0000008195639,170.9474886951));
#10755=CARTESIAN_POINT('Origin',(79.0000011771917,55.0000008195639,174.9474886951));
#10756=CARTESIAN_POINT('',(79.0000011771917,33.0214063143314,170.9474886951));
#10757=CARTESIAN_POINT('',(82.8729845233991,33.0214063143314,173.9474886951));
#10758=CARTESIAN_POINT('Origin',(79.0000011771917,33.0214063143314,174.9474886951));
#10759=CARTESIAN_POINT('',(79.0000011771917,35.0000005215406,170.9474886951));
#10760=CARTESIAN_POINT('',(82.8729845233991,35.0000005215406,173.9474886951));
#10761=CARTESIAN_POINT('Origin',(79.0000011771917,35.0000005215406,174.9474886951));
#10762=CARTESIAN_POINT('',(82.8729845233991,33.0214063143314,173.9474886951));
#10763=CARTESIAN_POINT('',(79.0000011771917,33.0214063143314,170.9474886951));
#10764=CARTESIAN_POINT('Origin',(69.5000010356307,45.0271838053079,170.9474886951));
#10765=CARTESIAN_POINT('',(73.0000010877848,55.0000008195639,170.9474886951));
#10766=CARTESIAN_POINT('',(71.2500010617077,55.0000008195639,170.9474886951));
#10767=CARTESIAN_POINT('',(73.0000010877848,35.0000005215406,170.9474886951));
#10768=CARTESIAN_POINT('',(73.0000010877848,40.0135921634243,170.9474886951));
#10769=CARTESIAN_POINT('',(78.9911237015297,35.0000005215406,170.9474886951));
#10770=CARTESIAN_POINT('',(69.2841882021244,38.0889736397047,170.9474886951));
#10771=CARTESIAN_POINT('Origin',(67.5651497636177,38.0889736397047,170.9474886951));
#10772=CARTESIAN_POINT('',(69.3593545036305,52.0689156634057,170.9474886951));
#10773=CARTESIAN_POINT('Origin',(67.5471636210092,52.0689156634057,170.9474886951));
#10774=CARTESIAN_POINT('Origin',(88.4822463674287,55.0000008195639,177.9474886951));
#10775=CARTESIAN_POINT('',(88.4822463674287,35.0000005215406,173.9474886951));
#10776=CARTESIAN_POINT('',(88.4822463674287,55.0000008195639,173.9474886951));
#10777=CARTESIAN_POINT('',(88.4822463674287,27.5000004097819,173.9474886951));
#10778=CARTESIAN_POINT('',(88.4822463674287,35.0000005215406,177.9474886951));
#10779=CARTESIAN_POINT('',(88.4822463674287,35.0000005215406,177.9474886951));
#10780=CARTESIAN_POINT('',(88.4822463674287,55.0000008195639,177.9474886951));
#10781=CARTESIAN_POINT('',(88.4822463674287,27.5000004097819,177.9474886951));
#10782=CARTESIAN_POINT('',(88.4822463674287,55.0000008195639,177.9474886951));
#10783=CARTESIAN_POINT('Origin',(88.4822463674287,35.0000005215406,177.9474886951));
#10784=CARTESIAN_POINT('',(-17.0441885415303,35.0000005215406,173.9474886951));
#10785=CARTESIAN_POINT('',(73.0000010877848,35.0000005215406,177.9474886951));
#10786=CARTESIAN_POINT('',(-17.0441885415303,35.0000005215406,177.9474886951));
#10787=CARTESIAN_POINT('Origin',(73.0000010877848,55.0000008195639,177.9474886951));
#10788=CARTESIAN_POINT('',(-24.7853111813523,55.0000008195639,173.9474886951));
#10789=CARTESIAN_POINT('',(-24.7853111813523,55.0000008195639,177.9474886951));
#10790=CARTESIAN_POINT('',(73.0000010877848,55.0000008195639,177.9474886951));
#10791=CARTESIAN_POINT('Origin',(73.0000010877848,35.0000005215406,177.9474886951));
#10792=CARTESIAN_POINT('Origin',(67.5471636210092,52.0689156634057,174.9474886951));
#10793=CARTESIAN_POINT('',(69.3593545036305,52.0689156634057,174.9474886951));
#10794=CARTESIAN_POINT('Origin',(67.5651497636177,38.0889736397047,174.9474886951));
#10795=CARTESIAN_POINT('',(69.2841882021244,38.0889736397047,174.9474886951));
#10796=CARTESIAN_POINT('Origin',(7.06804939523747,70.,129.912821172026));
#10797=CARTESIAN_POINT('',(-23.6106615360148,76.5809231513446,125.59512158096));
#10798=CARTESIAN_POINT('Origin',(-44.0492565805191,70.,135.334525051799));
#10799=CARTESIAN_POINT('Origin',(-16.2723045407735,70.,132.388391530725));
#10800=CARTESIAN_POINT('Origin',(-16.2723045407735,45.,132.388391530725));
#10801=CARTESIAN_POINT('',(-23.6106615360148,80.,125.59512158096));
#10802=CARTESIAN_POINT('',(-23.6106615360148,45.,125.59512158096));
#10803=CARTESIAN_POINT('Origin',(-16.2723045407735,80.,132.388391530725));
#10804=CARTESIAN_POINT('Origin',(-16.2723045407735,80.,132.388391530725));
#10805=CARTESIAN_POINT('',(-17.311210127894,81.725389526624,122.593305713722));
#10806=CARTESIAN_POINT('Origin',(-20.2683733308428,80.,124.002453725115));
#10807=CARTESIAN_POINT('Origin',(-16.2723045407735,80.,132.388391530725));
#10808=CARTESIAN_POINT('Origin',(76.8271444650658,80.,122.513895325485));
#10809=CARTESIAN_POINT('',(-16.9041060349427,80.,122.399312388483));
#10810=CARTESIAN_POINT('Origin',(-44.0492565805192,80.,135.334525051799));
#10811=CARTESIAN_POINT('',(76.8271444650658,90.,122.513895325485));
#10812=CARTESIAN_POINT('',(75.7724208668032,80.,112.569672976238));
#10813=CARTESIAN_POINT('Origin',(100.,8.88178419700125E-15,110.));
#10814=CARTESIAN_POINT('',(-16.9041060349427,26.9999990612268,122.399312388483));
#10815=CARTESIAN_POINT('',(-16.9041060349427,-32.5,122.399312388483));
#10816=CARTESIAN_POINT('',(108.855729484972,62.000000923872,109.060726265002));
#10817=CARTESIAN_POINT('',(108.855729484972,27.9999990761281,109.060726265002));
#10818=CARTESIAN_POINT('',(73.8770049507878,26.9999990612268,112.770708293524));
#10819=CARTESIAN_POINT('Origin',(-70.6845016364341,-65.,178.194386737225));
#10820=CARTESIAN_POINT('',(-67.0608818410277,26.9999990612268,173.9474886951));
#10821=CARTESIAN_POINT('',(-67.0608818410277,-32.5,173.9474886951));
#10822=CARTESIAN_POINT('',(-70.4738385538701,26.9999990612268,177.9474886951));
#10823=CARTESIAN_POINT('',(-27.3985019008861,26.9999990612268,127.463008196536));
#10824=CARTESIAN_POINT('',(-70.4738385538701,-32.5,177.9474886951));
#10825=CARTESIAN_POINT('Origin',(-23.6121651332313,-65.,125.595838075411));
#10826=CARTESIAN_POINT('',(9.34856826051264,26.9999990612268,109.889382689537));
#10827=CARTESIAN_POINT('Origin',(221.566279265313,65.6265057467604,52.3791114893602));
#10828=CARTESIAN_POINT('',(110.73775017134,70.7811801902579,105.701070894165));
#10829=CARTESIAN_POINT('',(181.60646142534,66.0847679343961,38.1837238463194));
#10830=CARTESIAN_POINT('Ctrl Pts',(110.73775243794,70.7811800321665,105.701068546544));
#10831=CARTESIAN_POINT('Ctrl Pts',(112.456406866687,70.667286571269,104.063697938925));
#10832=CARTESIAN_POINT('Ctrl Pts',(114.174863529937,70.5534069041677,102.426532166054));
#10833=CARTESIAN_POINT('Ctrl Pts',(115.89352280884,70.4395131049804,100.789156534907));
#10834=CARTESIAN_POINT('Ctrl Pts',(119.022495667118,70.2321592619251,97.8081678237907));
#10835=CARTESIAN_POINT('Ctrl Pts',(122.152140104247,70.0247585774241,94.8264835278148));
#10836=CARTESIAN_POINT('Ctrl Pts',(125.28135857452,69.8173876033633,91.8452404251483));
#10837=CARTESIAN_POINT('Ctrl Pts',(128.410577044793,69.6100166293026,88.8639973224818));
#10838=CARTESIAN_POINT('Ctrl Pts',(131.539369548209,69.4026753656821,85.8831954131247));
#10839=CARTESIAN_POINT('Ctrl Pts',(134.668605932292,69.1953031421646,82.9019337563082));
#10840=CARTESIAN_POINT('Ctrl Pts',(137.797842316374,68.9879309186471,79.9206720994918));
#10841=CARTESIAN_POINT('Ctrl Pts',(140.927522581122,68.7805277352326,76.9389506952161));
#10842=CARTESIAN_POINT('Ctrl Pts',(144.05644247841,68.5731775861133,73.9580168382139));
#10843=CARTESIAN_POINT('Ctrl Pts',(147.185362375697,68.365827436994,70.9770829812117));
#10844=CARTESIAN_POINT('Ctrl Pts',(150.313521905524,68.1585303221699,67.996936671483));
#10845=CARTESIAN_POINT('Ctrl Pts',(153.44310588366,67.9511338545776,65.015314995645));
#10846=CARTESIAN_POINT('Ctrl Pts',(156.572689861796,67.7437373869852,62.033693319807));
#10847=CARTESIAN_POINT('Ctrl Pts',(159.703698288242,67.5362415666244,59.0505962778597));
#10848=CARTESIAN_POINT('Ctrl Pts',(162.832229933462,67.3289184974051,56.0700645512392));
#10849=CARTESIAN_POINT('Ctrl Pts',(169.089293223902,66.9142723589664,50.1090010979981));
#10850=CARTESIAN_POINT('Ctrl Pts',(175.33644938944,66.5003172250934,44.158198906064));
#10851=CARTESIAN_POINT('Ctrl Pts',(181.60646142534,66.0847679343961,38.1837238463192));
#10852=CARTESIAN_POINT('',(201.823455152165,66.0847679343962,50.8992612170026));
#10853=CARTESIAN_POINT('',(216.637047957991,66.0847679343962,60.216313765057));
#10854=CARTESIAN_POINT('',(204.179115262639,66.4559923954697,61.2409663686653));
#10855=CARTESIAN_POINT('Origin',(197.830432631571,66.4559923954697,57.2479438480706));
#10856=CARTESIAN_POINT('',(155.183783887184,71.011004392311,139.140804824983));
#10857=CARTESIAN_POINT('',(185.194085810717,68.2209980498086,91.4261020923111));
#10858=CARTESIAN_POINT('',(148.144141378751,71.011004392311,134.713201067386));
#10859=CARTESIAN_POINT('Ctrl Pts',(107.269688210222,71.011006438214,109.005142955677));
#10860=CARTESIAN_POINT('Ctrl Pts',(108.425880277227,70.9343857331186,107.903608061264));
#10861=CARTESIAN_POINT('Ctrl Pts',(109.581861085373,70.8577797629578,106.802291977292));
#10862=CARTESIAN_POINT('Ctrl Pts',(110.73775243794,70.7811800321665,105.701068546544));
#10863=CARTESIAN_POINT('',(190.285660240536,66.3746374571543,50.5609187812224));
#10864=CARTESIAN_POINT('',(188.084643881622,66.3727623223805,49.1318287964514));
#10865=CARTESIAN_POINT('Origin',(190.093038982409,66.2911756609589,48.4477657889128));
#10866=CARTESIAN_POINT('',(181.480287108915,66.3671358039802,44.8437097729355));
#10867=CARTESIAN_POINT('',(206.782259509665,66.3886915766581,61.2719363085627));
#10868=CARTESIAN_POINT('',(115.593093752411,70.7634631882215,108.331997388735));
#10869=CARTESIAN_POINT('',(189.983923914515,65.7997300692752,36.649684321388));
#10870=CARTESIAN_POINT('',(151.917627896602,70.7932870156766,131.890232094998));
#10871=CARTESIAN_POINT('',(140.117938803624,70.7835990210519,124.237557348782));
#10872=CARTESIAN_POINT('',(200.44464848738,66.3832923097411,57.1570116726598));
#10873=CARTESIAN_POINT('',(180.404342558673,68.2044971143016,88.0197471562763));
#10874=CARTESIAN_POINT('',(206.782259509665,66.3886915766581,61.2719363085627));
#10875=CARTESIAN_POINT('Ctrl Pts',(181.60646142534,66.0847679343961,38.1837238463199));
#10876=CARTESIAN_POINT('Ctrl Pts',(175.336449389441,66.5003172250934,44.1581989060645));
#10877=CARTESIAN_POINT('Ctrl Pts',(165.965715141133,67.121249925903,53.0844021939656));
#10878=CARTESIAN_POINT('Ctrl Pts',(153.441681435351,67.9512332073459,65.0167903617545));
#10879=CARTESIAN_POINT('Ctrl Pts',(144.057202845871,68.573124551818,73.9572292909406));
#10880=CARTESIAN_POINT('Ctrl Pts',(134.668162051626,69.1953341020617,82.9023935037676));
#10881=CARTESIAN_POINT('Ctrl Pts',(125.281784541376,69.817357892923,91.844799231839));
#10882=CARTESIAN_POINT('Ctrl Pts',(115.892851229989,70.4395599464261,100.789852119767));
#10883=CARTESIAN_POINT('Ctrl Pts',(109.629778969677,70.8546026853364,106.756601975164));
#10884=CARTESIAN_POINT('Ctrl Pts',(106.493256273785,71.0624606016831,109.744873035465));
#10885=CARTESIAN_POINT('Ctrl Pts',(106.486782916711,71.0628895923469,109.751040424636));
#10886=CARTESIAN_POINT('Ctrl Pts',(181.110823016833,66.0760607253871,37.6641735124031));
#10887=CARTESIAN_POINT('Ctrl Pts',(174.874436516665,66.4921949375804,43.6737579169583));
#10888=CARTESIAN_POINT('Ctrl Pts',(165.553987283549,67.1140151794088,52.6527712728696));
#10889=CARTESIAN_POINT('Ctrl Pts',(153.097081630673,67.9451764565747,64.6554953406396));
#10890=CARTESIAN_POINT('Ctrl Pts',(143.762924405687,68.567952933118,73.6487097048874));
#10891=CARTESIAN_POINT('Ctrl Pts',(134.424218409503,69.1910467251592,82.6466365534776));
#10892=CARTESIAN_POINT('Ctrl Pts',(125.088169234499,69.8139551861271,91.6418110750614));
#10893=CARTESIAN_POINT('Ctrl Pts',(115.749566082705,70.4370417888244,100.639631018085));
#10894=CARTESIAN_POINT('Ctrl Pts',(109.520084470573,70.8526746705096,106.641592893216));
#10895=CARTESIAN_POINT('Ctrl Pts',(106.400370109956,71.0608282505388,109.64749228326));
#10896=CARTESIAN_POINT('Ctrl Pts',(106.393931453356,71.0612578507081,109.653696044615));
#10897=CARTESIAN_POINT('Ctrl Pts',(180.007399425812,65.7586457580133,36.5463274224007));
#10898=CARTESIAN_POINT('Ctrl Pts',(173.846996763294,66.1961668303065,42.6303156546326));
#10899=CARTESIAN_POINT('Ctrl Pts',(164.636850214146,66.8503648843162,51.7246069397774));
#10900=CARTESIAN_POINT('Ctrl Pts',(152.330098383235,67.7244456755558,63.8779517787502));
#10901=CARTESIAN_POINT('Ctrl Pts',(143.107687080092,68.3794824905954,72.9850010303256));
#10902=CARTESIAN_POINT('Ctrl Pts',(133.881165752283,69.0348009658564,82.0963240943949));
#10903=CARTESIAN_POINT('Ctrl Pts',(124.657102810904,69.6899502268506,91.2050932300245));
#10904=CARTESIAN_POINT('Ctrl Pts',(115.430580267826,70.3452699346151,100.316413421166));
#10905=CARTESIAN_POINT('Ctrl Pts',(109.275868601574,70.7824161070691,106.394148114578));
#10906=CARTESIAN_POINT('Ctrl Pts',(106.193577428269,71.0013373735179,109.437973426291));
#10907=CARTESIAN_POINT('Ctrl Pts',(106.18721602279,71.001789195596,109.444255445957));
#10908=CARTESIAN_POINT('Ctrl Pts',(178.487106773991,64.1236253744947,35.1621356776075));
#10909=CARTESIAN_POINT('Ctrl Pts',(172.42953737372,64.6718374765624,41.3399121702491));
#10910=CARTESIAN_POINT('Ctrl Pts',(163.373949633179,65.4920815458454,50.5746341610963));
#10911=CARTESIAN_POINT('Ctrl Pts',(151.272981092322,66.587554831842,62.9154720862316));
#10912=CARTESIAN_POINT('Ctrl Pts',(142.204989158406,67.4086368470022,72.1630715539785));
#10913=CARTESIAN_POINT('Ctrl Pts',(133.132846612346,68.2299999845784,81.4149791080044));
#10914=CARTESIAN_POINT('Ctrl Pts',(124.063180516657,69.051194198168,90.6643175665648));
#10915=CARTESIAN_POINT('Ctrl Pts',(114.991045283504,69.8725588726497,99.9162153726734));
#10916=CARTESIAN_POINT('Ctrl Pts',(108.939370027108,70.4205157811854,106.087760318884));
#10917=CARTESIAN_POINT('Ctrl Pts',(105.908647043134,70.6949001762158,109.178542912776));
#10918=CARTESIAN_POINT('Ctrl Pts',(105.902392072965,70.6954664647001,109.184921837762));
#10919=CARTESIAN_POINT('Ctrl Pts',(177.78267617609,62.1809034572173,34.6751048233023));
#10920=CARTESIAN_POINT('Ctrl Pts',(171.772372652467,62.8606752320143,40.8862836658881));
#10921=CARTESIAN_POINT('Ctrl Pts',(162.788864569484,63.878171608418,50.1699216866179));
#10922=CARTESIAN_POINT('Ctrl Pts',(150.783056906965,65.2367191937943,62.5769317354301));
#10923=CARTESIAN_POINT('Ctrl Pts',(141.786703862058,66.2550867787522,71.8738905317277));
#10924=CARTESIAN_POINT('Ctrl Pts',(132.786063894095,67.273745697942,81.1752945027561));
#10925=CARTESIAN_POINT('Ctrl Pts',(123.787962403034,68.2922310583314,90.4740669987251));
#10926=CARTESIAN_POINT('Ctrl Pts',(114.787363489164,69.3108890315994,99.77542729121));
#10927=CARTESIAN_POINT('Ctrl Pts',(108.783433774413,69.9905103101795,105.979975942008));
#10928=CARTESIAN_POINT('Ctrl Pts',(105.776612551792,70.3307947037174,109.087273088636));
#10929=CARTESIAN_POINT('Ctrl Pts',(105.770406896758,70.331497000783,109.093686111815));
#10930=CARTESIAN_POINT('Ctrl Pts',(177.648702517794,61.0632979799193,34.679904432009));
#10931=CARTESIAN_POINT('Ctrl Pts',(171.646676871835,61.8188129839719,40.8915653196346));
#10932=CARTESIAN_POINT('Ctrl Pts',(162.677848859278,62.9497037902343,50.1736232560044));
#10933=CARTESIAN_POINT('Ctrl Pts',(150.689729068418,64.4596261507824,62.5804439969789));
#10934=CARTESIAN_POINT('Ctrl Pts',(141.70717410796,65.5914733395397,71.876719574906));
#10935=CARTESIAN_POINT('Ctrl Pts',(132.720063370759,66.7236378984255,81.1777137843251));
#10936=CARTESIAN_POINT('Ctrl Pts',(123.735612825048,67.8556170999266,90.4759527093222));
#10937=CARTESIAN_POINT('Ctrl Pts',(114.748607351211,68.9877744506528,99.7768378907226));
#10938=CARTESIAN_POINT('Ctrl Pts',(108.75376526288,69.7431387808431,105.981053332458));
#10939=CARTESIAN_POINT('Ctrl Pts',(105.751494116984,70.1213335375102,109.088181984053));
#10940=CARTESIAN_POINT('Ctrl Pts',(105.745297840215,70.1221140774416,109.094594672397));
#10941=CARTESIAN_POINT('Ctrl Pts',(177.628890377556,60.7057218223255,34.7056574873042));
#10942=CARTESIAN_POINT('Ctrl Pts',(171.628172972427,61.4854502110827,40.9156090689504));
#10943=CARTESIAN_POINT('Ctrl Pts',(162.661380670276,62.6526515589821,50.195027139704));
#10944=CARTESIAN_POINT('Ctrl Pts',(150.675936226037,64.2109930365447,62.598368351296));
#10945=CARTESIAN_POINT('Ctrl Pts',(141.695399582713,65.3791530281067,71.8920220633346));
#10946=CARTESIAN_POINT('Ctrl Pts',(132.710300734626,66.5476312254401,81.1904010590139));
#10947=CARTESIAN_POINT('Ctrl Pts',(123.727865170532,67.7159236633911,90.4860215699379));
#10948=CARTESIAN_POINT('Ctrl Pts',(114.742873805302,68.8843943639844,99.7842892407176));
#10949=CARTESIAN_POINT('Ctrl Pts',(108.749374642522,69.6639927839343,105.986759114833));
#10950=CARTESIAN_POINT('Ctrl Pts',(105.747777728782,70.0543168322928,109.093011932899));
#10951=CARTESIAN_POINT('Ctrl Pts',(105.741582838471,70.0551224059375,109.099422818886));
#10952=CARTESIAN_POINT('',(177.628890377555,60.7057218223259,34.7056574873054));
#10953=CARTESIAN_POINT('',(110.73775017134,69.4053490612092,103.929056543616));
#10954=CARTESIAN_POINT('Ctrl Pts',(177.628890377555,60.705721822326,34.7056574873054));
#10955=CARTESIAN_POINT('Ctrl Pts',(171.628172972427,61.485450211083,40.9156090689512));
#10956=CARTESIAN_POINT('Ctrl Pts',(165.650311437659,62.2635844430158,47.1018877827865));
#10957=CARTESIAN_POINT('Ctrl Pts',(159.662542777991,63.0424096795143,53.2984277579287));
#10958=CARTESIAN_POINT('Ctrl Pts',(156.668658448157,63.4318222977635,56.3966977455));
#10959=CARTESIAN_POINT('Ctrl Pts',(153.672297337097,63.8214076671542,59.497533048398));
#10960=CARTESIAN_POINT('Ctrl Pts',(150.677360674346,64.2108936837765,62.5968929851867));
#10961=CARTESIAN_POINT('Ctrl Pts',(147.682424011596,64.6003797003988,65.6962529219755));
#10962=CARTESIAN_POINT('Ctrl Pts',(144.688911797155,64.9897663642528,68.794137492655));
#10963=CARTESIAN_POINT('Ctrl Pts',(141.694639215253,65.379206062402,71.892809610608));
#10964=CARTESIAN_POINT('Ctrl Pts',(138.700366633351,65.7686457605512,74.991481728561));
#10965=CARTESIAN_POINT('Ctrl Pts',(135.705333683988,66.1581384929957,78.0909413937874));
#10966=CARTESIAN_POINT('Ctrl Pts',(132.710744615291,66.5476002655431,81.1899413115547));
#10967=CARTESIAN_POINT('Ctrl Pts',(129.716155546594,66.9370620380905,84.2889412293219));
#10968=CARTESIAN_POINT('Ctrl Pts',(126.722010358563,67.3264928507408,87.3874813996299));
#10969=CARTESIAN_POINT('Ctrl Pts',(123.727439203676,67.7159533738315,90.4864627632472));
#10970=CARTESIAN_POINT('Ctrl Pts',(120.732868048789,68.1054138969222,93.5854441268644));
#10971=CARTESIAN_POINT('Ctrl Pts',(117.737870927046,68.4949041304533,96.684866683791));
#10972=CARTESIAN_POINT('Ctrl Pts',(114.743545384153,68.8843475225383,99.7835936558583));
#10973=CARTESIAN_POINT('Ctrl Pts',(113.408247570511,69.0580169858412,101.165448531556));
#10974=CARTESIAN_POINT('Ctrl Pts',(112.073083310365,69.2316771340222,102.547165079805));
#10975=CARTESIAN_POINT('Ctrl Pts',(110.737838340794,69.4053429115439,103.928965222488));
#10976=CARTESIAN_POINT('Ctrl Pts',(177.628890377556,60.7057218223255,34.7056574873042));
#10977=CARTESIAN_POINT('Ctrl Pts',(177.648702517794,61.0632979799193,34.679904432009));
#10978=CARTESIAN_POINT('Ctrl Pts',(177.78267617609,62.1809034572173,34.6751048233023));
#10979=CARTESIAN_POINT('Ctrl Pts',(178.487106773991,64.1236253744947,35.1621356776075));
#10980=CARTESIAN_POINT('Ctrl Pts',(180.007399425812,65.7586457580133,36.5463274224007));
#10981=CARTESIAN_POINT('Ctrl Pts',(181.110823016833,66.0760607253871,37.6641735124031));
#10982=CARTESIAN_POINT('Ctrl Pts',(181.60646142534,66.0847679343961,38.1837238463199));
#10983=CARTESIAN_POINT('Ctrl Pts',(110.737838340794,69.4053429115439,103.928965222488));
#10984=CARTESIAN_POINT('Ctrl Pts',(109.078876267141,69.6211122609634,105.645769316358));
#10985=CARTESIAN_POINT('Ctrl Pts',(107.419789605761,69.8368903001584,107.362702451422));
#10986=CARTESIAN_POINT('Ctrl Pts',(105.76016742127,70.0527056911506,109.080190252209));
#10987=CARTESIAN_POINT('Origin',(185.099645976663,69.5219816650402,26.831739892977));
#10988=CARTESIAN_POINT('',(115.985528564531,66.0000009238719,98.5379988316187));
#10989=CARTESIAN_POINT('',(149.743469990736,66.0000009238719,63.539034971211));
#10990=CARTESIAN_POINT('',(119.238565048471,62.000000923872,95.2236830479318));
#10991=CARTESIAN_POINT('Origin',(115.997755942084,62.000000923872,98.583632025889));
#10992=CARTESIAN_POINT('',(119.290407669167,45.0404785824356,95.4171623423663));
#10993=CARTESIAN_POINT('',(119.275212364131,50.0113907737419,95.3604526919347));
#10994=CARTESIAN_POINT('',(153.879812081533,45.0404785824356,59.5561689335171));
#10995=CARTESIAN_POINT('',(135.109723689534,45.0404785824356,79.0162905385119));
#10996=CARTESIAN_POINT('',(153.878921317341,45.1422626697977,59.5556086847716));
#10997=CARTESIAN_POINT('',(153.846568161258,48.8391293542822,59.5352600725699));
#10998=CARTESIAN_POINT('',(168.063187212908,45.1422626697977,44.8498953476423));
#10999=CARTESIAN_POINT('',(178.463353394678,45.1422626697977,34.0673942542719));
#11000=CARTESIAN_POINT('',(177.841377084589,45.1422626698852,34.7122358968322));
#11001=CARTESIAN_POINT('',(178.463353394678,45.1422626697977,34.0673942542719));
#11002=CARTESIAN_POINT('',(178.061777442646,60.0377277026507,34.2665941588704));
#11003=CARTESIAN_POINT('Ctrl Pts',(177.84137708376,45.1422627645505,34.7122358963137));
#11004=CARTESIAN_POINT('Ctrl Pts',(177.883227476834,47.9710927489691,34.6276096577453));
#11005=CARTESIAN_POINT('Ctrl Pts',(177.946154848215,52.2242099187391,34.5003690261727));
#11006=CARTESIAN_POINT('Ctrl Pts',(178.019648100043,57.1863407867948,34.3518384259324));
#11007=CARTESIAN_POINT('Ctrl Pts',(178.05122476874,59.3272049453001,34.2878924338311));
#11008=CARTESIAN_POINT('Ctrl Pts',(178.061777442646,60.0377277026507,34.2665941588704));
#11009=CARTESIAN_POINT('Ctrl Pts',(178.061777442675,60.0377277026559,34.2665941588404));
#11010=CARTESIAN_POINT('Ctrl Pts',(178.063894803776,60.1802918775589,34.2623207264069));
#11011=CARTESIAN_POINT('Ctrl Pts',(177.984279763327,60.5167272971466,34.3399582116063));
#11012=CARTESIAN_POINT('Ctrl Pts',(177.761084841593,60.6885445102652,34.5688536421134));
#11013=CARTESIAN_POINT('Ctrl Pts',(177.628890377555,60.7057218223255,34.7056574873053));
#11014=CARTESIAN_POINT('Origin',(117.159831336965,66.0000009238719,102.920556441809));
#11015=CARTESIAN_POINT('',(120.006840833092,66.0000009238719,113.545740530989));
#11016=CARTESIAN_POINT('',(68.8127712769205,66.000000923872,127.263150125828));
#11017=CARTESIAN_POINT('',(118.71274560758,66.0000009238719,108.716111399543));
#11018=CARTESIAN_POINT('Origin',(68.8127712769205,62.000000923872,127.263150125828));
#11019=CARTESIAN_POINT('',(121.042117013502,62.000000923872,117.409443836145));
#11020=CARTESIAN_POINT('',(69.8480474573306,62.000000923872,131.126853430984));
#11021=CARTESIAN_POINT('Origin',(120.006840833092,62.000000923872,113.545740530989));
#11022=CARTESIAN_POINT('Origin',(95.4450822354165,46.0000006854534,124.268148633564));
#11023=CARTESIAN_POINT('',(121.042117013502,27.9999990761281,117.409443836145));
#11024=CARTESIAN_POINT('',(69.8480474573306,27.999999076128,131.126853430984));
#11025=CARTESIAN_POINT('',(121.042117013502,38.0000005662441,117.409443836145));
#11026=CARTESIAN_POINT('Origin',(68.8127712769205,27.999999076128,127.263150125828));
#11027=CARTESIAN_POINT('',(121.00924268346,26.9999990612268,117.286755166161));
#11028=CARTESIAN_POINT('',(69.8151731272881,26.9999990612268,131.004164761));
#11029=CARTESIAN_POINT('Origin',(120.006840833092,27.9999990761281,113.545740530989));
#11030=CARTESIAN_POINT('Origin',(182.220783721245,20.5184969173954,24.0549587351084));
#11031=CARTESIAN_POINT('',(114.789474740812,27.9999990761281,94.0742651929123));
#11032=CARTESIAN_POINT('',(146.893448938346,27.9999990761281,60.7900723409527));
#11033=CARTESIAN_POINT('',(114.841441098236,45.,94.2682062791008));
#11034=CARTESIAN_POINT('',(114.826203702808,40.0153185792835,94.2113395451891));
#11035=CARTESIAN_POINT('',(152.325827671813,45.,55.4058042607182));
#11036=CARTESIAN_POINT('',(132.230861434116,45.,76.2395093806432));
#11037=CARTESIAN_POINT('',(152.329576596993,44.8577373302029,55.3998436792158));
#11038=CARTESIAN_POINT('',(152.790472058276,27.3678660541995,54.6670456559904));
#11039=CARTESIAN_POINT('',(152.800166139195,26.9999990612268,54.6516326091471));
#11040=CARTESIAN_POINT('',(152.673363803591,31.8118419052342,54.8532412355637));
#11041=CARTESIAN_POINT('',(129.873146823452,26.9999990612268,78.4215038322683));
#11042=CARTESIAN_POINT('Origin',(117.159831336965,27.9999990761281,102.920556441809));
#11043=CARTESIAN_POINT('',(120.006840833092,27.9999990761281,113.545740530989));
#11044=CARTESIAN_POINT('',(68.8127712769205,27.999999076128,127.263150125828));
#11045=CARTESIAN_POINT('',(118.71274560758,27.9999990761281,108.716111399543));
#11046=CARTESIAN_POINT('Origin',(94.4098060550064,46.0000006854534,120.404445328408));
#11047=CARTESIAN_POINT('',(120.006840833092,62.000000923872,113.545740530989));
#11048=CARTESIAN_POINT('',(68.8127712769205,62.000000923872,127.263150125828));
#11049=CARTESIAN_POINT('',(120.006840833092,38.0000005662441,113.545740530989));
#11050=CARTESIAN_POINT('Origin',(117.159831336965,62.000000923872,102.920556441809));
#11051=CARTESIAN_POINT('',(114.789474740812,62.000000923872,94.0742651929123));
#11052=CARTESIAN_POINT('',(146.893448938346,62.0000009238719,60.7900723409527));
#11053=CARTESIAN_POINT('',(118.71274560758,62.000000923872,108.716111399543));
#11054=CARTESIAN_POINT('Origin',(46.3989097134763,26.9999990612268,102.765161653373));
#11055=CARTESIAN_POINT('',(152.329576596993,26.9999990612268,55.3998436792158));
#11056=CARTESIAN_POINT('',(126.643229026507,26.9999990612268,96.2397006635509));
#11057=CARTESIAN_POINT('',(165.617379011053,26.9999990612268,41.6235499590975));
#11058=CARTESIAN_POINT('',(121.612876790748,26.9999990612268,87.2457626248313));
#11059=CARTESIAN_POINT('',(165.88428751344,26.9999990612268,41.1991803582633));
#11060=CARTESIAN_POINT('',(134.943486820897,26.9999990612268,90.3933241265345));
#11061=CARTESIAN_POINT('',(175.085201738541,26.9999990612268,31.976936772152));
#11062=CARTESIAN_POINT('Ctrl Pts',(175.08520173854,26.9999990612269,31.9769367721524));
#11063=CARTESIAN_POINT('Ctrl Pts',(174.994231855977,26.9999990612269,32.0672138595135));
#11064=CARTESIAN_POINT('Ctrl Pts',(174.921447741091,27.0000120891036,32.1394609376735));
#11065=CARTESIAN_POINT('Ctrl Pts',(174.845166591066,27.0000238898861,32.2151951685343));
#11066=CARTESIAN_POINT('Ctrl Pts',(174.825186863849,27.0000269807731,32.235031645477));
#11067=CARTESIAN_POINT('Ctrl Pts',(174.804967339391,27.0000298154526,32.2551075337302));
#11068=CARTESIAN_POINT('Ctrl Pts',(174.784118639472,27.0000317800689,32.275809841024));
#11069=CARTESIAN_POINT('Ctrl Pts',(174.684247041559,27.0000411911769,32.3749801738465));
#11070=CARTESIAN_POINT('Ctrl Pts',(174.58391091982,27.0000486293678,32.4746437188512));
#11071=CARTESIAN_POINT('Ctrl Pts',(174.483410002699,27.0000577722138,32.5745022088757));
#11072=CARTESIAN_POINT('Ctrl Pts',(174.283390039189,27.0000759685822,32.7732435945574));
#11073=CARTESIAN_POINT('Ctrl Pts',(174.082766088055,27.0000902306732,32.9727127809312));
#11074=CARTESIAN_POINT('Ctrl Pts',(173.883153268089,27.000095895454,33.1713054647264));
#11075=CARTESIAN_POINT('Ctrl Pts',(173.483934808933,27.0001072248119,33.5684836882385));
#11076=CARTESIAN_POINT('Ctrl Pts',(173.085912088134,27.0001020441801,33.9649799542329));
#11077=CARTESIAN_POINT('Ctrl Pts',(172.687394313614,27.0000946338525,34.3624789817587));
#11078=CARTESIAN_POINT('Ctrl Pts',(172.124518984336,27.0000841673417,34.9239154102227));
#11079=CARTESIAN_POINT('Ctrl Pts',(171.561110979015,27.0000515978311,35.4869081536312));
#11080=CARTESIAN_POINT('Ctrl Pts',(170.998350442469,27.0000101984534,36.0502970420047));
#11081=CARTESIAN_POINT('Ctrl Pts',(170.770918738793,26.999993467481,36.2779826851762));
#11082=CARTESIAN_POINT('Ctrl Pts',(170.543592306442,26.9999753403962,36.5057333407836));
#11083=CARTESIAN_POINT('Ctrl Pts',(170.316447000897,26.9999568757562,36.7334738113442));
#11084=CARTESIAN_POINT('Ctrl Pts',(169.776727057059,26.9999130019265,37.2746079267327));
#11085=CARTESIAN_POINT('Ctrl Pts',(169.237470560768,26.9998700887996,37.816244095855));
#11086=CARTESIAN_POINT('Ctrl Pts',(168.698761193251,26.9998365797022,38.3583162431778));
#11087=CARTESIAN_POINT('Ctrl Pts',(168.178205569303,26.9998041998139,38.8821213260094));
#11088=CARTESIAN_POINT('Ctrl Pts',(167.658160904649,26.9997806150235,39.4063334431458));
#11089=CARTESIAN_POINT('Ctrl Pts',(167.138670900153,26.99976629534,39.9309281462939));
#11090=CARTESIAN_POINT('Ctrl Pts',(166.720236162496,26.9997547612336,40.3534745766168));
#11091=CARTESIAN_POINT('Ctrl Pts',(166.3021607427,26.9997491169285,40.7762698258575));
#11092=CARTESIAN_POINT('Ctrl Pts',(165.884450978805,26.9997459254222,41.1993191146266));
#11093=CARTESIAN_POINT('',(186.677573044636,26.9999990612269,30.4206426413055));
#11094=CARTESIAN_POINT('Ctrl Pts',(186.677573044636,26.9999990612268,30.4206426413056));
#11095=CARTESIAN_POINT('Ctrl Pts',(185.939643169978,26.9999990612268,29.956519487045));
#11096=CARTESIAN_POINT('Ctrl Pts',(185.138077513389,26.9999990612278,29.6025378241969));
#11097=CARTESIAN_POINT('Ctrl Pts',(183.414625113949,26.9999990612278,29.1244006727068));
#11098=CARTESIAN_POINT('Ctrl Pts',(182.499376397508,26.9999990613307,29.0159679561774));
#11099=CARTESIAN_POINT('Ctrl Pts',(180.616866743511,26.9999990613307,29.0796137959692));
#11100=CARTESIAN_POINT('Ctrl Pts',(179.664554239227,26.9999990612268,29.2664780644466));
#11101=CARTESIAN_POINT('Ctrl Pts',(178.139051824537,26.9999990612268,29.8234472819928));
#11102=CARTESIAN_POINT('Ctrl Pts',(177.550851297026,26.9999990612267,30.1120330545467));
#11103=CARTESIAN_POINT('Ctrl Pts',(176.299092379276,26.9999990612267,30.8896657272043));
#11104=CARTESIAN_POINT('Ctrl Pts',(175.659444786883,26.9999990612268,31.4070669605081));
#11105=CARTESIAN_POINT('Ctrl Pts',(175.085201738541,26.9999990612268,31.976936772152));
#11106=CARTESIAN_POINT('',(206.75949838745,26.9999990612268,43.0512283565766));
#11107=CARTESIAN_POINT('',(221.573091193275,26.9999990612268,52.3682809046309));
#11108=CARTESIAN_POINT('',(212.275388751924,26.9999990612268,66.535222341883));
#11109=CARTESIAN_POINT('Ctrl Pts',(212.275336094263,27.0000098739249,66.5351898549407));
#11110=CARTESIAN_POINT('Ctrl Pts',(212.468371015298,27.0000095391912,66.2192522292358));
#11111=CARTESIAN_POINT('Ctrl Pts',(212.650629504383,27.0000064582939,65.8974923164702));
#11112=CARTESIAN_POINT('Ctrl Pts',(212.822067433523,27.0000022240027,65.5705150933));
#11113=CARTESIAN_POINT('Ctrl Pts',(212.99540913686,26.9999979426908,65.2399068719989));
#11114=CARTESIAN_POINT('Ctrl Pts',(213.157688853245,26.9999924962674,64.9039643540391));
#11115=CARTESIAN_POINT('Ctrl Pts',(213.308818010699,26.999987293649,64.5632811594605));
#11116=CARTESIAN_POINT('Ctrl Pts',(213.461096529492,26.9999820514638,64.2200070148664));
#11117=CARTESIAN_POINT('Ctrl Pts',(213.602054462466,26.9999770715637,63.8719192997644));
#11118=CARTESIAN_POINT('Ctrl Pts',(213.731554471028,26.9999733374396,63.5196007035373));
#11119=CARTESIAN_POINT('Ctrl Pts',(213.860845041012,26.9999696093547,63.1678519073177));
#11120=CARTESIAN_POINT('Ctrl Pts',(213.978714878576,26.9999671371815,62.8118853559124));
#11121=CARTESIAN_POINT('Ctrl Pts',(214.084978144997,26.9999662288408,62.4522645344415));
#11122=CARTESIAN_POINT('Ctrl Pts',(214.190024477448,26.9999653309025,62.096762114455));
#11123=CARTESIAN_POINT('Ctrl Pts',(214.283728636346,26.999965973459,61.737688105441));
#11124=CARTESIAN_POINT('Ctrl Pts',(214.365861339318,26.9999676034351,61.3755789291497));
#11125=CARTESIAN_POINT('Ctrl Pts',(214.443805692106,26.9999691502908,61.0319354794209));
#11126=CARTESIAN_POINT('Ctrl Pts',(214.511328434694,26.9999715902083,60.6855580917768));
#11127=CARTESIAN_POINT('Ctrl Pts',(214.568190176605,26.9999735757773,60.3369050407954));
#11128=CARTESIAN_POINT('Ctrl Pts',(214.624128812785,26.9999755291121,59.9939120983288));
#11129=CARTESIAN_POINT('Ctrl Pts',(214.669585448979,26.9999777124192,59.6497235500557));
#11130=CARTESIAN_POINT('Ctrl Pts',(214.704476726417,26.999979445935,59.3048021993347));
#11131=CARTESIAN_POINT('Ctrl Pts',(214.742152324056,26.9999813177852,58.9323561617701));
#11132=CARTESIAN_POINT('Ctrl Pts',(214.767509882895,26.999982683122,58.5590554499972));
#11133=CARTESIAN_POINT('Ctrl Pts',(214.780620760958,26.999983966262,58.1855268108694));
#11134=CARTESIAN_POINT('Ctrl Pts',(214.793758828978,26.9999852520631,57.8112235304773));
#11135=CARTESIAN_POINT('Ctrl Pts',(214.794599395612,26.999986467488,57.436690797506));
#11136=CARTESIAN_POINT('Ctrl Pts',(214.783162322756,26.9999872239319,57.0625527688429));
#11137=CARTESIAN_POINT('Ctrl Pts',(214.771780708997,26.9999879767076,56.6902289593619));
#11138=CARTESIAN_POINT('Ctrl Pts',(214.74824021518,26.9999882859572,56.3182954627947));
#11139=CARTESIAN_POINT('Ctrl Pts',(214.712509079496,26.9999867900508,55.9473695910346));
#11140=CARTESIAN_POINT('Ctrl Pts',(214.697628708561,26.9999861670748,55.7928960638027));
#11141=CARTESIAN_POINT('Ctrl Pts',(214.680633454095,26.9999852183466,55.6385973682598));
#11142=CARTESIAN_POINT('Ctrl Pts',(214.661518387565,26.9999837881118,55.4845185657397));
#11143=CARTESIAN_POINT('Ctrl Pts',(214.615420332863,26.9999803389458,55.1129408338044));
#11144=CARTESIAN_POINT('Ctrl Pts',(214.556997084096,26.9999741716063,54.7426407531607));
#11145=CARTESIAN_POINT('Ctrl Pts',(214.486406009812,26.999967677042,54.374186358595));
#11146=CARTESIAN_POINT('Ctrl Pts',(214.442073842553,26.9999635983661,54.1427919222146));
#11147=CARTESIAN_POINT('Ctrl Pts',(214.392941684989,26.9999593674232,53.9121257248707));
#11148=CARTESIAN_POINT('Ctrl Pts',(214.339038867855,26.9999553223388,53.6823326680122));
#11149=CARTESIAN_POINT('Ctrl Pts',(214.253718229966,26.9999489195346,53.3186023244745));
#11150=CARTESIAN_POINT('Ctrl Pts',(214.15671742684,26.9999441380583,52.9582081972194));
#11151=CARTESIAN_POINT('Ctrl Pts',(214.048336537911,26.9999417143868,52.6016838821882));
#11152=CARTESIAN_POINT('Ctrl Pts',(213.934889371359,26.9999391774205,52.2284937953894));
#11153=CARTESIAN_POINT('Ctrl Pts',(213.808973559943,26.9999392398336,51.8595431107419));
#11154=CARTESIAN_POINT('Ctrl Pts',(213.670873355004,26.9999417849049,51.4954506712789));
#11155=CARTESIAN_POINT('Ctrl Pts',(213.537872352022,26.9999442360022,51.1448019546583));
#11156=CARTESIAN_POINT('Ctrl Pts',(213.393569621967,26.999948991846,50.7986588597884));
#11157=CARTESIAN_POINT('Ctrl Pts',(213.23816817422,26.9999549644842,50.4575886402882));
#11158=CARTESIAN_POINT('Ctrl Pts',(213.083548187111,26.9999609070879,50.1182335460687));
#11159=CARTESIAN_POINT('Ctrl Pts',(212.917940620196,26.9999680611843,49.7838999218169));
#11160=CARTESIAN_POINT('Ctrl Pts',(212.741498936115,26.9999742892244,49.4551684747001));
#11161=CARTESIAN_POINT('Ctrl Pts',(212.56729698991,26.9999804382061,49.1306099206116));
#11162=CARTESIAN_POINT('Ctrl Pts',(212.382533995335,26.9999856895852,48.8115117661836));
#11163=CARTESIAN_POINT('Ctrl Pts',(212.18731558937,26.9999868578407,48.4984614652404));
#11164=CARTESIAN_POINT('Ctrl Pts',(212.159949567612,26.9999870216086,48.4545775839805));
#11165=CARTESIAN_POINT('Ctrl Pts',(212.132378022919,26.9999871032337,48.410812601159));
#11166=CARTESIAN_POINT('Ctrl Pts',(212.104601183224,26.9999870920503,48.3671681885511));
#11167=CARTESIAN_POINT('Ctrl Pts',(211.942676637004,26.9999870268568,48.1127439349567));
#11168=CARTESIAN_POINT('Ctrl Pts',(211.773776772434,26.9999838471592,47.8624156925251));
#11169=CARTESIAN_POINT('Ctrl Pts',(211.598099466285,26.9999797338982,47.6164249562405));
#11170=CARTESIAN_POINT('Ctrl Pts',(211.382268668586,26.9999746804942,47.3142096160671));
#11171=CARTESIAN_POINT('Ctrl Pts',(211.156885930741,26.9999690478084,47.0194869031077));
#11172=CARTESIAN_POINT('Ctrl Pts',(210.922467180753,26.9999645903983,46.732601063779));
#11173=CARTESIAN_POINT('Ctrl Pts',(210.685826386869,26.9999600907366,46.442995847574));
#11174=CARTESIAN_POINT('Ctrl Pts',(210.439977137675,26.9999567926515,46.1613763571833));
#11175=CARTESIAN_POINT('Ctrl Pts',(210.185403436688,26.9999555765017,45.8881221362657));
#11176=CARTESIAN_POINT('Ctrl Pts',(209.929666961216,26.9999543547971,45.6136198169196));
#11177=CARTESIAN_POINT('Ctrl Pts',(209.665125782073,26.9999552374118,45.3475589370561));
#11178=CARTESIAN_POINT('Ctrl Pts',(209.392228960404,26.9999581346204,45.090356140654));
#11179=CARTESIAN_POINT('Ctrl Pts',(209.120212663633,26.999961022481,44.833983231037));
#11180=CARTESIAN_POINT('Ctrl Pts',(208.839894144577,26.9999659140225,44.5864109525982));
#11181=CARTESIAN_POINT('Ctrl Pts',(208.551682848354,26.9999717082762,44.3480894862035));
#11182=CARTESIAN_POINT('Ctrl Pts',(208.267379532542,26.9999774239632,44.1129995226487));
#11183=CARTESIAN_POINT('Ctrl Pts',(207.975395597191,26.999984018288,43.8869109055473));
#11184=CARTESIAN_POINT('Ctrl Pts',(207.676096033564,26.9999894336542,43.6702972633902));
#11185=CARTESIAN_POINT('Ctrl Pts',(207.377721189251,26.9999948322889,43.4543528731896));
#11186=CARTESIAN_POINT('Ctrl Pts',(207.072075482615,26.9999990612268,43.2478246353557));
#11187=CARTESIAN_POINT('Ctrl Pts',(206.75949838745,26.9999990612268,43.0512283565766));
#11188=CARTESIAN_POINT('',(185.200755411936,26.9999990612268,110.198261886547));
#11189=CARTESIAN_POINT('Origin',(176.735845237178,26.9999990612268,104.874231859088));
#11190=CARTESIAN_POINT('',(163.885573294023,26.9999990612268,144.088210113006));
#11191=CARTESIAN_POINT('',(156.54622137308,26.9999990612268,155.757369458706));
#11192=CARTESIAN_POINT('',(155.610698183097,26.9999990612268,150.035003854458));
#11193=CARTESIAN_POINT('',(111.382807276128,26.9999990612268,181.819670247295));
#11194=CARTESIAN_POINT('',(149.774837731583,26.9999990612268,141.914490767808));
#11195=CARTESIAN_POINT('',(155.610698183097,26.9999990612268,150.035003854458));
#11196=CARTESIAN_POINT('',(113.550308014036,26.9999990612268,167.9474886951));
#11197=CARTESIAN_POINT('',(115.668682259431,26.9999990612268,166.425105029402));
#11198=CARTESIAN_POINT('',(116.77089035826,26.9999990612268,167.9474886951));
#11199=CARTESIAN_POINT('',(-38.0858568685066,26.9999990612268,177.9474886951));
#11200=CARTESIAN_POINT('',(-38.0858568685066,26.9999990612268,173.9474886951));
#11201=CARTESIAN_POINT('',(112.262075076347,26.9999990612268,163.9474886951));
#11202=CARTESIAN_POINT('',(116.77089035826,26.9999990612268,163.9474886951));
#11203=CARTESIAN_POINT('',(147.440493550978,26.9999990612268,138.666285533148));
#11204=CARTESIAN_POINT('',(113.334338078825,26.9999990612268,163.176899794742));
#11205=CARTESIAN_POINT('',(153.023042966244,26.9999990612268,139.580146587202));
#11206=CARTESIAN_POINT('Origin',(149.774837731583,26.9999990612268,141.914490767808));
#11207=CARTESIAN_POINT('',(156.524559237152,26.9999990612268,144.452454439193));
#11208=CARTESIAN_POINT('',(158.858903417757,26.9999990612268,147.700659673853));
#11209=CARTESIAN_POINT('',(160.916049992734,26.9999990612268,141.296480555496));
#11210=CARTESIAN_POINT('',(109.048463095523,26.9999990612268,178.571465012635));
#11211=CARTESIAN_POINT('',(181.814791342033,26.9999990612269,108.068649875564));
#11212=CARTESIAN_POINT('',(153.160257303177,26.9999990612268,153.627757447722));
#11213=CARTESIAN_POINT('',(208.862067090653,26.9999990612268,64.4497403264484));
#11214=CARTESIAN_POINT('Ctrl Pts',(181.814791342033,26.9999990612268,108.068649875564));
#11215=CARTESIAN_POINT('Ctrl Pts',(191.024157507997,26.9999990612268,93.4262723984912));
#11216=CARTESIAN_POINT('Ctrl Pts',(200.139415851593,26.9999990612268,78.726159014138));
#11217=CARTESIAN_POINT('Ctrl Pts',(208.862067090653,26.9999990612268,64.4497403264483));
#11218=CARTESIAN_POINT('',(204.629886376466,26.9999990612268,46.4371924264795));
#11219=CARTESIAN_POINT('Ctrl Pts',(208.862067090653,26.9999990612268,64.4497403264484));
#11220=CARTESIAN_POINT('Ctrl Pts',(209.084278325262,26.9999990612268,64.0860457873184));
#11221=CARTESIAN_POINT('Ctrl Pts',(209.288685801253,26.9999990612269,63.7117694117086));
#11222=CARTESIAN_POINT('Ctrl Pts',(209.84701222518,26.9999990612269,62.5597563079995));
#11223=CARTESIAN_POINT('Ctrl Pts',(210.143753167653,26.9999990612268,61.7568472167626));
#11224=CARTESIAN_POINT('Ctrl Pts',(210.577980374254,26.9999990612268,60.1028760063127));
#11225=CARTESIAN_POINT('Ctrl Pts',(210.714040816454,26.9999990612139,59.2556551229783));
#11226=CARTESIAN_POINT('Ctrl Pts',(210.793218934699,26.9999990612139,57.9751544556396));
#11227=CARTESIAN_POINT('Ctrl Pts',(210.798820383146,26.9999990612326,57.5480402534065));
#11228=CARTESIAN_POINT('Ctrl Pts',(210.768480175587,26.9999990612326,56.694213953728));
#11229=CARTESIAN_POINT('Ctrl Pts',(210.732501350874,26.9999990612072,56.2680105962088));
#11230=CARTESIAN_POINT('Ctrl Pts',(210.619132060513,26.9999990612072,55.4200391024878));
#11231=CARTESIAN_POINT('Ctrl Pts',(210.541752594846,26.9999990612274,54.998782625942));
#11232=CARTESIAN_POINT('Ctrl Pts',(210.346568299679,26.9999990612274,54.1667043578196));
#11233=CARTESIAN_POINT('Ctrl Pts',(210.229015245898,26.9999990612224,53.7563437566796));
#11234=CARTESIAN_POINT('Ctrl Pts',(209.971416178635,26.9999990612224,52.9982683864829));
#11235=CARTESIAN_POINT('Ctrl Pts',(209.836045096858,26.999999061227,52.6494100162095));
#11236=CARTESIAN_POINT('Ctrl Pts',(209.423293895352,26.999999061227,51.7068135509193));
#11237=CARTESIAN_POINT('Ctrl Pts',(209.116194467835,26.9999990612149,51.127267107286));
#11238=CARTESIAN_POINT('Ctrl Pts',(208.242768852485,26.9999990612149,49.7396873655451));
#11239=CARTESIAN_POINT('Ctrl Pts',(207.626503296935,26.9999990612519,48.967809114542));
#11240=CARTESIAN_POINT('Ctrl Pts',(206.582808505192,26.9999990612519,47.9247321594625));
#11241=CARTESIAN_POINT('Ctrl Pts',(206.216428985773,26.9999990612265,47.5973495977892));
#11242=CARTESIAN_POINT('Ctrl Pts',(205.447980078384,26.9999990612265,46.9842848772587));
#11243=CARTESIAN_POINT('Ctrl Pts',(205.046430555623,26.9999990612268,46.6991791070011));
#11244=CARTESIAN_POINT('Ctrl Pts',(204.629886376466,26.9999990612268,46.4371924264795));
#11245=CARTESIAN_POINT('',(184.547961033652,26.9999990612268,33.8066067112084));
#11246=CARTESIAN_POINT('',(219.443479182291,26.9999990612268,55.7542449745338));
#11247=CARTESIAN_POINT('',(177.902796950313,26.9999990612268,34.8161544852906));
#11248=CARTESIAN_POINT('Ctrl Pts',(184.547961033652,26.9999990612268,33.8066067112085));
#11249=CARTESIAN_POINT('Ctrl Pts',(184.411647042152,26.9999990612268,33.7208716273238));
#11250=CARTESIAN_POINT('Ctrl Pts',(184.271247291822,26.9999990611714,33.6418179954064));
#11251=CARTESIAN_POINT('Ctrl Pts',(183.982918301131,26.9999990611714,33.497437145497));
#11252=CARTESIAN_POINT('Ctrl Pts',(183.835149978468,26.9999990612329,33.432232807852));
#11253=CARTESIAN_POINT('Ctrl Pts',(183.381951792446,26.9999990612329,33.2580425620117));
#11254=CARTESIAN_POINT('Ctrl Pts',(183.068860071313,26.9999990612047,33.1715953228789));
#11255=CARTESIAN_POINT('Ctrl Pts',(182.589446213754,26.9999990612047,33.088169634967));
#11256=CARTESIAN_POINT('Ctrl Pts',(182.4280974774,26.9999990612268,33.0681276336196));
#11257=CARTESIAN_POINT('Ctrl Pts',(181.939459099895,26.9999990612268,33.0313830912795));
#11258=CARTESIAN_POINT('Ctrl Pts',(181.611456026648,26.9999990612248,33.0388340201714));
#11259=CARTESIAN_POINT('Ctrl Pts',(180.982716459574,26.9999990612248,33.1141691887989));
#11260=CARTESIAN_POINT('Ctrl Pts',(180.683513203054,26.9999990612269,33.177740100777));
#11261=CARTESIAN_POINT('Ctrl Pts',(180.168121749229,26.9999990612269,33.3355771296252));
#11262=CARTESIAN_POINT('Ctrl Pts',(179.950289997736,26.9999990612268,33.4186064939047));
#11263=CARTESIAN_POINT('Ctrl Pts',(179.40731588133,26.9999990612268,33.6666127249704));
#11264=CARTESIAN_POINT('Ctrl Pts',(179.094775673816,26.999999061227,33.8493052057185));
#11265=CARTESIAN_POINT('Ctrl Pts',(178.640941921268,26.999999061227,34.1705485273853));
#11266=CARTESIAN_POINT('Ctrl Pts',(178.489283230621,26.9999990612268,34.2886350023227));
#11267=CARTESIAN_POINT('Ctrl Pts',(178.190958511148,26.9999990612268,34.5408918839856));
#11268=CARTESIAN_POINT('Ctrl Pts',(178.043740180465,26.9999990612268,34.6762846300934));
#11269=CARTESIAN_POINT('Ctrl Pts',(177.902796950313,26.9999990612268,34.8161544852905));
#11270=CARTESIAN_POINT('',(160.324464087413,26.9999990612268,52.6131097548211));
#11271=CARTESIAN_POINT('Ctrl Pts',(177.902796950313,26.9999990612269,34.8161544852906));
#11272=CARTESIAN_POINT('Ctrl Pts',(177.782607310308,26.9999990612269,34.9354288025133));
#11273=CARTESIAN_POINT('Ctrl Pts',(177.686936093177,26.9999964379343,35.030400748592));
#11274=CARTESIAN_POINT('Ctrl Pts',(177.585084856952,26.9999946834299,35.1315411794195));
#11275=CARTESIAN_POINT('Ctrl Pts',(177.483233620727,26.9999929289256,35.2326816102471));
#11276=CARTESIAN_POINT('Ctrl Pts',(177.375202365408,26.9999920432096,35.3399905258235));
#11277=CARTESIAN_POINT('Ctrl Pts',(177.268215120324,26.9999915889418,35.4462987439568));
#11278=CARTESIAN_POINT('Ctrl Pts',(177.054240630155,26.9999906804064,35.6589151802235));
#11279=CARTESIAN_POINT('Ctrl Pts',(176.844442180924,26.999991497664,35.867528826718));
#11280=CARTESIAN_POINT('Ctrl Pts',(176.634272118733,26.9999926284414,36.0766509818037));
#11281=CARTESIAN_POINT('Ctrl Pts',(176.213931994351,26.9999948899962,36.494895291975));
#11282=CARTESIAN_POINT('Ctrl Pts',(175.792105418133,26.9999984056298,36.9151736365108));
#11283=CARTESIAN_POINT('Ctrl Pts',(175.370530936496,27.0000001622222,37.3357770098855));
#11284=CARTESIAN_POINT('Ctrl Pts',(174.527381973223,27.000003675407,38.1769837566348));
#11285=CARTESIAN_POINT('Ctrl Pts',(173.685241388275,27.0000001524272,39.0194906187398));
#11286=CARTESIAN_POINT('Ctrl Pts',(172.844721051011,26.9999988162154,39.8627412009832));
#11287=CARTESIAN_POINT('Ctrl Pts',(172.004200713746,26.9999974800036,40.7059917832266));
#11288=CARTESIAN_POINT('Ctrl Pts',(171.165300624166,26.9999983305598,41.5499860856085));
#11289=CARTESIAN_POINT('Ctrl Pts',(170.327083365464,26.9999990679906,42.3957412666451));
#11290=CARTESIAN_POINT('Ctrl Pts',(166.974214330654,27.0000020177136,45.7787619907913));
#11291=CARTESIAN_POINT('Ctrl Pts',(163.63227058989,27.0000031574298,49.1899567734124));
#11292=CARTESIAN_POINT('Ctrl Pts',(160.324464087413,26.9999995940951,52.613109754821));
#11293=CARTESIAN_POINT('',(159.988212880292,26.9999990612268,52.9614034602547));
#11294=CARTESIAN_POINT('Ctrl Pts',(160.324454253719,26.9999950445977,52.6131233961747));
#11295=CARTESIAN_POINT('Ctrl Pts',(160.212276097535,26.9999985973237,52.7292111041714));
#11296=CARTESIAN_POINT('Ctrl Pts',(160.100193383107,26.9999990612269,52.8453062871004));
#11297=CARTESIAN_POINT('Ctrl Pts',(159.988212880292,26.9999990612269,52.9614034602547));
#11298=CARTESIAN_POINT('',(119.132599018851,26.9999990612268,95.3189671214495));
#11299=CARTESIAN_POINT('',(132.752303925366,26.9999990612268,81.1985693817198));
#11300=CARTESIAN_POINT('',(123.747855468265,26.9999990612268,112.543338680621));
#11301=CARTESIAN_POINT('',(122.453760242752,26.9999990612268,107.713709549176));
#11302=CARTESIAN_POINT('Origin',(120.006840833092,26.9999990612268,113.545740530989));
#11303=CARTESIAN_POINT('Origin',(182.220783721245,69.4815030826045,24.0549587351084));
#11304=CARTESIAN_POINT('',(174.750028122137,60.6652432398903,31.9288763294367));
#11305=CARTESIAN_POINT('',(110.73775017134,68.9904328567718,98.1730376600525));
#11306=CARTESIAN_POINT('Ctrl Pts',(174.750028122137,60.6652432398903,31.9288763294367));
#11307=CARTESIAN_POINT('Ctrl Pts',(171.749669419572,61.0551074342689,35.0338521202602));
#11308=CARTESIAN_POINT('Ctrl Pts',(165.768962765648,61.8334401082668,41.2230776538249));
#11309=CARTESIAN_POINT('Ctrl Pts',(158.278780260698,62.8073532939876,48.9744198917706));
#11310=CARTESIAN_POINT('Ctrl Pts',(152.29113738665,63.5861697571599,55.1708295850063));
#11311=CARTESIAN_POINT('Ctrl Pts',(147.799041091038,64.1703772509141,59.8195497570535));
#11312=CARTESIAN_POINT('Ctrl Pts',(143.307422842917,64.7545514016952,64.4677747935007));
#11313=CARTESIAN_POINT('Ctrl Pts',(138.815580783333,65.3387411629329,69.1162316416942));
#11314=CARTESIAN_POINT('Ctrl Pts',(134.323810896806,65.9229258902265,73.7646137369577));
#11315=CARTESIAN_POINT('Ctrl Pts',(129.832046301709,66.5071102484522,78.4129903516463));
#11316=CARTESIAN_POINT('Ctrl Pts',(125.340250991422,67.0912967490086,83.0613987794594));
#11317=CARTESIAN_POINT('Ctrl Pts',(120.848335616125,67.6754916238885,87.7099315640812));
#11318=CARTESIAN_POINT('Ctrl Pts',(116.356981779413,68.2596473324382,92.3578827375678));
#11319=CARTESIAN_POINT('Ctrl Pts',(112.986186124285,68.6980032413398,95.846206737834));
#11320=CARTESIAN_POINT('Ctrl Pts',(111.113365169152,68.9415808236083,97.7843263006208));
#11321=CARTESIAN_POINT('Ctrl Pts',(110.737750217803,68.9904336944545,98.1730375996705));
#11322=CARTESIAN_POINT('',(175.182915187228,59.9972491202151,31.4898130010017));
#11323=CARTESIAN_POINT('Ctrl Pts',(175.182915187228,59.9972491202151,31.4898130010017));
#11324=CARTESIAN_POINT('Ctrl Pts',(175.184326761296,60.0922919034837,31.4869640460455));
#11325=CARTESIAN_POINT('Ctrl Pts',(175.15587375225,60.2839940102969,31.5136685142934));
#11326=CARTESIAN_POINT('Ctrl Pts',(175.010056834995,60.5570562866149,31.6608654384248));
#11327=CARTESIAN_POINT('Ctrl Pts',(174.849175787109,60.6523590831244,31.8262715789001));
#11328=CARTESIAN_POINT('Ctrl Pts',(174.750031333696,60.6652428225663,31.928873005897));
#11329=CARTESIAN_POINT('',(174.961009010719,45.0000000000055,31.938499674449));
#11330=CARTESIAN_POINT('Ctrl Pts',(174.961009010719,45.,31.9384996744493));
#11331=CARTESIAN_POINT('Ctrl Pts',(175.003274445621,47.856894060384,31.8530340315022));
#11332=CARTESIAN_POINT('Ctrl Pts',(175.056127080266,51.4256302155123,31.7462150858375));
#11333=CARTESIAN_POINT('Ctrl Pts',(175.119540581981,55.7092173953963,31.6180262754433));
#11334=CARTESIAN_POINT('Ctrl Pts',(175.145943444387,57.4962655730697,31.5646020505729));
#11335=CARTESIAN_POINT('Ctrl Pts',(175.167096047957,58.9224402954853,31.5218817365317));
#11336=CARTESIAN_POINT('Ctrl Pts',(175.177624355363,59.6410117836934,31.5004913933066));
#11337=CARTESIAN_POINT('Ctrl Pts',(175.182915187228,59.9972491202151,31.4898130010018));
#11338=CARTESIAN_POINT('',(165.614340576919,45.,41.6287739302092));
#11339=CARTESIAN_POINT('',(132.230861434116,45.,76.2395093806432));
#11340=CARTESIAN_POINT('',(165.61469678297,45.0404785824356,41.6278145518346));
#11341=CARTESIAN_POINT('Origin',(179.48907372965,45.,27.2439724977293));
#11342=CARTESIAN_POINT('',(165.617379011053,45.1422626697977,41.6235499590975));
#11343=CARTESIAN_POINT('',(165.952716793293,57.8675228167109,41.0903816279227));
#11344=CARTESIAN_POINT('',(164.603972247822,45.1422626697977,42.6742119717601));
#11345=CARTESIAN_POINT('',(167.016584215152,45.1422626697977,40.1729066348121));
#11346=CARTESIAN_POINT('',(164.295149996032,45.1422626697977,42.994387266019));
#11347=CARTESIAN_POINT('',(167.016584215152,45.1422626697977,40.1729066348121));
#11348=CARTESIAN_POINT('',(152.329576596993,45.1422626697977,55.3998436792158));
#11349=CARTESIAN_POINT('',(167.016584215152,45.1422626697977,40.1729066348121));
#11350=CARTESIAN_POINT('',(152.572792696846,54.3717271276292,55.0131436742016));
#11351=CARTESIAN_POINT('',(114.826203702808,49.9846814207165,94.2113395451891));
#11352=CARTESIAN_POINT('Ctrl Pts',(110.737750217803,68.9904336944545,98.1730375996705));
#11353=CARTESIAN_POINT('Ctrl Pts',(109.616216484313,69.1363015371349,99.3336751965133));
#11354=CARTESIAN_POINT('Ctrl Pts',(106.997773379654,69.4768734016335,102.04341382116));
#11355=CARTESIAN_POINT('Ctrl Pts',(104.379026227557,69.8174664729066,104.753467361613));
#11356=CARTESIAN_POINT('Ctrl Pts',(102.88130534667,70.0122270961032,106.303408907059));
#11357=CARTESIAN_POINT('Ctrl Pts',(181.711741084044,70.0798770933689,38.0163350732353));
#11358=CARTESIAN_POINT('Ctrl Pts',(178.576735066094,70.2876517387176,41.0035726031079));
#11359=CARTESIAN_POINT('Ctrl Pts',(172.326733781397,70.7018053146562,46.9573216147744));
#11360=CARTESIAN_POINT('Ctrl Pts',(164.499932987983,71.220494627802,54.4143182003423));
#11361=CARTESIAN_POINT('Ctrl Pts',(158.242995483163,71.6351319929145,60.3752513716769));
#11362=CARTESIAN_POINT('Ctrl Pts',(153.548928214473,71.9462051631238,64.8473641522978));
#11363=CARTESIAN_POINT('Ctrl Pts',(148.855338993274,72.2572449903599,69.3189817973189));
#11364=CARTESIAN_POINT('Ctrl Pts',(144.161525960611,72.5683004280528,73.7908312540861));
#11365=CARTESIAN_POINT('Ctrl Pts',(139.467785101006,72.8793508318015,78.2626059579235));
#11366=CARTESIAN_POINT('Ctrl Pts',(134.774049532831,73.1904008664823,82.7343751811859));
#11367=CARTESIAN_POINT('Ctrl Pts',(130.080283249465,73.5014530434938,87.2061762175728));
#11368=CARTESIAN_POINT('Ctrl Pts',(125.38639690109,73.8125135948289,91.6781016107683));
#11369=CARTESIAN_POINT('Ctrl Pts',(120.6930720913,74.1235349798335,96.1494453928289));
#11370=CARTESIAN_POINT('Ctrl Pts',(115.998477748961,74.4346449125045,100.622104087677));
#11371=CARTESIAN_POINT('Ctrl Pts',(111.305545981926,74.7456388834669,105.093040777421));
#11372=CARTESIAN_POINT('Ctrl Pts',(108.170056092722,74.9534247633611,108.08024211271));
#11373=CARTESIAN_POINT('Ctrl Pts',(106.598535932488,75.057569760656,109.577484262382));
#11374=CARTESIAN_POINT('Ctrl Pts',(106.592062575414,75.0579987513198,109.583651651554));
#11375=CARTESIAN_POINT('Ctrl Pts',(180.844253793064,70.0646373681466,37.106996119754));
#11376=CARTESIAN_POINT('Ctrl Pts',(177.72614044436,70.2726991789811,40.1117121929083));
#11377=CARTESIAN_POINT('Ctrl Pts',(171.509617009348,70.6874474639167,46.1007112625157));
#11378=CARTESIAN_POINT('Ctrl Pts',(163.724805095076,71.2068707813333,53.6016355375871));
#11379=CARTESIAN_POINT('Ctrl Pts',(157.501400833752,71.6220991843599,59.5977659883224));
#11380=CARTESIAN_POINT('Ctrl Pts',(152.832509290246,71.9336139236792,64.096252153903));
#11381=CARTESIAN_POINT('Ctrl Pts',(148.164078730715,72.2450964508555,68.5942594415387));
#11382=CARTESIAN_POINT('Ctrl Pts',(143.495434601063,72.5565939097785,73.0924887833033));
#11383=CARTESIAN_POINT('Ctrl Pts',(138.826856582925,72.868086736464,77.5906491473464));
#11384=CARTESIAN_POINT('Ctrl Pts',(134.158288075751,73.1795789144496,82.0888000106531));
#11385=CARTESIAN_POINT('Ctrl Pts',(129.489684433746,73.4910735276556,86.5869868978143));
#11386=CARTESIAN_POINT('Ctrl Pts',(124.820966290176,73.8025761464978,91.0852928413752));
#11387=CARTESIAN_POINT('Ctrl Pts',(120.152804818642,74.114039921514,95.5830218102608));
#11388=CARTESIAN_POINT('Ctrl Pts',(115.483371794641,74.4255923780526,100.082067616278));
#11389=CARTESIAN_POINT('Ctrl Pts',(110.815619160894,74.7370276923044,104.579374444804));
#11390=CARTESIAN_POINT('Ctrl Pts',(107.696925828276,74.9451100164428,107.584215331453));
#11391=CARTESIAN_POINT('Ctrl Pts',(106.133827551371,75.0494031261183,109.090289484034));
#11392=CARTESIAN_POINT('Ctrl Pts',(106.127388897228,75.0498327261248,109.096493243048));
#11393=CARTESIAN_POINT('Ctrl Pts',(178.913105507893,69.5091367568113,35.1506037076786));
#11394=CARTESIAN_POINT('Ctrl Pts',(175.834191842122,69.7277940041405,38.1913106454124));
#11395=CARTESIAN_POINT('Ctrl Pts',(169.689775073996,70.1642406811103,44.2585806726839));
#11396=CARTESIAN_POINT('Ctrl Pts',(161.9996055091,70.7104214728999,51.8528366517838));
#11397=CARTESIAN_POINT('Ctrl Pts',(155.850408562472,71.1471777340326,57.9251382920074));
#11398=CARTESIAN_POINT('Ctrl Pts',(151.237683372592,71.4747971839485,62.4802422689254));
#11399=CARTESIAN_POINT('Ctrl Pts',(146.625193855541,71.8024024509919,67.0350925188915));
#11400=CARTESIAN_POINT('Ctrl Pts',(142.012604403107,72.1300135953007,71.5900512787291));
#11401=CARTESIAN_POINT('Ctrl Pts',(137.400030609123,72.4576240918459,76.1449914647509));
#11402=CARTESIAN_POINT('Ctrl Pts',(132.787492890736,72.7852318659808,80.6998956174173));
#11403=CARTESIAN_POINT('Ctrl Pts',(128.174904327881,73.1128432563739,85.2548514731465));
#11404=CARTESIAN_POINT('Ctrl Pts',(123.562214696151,73.44046168455,89.8099129892837));
#11405=CARTESIAN_POINT('Ctrl Pts',(118.950071793364,73.7680419677022,94.3644074422089));
#11406=CARTESIAN_POINT('Ctrl Pts',(114.336654304466,74.0957111329892,98.920221752988));
#11407=CARTESIAN_POINT('Ctrl Pts',(109.724948389035,74.4232610245043,103.474266017777));
#11408=CARTESIAN_POINT('Ctrl Pts',(106.643653884559,74.6421115586186,106.517052857159));
#11409=CARTESIAN_POINT('Ctrl Pts',(105.099305298765,74.7517990771268,108.042127499971));
#11410=CARTESIAN_POINT('Ctrl Pts',(105.092943894159,74.7522508967692,108.04840951012));
#11411=CARTESIAN_POINT('Ctrl Pts',(176.252184810859,66.6474384857378,32.7278926845473));
#11412=CARTESIAN_POINT('Ctrl Pts',(173.224608394372,66.9214344970645,35.815551981245));
#11413=CARTESIAN_POINT('Ctrl Pts',(167.18336366983,67.4685816846221,41.9763344964983));
#11414=CARTESIAN_POINT('Ctrl Pts',(159.621743028631,68.1531311999226,49.6878301330825));
#11415=CARTESIAN_POINT('Ctrl Pts',(153.575516267802,68.7005860312104,55.853815990338));
#11416=CARTESIAN_POINT('Ctrl Pts',(149.039978951983,69.1112274421208,60.479214256871));
#11417=CARTESIAN_POINT('Ctrl Pts',(144.50469054177,69.5218562275765,65.10434997893));
#11418=CARTESIAN_POINT('Ctrl Pts',(139.969296760057,69.9324899063782,69.7295972460526));
#11419=CARTESIAN_POINT('Ctrl Pts',(135.433919904163,70.3431235580238,74.3548258992028));
#11420=CARTESIAN_POINT('Ctrl Pts',(130.898579234586,70.753754035736,78.9800176526474));
#11421=CARTESIAN_POINT('Ctrl Pts',(126.363186198704,71.1643886302764,83.605263282801));
#11422=CARTESIAN_POINT('Ctrl Pts',(121.827694745649,71.5750296179989,88.230611174255));
#11423=CARTESIAN_POINT('Ctrl Pts',(117.292747492296,71.985633028667,92.8553951646797));
#11424=CARTESIAN_POINT('Ctrl Pts',(112.756524476228,72.3963255597668,97.4815004397563));
#11425=CARTESIAN_POINT('Ctrl Pts',(108.222022897389,72.8068967258147,102.105823547875));
#11426=CARTESIAN_POINT('Ctrl Pts',(105.192291026168,73.0812120869161,105.195576293698));
#11427=CARTESIAN_POINT('Ctrl Pts',(103.673780356642,73.2186885197074,106.744178161223));
#11428=CARTESIAN_POINT('Ctrl Pts',(103.667525390487,73.2192548061248,106.750557076471));
#11429=CARTESIAN_POINT('Ctrl Pts',(175.019241023114,63.2471864009829,31.8754524808869));
#11430=CARTESIAN_POINT('Ctrl Pts',(172.01488182873,63.5869922604441,34.9802316607482));
#11431=CARTESIAN_POINT('Ctrl Pts',(166.022133102296,64.265608896898,41.1731809505773));
#11432=CARTESIAN_POINT('Ctrl Pts',(158.519731937929,65.1145995567505,48.9262934932894));
#11433=CARTESIAN_POINT('Ctrl Pts',(152.521358984133,65.7935719976778,55.1250919674373));
#11434=CARTESIAN_POINT('Ctrl Pts',(148.021543850689,66.3028638484813,59.7752688009144));
#11435=CARTESIAN_POINT('Ctrl Pts',(143.522057330763,66.8121374386409,64.4251029512057));
#11436=CARTESIAN_POINT('Ctrl Pts',(139.022423646835,67.3214188332648,69.0750906620714));
#11437=CARTESIAN_POINT('Ctrl Pts',(134.522826918698,67.8306988442843,73.7250396246621));
#11438=CARTESIAN_POINT('Ctrl Pts',(130.023254829876,68.339976438957,78.3749632930706));
#11439=CARTESIAN_POINT('Ctrl Pts',(125.523639076719,68.8492576212271,83.0249320948975));
#11440=CARTESIAN_POINT('Ctrl Pts',(121.023915728538,69.3585457245074,87.6750123774212));
#11441=CARTESIAN_POINT('Ctrl Pts',(116.524744102239,69.8677958284392,92.3245212033685));
#11442=CARTESIAN_POINT('Ctrl Pts',(112.024299529195,70.3771349013928,96.9753484859946));
#11443=CARTESIAN_POINT('Ctrl Pts',(107.525550317563,70.8863540413482,101.62441979087));
#11444=CARTESIAN_POINT('Ctrl Pts',(104.519738277875,71.226568769262,104.730669674279));
#11445=CARTESIAN_POINT('Ctrl Pts',(103.013202829415,71.3970634082582,106.28754655362));
#11446=CARTESIAN_POINT('Ctrl Pts',(103.006997175993,71.3977657041455,106.293959570989));
#11447=CARTESIAN_POINT('Ctrl Pts',(174.784704167351,61.29108814405,31.8838022435931));
#11448=CARTESIAN_POINT('Ctrl Pts',(171.783729577612,61.6688406758627,34.9895931210735));
#11449=CARTESIAN_POINT('Ctrl Pts',(165.801644014405,62.4229691520189,41.1806010930892));
#11450=CARTESIAN_POINT('Ctrl Pts',(158.309805613302,63.3666182841761,48.9341012767207));
#11451=CARTESIAN_POINT('Ctrl Pts',(152.320810336195,64.1212271037545,55.1322659779825));
#11452=CARTESIAN_POINT('Ctrl Pts',(147.827712080099,64.6872772603146,59.7822896339136));
#11453=CARTESIAN_POINT('Ctrl Pts',(143.33508370658,65.2532951354158,64.4318266038474));
#11454=CARTESIAN_POINT('Ctrl Pts',(138.842236422078,65.8193279838452,69.08159031418));
#11455=CARTESIAN_POINT('Ctrl Pts',(134.349458410194,66.3853561754384,73.7312822731522));
#11456=CARTESIAN_POINT('Ctrl Pts',(129.856687708768,66.951383735437,78.3809666621246));
#11457=CARTESIAN_POINT('Ctrl Pts',(125.363884177395,67.51741371277,83.0306850527121));
#11458=CARTESIAN_POINT('Ctrl Pts',(120.870963243053,68.0834517182319,87.6805250452518));
#11459=CARTESIAN_POINT('Ctrl Pts',(116.378601518713,68.6494508601937,92.3297858364298));
#11460=CARTESIAN_POINT('Ctrl Pts',(111.884969295337,69.2155386755387,96.9803625405805));
#11461=CARTESIAN_POINT('Ctrl Pts',(107.393008171427,69.7815094205165,101.629208418258));
#11462=CARTESIAN_POINT('Ctrl Pts',(104.391764196305,70.1596328737386,104.735273177257));
#11463=CARTESIAN_POINT('Ctrl Pts',(102.887508526054,70.3491220430468,106.292066591233));
#11464=CARTESIAN_POINT('Ctrl Pts',(102.881312250461,70.3499025828255,106.29847927836));
#11465=CARTESIAN_POINT('Ctrl Pts',(174.750028122137,60.6652432398903,31.9288763294367));
#11466=CARTESIAN_POINT('Ctrl Pts',(171.749669419572,61.0551074342689,35.0338521202602));
#11467=CARTESIAN_POINT('Ctrl Pts',(165.768962765648,61.8334401082668,41.2230776538249));
#11468=CARTESIAN_POINT('Ctrl Pts',(158.278780260698,62.8073532939876,48.9744198917706));
#11469=CARTESIAN_POINT('Ctrl Pts',(152.29113738665,63.5861697571599,55.1708295850063));
#11470=CARTESIAN_POINT('Ctrl Pts',(147.799041091038,64.1703772509141,59.8195497570535));
#11471=CARTESIAN_POINT('Ctrl Pts',(143.307422842917,64.7545514016952,64.4677747935007));
#11472=CARTESIAN_POINT('Ctrl Pts',(138.815580783333,65.3387411629329,69.1162316416942));
#11473=CARTESIAN_POINT('Ctrl Pts',(134.323810896806,65.9229258902265,73.7646137369577));
#11474=CARTESIAN_POINT('Ctrl Pts',(129.832046301709,66.5071102484522,78.4129903516463));
#11475=CARTESIAN_POINT('Ctrl Pts',(125.340250991422,67.0912967490086,83.0613987794594));
#11476=CARTESIAN_POINT('Ctrl Pts',(120.848335616125,67.6754916238885,87.7099315640812));
#11477=CARTESIAN_POINT('Ctrl Pts',(116.356981779413,68.2596473324382,92.3578827375678));
#11478=CARTESIAN_POINT('Ctrl Pts',(111.864358410152,68.8438915886537,97.0071488238423));
#11479=CARTESIAN_POINT('Ctrl Pts',(107.373397616197,69.4280198831615,101.654692905013));
#11480=CARTESIAN_POINT('Ctrl Pts',(104.372833509142,69.8182718950654,104.759875998068));
#11481=CARTESIAN_POINT('Ctrl Pts',(102.868915473364,70.0138382498572,106.31623077503));
#11482=CARTESIAN_POINT('Ctrl Pts',(102.862720583053,70.0146438235019,106.322641661017));
#11483=CARTESIAN_POINT('',(110.73775017134,74.7832660932834,105.633981843808));
#11484=CARTESIAN_POINT('',(181.711741084044,70.0798770933689,38.0163350732353));
#11485=CARTESIAN_POINT('Ctrl Pts',(110.737753834069,74.7832661576572,105.633985683914));
#11486=CARTESIAN_POINT('Ctrl Pts',(110.926986724421,74.7707259062081,105.453702987813));
#11487=CARTESIAN_POINT('Ctrl Pts',(112.680639381034,74.6545133828499,103.782994981938));
#11488=CARTESIAN_POINT('Ctrl Pts',(115.998477748961,74.4346449125045,100.622104087677));
#11489=CARTESIAN_POINT('Ctrl Pts',(120.6930720913,74.1235349798335,96.1494453928289));
#11490=CARTESIAN_POINT('Ctrl Pts',(125.38639690109,73.8125135948289,91.6781016107683));
#11491=CARTESIAN_POINT('Ctrl Pts',(130.080283249465,73.5014530434938,87.2061762175728));
#11492=CARTESIAN_POINT('Ctrl Pts',(134.774049532831,73.1904008664823,82.7343751811859));
#11493=CARTESIAN_POINT('Ctrl Pts',(139.467785101006,72.8793508318015,78.2626059579235));
#11494=CARTESIAN_POINT('Ctrl Pts',(144.161525960611,72.5683004280528,73.7908312540861));
#11495=CARTESIAN_POINT('Ctrl Pts',(148.855338993274,72.2572449903599,69.3189817973189));
#11496=CARTESIAN_POINT('Ctrl Pts',(153.548928214473,71.9462051631238,64.8473641522978));
#11497=CARTESIAN_POINT('Ctrl Pts',(158.242995483163,71.6351319929145,60.3752513716769));
#11498=CARTESIAN_POINT('Ctrl Pts',(164.499932987983,71.220494627802,54.4143182003423));
#11499=CARTESIAN_POINT('Ctrl Pts',(172.326733781397,70.7018053146562,46.9573216147744));
#11500=CARTESIAN_POINT('Ctrl Pts',(178.576735066094,70.2876517387176,41.0035726031079));
#11501=CARTESIAN_POINT('Ctrl Pts',(181.711741084044,70.0798770933689,38.0163350732353));
#11502=CARTESIAN_POINT('Ctrl Pts',(174.750024910562,60.6652436571848,31.9288796529942));
#11503=CARTESIAN_POINT('Ctrl Pts',(174.784698137163,61.2910893487769,31.8838084779032));
#11504=CARTESIAN_POINT('Ctrl Pts',(175.019285784324,63.2463138519968,31.8756444997733));
#11505=CARTESIAN_POINT('Ctrl Pts',(176.252231138869,66.6489886009065,32.7278031257434));
#11506=CARTESIAN_POINT('Ctrl Pts',(178.913490954797,69.5095262994516,35.1510483526165));
#11507=CARTESIAN_POINT('Ctrl Pts',(180.844216562774,70.0646427542666,37.1070516780923));
#11508=CARTESIAN_POINT('Ctrl Pts',(181.711704329612,70.0798804205663,38.016391372881));
#11509=CARTESIAN_POINT('',(107.374997201608,75.0061135512839,108.837723801397));
#11510=CARTESIAN_POINT('Ctrl Pts',(107.374997201608,75.0061135512839,108.837723801397));
#11511=CARTESIAN_POINT('Ctrl Pts',(106.782243793894,75.0061135512839,108.464909810888));
#11512=CARTESIAN_POINT('Ctrl Pts',(106.190786945729,74.8692382912406,108.100914758004));
#11513=CARTESIAN_POINT('Ctrl Pts',(105.098089902269,74.3394120860917,107.444640110589));
#11514=CARTESIAN_POINT('Ctrl Pts',(104.604555171912,73.958410590028,107.156508174522));
#11515=CARTESIAN_POINT('Ctrl Pts',(103.791045400683,73.0186415161773,106.699799635481));
#11516=CARTESIAN_POINT('Ctrl Pts',(103.471360362652,72.479491717312,106.530258326622));
#11517=CARTESIAN_POINT('Ctrl Pts',(103.022412958289,71.2912098399197,106.317373563722));
#11518=CARTESIAN_POINT('Ctrl Pts',(102.898254886604,70.655424785247,106.276460034538));
#11519=CARTESIAN_POINT('Ctrl Pts',(102.881305253986,70.0122271025678,106.303409003056));
#11520=CARTESIAN_POINT('Ctrl Pts',(107.374998274955,75.0061135701469,108.837724926686));
#11521=CARTESIAN_POINT('Ctrl Pts',(108.496101687783,74.9318182033465,107.769620343517));
#11522=CARTESIAN_POINT('Ctrl Pts',(109.616966792484,74.8575394581192,106.70176258695));
#11523=CARTESIAN_POINT('Ctrl Pts',(110.737753834069,74.7832661576572,105.633985683914));
#11524=CARTESIAN_POINT('Origin',(221.671558924016,69.6216149057333,52.2117227162774));
#11525=CARTESIAN_POINT('',(155.289063545887,75.0061135512839,138.9734160519));
#11526=CARTESIAN_POINT('',(148.249421037455,75.0061135512839,134.545812294303));
#11527=CARTESIAN_POINT('',(204.284394921342,70.4511015544426,61.0735775955825));
#11528=CARTESIAN_POINT('',(185.299365469421,72.2161072087815,91.2587133192283));
#11529=CARTESIAN_POINT('',(201.928734810869,70.0798770933691,50.7318724439199));
#11530=CARTESIAN_POINT('Origin',(197.935712290274,70.4511015544426,57.0805550749878));
#11531=CARTESIAN_POINT('',(216.742327616694,70.0798770933691,60.0489249919742));
#11532=CARTESIAN_POINT('',(187.872334971544,70.3676009148187,48.7582340853326));
#11533=CARTESIAN_POINT('',(190.718058655334,70.3700253018135,50.6059237671736));
#11534=CARTESIAN_POINT('Origin',(189.987242204822,70.3059082345014,48.615976752118));
#11535=CARTESIAN_POINT('',(200.549928146084,70.378401468714,56.9896228995771));
#11536=CARTESIAN_POINT('',(206.887539168368,70.383800735631,61.1045475354799));
#11537=CARTESIAN_POINT('',(152.022907555305,74.7883961746495,131.722843321915));
#11538=CARTESIAN_POINT('',(180.509622217376,72.1996062732745,87.8523583831935));
#11539=CARTESIAN_POINT('',(115.698373411114,74.7585723471944,108.164608615652));
#11540=CARTESIAN_POINT('',(140.223218462327,74.7787081800249,124.0701685757));
#11541=CARTESIAN_POINT('',(181.585566767619,70.3622449629531,44.6763209998527));
#11542=CARTESIAN_POINT('',(190.089203573219,69.7948392282481,36.4822955483053));
#11543=CARTESIAN_POINT('',(206.887539168368,70.383800735631,61.1045475354799));
#11544=CARTESIAN_POINT('Origin',(163.885573294023,80.,144.088210113006));
#11545=CARTESIAN_POINT('',(161.437046254204,80.,142.548201865556));
#11546=CARTESIAN_POINT('',(148.381020610834,80.,134.33657632795));
#11547=CARTESIAN_POINT('',(163.451674052845,70.,144.400034673168));
#11548=CARTESIAN_POINT('Origin',(145.175619420217,70.,132.905256626053));
#11549=CARTESIAN_POINT('',(163.333010941166,67.2651919980912,144.4853127034));
#11550=CARTESIAN_POINT('',(162.087851937643,38.5682299997015,145.380154458713));
#11551=CARTESIAN_POINT('Origin',(155.025864399129,65.0183406538517,139.391887984607));
#11552=CARTESIAN_POINT('Origin',(160.901579248698,80.,80.0265819125563));
#11553=CARTESIAN_POINT('',(161.25056618464,80.,142.68221700122));
#11554=CARTESIAN_POINT('',(163.885573294023,80.,144.088210113006));
#11555=CARTESIAN_POINT('',(112.256333714332,80.,177.892246290598));
#11556=CARTESIAN_POINT('Origin',(155.731784315241,70.,159.36943144147));
#11557=CARTESIAN_POINT('',(128.540141758879,90.,144.860452700478));
#11558=CARTESIAN_POINT('',(155.731784315241,90.,159.36943144147));
#11559=CARTESIAN_POINT('Origin',(128.540141758879,70.,144.860452700478));
#11560=CARTESIAN_POINT('Origin',(190.541274642205,49.2817133214517,47.7350961424745));
#11561=CARTESIAN_POINT('',(190.088312554151,66.3819110061219,50.5704248152916));
#11562=CARTESIAN_POINT('Ctrl Pts',(188.084643881622,66.3727623223805,49.1318287964514));
#11563=CARTESIAN_POINT('Ctrl Pts',(188.145677885553,66.3787514091877,49.3131593247869));
#11564=CARTESIAN_POINT('Ctrl Pts',(188.233461857099,66.3892846262262,49.4912329362907));
#11565=CARTESIAN_POINT('Ctrl Pts',(188.503539015743,66.4125385381982,49.886457594513));
#11566=CARTESIAN_POINT('Ctrl Pts',(188.711985048252,66.422844712676,50.086029811247));
#11567=CARTESIAN_POINT('Ctrl Pts',(188.935429124222,66.4230350737132,50.2311090106046));
#11568=CARTESIAN_POINT('Ctrl Pts',(189.160836865924,66.4232271076765,50.3774631914136));
#11569=CARTESIAN_POINT('Ctrl Pts',(189.430424468745,66.4131341097497,50.487144685698));
#11570=CARTESIAN_POINT('Ctrl Pts',(189.835555098272,66.3936354800747,50.5596280741064));
#11571=CARTESIAN_POINT('Ctrl Pts',(189.962614208009,66.3872260775202,50.5706475084008));
#11572=CARTESIAN_POINT('Ctrl Pts',(190.088312554151,66.3819110061219,50.5704248152916));
#11573=CARTESIAN_POINT('Ctrl Pts',(190.088312554151,66.3819110061219,50.5704248152916));
#11574=CARTESIAN_POINT('Ctrl Pts',(190.154645831947,66.3791061473598,50.570307296133));
#11575=CARTESIAN_POINT('Ctrl Pts',(190.220600381628,66.3766101607464,50.5670821960604));
#11576=CARTESIAN_POINT('Ctrl Pts',(190.285660240536,66.3746374571543,50.5609187812224));
#11577=CARTESIAN_POINT('',(189.951344988302,71.579499823804,50.7881955896462));
#11578=CARTESIAN_POINT('',(190.541274642205,49.1930921123442,49.8502404120921));
#11579=CARTESIAN_POINT('',(190.814029168823,71.493819511646,50.6019260345719));
#11580=CARTESIAN_POINT('Origin',(189.960193805705,71.3323297520048,48.6589821949342));
#11581=CARTESIAN_POINT('Origin',(189.648029577992,83.1782093891306,49.1553058696182));
#11582=CARTESIAN_POINT('',(187.838270868855,71.4912843429073,48.6698066451088));
#11583=CARTESIAN_POINT('Origin',(189.648029577992,83.1782093891306,49.1553058696182));
#11584=CARTESIAN_POINT('Origin',(189.960193805705,71.3323297520048,48.6589821949342));
#11585=CARTESIAN_POINT('Origin',(190.541274642205,49.2817133214517,47.7350961424745));
#11586=CARTESIAN_POINT('',(191.059263309743,29.5366713429897,49.0266673819556));
#11587=CARTESIAN_POINT('Origin',(191.061598667871,29.5366713429897,46.9078100234407));
#11588=CARTESIAN_POINT('',(190.648022649382,45.1422626697977,49.6805170470039));
#11589=CARTESIAN_POINT('',(190.541274642205,49.1930921123442,49.8502404120921));
#11590=CARTESIAN_POINT('Origin',(190.650358007511,45.1422626697977,47.561659688489));
#11591=CARTESIAN_POINT('Origin',(200.549928146084,70.378401468714,56.9896228995771));
#11592=CARTESIAN_POINT('',(200.579541033844,71.5021391458038,56.9425400631513));
#11593=CARTESIAN_POINT('',(192.787715783027,71.4955009750244,51.8834139081224));
#11594=CARTESIAN_POINT('',(200.549928146084,70.378401468714,56.9896228995771));
#11595=CARTESIAN_POINT('Origin',(153.733985081469,28.2964491394505,59.4644506150556));
#11596=CARTESIAN_POINT('',(164.298722988306,44.9595214175644,42.9906829220273));
#11597=CARTESIAN_POINT('',(163.71378844635,28.2964491394505,43.5971210527228));
#11598=CARTESIAN_POINT('',(163.994893308143,36.304303512552,43.3056821058197));
#11599=CARTESIAN_POINT('',(153.879812081533,44.9595214175644,59.5561689335171));
#11600=CARTESIAN_POINT('',(153.879812081533,44.9595214175644,59.5561689335171));
#11601=CARTESIAN_POINT('',(153.733985081469,28.2964491394505,59.4644506150556));
#11602=CARTESIAN_POINT('',(153.700402535647,24.4591049708932,59.4433287745797));
#11603=CARTESIAN_POINT('',(153.733985081469,28.2964491394505,59.4644506150556));
#11604=CARTESIAN_POINT('Origin',(195.759870133999,28.2964491394505,85.8967540100119));
#11605=CARTESIAN_POINT('',(195.759870133999,28.2964491394505,85.8967540100119));
#11606=CARTESIAN_POINT('',(206.338496884942,28.2964491394505,68.9232633807611));
#11607=CARTESIAN_POINT('Origin',(190.680924029145,28.2964491394505,82.7023359935359));
#11608=CARTESIAN_POINT('',(206.407930188918,28.2964491394505,68.9669336604975));
#11609=CARTESIAN_POINT('',(195.759870133999,28.2964491394505,85.8967540100119));
#11610=CARTESIAN_POINT('',(206.407930188918,28.2964491394505,68.9669336604975));
#11611=CARTESIAN_POINT('Origin',(195.759870133999,28.2964491394505,85.8967540100119));
#11612=CARTESIAN_POINT('',(164.603972247822,28.2964491394505,42.6742119717601));
#11613=CARTESIAN_POINT('',(161.819971442887,28.2964491394505,45.5605592856891));
#11614=CARTESIAN_POINT('',(167.918250977036,28.2964491394505,44.7587372779263));
#11615=CARTESIAN_POINT('',(172.968841935925,28.2964491394505,39.5224745505242));
#11616=CARTESIAN_POINT('',(206.407930188918,28.2964491394505,68.9669336604975));
#11617=CARTESIAN_POINT('Origin',(206.407930188918,28.2964491394505,68.9669336604976));
#11618=CARTESIAN_POINT('',(206.407930188918,29.2863810356463,68.9669336604975));
#11619=CARTESIAN_POINT('Origin',(201.328984084064,29.2863810356463,65.7725156440218));
#11620=CARTESIAN_POINT('',(206.407930188918,14.1482245697253,68.9669336604975));
#11621=CARTESIAN_POINT('Origin',(206.407930188918,28.2964491394505,68.9669336604976));
#11622=CARTESIAN_POINT('',(164.603972247822,36.7193559046241,42.6742119717601));
#11623=CARTESIAN_POINT('',(167.926914373334,29.2863810356463,44.7641861463819));
#11624=CARTESIAN_POINT('',(167.886326039758,24.6485133175557,44.7386579951953));
#11625=CARTESIAN_POINT('',(206.407930188918,29.2863810356463,68.9669336604976));
#11626=CARTESIAN_POINT('',(206.407930188918,45.1422626697977,68.9669336604975));
#11627=CARTESIAN_POINT('',(206.407930188918,14.1482245697253,68.9669336604975));
#11628=CARTESIAN_POINT('',(206.407930188918,45.1422626697977,68.9669336604975));
#11629=CARTESIAN_POINT('',(206.407930188918,45.1422626697977,68.9669336604975));
#11630=CARTESIAN_POINT('Origin',(153.878921317341,45.1422626697977,59.5556086847716));
#11631=CARTESIAN_POINT('',(153.878921317341,45.1422626697977,59.5556086847716));
#11632=CARTESIAN_POINT('Origin',(153.879812081533,45.0404785824356,59.5561689335171));
#11633=CARTESIAN_POINT('',(164.298722988306,45.0404785824356,42.9906829220273));
#11634=CARTESIAN_POINT('',(164.281664685053,45.5264196915166,43.0083683291901));
#11635=CARTESIAN_POINT('',(153.879812081533,45.0404785824356,59.5561689335171));
#11636=CARTESIAN_POINT('Ctrl Pts',(153.879812081533,45.0404785824356,59.5561689335171));
#11637=CARTESIAN_POINT('Ctrl Pts',(153.880166330146,45.,59.556391739219));
#11638=CARTESIAN_POINT('Ctrl Pts',(153.879812081533,44.9595214175644,59.5561689335171));
#11639=CARTESIAN_POINT('Ctrl Pts',(164.299434095429,45.0404785824356,42.9895523014479));
#11640=CARTESIAN_POINT('Ctrl Pts',(164.299788344042,45.,42.9897751071498));
#11641=CARTESIAN_POINT('Ctrl Pts',(164.299434095429,44.9595214175644,42.9895523014479));
#11642=CARTESIAN_POINT('Origin',(150.42470029024,45.,57.3747477818344));
#11643=CARTESIAN_POINT('Origin',(150.42095136506,45.,57.3807083633368));
#11644=CARTESIAN_POINT('Origin',(165.617379011053,45.1422626697977,41.6235499590975));
#11645=CARTESIAN_POINT('',(165.613806018778,45.0404785824356,41.6272543030892));
#11646=CARTESIAN_POINT('',(165.618118665572,45.1633332611542,41.6227831131148));
#11647=CARTESIAN_POINT('',(165.613806018778,44.9595214175644,41.6272543030892));
#11648=CARTESIAN_POINT('Origin',(179.487828716845,45.,27.243189443282));
#11649=CARTESIAN_POINT('',(165.617379011053,44.8577373302032,41.6235499590975));
#11650=CARTESIAN_POINT('',(165.611351157846,45.0294532171343,41.6297994105638));
#11651=CARTESIAN_POINT('',(165.617379011053,45.1422626697977,41.6235499590975));
#11652=CARTESIAN_POINT('',(152.329576596993,45.1422626697977,55.3998436792158));
#11653=CARTESIAN_POINT('',(152.329576596992,40.9308092872109,55.3998436792159));
#11654=CARTESIAN_POINT('Origin',(185.099645976663,20.4780183349598,26.831739892977));
#11655=CARTESIAN_POINT('',(119.290407669167,44.9595214175644,95.4171623423663));
#11656=CARTESIAN_POINT('',(135.109723689534,44.9595214175644,79.0162905385119));
#11657=CARTESIAN_POINT('',(119.238565048471,27.9999990761281,95.2236830479318));
#11658=CARTESIAN_POINT('',(119.229366094934,24.9907017850017,95.189352085956));
#11659=CARTESIAN_POINT('Origin',(115.997755942084,27.9999990761281,98.583632025889));
#11660=CARTESIAN_POINT('',(177.628890377555,29.2942781776741,34.7056574873054));
#11661=CARTESIAN_POINT('Ctrl Pts',(177.628890377555,29.2942781776741,34.7056574873054));
#11662=CARTESIAN_POINT('Ctrl Pts',(171.737236005277,28.5287213516045,40.8027432051515));
#11663=CARTESIAN_POINT('Ctrl Pts',(165.868596527791,27.7647697740338,46.8759913463284));
#11664=CARTESIAN_POINT('Ctrl Pts',(159.988212880292,26.9999990612269,52.9614034602547));
#11665=CARTESIAN_POINT('',(177.955501331524,29.5366713429905,34.3705730269308));
#11666=CARTESIAN_POINT('Ctrl Pts',(177.955374507977,29.5367073650075,34.3707050379257));
#11667=CARTESIAN_POINT('Ctrl Pts',(177.874418974214,29.3985729462948,34.452623032945));
#11668=CARTESIAN_POINT('Ctrl Pts',(177.753713054085,29.3104975953664,34.5764824703865));
#11669=CARTESIAN_POINT('Ctrl Pts',(177.628890377555,29.2942781776744,34.7056574873053));
#11670=CARTESIAN_POINT('',(171.515396215586,29.5366713429897,41.0474317655673));
#11671=CARTESIAN_POINT('',(181.491708554764,29.5366713429897,30.7043663928668));
#11672=CARTESIAN_POINT('',(181.328719080624,30.2211333812341,30.8833255077262));
#11673=CARTESIAN_POINT('Origin',(165.617379011053,44.8577373302032,41.6235499590975));
#11674=CARTESIAN_POINT('',(166.056238225486,28.2040884233368,40.9257883362468));
#11675=CARTESIAN_POINT('',(165.952716793293,32.1324771832895,41.0903816279228));
#11676=CARTESIAN_POINT('Ctrl Pts',(165.88428751344,26.999999061227,41.1991803582635));
#11677=CARTESIAN_POINT('Ctrl Pts',(165.93095286023,27.1532355153974,41.1249850650708));
#11678=CARTESIAN_POINT('Ctrl Pts',(165.970612295295,27.3133722572583,41.0619287799488));
#11679=CARTESIAN_POINT('Ctrl Pts',(166.041980986693,27.7143038753154,40.9484565495417));
#11680=CARTESIAN_POINT('Ctrl Pts',(166.062758454974,27.9566614951963,40.9154215362617));
#11681=CARTESIAN_POINT('Ctrl Pts',(166.056238226981,28.2040884235591,40.9257883343437));
#11682=CARTESIAN_POINT('Origin',(152.329576596993,45.1422626697977,55.3998436792158));
#11683=CARTESIAN_POINT('Ctrl Pts',(175.08520173854,26.9999990612267,31.9769367721524));
#11684=CARTESIAN_POINT('Ctrl Pts',(172.085328900204,26.6560905677945,35.0737892464169));
#11685=CARTESIAN_POINT('Ctrl Pts',(169.082786038862,26.311357800043,38.1733586106159));
#11686=CARTESIAN_POINT('Ctrl Pts',(166.081456439971,25.967026759028,41.2716954848291));
#11687=CARTESIAN_POINT('Ctrl Pts',(174.899020189729,27.7946356213084,31.8848307672829));
#11688=CARTESIAN_POINT('Ctrl Pts',(171.900679334196,27.4351513875945,34.9855954594017));
#11689=CARTESIAN_POINT('Ctrl Pts',(168.903774147273,27.0752572443666,38.0848414677658));
#11690=CARTESIAN_POINT('Ctrl Pts',(165.906047928858,26.7155500227526,41.1849654188007));
#11691=CARTESIAN_POINT('Ctrl Pts',(174.7915748329,28.5849077777574,31.8748713240821));
#11692=CARTESIAN_POINT('Ctrl Pts',(171.792861459939,28.2098593546437,34.9783639834797));
#11693=CARTESIAN_POINT('Ctrl Pts',(168.800452004511,27.8349544597501,38.0753028541138));
#11694=CARTESIAN_POINT('Ctrl Pts',(165.804801240016,27.459960986447,41.1756212121055));
#11695=CARTESIAN_POINT('Ctrl Pts',(174.750028122137,29.3347567601097,31.9288763294367));
#11696=CARTESIAN_POINT('Ctrl Pts',(171.749482614796,28.9448682924688,35.0340454385819));
#11697=CARTESIAN_POINT('Ctrl Pts',(168.760479809389,28.55578490802,38.1272592446578));
#11698=CARTESIAN_POINT('Ctrl Pts',(165.765626614256,28.1662934691603,41.2265325663179));
#11699=CARTESIAN_POINT('',(174.750028122137,29.3347567601097,31.9288763294367));
#11700=CARTESIAN_POINT('Ctrl Pts',(174.750028122137,29.3347567601097,31.9288763294367));
#11701=CARTESIAN_POINT('Ctrl Pts',(171.846543188024,28.9574802652156,34.9336005384908));
#11702=CARTESIAN_POINT('Ctrl Pts',(168.953866275392,28.580957610842,37.9271303865437));
#11703=CARTESIAN_POINT('Ctrl Pts',(166.056238158998,28.2040896186998,40.9257884222484));
#11704=CARTESIAN_POINT('Ctrl Pts',(174.750024910562,29.3347563428152,31.9288796529942));
#11705=CARTESIAN_POINT('Ctrl Pts',(174.784698137163,28.7089106512231,31.8838084779032));
#11706=CARTESIAN_POINT('Ctrl Pts',(174.878485110637,27.927315248633,31.8805567511196));
#11707=CARTESIAN_POINT('Ctrl Pts',(175.052994828874,27.1319181825746,31.9603096466375));
#11708=CARTESIAN_POINT('Ctrl Pts',(175.084187941366,26.9996326683813,31.9758530329858));
#11709=CARTESIAN_POINT('Origin',(182.220783721245,20.5184969173954,24.0549587351084));
#11710=CARTESIAN_POINT('',(165.61469678297,44.9595214175644,41.6278145518346));
#11711=CARTESIAN_POINT('',(165.951375679252,32.1833692269701,41.0925139242912));
#11712=CARTESIAN_POINT('Origin',(179.48907372965,45.,27.2439724977293));
#11713=CARTESIAN_POINT('',(175.182915187228,30.0027508797849,31.4898130010017));
#11714=CARTESIAN_POINT('Ctrl Pts',(174.961009010719,45.,31.9384996744493));
#11715=CARTESIAN_POINT('Ctrl Pts',(174.992708086896,42.8573294547121,31.874400442239));
#11716=CARTESIAN_POINT('Ctrl Pts',(175.045557127841,39.2881826617759,31.7675792363062));
#11717=CARTESIAN_POINT('Ctrl Pts',(175.106306545436,35.1805810105641,31.6447178806536));
#11718=CARTESIAN_POINT('Ctrl Pts',(175.138024220566,33.0400356938318,31.5806303463095));
#11719=CARTESIAN_POINT('Ctrl Pts',(175.159142020724,31.6098841238441,31.5378881425611));
#11720=CARTESIAN_POINT('Ctrl Pts',(175.172333523498,30.7152255528282,31.5111697856114));
#11721=CARTESIAN_POINT('Ctrl Pts',(175.182915187228,30.0027508797849,31.4898130010017));
#11722=CARTESIAN_POINT('Ctrl Pts',(175.182915187228,30.0027508797849,31.4898130010017));
#11723=CARTESIAN_POINT('Ctrl Pts',(175.184326761296,29.9077080965163,31.4869640460455));
#11724=CARTESIAN_POINT('Ctrl Pts',(175.155873859498,29.7160062282639,31.5136684065806));
#11725=CARTESIAN_POINT('Ctrl Pts',(175.010056892604,29.4429437411371,31.6608653791029));
#11726=CARTESIAN_POINT('Ctrl Pts',(174.84917578711,29.3476409168764,31.8262715788985));
#11727=CARTESIAN_POINT('Ctrl Pts',(174.750031333696,29.3347571774337,31.928873005897));
#11728=CARTESIAN_POINT('Origin',(169.073911748056,44.9595214175644,43.8034979277166));
#11729=CARTESIAN_POINT('',(169.073911748056,44.9595214175644,43.8034979277167));
#11730=CARTESIAN_POINT('Ctrl Pts',(165.614873911812,44.9595214175644,41.6279259575378));
#11731=CARTESIAN_POINT('Ctrl Pts',(165.613807214714,45.,41.6296219463032));
#11732=CARTESIAN_POINT('Ctrl Pts',(165.614873911812,45.0404785824356,41.6279259575378));
#11733=CARTESIAN_POINT('Ctrl Pts',(165.613569861098,44.9595214175644,41.6271057710252));
#11734=CARTESIAN_POINT('Ctrl Pts',(165.612503164001,45.,41.6288017597905));
#11735=CARTESIAN_POINT('Ctrl Pts',(165.613569861098,45.0404785824356,41.6271057710252));
#11736=CARTESIAN_POINT('',(169.073911748056,45.0404785824356,43.8034979277167));
#11737=CARTESIAN_POINT('Origin',(169.076593976139,45.1422626697977,43.7992333349796));
#11738=CARTESIAN_POINT('Origin',(157.565982080505,36.7193559046241,47.0742516318525));
#11739=CARTESIAN_POINT('Origin',(186.914851352898,29.5366713429897,30.0675266078838));
#11740=CARTESIAN_POINT('',(206.985895967829,60.4633286570097,42.6912688575105));
#11741=CARTESIAN_POINT('',(186.914851352898,60.4633286570103,30.0675266078838));
#11742=CARTESIAN_POINT('',(221.799488773654,60.4633286570099,52.0083214055648));
#11743=CARTESIAN_POINT('',(206.985895967829,29.5366713429897,42.6912688575105));
#11744=CARTESIAN_POINT('',(206.985895967829,29.5366713429897,42.6912688575105));
#11745=CARTESIAN_POINT('',(186.914851352898,29.5366713429897,30.0675266078838));
#11746=CARTESIAN_POINT('',(221.799488773654,29.5366713429897,52.0083214055648));
#11747=CARTESIAN_POINT('',(186.914851352898,45.1422626697977,30.0675266078838));
#11748=CARTESIAN_POINT('',(186.914851352898,29.5366713429897,30.0675266078838));
#11749=CARTESIAN_POINT('',(187.161591122769,45.1422626697977,30.2227143082427));
#11750=CARTESIAN_POINT('',(183.938856407449,45.1422626697977,28.1957658775237));
#11751=CARTESIAN_POINT('',(186.914851352898,51.8443197750306,30.0675266078838));
#11752=CARTESIAN_POINT('Ctrl Pts',(186.914851352899,51.8443197750306,30.0675266078844));
#11753=CARTESIAN_POINT('Ctrl Pts',(187.001285272011,49.4962873805069,30.1218894742639));
#11754=CARTESIAN_POINT('Ctrl Pts',(187.133224893415,45.9127062627591,30.2048732852746));
#11755=CARTESIAN_POINT('Ctrl Pts',(187.161591122771,45.1422626697978,30.2227143082439));
#11756=CARTESIAN_POINT('',(186.914851352898,29.5366713429897,30.0675266078838));
#11757=CARTESIAN_POINT('Origin',(182.163456270505,29.5366713429897,24.1176114160529));
#11758=CARTESIAN_POINT('',(179.041747114725,30.086075485599,29.0809544962196));
#11759=CARTESIAN_POINT('',(179.038683124528,29.5366713429897,29.0858260693815));
#11760=CARTESIAN_POINT('Ctrl Pts',(179.041827264493,30.0861371763389,29.0798889085129));
#11761=CARTESIAN_POINT('Ctrl Pts',(179.044158967611,29.9384217228455,29.0761806409334));
#11762=CARTESIAN_POINT('Ctrl Pts',(179.043883974847,29.7903396531393,29.07657874381));
#11763=CARTESIAN_POINT('Ctrl Pts',(179.041026592628,29.6423396307141,29.0810519130845));
#11764=CARTESIAN_POINT('Ctrl Pts',(179.04033933987,29.6067429146598,29.0821277922223));
#11765=CARTESIAN_POINT('Ctrl Pts',(179.039502869546,29.5711510041692,29.0834392565267));
#11766=CARTESIAN_POINT('Ctrl Pts',(179.038517842824,29.5355702407954,29.084985580313));
#11767=CARTESIAN_POINT('',(179.038683124528,30.2792721664329,29.0858260693815));
#11768=CARTESIAN_POINT('Ctrl Pts',(179.038702733749,30.2831318494802,29.0858786930975));
#11769=CARTESIAN_POINT('Ctrl Pts',(179.039955395976,30.2022271763593,29.0838561942635));
#11770=CARTESIAN_POINT('Ctrl Pts',(179.04092305109,30.138551876952,29.0822702845012));
#11771=CARTESIAN_POINT('Ctrl Pts',(179.041635298847,30.0931910954328,29.0811330782536));
#11772=CARTESIAN_POINT('Ctrl Pts',(179.041673363592,30.0907668735387,29.0810723023986));
#11773=CARTESIAN_POINT('Ctrl Pts',(179.041710698651,30.0883949472122,29.0810128079344));
#11774=CARTESIAN_POINT('Ctrl Pts',(179.041747308472,30.0860754767132,29.0809545966326));
#11775=CARTESIAN_POINT('',(179.038683124528,29.5366713429897,29.0858260693815));
#11776=CARTESIAN_POINT('Origin',(182.163456270505,29.5366713429897,24.1176114160529));
#11777=CARTESIAN_POINT('',(179.038683124528,60.4633286570098,29.0858260693814));
#11778=CARTESIAN_POINT('',(179.041747114725,59.913924514401,29.0809544962196));
#11779=CARTESIAN_POINT('Ctrl Pts',(179.038683124529,60.46332865701,29.0858260693799));
#11780=CARTESIAN_POINT('Ctrl Pts',(179.04361255098,60.2804562554803,29.0779885568367));
#11781=CARTESIAN_POINT('Ctrl Pts',(179.044639582254,60.0971724110433,29.0763556345137));
#11782=CARTESIAN_POINT('Ctrl Pts',(179.041747114726,59.9139245144011,29.0809544962181));
#11783=CARTESIAN_POINT('',(179.038683124528,59.7207278335684,29.0858260693814));
#11784=CARTESIAN_POINT('',(179.038683124528,29.5366713429897,29.0858260693815));
#11785=CARTESIAN_POINT('Ctrl Pts',(179.042278531838,59.9140157734637,29.0823627876532));
#11786=CARTESIAN_POINT('Ctrl Pts',(179.04155569052,59.8682308983304,29.0835104577226));
#11787=CARTESIAN_POINT('Ctrl Pts',(179.040552238162,59.8021613082321,29.0851533903601));
#11788=CARTESIAN_POINT('Ctrl Pts',(179.03923395024,59.7171660164866,29.0872744265801));
#11789=CARTESIAN_POINT('Ctrl Pts',(179.038683124528,29.5366713429897,29.0858260693814));
#11790=CARTESIAN_POINT('Ctrl Pts',(179.038683124528,69.5366713429897,29.0858260693814));
#11791=CARTESIAN_POINT('Ctrl Pts',(179.289513851356,29.5366713429897,29.004554177949));
#11792=CARTESIAN_POINT('Ctrl Pts',(179.289513851356,69.5366713429897,29.004554177949));
#11793=CARTESIAN_POINT('Ctrl Pts',(179.544055831113,29.5366713429898,28.933770351181));
#11794=CARTESIAN_POINT('Ctrl Pts',(179.544055831113,69.5366713429898,28.933770351181));
#11795=CARTESIAN_POINT('Ctrl Pts',(181.007083695063,29.5366713429898,28.5930227521762));
#11796=CARTESIAN_POINT('Ctrl Pts',(181.007083695063,69.5366713429898,28.5930227521762));
#11797=CARTESIAN_POINT('Ctrl Pts',(182.256105990837,29.5366713429843,28.5538195717625));
#11798=CARTESIAN_POINT('Ctrl Pts',(182.256105990837,69.5366713429843,28.5538195717625));
#11799=CARTESIAN_POINT('Ctrl Pts',(184.697952919624,29.5366713429843,28.9632888085109));
#11800=CARTESIAN_POINT('Ctrl Pts',(184.697952919624,69.5366713429843,28.9632888085109));
#11801=CARTESIAN_POINT('Ctrl Pts',(185.866599939179,29.5366713429897,29.4082258134574));
#11802=CARTESIAN_POINT('Ctrl Pts',(185.866599939179,69.5366713429897,29.4082258134574));
#11803=CARTESIAN_POINT('Ctrl Pts',(186.914851352898,29.5366713429897,30.0675266078838));
#11804=CARTESIAN_POINT('Ctrl Pts',(186.914851352898,69.5366713429897,30.0675266078837));
#11805=CARTESIAN_POINT('',(179.271078339038,45.1422626697977,29.0138457560986));
#11806=CARTESIAN_POINT('Ctrl Pts',(186.914851352898,45.1422626697977,30.0675266078837));
#11807=CARTESIAN_POINT('Ctrl Pts',(185.866599939179,45.1422626697977,29.4082258134574));
#11808=CARTESIAN_POINT('Ctrl Pts',(184.697952919624,45.1422626697923,28.9632888085109));
#11809=CARTESIAN_POINT('Ctrl Pts',(183.476651287575,45.1422626697923,28.7584907758335));
#11810=CARTESIAN_POINT('Ctrl Pts',(182.256105990837,45.1422626697923,28.5538195717625));
#11811=CARTESIAN_POINT('Ctrl Pts',(181.007083695063,45.1422626697978,28.5930227521762));
#11812=CARTESIAN_POINT('Ctrl Pts',(179.801716749804,45.1422626697978,28.8737596421817));
#11813=CARTESIAN_POINT('Ctrl Pts',(179.623275792784,45.1422626697978,28.9153195667512));
#11814=CARTESIAN_POINT('Ctrl Pts',(179.446330723003,45.1422626697977,28.9620464310202));
#11815=CARTESIAN_POINT('Ctrl Pts',(179.271078279242,45.1422626697977,29.013845553789));
#11816=CARTESIAN_POINT('Ctrl Pts',(179.038683124528,29.5366713429897,29.0858260693814));
#11817=CARTESIAN_POINT('Ctrl Pts',(179.289513851356,29.5366713429897,29.004554177949));
#11818=CARTESIAN_POINT('Ctrl Pts',(179.544055831113,29.5366713429898,28.933770351181));
#11819=CARTESIAN_POINT('Ctrl Pts',(181.007083695063,29.5366713429898,28.5930227521762));
#11820=CARTESIAN_POINT('Ctrl Pts',(182.256105990837,29.5366713429843,28.5538195717625));
#11821=CARTESIAN_POINT('Ctrl Pts',(184.697952919624,29.5366713429843,28.9632888085109));
#11822=CARTESIAN_POINT('Ctrl Pts',(185.866599939179,29.5366713429897,29.4082258134574));
#11823=CARTESIAN_POINT('Ctrl Pts',(186.914851352898,29.5366713429897,30.0675266078838));
#11824=CARTESIAN_POINT('',(179.050070184014,30.2794239566178,29.0821445668018));
#11825=CARTESIAN_POINT('Ctrl Pts',(179.050070184014,30.2794239566178,29.0821445668018));
#11826=CARTESIAN_POINT('Ctrl Pts',(179.046273715285,30.2793733089249,29.0833693114773));
#11827=CARTESIAN_POINT('Ctrl Pts',(179.042478028008,30.27932271254,29.0845964792612));
#11828=CARTESIAN_POINT('Ctrl Pts',(179.038683124528,30.2792721664334,29.0858260693815));
#11829=CARTESIAN_POINT('',(179.272605230899,44.9595214175644,29.0133945974049));
#11830=CARTESIAN_POINT('Ctrl Pts',(179.272605170694,44.9595214175644,29.0133943935847));
#11831=CARTESIAN_POINT('Ctrl Pts',(179.199226181418,40.0676556184577,29.0350693687811));
#11832=CARTESIAN_POINT('Ctrl Pts',(179.125026341744,35.171366883551,29.0579636192396));
#11833=CARTESIAN_POINT('Ctrl Pts',(179.050070183704,30.2794239566178,29.0821445658421));
#11834=CARTESIAN_POINT('',(179.272605230899,45.0404785824356,29.0133945974049));
#11835=CARTESIAN_POINT('Ctrl Pts',(179.272605170694,45.0404785824357,29.0133943935847));
#11836=CARTESIAN_POINT('Ctrl Pts',(179.273009944176,45.0134940679422,29.0132748299974));
#11837=CARTESIAN_POINT('Ctrl Pts',(179.273009944145,44.986505930015,29.0132748300065));
#11838=CARTESIAN_POINT('Ctrl Pts',(179.272605170694,44.9595214175644,29.0133943935847));
#11839=CARTESIAN_POINT('Ctrl Pts',(179.271078339038,45.1422626697977,29.0138457560986));
#11840=CARTESIAN_POINT('Ctrl Pts',(179.271587339276,45.1083346422534,29.0136953121469));
#11841=CARTESIAN_POINT('Ctrl Pts',(179.272096303236,45.0744066122202,29.0135449259227));
#11842=CARTESIAN_POINT('Ctrl Pts',(179.272605230899,45.0404785824356,29.0133945974049));
#11843=CARTESIAN_POINT('Ctrl Pts',(179.038683124528,29.5366713429897,29.0858260693814));
#11844=CARTESIAN_POINT('Ctrl Pts',(179.038683124528,69.5366713429897,29.0858260693814));
#11845=CARTESIAN_POINT('Ctrl Pts',(179.289513851356,29.5366713429897,29.004554177949));
#11846=CARTESIAN_POINT('Ctrl Pts',(179.289513851356,69.5366713429897,29.004554177949));
#11847=CARTESIAN_POINT('Ctrl Pts',(179.544055831113,29.5366713429898,28.933770351181));
#11848=CARTESIAN_POINT('Ctrl Pts',(179.544055831113,69.5366713429898,28.933770351181));
#11849=CARTESIAN_POINT('Ctrl Pts',(181.007083695063,29.5366713429898,28.5930227521762));
#11850=CARTESIAN_POINT('Ctrl Pts',(181.007083695063,69.5366713429898,28.5930227521762));
#11851=CARTESIAN_POINT('Ctrl Pts',(182.256105990837,29.5366713429843,28.5538195717625));
#11852=CARTESIAN_POINT('Ctrl Pts',(182.256105990837,69.5366713429843,28.5538195717625));
#11853=CARTESIAN_POINT('Ctrl Pts',(184.697952919624,29.5366713429843,28.9632888085109));
#11854=CARTESIAN_POINT('Ctrl Pts',(184.697952919624,69.5366713429843,28.9632888085109));
#11855=CARTESIAN_POINT('Ctrl Pts',(185.866599939179,29.5366713429897,29.4082258134574));
#11856=CARTESIAN_POINT('Ctrl Pts',(185.866599939179,69.5366713429897,29.4082258134574));
#11857=CARTESIAN_POINT('Ctrl Pts',(186.914851352898,29.5366713429897,30.0675266078838));
#11858=CARTESIAN_POINT('Ctrl Pts',(186.914851352898,69.5366713429897,30.0675266078837));
#11859=CARTESIAN_POINT('Ctrl Pts',(186.914851352898,60.4633286570098,30.0675266078837));
#11860=CARTESIAN_POINT('Ctrl Pts',(185.866599939179,60.4633286570098,29.4082258134574));
#11861=CARTESIAN_POINT('Ctrl Pts',(184.697952919624,60.4633286570044,28.9632888085109));
#11862=CARTESIAN_POINT('Ctrl Pts',(183.476651287575,60.4633286570044,28.7584907758335));
#11863=CARTESIAN_POINT('Ctrl Pts',(182.256105990837,60.4633286570044,28.5538195717625));
#11864=CARTESIAN_POINT('Ctrl Pts',(181.007083695063,60.4633286570099,28.5930227521762));
#11865=CARTESIAN_POINT('Ctrl Pts',(179.801716749804,60.4633286570099,28.8737596421817));
#11866=CARTESIAN_POINT('Ctrl Pts',(179.544055831113,60.4633286570099,28.933770351181));
#11867=CARTESIAN_POINT('Ctrl Pts',(179.289513851356,60.4633286570098,29.004554177949));
#11868=CARTESIAN_POINT('Ctrl Pts',(179.038683124528,60.4633286570098,29.0858260693814));
#11869=CARTESIAN_POINT('Ctrl Pts',(179.038683124529,59.7207278336117,29.0858260693804));
#11870=CARTESIAN_POINT('Ctrl Pts',(179.669505556985,59.7123256125653,28.8814327205587));
#11871=CARTESIAN_POINT('Ctrl Pts',(180.320052742649,59.7027257260211,28.7446032506646));
#11872=CARTESIAN_POINT('Ctrl Pts',(181.640002974838,59.670940096368,28.6103822312065));
#11873=CARTESIAN_POINT('Ctrl Pts',(182.304200926044,59.6501924374108,28.6139498127021));
#11874=CARTESIAN_POINT('Ctrl Pts',(183.659259339465,59.5636808752824,28.7640221591107));
#11875=CARTESIAN_POINT('Ctrl Pts',(184.262226893626,59.4986289362461,28.9112567862761));
#11876=CARTESIAN_POINT('Ctrl Pts',(184.99918561108,59.3217382420374,29.1432972056019));
#11877=CARTESIAN_POINT('Ctrl Pts',(185.258551696512,59.2366820084614,29.2382871313676));
#11878=CARTESIAN_POINT('Ctrl Pts',(185.700086290628,58.9865967743436,29.4196632413112));
#11879=CARTESIAN_POINT('Ctrl Pts',(185.865016883529,58.8397380469587,29.4959282622652));
#11880=CARTESIAN_POINT('Ctrl Pts',(186.151227122109,58.4575623232567,29.6340630015551));
#11881=CARTESIAN_POINT('Ctrl Pts',(186.269326540995,58.2053528888601,29.6957509893183));
#11882=CARTESIAN_POINT('Ctrl Pts',(186.642192344474,56.9672279594769,29.8963739328229));
#11883=CARTESIAN_POINT('Ctrl Pts',(186.785650451441,55.3541444496562,29.9862653227987));
#11884=CARTESIAN_POINT('Ctrl Pts',(186.914851352898,51.8443197750563,30.0675266078837));
#11885=CARTESIAN_POINT('Origin',(215.026398464581,29.5366713429897,55.2640508027361));
#11886=CARTESIAN_POINT('',(215.028730810143,60.2271126198703,55.2603425036511));
#11887=CARTESIAN_POINT('',(215.026398464581,60.4633286570098,55.264050802736));
#11888=CARTESIAN_POINT('Ctrl Pts',(215.027545075887,60.2271276564886,55.2604341255436));
#11889=CARTESIAN_POINT('Ctrl Pts',(215.027561888218,60.3059982283056,55.260426684795));
#11890=CARTESIAN_POINT('Ctrl Pts',(215.026782522636,60.384736241493,55.2616756996151));
#11891=CARTESIAN_POINT('Ctrl Pts',(215.025215190348,60.4633146814639,55.2641278362166));
#11892=CARTESIAN_POINT('',(215.028730810143,29.7728873801298,55.2603425036512));
#11893=CARTESIAN_POINT('',(215.028730810143,37.3077506772247,55.2603425036512));
#11894=CARTESIAN_POINT('',(215.026398464581,29.5366713429897,55.2640508027361));
#11895=CARTESIAN_POINT('Ctrl Pts',(215.025257857093,29.5366591063438,55.2641318664035));
#11896=CARTESIAN_POINT('Ctrl Pts',(215.026815533662,29.6153393029523,55.2616618276303));
#11897=CARTESIAN_POINT('Ctrl Pts',(215.027594706681,29.6940871647936,55.2604247643039));
#11898=CARTESIAN_POINT('Ctrl Pts',(215.027589145153,29.772872979442,55.2604264279098));
#11899=CARTESIAN_POINT('',(215.026398464581,29.5366713429897,55.2640508027361));
#11900=CARTESIAN_POINT('Ctrl Pts',(206.985895967829,29.5366713429897,42.6912688575106));
#11901=CARTESIAN_POINT('Ctrl Pts',(206.985895967829,69.5366713429897,42.6912688575105));
#11902=CARTESIAN_POINT('Ctrl Pts',(207.976629663682,29.5366713429897,43.3143937149562));
#11903=CARTESIAN_POINT('Ctrl Pts',(207.976629663682,69.5366713429897,43.3143937149562));
#11904=CARTESIAN_POINT('Ctrl Pts',(208.902389592293,29.5366713429897,44.0353058041256));
#11905=CARTESIAN_POINT('Ctrl Pts',(208.902389592293,69.5366713429897,44.0353058041256));
#11906=CARTESIAN_POINT('Ctrl Pts',(210.594585387326,29.5366713429897,45.649571967828));
#11907=CARTESIAN_POINT('Ctrl Pts',(210.594585387326,69.5366713429897,45.649571967828));
#11908=CARTESIAN_POINT('Ctrl Pts',(211.357075136667,29.5366713429519,46.538571783545));
#11909=CARTESIAN_POINT('Ctrl Pts',(211.357075136667,69.5366713429519,46.538571783545));
#11910=CARTESIAN_POINT('Ctrl Pts',(213.332573383987,29.5366713429519,49.3716385656383));
#11911=CARTESIAN_POINT('Ctrl Pts',(213.332573383987,69.5366713429519,49.3716385656383));
#11912=CARTESIAN_POINT('Ctrl Pts',(214.260094504661,29.5366713429201,51.484442023621));
#11913=CARTESIAN_POINT('Ctrl Pts',(214.260094504661,69.5366713429201,51.484442023621));
#11914=CARTESIAN_POINT('Ctrl Pts',(214.86892798967,29.5366713429201,54.2283650463684));
#11915=CARTESIAN_POINT('Ctrl Pts',(214.86892798967,69.5366713429201,54.2283650463684));
#11916=CARTESIAN_POINT('Ctrl Pts',(214.959347653397,29.5366713429897,54.7450064498016));
#11917=CARTESIAN_POINT('Ctrl Pts',(214.959347653397,69.5366713429897,54.7450064498015));
#11918=CARTESIAN_POINT('Ctrl Pts',(215.026398464581,29.5366713429897,55.2640508027361));
#11919=CARTESIAN_POINT('Ctrl Pts',(215.026398464581,69.5366713429897,55.264050802736));
#11920=CARTESIAN_POINT('Ctrl Pts',(215.026398464581,60.4633286570099,55.264050802736));
#11921=CARTESIAN_POINT('Ctrl Pts',(214.959347653397,60.4633286570099,54.7450064498015));
#11922=CARTESIAN_POINT('Ctrl Pts',(214.86892798967,60.4633286569402,54.2283650463684));
#11923=CARTESIAN_POINT('Ctrl Pts',(214.755178165253,60.4633286569402,53.7157113081365));
#11924=CARTESIAN_POINT('Ctrl Pts',(214.260094504661,60.4633286569402,51.484442023621));
#11925=CARTESIAN_POINT('Ctrl Pts',(213.332573383987,60.4633286569721,49.3716385656383));
#11926=CARTESIAN_POINT('Ctrl Pts',(212.025296475529,60.4633286569721,47.4968696108308));
#11927=CARTESIAN_POINT('Ctrl Pts',(211.357075136667,60.4633286569721,46.538571783545));
#11928=CARTESIAN_POINT('Ctrl Pts',(210.594585387326,60.4633286570099,45.649571967828));
#11929=CARTESIAN_POINT('Ctrl Pts',(209.74925811922,60.4633286570099,44.8431740260745));
#11930=CARTESIAN_POINT('Ctrl Pts',(208.902389592293,60.4633286570099,44.0353058041256));
#11931=CARTESIAN_POINT('Ctrl Pts',(207.976629663682,60.4633286570099,43.3143937149562));
#11932=CARTESIAN_POINT('Ctrl Pts',(206.985895967829,60.4633286570099,42.6912688575105));
#11933=CARTESIAN_POINT('Ctrl Pts',(206.985895967829,29.5366713429897,42.6912688575106));
#11934=CARTESIAN_POINT('Ctrl Pts',(207.976629663682,29.5366713429897,43.3143937149562));
#11935=CARTESIAN_POINT('Ctrl Pts',(208.902389592293,29.5366713429897,44.0353058041256));
#11936=CARTESIAN_POINT('Ctrl Pts',(210.594585387326,29.5366713429897,45.649571967828));
#11937=CARTESIAN_POINT('Ctrl Pts',(211.357075136667,29.5366713429519,46.538571783545));
#11938=CARTESIAN_POINT('Ctrl Pts',(213.332573383987,29.5366713429519,49.3716385656383));
#11939=CARTESIAN_POINT('Ctrl Pts',(214.260094504661,29.5366713429201,51.484442023621));
#11940=CARTESIAN_POINT('Ctrl Pts',(214.86892798967,29.5366713429201,54.2283650463684));
#11941=CARTESIAN_POINT('Ctrl Pts',(214.959347653397,29.5366713429897,54.7450064498016));
#11942=CARTESIAN_POINT('Ctrl Pts',(215.026398464581,29.5366713429897,55.2640508027361));
#11943=CARTESIAN_POINT('Origin',(216.479128469936,60.0921041959369,60.4673969246812));
#11944=CARTESIAN_POINT('Ctrl Pts',(181.711741084046,70.0798770933626,38.0163350732333));
#11945=CARTESIAN_POINT('Ctrl Pts',(182.846399340733,69.9771546938886,36.2782900368534));
#11946=CARTESIAN_POINT('Ctrl Pts',(184.733574479375,68.6958164101444,33.3864483853955));
#11947=CARTESIAN_POINT('Ctrl Pts',(186.48517918598,64.7017897803302,30.7091503726736));
#11948=CARTESIAN_POINT('Ctrl Pts',(186.883069886652,61.8520466163984,30.1094951365289));
#11949=CARTESIAN_POINT('Ctrl Pts',(186.914792528223,60.4633245450648,30.0676184006321));
#11950=CARTESIAN_POINT('Origin',(201.665535664111,60.0921041959369,51.1503443766268));
#11951=CARTESIAN_POINT('Ctrl Pts',(186.919472576456,60.0921041959369,30.062290400838));
#11952=CARTESIAN_POINT('Ctrl Pts',(186.915905664749,61.6081654514538,30.0600469812806));
#11953=CARTESIAN_POINT('Ctrl Pts',(186.527050419591,64.6063145732627,30.6451509040076));
#11954=CARTESIAN_POINT('Ctrl Pts',(184.733566180113,68.695835334205,33.3864610706765));
#11955=CARTESIAN_POINT('Ctrl Pts',(182.846374888675,69.9771712960549,36.2783275063382));
#11956=CARTESIAN_POINT('Ctrl Pts',(181.711704329612,70.0798804205663,38.016391372881));
#11957=CARTESIAN_POINT('Ctrl Pts',(185.967224897706,60.0422085872498,29.4633714364802));
#11958=CARTESIAN_POINT('Ctrl Pts',(185.968518381482,61.5223974831333,29.4552802502029));
#11959=CARTESIAN_POINT('Ctrl Pts',(185.601061667622,64.4553942680596,29.9955075153692));
#11960=CARTESIAN_POINT('Ctrl Pts',(183.865776668501,68.5263371315629,32.5912115522881));
#11961=CARTESIAN_POINT('Ctrl Pts',(181.992805072593,69.8990873172572,35.3913003501429));
#11962=CARTESIAN_POINT('Ctrl Pts',(180.844216562774,70.0646427542666,37.1070516780923));
#11963=CARTESIAN_POINT('Ctrl Pts',(183.705277811281,59.9527752704376,28.5333745951143));
#11964=CARTESIAN_POINT('Ctrl Pts',(183.714433675051,61.292785938215,28.5149257867806));
#11965=CARTESIAN_POINT('Ctrl Pts',(183.398114269549,63.9565523152854,28.9467160272517));
#11966=CARTESIAN_POINT('Ctrl Pts',(181.825649672938,67.7760171083242,31.1259393145837));
#11967=CARTESIAN_POINT('Ctrl Pts',(180.048576511509,69.2357195353332,33.5864991923367));
#11968=CARTESIAN_POINT('Ctrl Pts',(178.913490954797,69.5095262994516,35.1510483526165));
#11969=CARTESIAN_POINT('Ctrl Pts',(179.788788120408,59.8967561841352,28.5970483944673));
#11970=CARTESIAN_POINT('Ctrl Pts',(179.80049652239,60.808344135579,28.5749674572134));
#11971=CARTESIAN_POINT('Ctrl Pts',(179.580763112193,62.6274790256818,28.8203399630697));
#11972=CARTESIAN_POINT('Ctrl Pts',(178.445171206797,65.2937190309361,30.1502300888307));
#11973=CARTESIAN_POINT('Ctrl Pts',(177.120348934989,66.3969512936254,31.7078710791925));
#11974=CARTESIAN_POINT('Ctrl Pts',(176.252231138869,66.6489886009065,32.7278031257434));
#11975=CARTESIAN_POINT('Ctrl Pts',(176.889678881528,59.9315182078125,29.9352886188834));
#11976=CARTESIAN_POINT('Ctrl Pts',(176.896801151477,60.3825560833789,29.9216257869864));
#11977=CARTESIAN_POINT('Ctrl Pts',(176.779992766881,61.285475506942,30.0341125509552));
#11978=CARTESIAN_POINT('Ctrl Pts',(176.172163303819,62.6005678134408,30.6625270310066));
#11979=CARTESIAN_POINT('Ctrl Pts',(175.47198109853,63.1314191102058,31.3982858266155));
#11980=CARTESIAN_POINT('Ctrl Pts',(175.019285784324,63.2463138519968,31.8756444997733));
#11981=CARTESIAN_POINT('Ctrl Pts',(175.573713665367,59.9793077982109,31.0849093787913));
#11982=CARTESIAN_POINT('Ctrl Pts',(175.576637447764,60.1615861662857,31.0792357907048));
#11983=CARTESIAN_POINT('Ctrl Pts',(175.52613643662,60.5262064373041,31.1254095963399));
#11984=CARTESIAN_POINT('Ctrl Pts',(175.26543961827,61.0541358080449,31.388685760856));
#11985=CARTESIAN_POINT('Ctrl Pts',(174.97096551706,61.2533185239835,31.690460704));
#11986=CARTESIAN_POINT('Ctrl Pts',(174.784698137163,61.2910893487769,31.8838084779032));
#11987=CARTESIAN_POINT('Ctrl Pts',(175.182915187228,59.9972491202151,31.4898130010017));
#11988=CARTESIAN_POINT('Ctrl Pts',(175.184326761296,60.0922919034837,31.4869640460455));
#11989=CARTESIAN_POINT('Ctrl Pts',(175.15587375225,60.2839940102969,31.5136685142934));
#11990=CARTESIAN_POINT('Ctrl Pts',(175.010055485464,60.5570588137975,31.6608668007276));
#11991=CARTESIAN_POINT('Ctrl Pts',(174.849171618027,60.6523615527849,31.8262758652459));
#11992=CARTESIAN_POINT('Ctrl Pts',(174.750024910562,60.6652436571848,31.9288796529942));
#11993=CARTESIAN_POINT('Ctrl Pts',(175.182915187228,59.9972491202151,31.4898130010018));
#11994=CARTESIAN_POINT('Ctrl Pts',(175.941649413759,59.9624160903153,30.7036936740262));
#11995=CARTESIAN_POINT('Ctrl Pts',(177.192788103951,59.9269104336844,29.7788869676305));
#11996=CARTESIAN_POINT('Ctrl Pts',(178.678505234748,59.915376661167,29.1994540158503));
#11997=CARTESIAN_POINT('Ctrl Pts',(179.042208063164,59.9140160370715,29.0823854697844));
#11998=CARTESIAN_POINT('Ctrl Pts',(187.163658902999,45.0850567596661,30.2240167898902));
#11999=CARTESIAN_POINT('Ctrl Pts',(187.060429589638,47.9409361239258,30.1589933003749));
#12000=CARTESIAN_POINT('Ctrl Pts',(186.931426597081,51.5080504370315,30.0777351142664));
#12001=CARTESIAN_POINT('Ctrl Pts',(186.776593990495,55.7902259929151,29.9802070233238));
#12002=CARTESIAN_POINT('Ctrl Pts',(186.71207181765,57.5763860796223,29.9395649282931));
#12003=CARTESIAN_POINT('Ctrl Pts',(186.660465525478,59.0023723484301,29.9070584335802));
#12004=CARTESIAN_POINT('Ctrl Pts',(186.634641572907,59.7200974948252,29.8907921255015));
#12005=CARTESIAN_POINT('Ctrl Pts',(186.621718569697,60.0769533389982,29.8826520005598));
#12006=CARTESIAN_POINT('Ctrl Pts',(186.142077228141,45.0346807350639,29.6332968121769));
#12007=CARTESIAN_POINT('Ctrl Pts',(186.050986927311,47.8911616705915,29.5753721150577));
#12008=CARTESIAN_POINT('Ctrl Pts',(185.93736443698,51.4579135867511,29.5027877220336));
#12009=CARTESIAN_POINT('Ctrl Pts',(185.800738847488,55.7413357652275,29.4158861110755));
#12010=CARTESIAN_POINT('Ctrl Pts',(185.743858163999,57.5270771358728,29.3796625083526));
#12011=CARTESIAN_POINT('Ctrl Pts',(185.69829047356,58.954360022428,29.3506781137498));
#12012=CARTESIAN_POINT('Ctrl Pts',(185.67557586192,59.6703837869004,29.3362144233185));
#12013=CARTESIAN_POINT('Ctrl Pts',(185.664087750426,60.0296429586262,29.3289111664699));
#12014=CARTESIAN_POINT('Ctrl Pts',(184.347856586184,44.9685231263891,28.9746619719621));
#12015=CARTESIAN_POINT('Ctrl Pts',(184.278196013937,47.8257873855925,28.9245228042888));
#12016=CARTESIAN_POINT('Ctrl Pts',(184.191233736001,51.3921927372861,28.8619606487699));
#12017=CARTESIAN_POINT('Ctrl Pts',(184.086736589384,55.677209031562,28.7867490636849));
#12018=CARTESIAN_POINT('Ctrl Pts',(184.043241384353,57.4624802017655,28.7554474891095));
#12019=CARTESIAN_POINT('Ctrl Pts',(184.00836540686,58.8913631387137,28.7303466117305));
#12020=CARTESIAN_POINT('Ctrl Pts',(183.991036117249,59.6053382477836,28.7178743066156));
#12021=CARTESIAN_POINT('Ctrl Pts',(183.98218145957,59.9675189190464,28.7115062058322));
#12022=CARTESIAN_POINT('Ctrl Pts',(181.069094021996,44.9075067762057,28.7875313131721));
#12023=CARTESIAN_POINT('Ctrl Pts',(181.038532800307,47.7654990998756,28.7396549527344));
#12024=CARTESIAN_POINT('Ctrl Pts',(181.000388351632,51.3319017694895,28.6798054437941));
#12025=CARTESIAN_POINT('Ctrl Pts',(180.954548642872,55.6182924246467,28.6079763721707));
#12026=CARTESIAN_POINT('Ctrl Pts',(180.935463715639,57.4033672803135,28.5780771237625));
#12027=CARTESIAN_POINT('Ctrl Pts',(180.920165594194,58.8334306220084,28.5540940292135));
#12028=CARTESIAN_POINT('Ctrl Pts',(180.912556231264,59.546069749844,28.5421997457104));
#12029=CARTESIAN_POINT('Ctrl Pts',(180.908656573405,59.9102499841124,28.5360902672056));
#12030=CARTESIAN_POINT('Ctrl Pts',(177.802967472222,44.9054210447256,29.5974711214356));
#12031=CARTESIAN_POINT('Ctrl Pts',(177.811348664051,47.7634386477737,29.539928040807));
#12032=CARTESIAN_POINT('Ctrl Pts',(177.821822897118,51.3305103952161,29.4680378860154));
#12033=CARTESIAN_POINT('Ctrl Pts',(177.834415577022,55.6167406702267,29.3817100143552));
#12034=CARTESIAN_POINT('Ctrl Pts',(177.839626663843,57.402287979656,29.3457779930418));
#12035=CARTESIAN_POINT('Ctrl Pts',(177.843853876049,58.8317909219607,29.3169590698575));
#12036=CARTESIAN_POINT('Ctrl Pts',(177.845879528562,59.5455015915491,29.3026566756348));
#12037=CARTESIAN_POINT('Ctrl Pts',(177.846974481969,59.9083454919296,29.295330704551));
#12038=CARTESIAN_POINT('Ctrl Pts',(175.770410578288,44.9629378502727,31.0998828491848));
#12039=CARTESIAN_POINT('Ctrl Pts',(175.803065981494,47.8202706651636,31.0243820762778));
#12040=CARTESIAN_POINT('Ctrl Pts',(175.843724610753,51.3884278929506,30.9301918458268));
#12041=CARTESIAN_POINT('Ctrl Pts',(175.892718066665,55.6730274081711,30.8169482857409));
#12042=CARTESIAN_POINT('Ctrl Pts',(175.913076129126,57.4595369515898,30.7697988958546));
#12043=CARTESIAN_POINT('Ctrl Pts',(175.929435262546,58.8869531583158,30.7320332339931));
#12044=CARTESIAN_POINT('Ctrl Pts',(175.937522832325,59.6037352731497,30.7131998512843));
#12045=CARTESIAN_POINT('Ctrl Pts',(175.941649413759,59.9624160903153,30.7036936740262));
#12046=CARTESIAN_POINT('Ctrl Pts',(174.961009010719,45.,31.9384996744493));
#12047=CARTESIAN_POINT('Ctrl Pts',(175.003274445621,47.856894060384,31.8530340315022));
#12048=CARTESIAN_POINT('Ctrl Pts',(175.056127080266,51.4256302155123,31.7462150858375));
#12049=CARTESIAN_POINT('Ctrl Pts',(175.119540581981,55.7092173953963,31.6180262754433));
#12050=CARTESIAN_POINT('Ctrl Pts',(175.145943444387,57.4962655730697,31.5646020505729));
#12051=CARTESIAN_POINT('Ctrl Pts',(175.167096047957,58.9224402954853,31.5218817365317));
#12052=CARTESIAN_POINT('Ctrl Pts',(175.177624355363,59.6410117836934,31.5004913933066));
#12053=CARTESIAN_POINT('Ctrl Pts',(175.182915187228,59.9972491202151,31.4898130010018));
#12054=CARTESIAN_POINT('',(179.043838703171,45.1422626697977,29.3751440763255));
#12055=CARTESIAN_POINT('Ctrl Pts',(187.161591125284,45.1422624466951,30.2227143098256));
#12056=CARTESIAN_POINT('Ctrl Pts',(187.020512537376,45.1422613157891,30.1411241968668));
#12057=CARTESIAN_POINT('Ctrl Pts',(186.877361001849,45.1422638260605,30.0631337841188));
#12058=CARTESIAN_POINT('Ctrl Pts',(186.73239686052,45.1422687895721,29.9887502139879));
#12059=CARTESIAN_POINT('Ctrl Pts',(186.581181494632,45.1422739671231,29.9111590340568));
#12060=CARTESIAN_POINT('Ctrl Pts',(186.427993690017,45.1422817888562,29.8374920831909));
#12061=CARTESIAN_POINT('Ctrl Pts',(186.273071819681,45.1422904214085,29.7677639833573));
#12062=CARTESIAN_POINT('Ctrl Pts',(186.114711376196,45.1422992455648,29.6964882313337));
#12063=CARTESIAN_POINT('Ctrl Pts',(185.954538677817,45.1423088866636,29.6293276990817));
#12064=CARTESIAN_POINT('Ctrl Pts',(185.792753982353,45.1423173231609,29.5663109597179));
#12065=CARTESIAN_POINT('Ctrl Pts',(185.626278605497,45.1423260042606,29.5014671535493));
#12066=CARTESIAN_POINT('Ctrl Pts',(185.458096063045,45.1423333751008,29.4410104053353));
#12067=CARTESIAN_POINT('Ctrl Pts',(185.288372934684,45.1423376695407,29.3849925801985));
#12068=CARTESIAN_POINT('Ctrl Pts',(185.173894983169,45.1423405661329,29.3472086556867));
#12069=CARTESIAN_POINT('Ctrl Pts',(185.058715075209,45.1423420727949,29.3114446503261));
#12070=CARTESIAN_POINT('Ctrl Pts',(184.942872898836,45.1423418764972,29.2777233173189));
#12071=CARTESIAN_POINT('Ctrl Pts',(184.763343932823,45.1423415722806,29.2254629382678));
#12072=CARTESIAN_POINT('Ctrl Pts',(184.582599057551,45.1423373553619,29.1782161624129));
#12073=CARTESIAN_POINT('Ctrl Pts',(184.4008160128,45.1423304696929,29.1360450046144));
#12074=CARTESIAN_POINT('Ctrl Pts',(184.216058134805,45.1423234713417,29.0931837265557));
#12075=CARTESIAN_POINT('Ctrl Pts',(184.030227345135,45.1423136782864,29.0555650300596));
#12076=CARTESIAN_POINT('Ctrl Pts',(183.843466839869,45.1423035747743,29.0232852493762));
#12077=CARTESIAN_POINT('Ctrl Pts',(183.785379675781,45.1423004323306,29.0132454344026));
#12078=CARTESIAN_POINT('Ctrl Pts',(183.727202291485,45.1422972705846,29.003722342624));
#12079=CARTESIAN_POINT('Ctrl Pts',(183.668938272536,45.1422941959012,28.994719596242));
#12080=CARTESIAN_POINT('Ctrl Pts',(183.487108484319,45.1422846004591,28.9666239121893));
#12081=CARTESIAN_POINT('Ctrl Pts',(183.304437387839,45.1422756982983,28.9435927839282));
#12082=CARTESIAN_POINT('Ctrl Pts',(183.121195703869,45.1422670306753,28.9256317820638));
#12083=CARTESIAN_POINT('Ctrl Pts',(182.935232379669,45.1422582343145,28.9074040101927));
#12084=CARTESIAN_POINT('Ctrl Pts',(182.748680664254,45.1422496512011,28.8943978011763));
#12085=CARTESIAN_POINT('Ctrl Pts',(182.561796569099,45.1422431339618,28.8866655486596));
#12086=CARTESIAN_POINT('Ctrl Pts',(182.383890541936,45.1422369298161,28.8793047600108));
#12087=CARTESIAN_POINT('Ctrl Pts',(182.205682530718,45.1422325969606,28.8767235543761));
#12088=CARTESIAN_POINT('Ctrl Pts',(182.027380435391,45.1422340011959,28.8790089889773));
#12089=CARTESIAN_POINT('Ctrl Pts',(181.925716415287,45.1422348018606,28.8803120946353));
#12090=CARTESIAN_POINT('Ctrl Pts',(181.824160588287,45.142237549712,28.8831963837107));
#12091=CARTESIAN_POINT('Ctrl Pts',(181.72275219721,45.1422432904145,28.8876709933048));
#12092=CARTESIAN_POINT('Ctrl Pts',(181.537469573985,45.1422537792155,28.8958465238964));
#12093=CARTESIAN_POINT('Ctrl Pts',(181.352679314836,45.1422740711476,28.9093277380632));
#12094=CARTESIAN_POINT('Ctrl Pts',(181.168560070928,45.142295500366,28.9279307470162));
#12095=CARTESIAN_POINT('Ctrl Pts',(180.980355555618,45.1423174050599,28.9469465229285));
#12096=CARTESIAN_POINT('Ctrl Pts',(180.792851493329,45.1423404920612,28.971313972965));
#12097=CARTESIAN_POINT('Ctrl Pts',(180.606237938799,45.1423586978556,29.0008911071378));
#12098=CARTESIAN_POINT('Ctrl Pts',(180.418975808564,45.1423769669242,29.0305710366872));
#12099=CARTESIAN_POINT('Ctrl Pts',(180.232609679019,45.1423903233991,29.0654971531137));
#12100=CARTESIAN_POINT('Ctrl Pts',(180.047341294068,45.1423958305772,29.1055776588809));
#12101=CARTESIAN_POINT('Ctrl Pts',(179.863900233272,45.1424012834374,29.1452628458442));
#12102=CARTESIAN_POINT('Ctrl Pts',(179.681534709817,45.1423990491785,29.1900015552413));
#12103=CARTESIAN_POINT('Ctrl Pts',(179.500460195607,45.1423893089006,29.2397510935479));
#12104=CARTESIAN_POINT('Ctrl Pts',(179.347468712435,45.1423810792524,29.2817849252325));
#12105=CARTESIAN_POINT('Ctrl Pts',(179.195398951402,45.1423675431005,29.3273966957337));
#12106=CARTESIAN_POINT('Ctrl Pts',(179.0443972674,45.1423504683041,29.3765845849037));
#12107=CARTESIAN_POINT('',(179.043794621895,45.0404785824356,29.3771906771155));
#12108=CARTESIAN_POINT('Ctrl Pts',(179.044397267377,45.142350468294,29.3765845849113));
#12109=CARTESIAN_POINT('Ctrl Pts',(179.044380417837,45.1037748649022,29.3773602192563));
#12110=CARTESIAN_POINT('Ctrl Pts',(179.044365960268,45.0701235561278,29.378036754731));
#12111=CARTESIAN_POINT('Ctrl Pts',(179.044353201003,45.0405700745194,29.3786309223161));
#12112=CARTESIAN_POINT('',(179.043465701915,45.,29.3781066520351));
#12113=CARTESIAN_POINT('Ctrl Pts',(179.044353201003,45.0405700745195,29.3786309223161));
#12114=CARTESIAN_POINT('Ctrl Pts',(179.044347281069,45.0270814816514,29.3789021395369));
#12115=CARTESIAN_POINT('Ctrl Pts',(179.044237725464,45.0135886282608,29.3792072006232));
#12116=CARTESIAN_POINT('Ctrl Pts',(179.044024206986,45.0000924124352,29.3795462092564));
#12117=CARTESIAN_POINT('Ctrl Pts',(179.044024206996,45.0000924124398,29.3795462092528));
#12118=CARTESIAN_POINT('Ctrl Pts',(178.869844865662,45.000072429057,29.4362979657386));
#12119=CARTESIAN_POINT('Ctrl Pts',(178.697287245176,45.0000475359192,29.4977386565935));
#12120=CARTESIAN_POINT('Ctrl Pts',(178.52658413675,45.0000230918153,29.5638718792001));
#12121=CARTESIAN_POINT('Ctrl Pts',(178.360392704651,44.9999992937679,29.6282572033789));
#12122=CARTESIAN_POINT('Ctrl Pts',(178.19595859701,44.9999759336128,29.6970906165528));
#12123=CARTESIAN_POINT('Ctrl Pts',(178.033533218649,44.9999604816036,29.770408846602));
#12124=CARTESIAN_POINT('Ctrl Pts',(178.005039530338,44.9999577709143,29.7832707947511));
#12125=CARTESIAN_POINT('Ctrl Pts',(177.976607762486,44.9999553097717,29.7962708386757));
#12126=CARTESIAN_POINT('Ctrl Pts',(177.948239408786,44.9999531463898,29.8094092752132));
#12127=CARTESIAN_POINT('Ctrl Pts',(177.776490728699,44.9999400487671,29.8889524576483));
#12128=CARTESIAN_POINT('Ctrl Pts',(177.607062636125,44.9999377137137,29.9735666563311));
#12129=CARTESIAN_POINT('Ctrl Pts',(177.44005599281,44.9999400389018,30.0630922307813));
#12130=CARTESIAN_POINT('Ctrl Pts',(177.342450411516,44.9999413978379,30.1154146747359));
#12131=CARTESIAN_POINT('Ctrl Pts',(177.24567279215,44.999944385471,30.1694151082475));
#12132=CARTESIAN_POINT('Ctrl Pts',(177.149751180366,44.9999480482492,30.2250641078944));
#12133=CARTESIAN_POINT('Ctrl Pts',(176.992792057652,44.9999540417521,30.3161240682307));
#12134=CARTESIAN_POINT('Ctrl Pts',(176.838439645233,44.9999615818462,30.4114128938576));
#12135=CARTESIAN_POINT('Ctrl Pts',(176.686781951973,44.9999684173453,30.5107857817436));
#12136=CARTESIAN_POINT('Ctrl Pts',(176.530494943403,44.9999754614965,30.6131920035901));
#12137=CARTESIAN_POINT('Ctrl Pts',(176.377068910262,44.9999817853916,30.7199360974179));
#12138=CARTESIAN_POINT('Ctrl Pts',(176.226658196362,44.9999865610559,30.8308723272307));
#12139=CARTESIAN_POINT('Ctrl Pts',(176.088702716307,44.9999909412564,30.9326221324303));
#12140=CARTESIAN_POINT('Ctrl Pts',(175.953284177792,44.9999940605945,31.0378991538268));
#12141=CARTESIAN_POINT('Ctrl Pts',(175.820570869536,44.9999960944874,31.1465920180866));
#12142=CARTESIAN_POINT('Ctrl Pts',(175.691147556111,44.9999980779596,31.2525903600995));
#12143=CARTESIAN_POINT('Ctrl Pts',(175.564296852432,44.9999990556515,31.3618377759219));
#12144=CARTESIAN_POINT('Ctrl Pts',(175.4402232211,44.999999532948,31.474224248436));
#12145=CARTESIAN_POINT('Ctrl Pts',(175.320750182764,44.9999999925466,31.5824434824096));
#12146=CARTESIAN_POINT('Ctrl Pts',(175.203852053586,45.0000000107445,31.6935736921364));
#12147=CARTESIAN_POINT('Ctrl Pts',(175.089758030217,45.0000000075556,31.8075040278153));
#12148=CARTESIAN_POINT('Ctrl Pts',(175.046432025264,45.0000000063447,31.8507678740893));
#12149=CARTESIAN_POINT('Ctrl Pts',(175.003510874432,45.,31.8944353408657));
#12150=CARTESIAN_POINT('Ctrl Pts',(174.961009010719,45.,31.9384996744493));
#12151=CARTESIAN_POINT('Origin',(171.649478637687,45.1422626697977,41.1317632973479));
#12152=CARTESIAN_POINT('',(171.649478637687,45.1422626697977,41.1317632973479));
#12153=CARTESIAN_POINT('Origin',(171.650369401879,45.0404785824356,41.1323235460933));
#12154=CARTESIAN_POINT('',(171.650369401879,45.0404785824356,41.1323235460934));
#12155=CARTESIAN_POINT('Ctrl Pts',(179.043288582144,45.0404785824356,29.3779952520365));
#12156=CARTESIAN_POINT('Ctrl Pts',(179.043642830757,45.,29.3782180577384));
#12157=CARTESIAN_POINT('Ctrl Pts',(179.043288582144,44.9595214175644,29.3779952520365));
#12158=CARTESIAN_POINT('Ctrl Pts',(179.272773849178,45.0404785824356,29.0131265037661));
#12159=CARTESIAN_POINT('Ctrl Pts',(179.273128097791,45.,29.013349309468));
#12160=CARTESIAN_POINT('Ctrl Pts',(179.272773849178,44.9595214175644,29.0131265037661));
#12161=CARTESIAN_POINT('',(179.043794621895,44.9595214175644,29.3771906771155));
#12162=CARTESIAN_POINT('',(171.650369401879,44.9595214175644,41.1323235460934));
#12163=CARTESIAN_POINT('Ctrl Pts',(179.043470931068,45.0000014465913,29.3781093705876));
#12164=CARTESIAN_POINT('Ctrl Pts',(179.043684480153,44.9865083924585,29.3777699325787));
#12165=CARTESIAN_POINT('Ctrl Pts',(179.0437939434,44.9730158346289,29.3774646516079));
#12166=CARTESIAN_POINT('Ctrl Pts',(179.043799775827,44.959524695377,29.3771933811185));
#12167=CARTESIAN_POINT('Origin',(209.100141879438,29.5366713429897,64.6864675447652));
#12168=CARTESIAN_POINT('',(184.782067473123,29.5366713429898,33.4569325452847));
#12169=CARTESIAN_POINT('Ctrl Pts',(184.782067473123,29.5366713429898,33.4569325452847));
#12170=CARTESIAN_POINT('Ctrl Pts',(184.416478509887,29.5366713429898,33.2269942969406));
#12171=CARTESIAN_POINT('Ctrl Pts',(184.024453058259,29.5366713429899,33.0420566739622));
#12172=CARTESIAN_POINT('Ctrl Pts',(183.181189706446,29.5366713429899,32.7624494536711));
#12173=CARTESIAN_POINT('Ctrl Pts',(182.731303121833,29.5366713429898,32.6746742953751));
#12174=CARTESIAN_POINT('Ctrl Pts',(181.564597483293,29.5366713429898,32.5984401025863));
#12175=CARTESIAN_POINT('Ctrl Pts',(180.851502912291,29.5366713429897,32.694072280812));
#12176=CARTESIAN_POINT('Ctrl Pts',(179.694532988403,29.5366713429897,33.0922583763134));
#12177=CARTESIAN_POINT('Ctrl Pts',(179.239052893612,29.5366713429899,33.3257221289125));
#12178=CARTESIAN_POINT('Ctrl Pts',(178.660251416989,29.5366713429899,33.733691710073));
#12179=CARTESIAN_POINT('Ctrl Pts',(178.50679595866,29.5366713429897,33.8547122198129));
#12180=CARTESIAN_POINT('Ctrl Pts',(178.2173776617,29.5366713429897,34.1080413094744));
#12181=CARTESIAN_POINT('Ctrl Pts',(178.090256182224,29.5366713429897,34.2308642665506));
#12182=CARTESIAN_POINT('Ctrl Pts',(177.955501331548,29.5366713429897,34.3705730269054));
#12183=CARTESIAN_POINT('',(204.853833719826,29.5366713429897,46.0811286673262));
#12184=CARTESIAN_POINT('',(219.667426525651,29.5366713429897,55.3981812153805));
#12185=CARTESIAN_POINT('',(209.100141879438,29.5366713429897,64.6864675447652));
#12186=CARTESIAN_POINT('Ctrl Pts',(209.100141879438,29.5366713429897,64.6864675447652));
#12187=CARTESIAN_POINT('Ctrl Pts',(209.26440979598,29.5366713429897,64.4252907386707));
#12188=CARTESIAN_POINT('Ctrl Pts',(209.419131277303,29.5366680252592,64.1585670608524));
#12189=CARTESIAN_POINT('Ctrl Pts',(209.564284765311,29.5366629565145,63.8868652613424));
#12190=CARTESIAN_POINT('Ctrl Pts',(209.71160682718,29.5366578120435,63.6111042729788));
#12191=CARTESIAN_POINT('Ctrl Pts',(209.849073100432,29.5366508803225,63.3302147853951));
#12192=CARTESIAN_POINT('Ctrl Pts',(209.976614898245,29.5366435110609,63.0447632938191));
#12193=CARTESIAN_POINT('Ctrl Pts',(210.097427702381,29.536636530595,62.7743719732195));
#12194=CARTESIAN_POINT('Ctrl Pts',(210.2093353556,29.5366291669038,62.4998866791826));
#12195=CARTESIAN_POINT('Ctrl Pts',(210.312239498589,29.5366221303558,62.2217727494342));
#12196=CARTESIAN_POINT('Ctrl Pts',(210.420896629589,29.5366147004207,61.9281105039698));
#12197=CARTESIAN_POINT('Ctrl Pts',(210.519321746118,29.5366077081781,61.6309274998877));
#12198=CARTESIAN_POINT('Ctrl Pts',(210.60746013523,29.5366022431544,61.3307945469616));
#12199=CARTESIAN_POINT('Ctrl Pts',(210.695947686609,29.5365967564808,61.0294726103978));
#12200=CARTESIAN_POINT('Ctrl Pts',(210.774067006639,29.5365928254782,60.7251767091595));
#12201=CARTESIAN_POINT('Ctrl Pts',(210.841713448184,29.5365909712067,60.4184665456437));
#12202=CARTESIAN_POINT('Ctrl Pts',(210.904717184506,29.5365892441974,60.1328064898001));
#12203=CARTESIAN_POINT('Ctrl Pts',(210.958635876284,29.5365893234121,59.8450516276029));
#12204=CARTESIAN_POINT('Ctrl Pts',(211.003344921271,29.5365909911092,59.5556471378385));
#12205=CARTESIAN_POINT('Ctrl Pts',(211.051469713417,29.5365927862173,59.2441322996252));
#12206=CARTESIAN_POINT('Ctrl Pts',(211.088800140346,29.536596402485,58.9315102038075));
#12207=CARTESIAN_POINT('Ctrl Pts',(211.11529668144,29.5366013867645,58.618353778802));
#12208=CARTESIAN_POINT('Ctrl Pts',(211.141810436504,29.5366063742821,58.3049939059107));
#12209=CARTESIAN_POINT('Ctrl Pts',(211.15747635125,29.5366127468575,57.9910983982161));
#12210=CARTESIAN_POINT('Ctrl Pts',(211.162204644618,29.5366194267073,57.6772269374551));
#12211=CARTESIAN_POINT('Ctrl Pts',(211.166890095692,29.5366260460321,57.366199414837));
#12212=CARTESIAN_POINT('Ctrl Pts',(211.160835286756,29.5366329805531,57.0551949079819));
#12213=CARTESIAN_POINT('Ctrl Pts',(211.143902390144,29.5366383569201,56.7447529509512));
#12214=CARTESIAN_POINT('Ctrl Pts',(211.13005531674,29.5366427535069,56.4908854251928));
#12215=CARTESIAN_POINT('Ctrl Pts',(211.108932801972,29.5366460964579,56.2373938628925));
#12216=CARTESIAN_POINT('Ctrl Pts',(211.080433573479,29.5366468504482,55.9845749180971));
#12217=CARTESIAN_POINT('Ctrl Pts',(211.045465112139,29.5366477755918,55.6743668891625));
#12218=CARTESIAN_POINT('Ctrl Pts',(210.999392055065,29.5366448372517,55.3651707971658));
#12219=CARTESIAN_POINT('Ctrl Pts',(210.942409540274,29.5366407606295,55.0575357091966));
#12220=CARTESIAN_POINT('Ctrl Pts',(210.900509308062,29.5366377630184,54.8313262891702));
#12221=CARTESIAN_POINT('Ctrl Pts',(210.852709345589,29.5366341274123,54.6059610606771));
#12222=CARTESIAN_POINT('Ctrl Pts',(210.799070425133,29.5366305016903,54.3816647092774));
#12223=CARTESIAN_POINT('Ctrl Pts',(210.726980216333,29.5366256287539,54.0802125050205));
#12224=CARTESIAN_POINT('Ctrl Pts',(210.644583313113,29.5366216484031,53.7816869549266));
#12225=CARTESIAN_POINT('Ctrl Pts',(210.552191473954,29.5366194123034,53.4865971472748));
#12226=CARTESIAN_POINT('Ctrl Pts',(210.45856562455,29.5366171463378,53.1875660408136));
#12227=CARTESIAN_POINT('Ctrl Pts',(210.354675955251,29.5366166824573,52.8920624748037));
#12228=CARTESIAN_POINT('Ctrl Pts',(210.240793703885,29.5366180204614,52.6006212875168));
#12229=CARTESIAN_POINT('Ctrl Pts',(210.126812549729,29.5366193596276,52.3089269936585));
#12230=CARTESIAN_POINT('Ctrl Pts',(210.002821235055,29.536622513178,52.0213015414468));
#12231=CARTESIAN_POINT('Ctrl Pts',(209.869041405155,29.5366264483642,51.7382951688039));
#12232=CARTESIAN_POINT('Ctrl Pts',(209.73643586826,29.536630349008,51.4577729703739));
#12233=CARTESIAN_POINT('Ctrl Pts',(209.594212631701,29.5366350249838,51.1817885680562));
#12234=CARTESIAN_POINT('Ctrl Pts',(209.442541912576,29.5366383344374,50.910900079842));
#12235=CARTESIAN_POINT('Ctrl Pts',(209.330666741214,29.5366407755526,50.7110876426497));
#12236=CARTESIAN_POINT('Ctrl Pts',(209.213650417437,29.536642450442,50.5140482134299));
#12237=CARTESIAN_POINT('Ctrl Pts',(209.091546376389,29.5366420618031,50.3200162909804));
#12238=CARTESIAN_POINT('Ctrl Pts',(208.950600052826,29.5366416131921,50.096042654331));
#12239=CARTESIAN_POINT('Ctrl Pts',(208.80287485395,29.5366384257931,49.8760758657376));
#12240=CARTESIAN_POINT('Ctrl Pts',(208.648572461699,29.5366348151471,49.6603752414068));
#12241=CARTESIAN_POINT('Ctrl Pts',(208.468085903011,29.5366305917967,49.4080715484797));
#12242=CARTESIAN_POINT('Ctrl Pts',(208.279198572339,29.5366264442347,49.1624384230769));
#12243=CARTESIAN_POINT('Ctrl Pts',(208.082368380916,29.5366239589497,48.9237957726299));
#12244=CARTESIAN_POINT('Ctrl Pts',(207.883715150647,29.536621450646,48.6829428168474));
#12245=CARTESIAN_POINT('Ctrl Pts',(207.676970901965,29.5366206402683,48.4492099739952));
#12246=CARTESIAN_POINT('Ctrl Pts',(207.462559920896,29.5366221153997,48.2229517056023));
#12247=CARTESIAN_POINT('Ctrl Pts',(207.247483841324,29.5366235951069,47.9959915886611));
#12248=CARTESIAN_POINT('Ctrl Pts',(207.024692998761,29.5366273783585,47.7765520462887));
#12249=CARTESIAN_POINT('Ctrl Pts',(206.794574721259,29.5366329502504,47.5650231997646));
#12250=CARTESIAN_POINT('Ctrl Pts',(206.565463562045,29.5366384977568,47.3544201144279));
#12251=CARTESIAN_POINT('Ctrl Pts',(206.329088537465,29.5366458207584,47.1516582328856));
#12252=CARTESIAN_POINT('Ctrl Pts',(206.085797626024,29.5366532693653,46.9571608523023));
#12253=CARTESIAN_POINT('Ctrl Pts',(205.846010694747,29.5366606106941,46.7654647065023));
#12254=CARTESIAN_POINT('Ctrl Pts',(205.59950521128,29.5366680745081,46.5817964071645));
#12255=CARTESIAN_POINT('Ctrl Pts',(205.346587469121,29.536672950852,46.4066036491482));
#12256=CARTESIAN_POINT('Ctrl Pts',(205.184922376282,29.5366760678125,46.2946203883147));
#12257=CARTESIAN_POINT('Ctrl Pts',(205.020636861788,29.536678104861,46.1861009043601));
#12258=CARTESIAN_POINT('Ctrl Pts',(204.853806268017,29.536678104861,46.0811723141686));
#12259=CARTESIAN_POINT('',(209.100141879438,29.5366713429897,64.6864675447652));
#12260=CARTESIAN_POINT('Origin',(171.515396215586,29.5366713429897,41.0474317655673));
#12261=CARTESIAN_POINT('Ctrl Pts',(179.043799775827,44.959524695377,29.3771933811185));
#12262=CARTESIAN_POINT('Ctrl Pts',(179.04470966616,42.859116699661,29.3349592238253));
#12263=CARTESIAN_POINT('Ctrl Pts',(179.045629498399,40.7625558596574,29.2927896584212));
#12264=CARTESIAN_POINT('Ctrl Pts',(179.046534984268,38.6636111661978,29.2505953425485));
#12265=CARTESIAN_POINT('Ctrl Pts',(179.047150944323,37.2357964045466,29.221892505714));
#12266=CARTESIAN_POINT('Ctrl Pts',(179.047759789037,35.8068766860679,29.1931780322378));
#12267=CARTESIAN_POINT('Ctrl Pts',(179.048378012513,34.3798887523777,29.164487552767));
#12268=CARTESIAN_POINT('Ctrl Pts',(179.048609809769,33.8448526341216,29.1537303190128));
#12269=CARTESIAN_POINT('Ctrl Pts',(179.048842964802,33.3100884617053,29.1429764770418));
#12270=CARTESIAN_POINT('Ctrl Pts',(179.049066202846,32.7736747537222,29.1322035750161));
#12271=CARTESIAN_POINT('Ctrl Pts',(179.04914060968,32.5948842325707,29.1286128898065));
#12272=CARTESIAN_POINT('Ctrl Pts',(179.04921391024,32.4159104007407,29.1250200853383));
#12273=CARTESIAN_POINT('Ctrl Pts',(179.049287606237,32.2372169304684,29.1214331777225));
#12274=CARTESIAN_POINT('Ctrl Pts',(179.049322716257,32.152084336719,29.1197243142235));
#12275=CARTESIAN_POINT('Ctrl Pts',(179.049357916581,32.0670153857621,29.11801678936));
#12276=CARTESIAN_POINT('Ctrl Pts',(179.049393166842,31.9819754694458,29.1163098510101));
#12277=CARTESIAN_POINT('Ctrl Pts',(179.049509859155,31.7004596876667,29.1106592094663));
#12278=CARTESIAN_POINT('Ctrl Pts',(179.049622702142,31.4170193262387,29.1049717067554));
#12279=CARTESIAN_POINT('Ctrl Pts',(179.049736989188,31.1333346204589,29.0992763450058));
#12280=CARTESIAN_POINT('Ctrl Pts',(179.049814634889,30.9406015110106,29.0954069620003));
#12281=CARTESIAN_POINT('Ctrl Pts',(179.049892943511,30.7477526389271,29.0915338872757));
#12282=CARTESIAN_POINT('Ctrl Pts',(179.049973605109,30.5553383812608,29.0876667325055));
#12283=CARTESIAN_POINT('Ctrl Pts',(179.05001166967,30.4645372524781,29.0858418052753));
#12284=CARTESIAN_POINT('Ctrl Pts',(179.05005025897,30.3738335018539,29.0840182093299));
#12285=CARTESIAN_POINT('Ctrl Pts',(179.050089556163,30.2832893023312,29.0821970493312));
#12286=CARTESIAN_POINT('Ctrl Pts',(184.782067473123,29.5366713429897,33.4569325452847));
#12287=CARTESIAN_POINT('Ctrl Pts',(184.73246260806,28.2347066255242,33.5210777847832));
#12288=CARTESIAN_POINT('Ctrl Pts',(184.045361940271,25.3090723526778,34.5363357736904));
#12289=CARTESIAN_POINT('Ctrl Pts',(182.494020331983,23.9941930061611,36.8571194228259));
#12290=CARTESIAN_POINT('Ctrl Pts',(181.606438987292,23.9152300692855,38.1837573837151));
#12291=CARTESIAN_POINT('Ctrl Pts',(184.237579408225,29.5735976686903,33.1117710263499));
#12292=CARTESIAN_POINT('Ctrl Pts',(184.193540542688,28.3002588677489,33.1678366744002));
#12293=CARTESIAN_POINT('Ctrl Pts',(183.538144176146,25.4271332292687,34.1160942839098));
#12294=CARTESIAN_POINT('Ctrl Pts',(182.008234812466,24.0490298391467,36.3532280397086));
#12295=CARTESIAN_POINT('Ctrl Pts',(181.110800314602,23.923936101795,37.6642066343226));
#12296=CARTESIAN_POINT('Ctrl Pts',(182.942228648488,29.6575737277541,32.5748881019517));
#12297=CARTESIAN_POINT('Ctrl Pts',(182.90895320174,28.4984189189065,32.6129913461303));
#12298=CARTESIAN_POINT('Ctrl Pts',(182.330609995188,25.8638524308552,33.3914957992299));
#12299=CARTESIAN_POINT('Ctrl Pts',(180.89317690399,24.4467732371144,35.3453124100778));
#12300=CARTESIAN_POINT('Ctrl Pts',(180.006309155064,24.242622541342,36.5454017836537));
#12301=CARTESIAN_POINT('Ctrl Pts',(181.076750160615,29.7675854576597,32.6036489013129));
#12302=CARTESIAN_POINT('Ctrl Pts',(181.054527148238,28.900691787501,32.6229110104631));
#12303=CARTESIAN_POINT('Ctrl Pts',(180.610296545364,26.9207591921566,33.1485598432921));
#12304=CARTESIAN_POINT('Ctrl Pts',(179.467125323309,25.7940608048253,34.5264826884107));
#12305=CARTESIAN_POINT('Ctrl Pts',(178.743792770615,25.6017594945603,35.3960719568194));
#12306=CARTESIAN_POINT('Ctrl Pts',(179.358937021387,29.8613500309814,33.1835260869239));
#12307=CARTESIAN_POINT('Ctrl Pts',(179.34643571171,29.352081150577,33.1904989851151));
#12308=CARTESIAN_POINT('Ctrl Pts',(179.06749698492,28.183910411615,33.4779916445041));
#12309=CARTESIAN_POINT('Ctrl Pts',(178.346261252709,27.5181362514512,34.2489534844417));
#12310=CARTESIAN_POINT('Ctrl Pts',(177.892478988064,27.4042986892018,34.7364628000631));
#12311=CARTESIAN_POINT('Ctrl Pts',(178.509421837304,29.9032058237399,33.8016322460125));
#12312=CARTESIAN_POINT('Ctrl Pts',(178.50221301469,29.6234573087654,33.8049699651965));
#12313=CARTESIAN_POINT('Ctrl Pts',(178.338425420769,28.9798695659342,33.9658291712263));
#12314=CARTESIAN_POINT('Ctrl Pts',(177.923231921388,28.6306807337302,34.3916799437522));
#12315=CARTESIAN_POINT('Ctrl Pts',(177.668508225014,28.5791245565014,34.6541580271865));
#12316=CARTESIAN_POINT('Ctrl Pts',(178.061502068017,29.9233843718546,34.2663127674216));
#12317=CARTESIAN_POINT('Ctrl Pts',(178.057537745931,29.7866411534256,34.2684294504611));
#12318=CARTESIAN_POINT('Ctrl Pts',(177.970785815554,29.4699258629913,34.3537536652575));
#12319=CARTESIAN_POINT('Ctrl Pts',(177.755927407702,29.3107840640045,34.5741908878528));
#12320=CARTESIAN_POINT('Ctrl Pts',(177.628887165979,29.2942777603793,34.7056608108628));
#12321=CARTESIAN_POINT('',(177.820391647415,27.9603155915311,34.7331167960281));
#12322=CARTESIAN_POINT('Ctrl Pts',(177.628890377556,29.2942781776745,34.7056574873042));
#12323=CARTESIAN_POINT('Ctrl Pts',(177.65262806895,28.8658523550739,34.6748017558331));
#12324=CARTESIAN_POINT('Ctrl Pts',(177.714016917193,28.4143307731643,34.6804920784803));
#12325=CARTESIAN_POINT('Ctrl Pts',(177.820391647412,27.9603155915294,34.7331167960322));
#12326=CARTESIAN_POINT('',(184.6399879553,28.1631577583614,33.6602890493256));
#12327=CARTESIAN_POINT('Ctrl Pts',(184.639987955301,28.1631577583614,33.6602890493257));
#12328=CARTESIAN_POINT('Ctrl Pts',(183.576772758942,28.1571923292673,32.9937185604057));
#12329=CARTESIAN_POINT('Ctrl Pts',(182.267707774045,28.1481034748343,32.7373298234454));
#12330=CARTESIAN_POINT('Ctrl Pts',(181.024366579343,28.1176561216854,32.954489572586));
#12331=CARTESIAN_POINT('Ctrl Pts',(180.116166531028,28.0954158165151,33.1131141685552));
#12332=CARTESIAN_POINT('Ctrl Pts',(179.253934461794,28.0474989784166,33.5134746773982));
#12333=CARTESIAN_POINT('Ctrl Pts',(178.457258436197,27.9918432670761,34.1579495731777));
#12334=CARTESIAN_POINT('Ctrl Pts',(178.239997883588,27.9766654655444,34.3337035402867));
#12335=CARTESIAN_POINT('Ctrl Pts',(178.025988570262,27.9637421717577,34.527891728943));
#12336=CARTESIAN_POINT('Ctrl Pts',(177.820391647416,27.9603155915284,34.7331167960288));
#12337=CARTESIAN_POINT('Ctrl Pts',(184.637915881072,28.1643150306464,33.6634317389949));
#12338=CARTESIAN_POINT('Ctrl Pts',(184.714877042546,28.607918257063,33.5508213837986));
#12339=CARTESIAN_POINT('Ctrl Pts',(184.764256539516,29.0691928585273,33.4799642902652));
#12340=CARTESIAN_POINT('Ctrl Pts',(184.782067473123,29.5366713429897,33.4569325452847));
#12341=CARTESIAN_POINT('Ctrl Pts',(185.350145848179,45.1422626697976,33.8006475390063));
#12342=CARTESIAN_POINT('Ctrl Pts',(185.243422467517,47.9901228488738,33.7335235564067));
#12343=CARTESIAN_POINT('Ctrl Pts',(185.083339451313,52.2616783248503,33.6328388748732));
#12344=CARTESIAN_POINT('Ctrl Pts',(184.896604280629,57.2419204749105,33.5153912427803));
#12345=CARTESIAN_POINT('Ctrl Pts',(184.816526156007,59.3818822372937,33.4650258719459));
#12346=CARTESIAN_POINT('Ctrl Pts',(184.789860565473,60.0921041959369,33.4482544707409));
#12347=CARTESIAN_POINT('Ctrl Pts',(184.740845457831,45.1103966619095,33.4174262753439));
#12348=CARTESIAN_POINT('Ctrl Pts',(184.646202564766,47.9588840017006,33.3578800626935));
#12349=CARTESIAN_POINT('Ctrl Pts',(184.504303643222,52.2295377082556,33.2686836050927));
#12350=CARTESIAN_POINT('Ctrl Pts',(184.338684717289,57.2115256516243,33.1644850763892));
#12351=CARTESIAN_POINT('Ctrl Pts',(184.267727285721,59.3503060718957,33.1198647747233));
#12352=CARTESIAN_POINT('Ctrl Pts',(184.243976340339,60.0635011063274,33.1049189897816));
#12353=CARTESIAN_POINT('Ctrl Pts',(183.301203985191,45.053557643371,32.8252016153599));
#12354=CARTESIAN_POINT('Ctrl Pts',(183.235192045496,47.9031719015524,32.7774733029077));
#12355=CARTESIAN_POINT('Ctrl Pts',(183.135945467529,52.1723664902875,32.7057370559481));
#12356=CARTESIAN_POINT('Ctrl Pts',(183.020389436627,57.1574224050302,32.6221906004715));
#12357=CARTESIAN_POINT('Ctrl Pts',(182.970863619526,59.294243531449,32.586383478047));
#12358=CARTESIAN_POINT('Ctrl Pts',(182.954170389345,60.0124877118528,32.574332464036));
#12359=CARTESIAN_POINT('Ctrl Pts',(180.366773986499,45.0114404718705,32.8697620876309));
#12360=CARTESIAN_POINT('Ctrl Pts',(180.358849795044,47.8618822690942,32.8210863280172));
#12361=CARTESIAN_POINT('Ctrl Pts',(180.346942543532,52.1310858791453,32.7482045319062));
#12362=CARTESIAN_POINT('Ctrl Pts',(180.333101602699,57.118030296008,32.663004970755));
#12363=CARTESIAN_POINT('Ctrl Pts',(180.327121358237,59.2543570078526,32.6265780129399));
#12364=CARTESIAN_POINT('Ctrl Pts',(180.325143324831,59.9747172692584,32.6142558555127));
#12365=CARTESIAN_POINT('Ctrl Pts',(178.590640761404,45.0472197774592,33.9368129900331));
#12366=CARTESIAN_POINT('Ctrl Pts',(178.618144774598,47.8969667855695,33.8670653161128));
#12367=CARTESIAN_POINT('Ctrl Pts',(178.658463899547,52.1685232107473,33.7622313178156));
#12368=CARTESIAN_POINT('Ctrl Pts',(178.706598279229,57.153047764684,33.6401474289174));
#12369=CARTESIAN_POINT('Ctrl Pts',(178.726899374703,59.2919114369353,33.5878067135947));
#12370=CARTESIAN_POINT('Ctrl Pts',(178.73386327446,60.0068726481979,33.5702506392283));
#12371=CARTESIAN_POINT('Ctrl Pts',(177.840479172116,45.0815694036566,34.714051576004));
#12372=CARTESIAN_POINT('Ctrl Pts',(177.882628849213,47.9306327775622,34.6288200983819));
#12373=CARTESIAN_POINT('Ctrl Pts',(177.945855419648,52.2039930457829,34.5009741743147));
#12374=CARTESIAN_POINT('Ctrl Pts',(178.019648100043,57.1863407867948,34.3518384259324));
#12375=CARTESIAN_POINT('Ctrl Pts',(178.05122476874,59.3272049453001,34.2878924338311));
#12376=CARTESIAN_POINT('Ctrl Pts',(178.061777442646,60.0377277026507,34.2665941588704));
#12377=CARTESIAN_POINT('',(185.350145848174,45.1422626698701,33.8006475390029));
#12378=CARTESIAN_POINT('Ctrl Pts',(177.841377083758,45.1422627644628,34.7122358963163));
#12379=CARTESIAN_POINT('Ctrl Pts',(177.915200914317,45.1422627697123,34.6356987625568));
#12380=CARTESIAN_POINT('Ctrl Pts',(177.991316896143,45.142272367189,34.5612738640668));
#12381=CARTESIAN_POINT('Ctrl Pts',(178.069461579974,45.1422875763487,34.4890086353602));
#12382=CARTESIAN_POINT('Ctrl Pts',(178.152399048848,45.1423037183196,34.4123112215029));
#12383=CARTESIAN_POINT('Ctrl Pts',(178.23762164785,45.1423261593879,34.3380461551147));
#12384=CARTESIAN_POINT('Ctrl Pts',(178.32487468705,45.1423505203586,34.266260974234));
#12385=CARTESIAN_POINT('Ctrl Pts',(178.413753066773,45.1423753351229,34.1931385864824));
#12386=CARTESIAN_POINT('Ctrl Pts',(178.504738615727,45.1424021200132,34.1225888635884));
#12387=CARTESIAN_POINT('Ctrl Pts',(178.597619695561,45.1424269682759,34.0546593937999));
#12388=CARTESIAN_POINT('Ctrl Pts',(178.69440140547,45.1424528600652,33.9838771607426));
#12389=CARTESIAN_POINT('Ctrl Pts',(178.793241405665,45.1424766191691,33.9159393193091));
#12390=CARTESIAN_POINT('Ctrl Pts',(178.893957905805,45.1424950100471,33.8509048839578));
#12391=CARTESIAN_POINT('Ctrl Pts',(178.981253189349,45.1425109502051,33.794536766855));
#12392=CARTESIAN_POINT('Ctrl Pts',(179.069959314384,45.1425228676895,33.7403496912905));
#12393=CARTESIAN_POINT('Ctrl Pts',(179.159988451579,45.1425295883496,33.6883900076514));
#12394=CARTESIAN_POINT('Ctrl Pts',(179.269460908589,45.1425377604503,33.6252087486656));
#12395=CARTESIAN_POINT('Ctrl Pts',(179.380631881976,45.1425383078867,33.5654689331136));
#12396=CARTESIAN_POINT('Ctrl Pts',(179.493326525045,45.1425315576667,33.509245597404));
#12397=CARTESIAN_POINT('Ctrl Pts',(179.609201596795,45.1425246169444,33.4514355464387));
#12398=CARTESIAN_POINT('Ctrl Pts',(179.726687967727,45.1425099259926,33.3973425582505));
#12399=CARTESIAN_POINT('Ctrl Pts',(179.845646095938,45.1424898724901,33.3470696303409));
#12400=CARTESIAN_POINT('Ctrl Pts',(179.965063221329,45.1424697416117,33.2966027255041));
#12401=CARTESIAN_POINT('Ctrl Pts',(180.085964085665,45.1424441784438,33.2499847808418));
#12402=CARTESIAN_POINT('Ctrl Pts',(180.208249698146,45.1424180859439,33.2073513158582));
#12403=CARTESIAN_POINT('Ctrl Pts',(180.329050727303,45.1423923102146,33.1652354336866));
#12404=CARTESIAN_POINT('Ctrl Pts',(180.451203718843,45.1423659975102,33.1270073624034));
#12405=CARTESIAN_POINT('Ctrl Pts',(180.574644978593,45.1423466485144,33.092836640796));
#12406=CARTESIAN_POINT('Ctrl Pts',(180.647639189854,45.1423352069212,33.0726305534875));
#12407=CARTESIAN_POINT('Ctrl Pts',(180.721084422672,45.1423262544125,33.0538439673584));
#12408=CARTESIAN_POINT('Ctrl Pts',(180.794971509614,45.1423218520293,33.0365195647179));
#12409=CARTESIAN_POINT('Ctrl Pts',(180.808793531903,45.1423210284776,33.0332786969376));
#12410=CARTESIAN_POINT('Ctrl Pts',(180.822626614172,45.1423203654638,33.0300900497512));
#12411=CARTESIAN_POINT('Ctrl Pts',(180.836470663359,45.1423198774706,33.0269538313083));
#12412=CARTESIAN_POINT('Ctrl Pts',(180.958449428606,45.1423155778026,32.999320871612));
#12413=CARTESIAN_POINT('Ctrl Pts',(181.08127751512,45.1423245982721,32.9757540723307));
#12414=CARTESIAN_POINT('Ctrl Pts',(181.204715285749,45.1423379316899,32.9561203245387));
#12415=CARTESIAN_POINT('Ctrl Pts',(181.330990121378,45.1423515715599,32.9360353192554));
#12416=CARTESIAN_POINT('Ctrl Pts',(181.457903799059,45.1423697328113,32.920066160251));
#12417=CARTESIAN_POINT('Ctrl Pts',(181.58521886095,45.1423860904143,32.9081217446293));
#12418=CARTESIAN_POINT('Ctrl Pts',(181.715377869198,45.1424028134112,32.895910516293));
#12419=CARTESIAN_POINT('Ctrl Pts',(181.845957342136,45.142417659994,32.8879057506212));
#12420=CARTESIAN_POINT('Ctrl Pts',(181.976709757758,45.1424271716766,32.8840645313322));
#12421=CARTESIAN_POINT('Ctrl Pts',(182.104721035632,45.142436483953,32.8803038406602));
#12422=CARTESIAN_POINT('Ctrl Pts',(182.232898990308,45.1424407111304,32.8805342023646));
#12423=CARTESIAN_POINT('Ctrl Pts',(182.361003350139,45.142439422619,32.8847652092269));
#12424=CARTESIAN_POINT('Ctrl Pts',(182.493222406373,45.1424380927208,32.8891321155132));
#12425=CARTESIAN_POINT('Ctrl Pts',(182.625364236103,45.1424308913017,32.8977605628557));
#12426=CARTESIAN_POINT('Ctrl Pts',(182.757140157621,45.1424201617494,32.9107152672404));
#12427=CARTESIAN_POINT('Ctrl Pts',(182.877846038293,45.1424103335497,32.9225816915734));
#12428=CARTESIAN_POINT('Ctrl Pts',(182.99824529094,45.1423975881872,32.9380786681974));
#12429=CARTESIAN_POINT('Ctrl Pts',(183.11808576968,45.1423856272105,32.9572960362295));
#12430=CARTESIAN_POINT('Ctrl Pts',(183.129076443767,45.142384530259,32.9590584776939));
#12431=CARTESIAN_POINT('Ctrl Pts',(183.140062393067,45.1423834410882,32.9608522374952));
#12432=CARTESIAN_POINT('Ctrl Pts',(183.151043407296,45.1423823632604,32.9626774010181));
#12433=CARTESIAN_POINT('Ctrl Pts',(183.180781306922,45.1423794443739,32.967620162089));
#12434=CARTESIAN_POINT('Ctrl Pts',(183.210459494875,45.142376584838,32.9727893125383));
#12435=CARTESIAN_POINT('Ctrl Pts',(183.240074535398,45.1423738713633,32.9781856772681));
#12436=CARTESIAN_POINT('Ctrl Pts',(183.364366192699,45.1423624831542,33.0008337339254));
#12437=CARTESIAN_POINT('Ctrl Pts',(183.48754807316,45.1423535159476,33.0274807320047));
#12438=CARTESIAN_POINT('Ctrl Pts',(183.609586546808,45.142344964571,33.0579877687946));
#12439=CARTESIAN_POINT('Ctrl Pts',(183.731485684132,45.1423364229577,33.0884599744508));
#12440=CARTESIAN_POINT('Ctrl Pts',(183.852244564985,45.1423283394509,33.1227840037448));
#12441=CARTESIAN_POINT('Ctrl Pts',(183.971792825709,45.1423202928198,33.1608577203126));
#12442=CARTESIAN_POINT('Ctrl Pts',(184.092393061726,45.1423121753816,33.1992664698526));
#12443=CARTESIAN_POINT('Ctrl Pts',(184.211761960555,45.1423041400127,33.2414917683656));
#12444=CARTESIAN_POINT('Ctrl Pts',(184.329780456987,45.1422967028918,33.2874569574397));
#12445=CARTESIAN_POINT('Ctrl Pts',(184.441126233393,45.1422896862628,33.3308232925469));
#12446=CARTESIAN_POINT('Ctrl Pts',(184.551270091745,45.1422832445786,33.3775192646031));
#12447=CARTESIAN_POINT('Ctrl Pts',(184.660065819806,45.1422780137985,33.4274958705426));
#12448=CARTESIAN_POINT('Ctrl Pts',(184.766016288722,45.1422729198154,33.4761654730027));
#12449=CARTESIAN_POINT('Ctrl Pts',(184.870688521171,45.142269009175,33.5279468759794));
#12450=CARTESIAN_POINT('Ctrl Pts',(184.973899112594,45.1422665173951,33.5828013385461));
#12451=CARTESIAN_POINT('Ctrl Pts',(185.073018562123,45.1422641243862,33.6354814371569));
#12452=CARTESIAN_POINT('Ctrl Pts',(185.170790098966,45.1422630680433,33.6909962368598));
#12453=CARTESIAN_POINT('Ctrl Pts',(185.26700302055,45.1422627792668,33.7493106826451));
#12454=CARTESIAN_POINT('Ctrl Pts',(185.294850169529,45.1422626956856,33.7661887800217));
#12455=CARTESIAN_POINT('Ctrl Pts',(185.322566424036,45.1422626697976,33.7833013794788));
#12456=CARTESIAN_POINT('Ctrl Pts',(185.350145848179,45.1422626697976,33.8006475390063));
#12457=CARTESIAN_POINT('',(184.789860565473,60.0921041959369,33.4482544707409));
#12458=CARTESIAN_POINT('Ctrl Pts',(184.789860565473,60.0921041959369,33.4482544707409));
#12459=CARTESIAN_POINT('Ctrl Pts',(184.816526156007,59.3818822372937,33.4650258719459));
#12460=CARTESIAN_POINT('Ctrl Pts',(184.896604280629,57.2419204749105,33.5153912427803));
#12461=CARTESIAN_POINT('Ctrl Pts',(185.083339451313,52.2616783248503,33.6328388748732));
#12462=CARTESIAN_POINT('Ctrl Pts',(185.243422467517,47.9901228488738,33.7335235564067));
#12463=CARTESIAN_POINT('Ctrl Pts',(185.350145848179,45.1422626697976,33.8006475390063));
#12464=CARTESIAN_POINT('Ctrl Pts',(178.061777442675,60.0377277026559,34.2665941588404));
#12465=CARTESIAN_POINT('Ctrl Pts',(178.509834663884,60.0171576663597,33.8023651457504));
#12466=CARTESIAN_POINT('Ctrl Pts',(179.359700056617,59.9936546338629,33.1845851427403));
#12467=CARTESIAN_POINT('Ctrl Pts',(181.078665540153,59.9855872362748,32.6035641444823));
#12468=CARTESIAN_POINT('Ctrl Pts',(182.9460842554,60.0122126449176,32.5717640069643));
#12469=CARTESIAN_POINT('Ctrl Pts',(184.243976340348,60.0635011063763,33.1049189897859));
#12470=CARTESIAN_POINT('Ctrl Pts',(184.78986056548,60.0921041959867,33.4482544707454));
#12471=CARTESIAN_POINT('Origin',(216.479128469936,29.9078958040631,60.4673969246812));
#12472=CARTESIAN_POINT('Origin',(201.665535664111,29.9078958040631,51.1503443766268));
#12473=CARTESIAN_POINT('Ctrl Pts',(186.677087478129,27.0002741678114,30.4214093714309));
#12474=CARTESIAN_POINT('Ctrl Pts',(186.813834718159,27.8177824868576,30.2146846888182));
#12475=CARTESIAN_POINT('Ctrl Pts',(186.895051628158,28.6724761648109,30.0936781519576));
#12476=CARTESIAN_POINT('Ctrl Pts',(186.91479253639,29.5366754543599,30.067618388034));
#12477=CARTESIAN_POINT('Ctrl Pts',(212.486105949341,29.5366713429897,66.8160795557491));
#12478=CARTESIAN_POINT('Ctrl Pts',(213.879933751154,29.5922063925012,64.5999712542229));
#12479=CARTESIAN_POINT('Ctrl Pts',(215.206125259817,29.6754060799996,60.8006725089926));
#12480=CARTESIAN_POINT('Ctrl Pts',(215.211008417564,29.793755123332,54.2128568581514));
#12481=CARTESIAN_POINT('Ctrl Pts',(213.000968033116,29.8825401557496,47.8783855015622));
#12482=CARTESIAN_POINT('Ctrl Pts',(209.205673993096,29.9078958040631,44.0792620036829));
#12483=CARTESIAN_POINT('Ctrl Pts',(206.98956569157,29.9078958040631,42.6854342018697));
#12484=CARTESIAN_POINT('Ctrl Pts',(212.51283327223,28.5224338940376,66.7735846061897));
#12485=CARTESIAN_POINT('Ctrl Pts',(213.900193997671,28.5827449436739,64.5536431509835));
#12486=CARTESIAN_POINT('Ctrl Pts',(215.214124423229,28.6729645739543,60.7534691067383));
#12487=CARTESIAN_POINT('Ctrl Pts',(215.202898092245,28.801075323545,54.1760882749824));
#12488=CARTESIAN_POINT('Ctrl Pts',(212.986282830022,28.8970218546292,47.860812791232));
#12489=CARTESIAN_POINT('Ctrl Pts',(209.199537552886,28.9243888905924,44.0754024716538));
#12490=CARTESIAN_POINT('Ctrl Pts',(206.98956569157,28.9243888905924,42.6854342018697));
#12491=CARTESIAN_POINT('Ctrl Pts',(212.407618550894,27.5083414015152,66.6481127977693));
#12492=CARTESIAN_POINT('Ctrl Pts',(213.777334543552,27.5734245600524,64.4448988754505));
#12493=CARTESIAN_POINT('Ctrl Pts',(215.069565543125,27.6706596264833,60.6778832898689));
#12494=CARTESIAN_POINT('Ctrl Pts',(215.045358983193,27.8085247005465,54.1676669598105));
#12495=CARTESIAN_POINT('Ctrl Pts',(212.843168215666,27.9116280084839,47.9242255115313));
#12496=CARTESIAN_POINT('Ctrl Pts',(209.097064093646,27.9410056914537,44.1835892751005));
#12497=CARTESIAN_POINT('Ctrl Pts',(206.911762268151,27.9410056914537,42.8091372965439));
#12498=CARTESIAN_POINT('Ctrl Pts',(212.175277128453,26.540805653092,66.4454065760477));
#12499=CARTESIAN_POINT('Ctrl Pts',(213.516934110159,26.6100067510737,64.2786613002301));
#12500=CARTESIAN_POINT('Ctrl Pts',(214.778918243236,26.713301020506,60.5772783286695));
#12501=CARTESIAN_POINT('Ctrl Pts',(214.7452965593,26.8595915860774,54.187944554017));
#12502=CARTESIAN_POINT('Ctrl Pts',(212.577793037527,26.968881241699,48.0658711328399));
#12503=CARTESIAN_POINT('Ctrl Pts',(208.902657345411,26.9999990612268,44.3991744552643));
#12504=CARTESIAN_POINT('Ctrl Pts',(206.75949838745,26.9999990612268,43.0512283565766));
#12505=CARTESIAN_POINT('',(212.486105949341,29.5366713429897,66.8160795557491));
#12506=CARTESIAN_POINT('Origin',(197.672513143516,29.5366713429897,57.4990270076947));
#12507=CARTESIAN_POINT('Origin',(204.021195774584,29.5366713429897,61.4920495282895));
#12508=CARTESIAN_POINT('Origin',(197.672513143516,37.3077506772247,57.4990270076947));
#12509=CARTESIAN_POINT('',(212.486105949341,60.4633286570103,66.8160795557491));
#12510=CARTESIAN_POINT('Origin',(197.672513143516,60.4633286570103,57.4990270076947));
#12511=CARTESIAN_POINT('',(212.486105949341,37.3077506772247,66.8160795557491));
#12512=CARTESIAN_POINT('Origin',(209.100141879438,29.5366713429897,64.6864675447652));
#12513=CARTESIAN_POINT('',(190.115112427517,27.7716656886508,94.8716032684111));
#12514=CARTESIAN_POINT('Origin',(195.759870133999,45.1422626697977,85.8967540100119));
#12515=CARTESIAN_POINT('',(209.100141879438,45.1422626697977,64.6864675447652));
#12516=CARTESIAN_POINT('',(178.12973967906,45.1422626697977,113.927676056017));
#12517=CARTESIAN_POINT('',(204.859953680586,45.1422626697977,46.0713982717725));
#12518=CARTESIAN_POINT('Origin',(197.672513143516,45.1422626697977,57.4990270076947));
#12519=CARTESIAN_POINT('',(199.255232830585,45.1422626697977,42.5462926906263));
#12520=CARTESIAN_POINT('Origin',(160.49960922412,8.88178419700125E-15,141.958598102023));
#12521=CARTESIAN_POINT('',(190.115112427517,27.7716656886508,94.8716032684111));
#12522=CARTESIAN_POINT('',(160.916049992734,32.9999992102385,141.296480555496));
#12523=CARTESIAN_POINT('',(160.916049992734,45.,141.296480555496));
#12524=CARTESIAN_POINT('',(163.482233752443,32.9999992102385,137.216391805841));
#12525=CARTESIAN_POINT('',(156.933092886828,32.9999992102385,147.629159739781));
#12526=CARTESIAN_POINT('',(165.611845763427,36.9999992102385,133.830427735938));
#12527=CARTESIAN_POINT('Origin',(163.482233752443,36.9999992102385,137.216391805841));
#12528=CARTESIAN_POINT('',(165.611845763427,53.0000007897615,133.830427735938));
#12529=CARTESIAN_POINT('',(165.611845763427,26.5000003948808,133.830427735938));
#12530=CARTESIAN_POINT('',(163.482233752443,57.0000007897616,137.216391805841));
#12531=CARTESIAN_POINT('Origin',(163.482233752443,53.0000007897615,137.216391805841));
#12532=CARTESIAN_POINT('',(160.916049992734,57.0000007897616,141.296480555496));
#12533=CARTESIAN_POINT('',(156.933092886828,57.0000007897616,147.629159739781));
#12534=CARTESIAN_POINT('',(160.916049992734,64.9429211087678,141.296480555496));
#12535=CARTESIAN_POINT('',(160.916049992734,8.88178419700125E-15,141.296480555496));
#12536=CARTESIAN_POINT('',(209.100141879438,60.4633286570103,64.6864675447652));
#12537=CARTESIAN_POINT('',(190.115112427517,62.2283343113492,94.8716032684111));
#12538=CARTESIAN_POINT('',(209.100141879438,37.3077506772247,64.6864675447652));
#12539=CARTESIAN_POINT('Origin',(-122.570623450489,8.88178419700125E-15,
177.9474886951));
#12540=CARTESIAN_POINT('',(113.550308014036,63.0000009387732,177.9474886951));
#12541=CARTESIAN_POINT('',(-20.9164366395746,63.0000009387732,177.9474886951));
#12542=CARTESIAN_POINT('',(113.550308014036,70.,177.9474886951));
#12543=CARTESIAN_POINT('',(113.550308014036,8.88178419700125E-15,177.9474886951));
#12544=CARTESIAN_POINT('Origin',(96.4148742882241,70.,177.9474886951));
#12545=CARTESIAN_POINT('Origin',(151.729013278907,36.9999992102385,144.633696999261));
#12546=CARTESIAN_POINT('',(148.669085838784,36.9999992102385,142.709146680743));
#12547=CARTESIAN_POINT('',(148.669085838784,53.0000007897615,142.709146680743));
#12548=CARTESIAN_POINT('',(148.669085838784,40.9999999403954,142.709146680743));
#12549=CARTESIAN_POINT('',(145.013874912259,36.9999992102385,140.41019107132));
#12550=CARTESIAN_POINT('',(151.729013278907,36.9999992102385,144.633696999261));
#12551=CARTESIAN_POINT('',(145.013874912259,53.0000007897615,140.41019107132));
#12552=CARTESIAN_POINT('',(145.013874912259,40.9999999403954,140.41019107132));
#12553=CARTESIAN_POINT('',(151.729013278907,53.0000007897615,144.633696999261));
#12554=CARTESIAN_POINT('Origin',(132.721759995507,45.0000006705523,154.169797898605));
#12555=CARTESIAN_POINT('',(149.774837731583,36.9999992102385,141.914490767808));
#12556=CARTESIAN_POINT('',(145.963355746995,36.9999992102385,144.653637511144));
#12557=CARTESIAN_POINT('',(149.774837731583,53.0000007897615,141.914490767808));
#12558=CARTESIAN_POINT('',(141.248298863545,53.0000007897615,148.042144333206));
#12559=CARTESIAN_POINT('',(149.774837731583,63.0000009387732,141.914490767808));
#12560=CARTESIAN_POINT('',(149.774837731583,63.0000009387732,141.914490767808));
#12561=CARTESIAN_POINT('',(113.550308014036,63.0000009387732,167.9474886951));
#12562=CARTESIAN_POINT('',(115.668682259431,63.0000009387732,166.425105029402));
#12563=CARTESIAN_POINT('',(113.550308014036,44.9781464175811,167.9474886951));
#12564=CARTESIAN_POINT('',(149.774837731583,63.0000009387732,141.914490767808));
#12565=CARTESIAN_POINT('Origin',(155.610698183097,63.0000009387732,150.035003854458));
#12566=CARTESIAN_POINT('',(155.610698183097,53.0000007897615,150.035003854458));
#12567=CARTESIAN_POINT('',(157.083329617432,53.0000007897615,152.08414860932));
#12568=CARTESIAN_POINT('',(155.610698183097,63.0000009387732,150.035003854458));
#12569=CARTESIAN_POINT('',(155.610698183097,31.5000004693866,150.035003854458));
#12570=CARTESIAN_POINT('',(155.610698183097,63.0000009387732,150.035003854458));
#12571=CARTESIAN_POINT('Origin',(130.387415814902,45.0000006705523,150.921592663945));
#12572=CARTESIAN_POINT('',(147.440493550978,53.0000007897615,138.666285533148));
#12573=CARTESIAN_POINT('',(138.91395468294,53.0000007897615,144.793939098546));
#12574=CARTESIAN_POINT('',(147.440493550978,36.9999992102385,138.666285533148));
#12575=CARTESIAN_POINT('',(143.62901156639,36.9999992102385,141.405432276484));
#12576=CARTESIAN_POINT('',(147.440493550978,63.0000009387732,138.666285533148));
#12577=CARTESIAN_POINT('',(112.262075076347,63.0000009387732,163.9474886951));
#12578=CARTESIAN_POINT('',(112.262075076347,44.9781464175811,163.9474886951));
#12579=CARTESIAN_POINT('',(147.440493550978,63.0000009387732,138.666285533148));
#12580=CARTESIAN_POINT('',(113.334338078825,63.0000009387732,163.176899794742));
#12581=CARTESIAN_POINT('',(147.440493550978,63.0000009387732,138.666285533148));
#12582=CARTESIAN_POINT('Origin',(149.774837731583,63.0000009387732,141.914490767808));
#12583=CARTESIAN_POINT('',(151.089849043793,36.9999992102385,138.136826774179));
#12584=CARTESIAN_POINT('Origin',(149.774837731583,36.9999992102385,141.914490767808));
#12585=CARTESIAN_POINT('',(153.023042966244,33.3318218036673,139.580146587202));
#12586=CARTESIAN_POINT('Ctrl Pts',(151.089849043793,36.9999992102385,138.136826774179));
#12587=CARTESIAN_POINT('Ctrl Pts',(151.089849043793,36.4176143832638,138.136826774179));
#12588=CARTESIAN_POINT('Ctrl Pts',(151.223483857412,35.8063511799992,138.176531248567));
#12589=CARTESIAN_POINT('Ctrl Pts',(151.706209034337,34.712843426118,138.401555019391));
#12590=CARTESIAN_POINT('Ctrl Pts',(152.051071771782,34.2301310394492,138.59359968758));
#12591=CARTESIAN_POINT('Ctrl Pts',(152.571232373096,33.6884504484605,139.045077325143));
#12592=CARTESIAN_POINT('Ctrl Pts',(152.763373638866,33.5205642545959,139.240154251317));
#12593=CARTESIAN_POINT('Ctrl Pts',(152.96808666852,33.3703415269003,139.50507703273));
#12594=CARTESIAN_POINT('Ctrl Pts',(152.995814367445,33.3506166603095,139.542258396641));
#12595=CARTESIAN_POINT('Ctrl Pts',(153.023042966244,33.3318218036673,139.580146587202));
#12596=CARTESIAN_POINT('',(153.023042966244,63.0000009387732,139.580146587202));
#12597=CARTESIAN_POINT('Origin',(149.774837731583,63.0000009387732,141.914490767808));
#12598=CARTESIAN_POINT('',(151.089849043793,53.0000007897615,138.136826774179));
#12599=CARTESIAN_POINT('Origin',(149.774837731583,53.0000007897615,141.914490767808));
#12600=CARTESIAN_POINT('',(153.023042966244,63.0000009387732,139.580146587202));
#12601=CARTESIAN_POINT('Origin',(149.774837731583,63.0000009387732,141.914490767808));
#12602=CARTESIAN_POINT('',(153.023042966244,56.6681781963327,139.580146587202));
#12603=CARTESIAN_POINT('',(153.023042966244,63.0000009387732,139.580146587202));
#12604=CARTESIAN_POINT('Ctrl Pts',(153.023042966244,56.6681781963327,139.580146587202));
#12605=CARTESIAN_POINT('Ctrl Pts',(152.995814367445,56.6493833396905,139.542258396641));
#12606=CARTESIAN_POINT('Ctrl Pts',(152.96808666852,56.6296584730997,139.50507703273));
#12607=CARTESIAN_POINT('Ctrl Pts',(152.763373638866,56.4794357454041,139.240154251317));
#12608=CARTESIAN_POINT('Ctrl Pts',(152.571232373096,56.3115495515395,139.045077325143));
#12609=CARTESIAN_POINT('Ctrl Pts',(152.051071771782,55.7698689605508,138.59359968758));
#12610=CARTESIAN_POINT('Ctrl Pts',(151.706209034337,55.2871565738821,138.401555019391));
#12611=CARTESIAN_POINT('Ctrl Pts',(151.223483857412,54.1936488200009,138.176531248567));
#12612=CARTESIAN_POINT('Ctrl Pts',(151.089849043793,53.5823856167362,138.136826774179));
#12613=CARTESIAN_POINT('Ctrl Pts',(151.089849043793,53.0000007897615,138.136826774179));
#12614=CARTESIAN_POINT('Origin',(221.573091193275,26.9999990612268,52.3682809046309));
#12615=CARTESIAN_POINT('',(204.721913298114,28.1631577583614,46.2908747645967));
#12616=CARTESIAN_POINT('Origin',(206.75949838745,26.9999990612268,43.0512283565766));
#12617=CARTESIAN_POINT('',(219.535506103939,28.1631577583614,55.607927312651));
#12618=CARTESIAN_POINT('Origin',(186.677573044636,26.9999990612268,30.4206426413056));
#12619=CARTESIAN_POINT('Ctrl Pts',(184.639987955301,28.1631577583615,33.6602890493257));
#12620=CARTESIAN_POINT('Ctrl Pts',(183.761514101316,28.1631577583614,33.107770347958));
#12621=CARTESIAN_POINT('Ctrl Pts',(181.303153142887,28.16370461936,32.4677666321381));
#12622=CARTESIAN_POINT('Ctrl Pts',(178.930479978816,28.1631577583615,33.5527773418843));
#12623=CARTESIAN_POINT('Ctrl Pts',(177.781040211314,28.1631577583615,34.6934633731623));
#12624=CARTESIAN_POINT('Ctrl Pts',(184.579070415003,27.7866810190773,33.757144533616));
#12625=CARTESIAN_POINT('Ctrl Pts',(183.720167281806,27.7866810190773,33.216934894362));
#12626=CARTESIAN_POINT('Ctrl Pts',(181.316306452274,27.7872442429757,32.5920766144355));
#12627=CARTESIAN_POINT('Ctrl Pts',(178.994535321573,27.7866810190773,33.6504091250879));
#12628=CARTESIAN_POINT('Ctrl Pts',(177.861637507427,27.7866810190773,34.7746791808124));
#12629=CARTESIAN_POINT('Ctrl Pts',(184.547948871112,27.3932469593131,33.8066260489682));
#12630=CARTESIAN_POINT('Ctrl Pts',(183.699036360466,27.393246959313,33.2727000410062));
#12631=CARTESIAN_POINT('Ctrl Pts',(181.323032441839,27.393818536667,32.6555973947142));
#12632=CARTESIAN_POINT('Ctrl Pts',(179.02726638374,27.3932469593131,33.7002808070247));
#12633=CARTESIAN_POINT('Ctrl Pts',(177.902813042031,27.3932469593131,34.816170700498));
#12634=CARTESIAN_POINT('Ctrl Pts',(184.547961037244,26.9997667612689,33.8066067054986));
#12635=CARTESIAN_POINT('Ctrl Pts',(183.699029306374,26.9997667612689,33.2726686089206));
#12636=CARTESIAN_POINT('Ctrl Pts',(181.323041643208,27.0003383233128,32.6555981552032));
#12637=CARTESIAN_POINT('Ctrl Pts',(179.02726653297,26.9997667612689,33.7002484650517));
#12638=CARTESIAN_POINT('Ctrl Pts',(177.902796945561,26.9997667612689,34.8161544805026));
#12639=CARTESIAN_POINT('Origin',(175.08520173854,26.9999990612268,31.9769367721522));
#12640=CARTESIAN_POINT('Ctrl Pts',(177.820391647412,27.9603155915284,34.7331167960322));
#12641=CARTESIAN_POINT('Ctrl Pts',(177.700195259009,27.9603155915284,34.8523978102599));
#12642=CARTESIAN_POINT('Ctrl Pts',(177.508835235841,27.9603104983878,35.0423609366396));
#12643=CARTESIAN_POINT('Ctrl Pts',(177.076673844672,27.9603070591386,35.4716339259588));
#12644=CARTESIAN_POINT('Ctrl Pts',(176.342313856176,27.9603098358854,36.2018457639561));
#12645=CARTESIAN_POINT('Ctrl Pts',(174.865787743158,27.960321780731,37.6729484124577));
#12646=CARTESIAN_POINT('Ctrl Pts',(172.760246880711,27.9603132308703,39.7794080159806));
#12647=CARTESIAN_POINT('Ctrl Pts',(167.726374112805,27.9603181849518,44.8438472127345));
#12648=CARTESIAN_POINT('Ctrl Pts',(163.548518694024,27.9603195679309,49.1082742488171));
#12649=CARTESIAN_POINT('Ctrl Pts',(160.240336662447,27.960316108812,52.5318170855049));
#12650=CARTESIAN_POINT('Ctrl Pts',(177.875059422292,27.6465052440687,34.7882040967662));
#12651=CARTESIAN_POINT('Ctrl Pts',(177.754867513136,27.6465052440687,34.9074806658602));
#12652=CARTESIAN_POINT('Ctrl Pts',(177.56351946159,27.6465000490796,35.0974313288132));
#12653=CARTESIAN_POINT('Ctrl Pts',(177.131382411564,27.6464965410556,35.5266797470465));
#12654=CARTESIAN_POINT('Ctrl Pts',(176.397065668516,27.6464993733299,36.2568489024321));
#12655=CARTESIAN_POINT('Ctrl Pts',(174.920627171234,27.6465115570383,37.7278656162184));
#12656=CARTESIAN_POINT('Ctrl Pts',(172.81521244498,27.6465028362037,39.8341980687038));
#12657=CARTESIAN_POINT('Ctrl Pts',(167.781652778916,27.6465078893535,44.8983228146787));
#12658=CARTESIAN_POINT('Ctrl Pts',(163.604079431318,27.6465092999833,49.1624624371274));
#12659=CARTESIAN_POINT('Ctrl Pts',(160.296146864163,27.6465057716912,52.5857467080316));
#12660=CARTESIAN_POINT('Ctrl Pts',(177.902797225702,27.3232589919756,34.8161547627937));
#12661=CARTESIAN_POINT('Ctrl Pts',(177.782607588082,27.3232589919756,34.9354290776504));
#12662=CARTESIAN_POINT('Ctrl Pts',(177.591265457018,27.3232537453364,35.1253732662995));
#12663=CARTESIAN_POINT('Ctrl Pts',(177.159140649228,27.3232502024353,35.5546091201247));
#12664=CARTESIAN_POINT('Ctrl Pts',(176.424845925462,27.3232530628681,36.2847567075891));
#12665=CARTESIAN_POINT('Ctrl Pts',(174.948452228775,27.3232653677108,37.7557301872158));
#12666=CARTESIAN_POINT('Ctrl Pts',(172.843101254925,27.3232565601709,39.8619978612651));
#12667=CARTESIAN_POINT('Ctrl Pts',(167.809700543178,27.3232616635606,44.9259632651435));
#12668=CARTESIAN_POINT('Ctrl Pts',(163.632270500227,27.3232630882154,49.1899569524297));
#12669=CARTESIAN_POINT('Ctrl Pts',(160.324464337589,27.3232595248439,52.6131099965678));
#12670=CARTESIAN_POINT('Ctrl Pts',(177.90279695031,26.9999942235812,34.8161544852885));
#12671=CARTESIAN_POINT('Ctrl Pts',(177.782607310306,26.9999942235812,34.9354288025113));
#12672=CARTESIAN_POINT('Ctrl Pts',(177.591264876039,26.999988976996,35.1253726946642));
#12673=CARTESIAN_POINT('Ctrl Pts',(177.159139854761,26.9999854341319,35.5546083569669));
#12674=CARTESIAN_POINT('Ctrl Pts',(176.424845282453,26.9999882945338,36.2847561197003));
#12675=CARTESIAN_POINT('Ctrl Pts',(174.948452265699,27.0000005992512,37.7557303255865));
#12676=CARTESIAN_POINT('Ctrl Pts',(172.843100803322,26.9999917918018,39.8619974808411));
#12677=CARTESIAN_POINT('Ctrl Pts',(167.809700265843,26.9999968951389,44.9259632951386));
#12678=CARTESIAN_POINT('Ctrl Pts',(163.632270589893,26.9999983197842,49.1899567734118));
#12679=CARTESIAN_POINT('Ctrl Pts',(160.324464087411,26.9999947564495,52.6131097548195));
#12680=CARTESIAN_POINT('Ctrl Pts',(177.820391647412,27.9603155915311,34.7331167960317));
#12681=CARTESIAN_POINT('Ctrl Pts',(177.706767579406,27.9548088201739,34.8477942282167));
#12682=CARTESIAN_POINT('Ctrl Pts',(177.615174933139,27.9506898830409,34.9401377176382));
#12683=CARTESIAN_POINT('Ctrl Pts',(177.51938646645,27.9458575496137,35.0369120854584));
#12684=CARTESIAN_POINT('Ctrl Pts',(177.514694152625,27.9456208319197,35.0416526948415));
#12685=CARTESIAN_POINT('Ctrl Pts',(177.509991484672,27.9453840409896,35.0464036490506));
#12686=CARTESIAN_POINT('Ctrl Pts',(177.505275336235,27.9451471785151,35.0511680506299));
#12687=CARTESIAN_POINT('Ctrl Pts',(177.414268463694,27.9405764756803,35.1431060574652));
#12688=CARTESIAN_POINT('Ctrl Pts',(177.318241869907,27.9359791291288,35.2400514394121));
#12689=CARTESIAN_POINT('Ctrl Pts',(177.22248009564,27.931364517694,35.3367562759356));
#12690=CARTESIAN_POINT('Ctrl Pts',(177.211974138507,27.9308582519079,35.3473656957676));
#12691=CARTESIAN_POINT('Ctrl Pts',(177.20147136646,27.9303517926182,35.3579722180356));
#12692=CARTESIAN_POINT('Ctrl Pts',(177.190978757804,27.9298451515281,35.3685689131915));
#12693=CARTESIAN_POINT('Ctrl Pts',(177.001261461303,27.9206845527617,35.5601682020501));
#12694=CARTESIAN_POINT('Ctrl Pts',(176.814866706583,27.911464479159,35.7485546508191));
#12695=CARTESIAN_POINT('Ctrl Pts',(176.62853554943,27.9022558144217,35.9369371832457));
#12696=CARTESIAN_POINT('Ctrl Pts',(176.606389869443,27.9011613536482,35.9593266716274));
#12697=CARTESIAN_POINT('Ctrl Pts',(176.584245165852,27.9000665865903,35.9817161832002));
#12698=CARTESIAN_POINT('Ctrl Pts',(176.562095990059,27.8989714955307,36.0041111280442));
#12699=CARTESIAN_POINT('Ctrl Pts',(176.190917180316,27.8806198150945,36.3794085679729));
#12700=CARTESIAN_POINT('Ctrl Pts',(175.818482682643,27.8621772186997,36.7562321319088));
#12701=CARTESIAN_POINT('Ctrl Pts',(175.446027451218,27.8435655265375,37.1333862393342));
#12702=CARTESIAN_POINT('Ctrl Pts',(175.400029130052,27.8412669775542,37.1799648729489));
#12703=CARTESIAN_POINT('Ctrl Pts',(175.354030456311,27.8389660603167,37.2265485115715));
#12704=CARTESIAN_POINT('Ctrl Pts',(175.308033728595,27.8366627940625,37.2731348753711));
#12705=CARTESIAN_POINT('Ctrl Pts',(174.571314206858,27.799771882523,38.0192984692185));
#12706=CARTESIAN_POINT('Ctrl Pts',(173.835093379083,27.7622780065834,38.766160564911));
#12707=CARTESIAN_POINT('Ctrl Pts',(173.099744967708,27.7242847246665,39.5133015925368));
#12708=CARTESIAN_POINT('Ctrl Pts',(172.999772781345,27.7191194568811,39.6148770102544));
#12709=CARTESIAN_POINT('Ctrl Pts',(172.899816867151,27.7139439119643,39.7164577317636));
#12710=CARTESIAN_POINT('Ctrl Pts',(172.799878200279,27.7087580701127,39.818042739697));
#12711=CARTESIAN_POINT('Ctrl Pts',(171.964837675653,27.6654276131845,40.6668393163753));
#12712=CARTESIAN_POINT('Ctrl Pts',(171.131001724593,27.6213780309996,41.5159355053166));
#12713=CARTESIAN_POINT('Ctrl Pts',(170.297388273037,27.5765880764578,42.3663105643139));
#12714=CARTESIAN_POINT('Ctrl Pts',(169.69498081958,27.5442207935095,42.9808307268877));
#12715=CARTESIAN_POINT('Ctrl Pts',(169.092689444696,27.5114669289067,43.5960186451719));
#12716=CARTESIAN_POINT('Ctrl Pts',(168.490632252661,27.4783203948292,44.2117629061625));
#12717=CARTESIAN_POINT('Ctrl Pts',(167.21507580656,27.4080940512728,45.5163176422364));
#12718=CARTESIAN_POINT('Ctrl Pts',(165.940590433904,27.3358990064465,46.8233885076435));
#12719=CARTESIAN_POINT('Ctrl Pts',(164.668250516212,27.2617021867123,48.1318744448549));
#12720=CARTESIAN_POINT('Ctrl Pts',(163.44313690089,27.1902593805832,49.3917924234109));
#12721=CARTESIAN_POINT('Ctrl Pts',(162.220012522088,27.1169603795845,50.6530222469682));
#12722=CARTESIAN_POINT('Ctrl Pts',(160.999802629212,27.0418035852516,51.9145596619756));
#12723=CARTESIAN_POINT('Ctrl Pts',(160.774588702074,27.027931908828,52.147401402667));
#12724=CARTESIAN_POINT('Ctrl Pts',(160.549473961294,27.0139970305159,52.3802535643531));
#12725=CARTESIAN_POINT('Ctrl Pts',(160.324464087413,26.9999990612268,52.6131097548211));
#12726=CARTESIAN_POINT('Ctrl Pts',(177.820391647412,27.9603155915294,34.7331167960322));
#12727=CARTESIAN_POINT('Ctrl Pts',(171.924035356976,27.2843512697521,40.8200899949722));
#12728=CARTESIAN_POINT('Ctrl Pts',(166.034695047726,26.6081580670902,46.8997417425648));
#12729=CARTESIAN_POINT('Ctrl Pts',(160.141576856308,25.9320589898957,52.9833336413769));
#12730=CARTESIAN_POINT('Ctrl Pts',(177.714016917193,28.4143307731643,34.6804920784803));
#12731=CARTESIAN_POINT('Ctrl Pts',(171.822413762457,27.7079511718612,40.7733567048413));
#12732=CARTESIAN_POINT('Ctrl Pts',(165.942437910824,27.0018239097935,46.8541230480289));
#12733=CARTESIAN_POINT('Ctrl Pts',(160.056400256585,26.2955337764819,52.9412185873472));
#12734=CARTESIAN_POINT('Ctrl Pts',(177.65262806895,28.8658523550739,34.6748017558331));
#12735=CARTESIAN_POINT('Ctrl Pts',(171.762355754592,28.1291461842273,40.7708884287025));
#12736=CARTESIAN_POINT('Ctrl Pts',(165.889192110824,27.3933160845044,46.8492103907858));
#12737=CARTESIAN_POINT('Ctrl Pts',(160.007235812775,26.6570116699723,52.9366812939041));
#12738=CARTESIAN_POINT('Ctrl Pts',(177.628890377556,29.2942781776745,34.7056574873042));
#12739=CARTESIAN_POINT('Ctrl Pts',(171.737236005278,28.5287213516047,40.8027432051506));
#12740=CARTESIAN_POINT('Ctrl Pts',(165.868596527791,27.7647697740339,46.875991346328));
#12741=CARTESIAN_POINT('Ctrl Pts',(159.988212880292,26.9999990612269,52.9614034602547));
#12742=CARTESIAN_POINT('Origin',(118.71274560758,27.9999990761281,108.716111399543));
#12743=CARTESIAN_POINT('',(123.870544138248,27.9999990761281,112.510464350579));
#12744=CARTESIAN_POINT('',(122.576448912736,27.9999990761281,107.680835219133));
#12745=CARTESIAN_POINT('Origin',(120.006840833092,27.9999990761281,113.545740530989));
#12746=CARTESIAN_POINT('Origin',(120.006840833092,27.9999990761281,113.545740530989));
#12747=CARTESIAN_POINT('Origin',(120.006840833092,27.9999990761281,113.545740530989));
#12748=CARTESIAN_POINT('Origin',(158.403287647589,53.0000007897615,134.021973789365));
#12749=CARTESIAN_POINT('',(160.532899658573,53.0000007897615,130.636009719462));
#12750=CARTESIAN_POINT('',(158.403287647589,57.0000007897616,134.021973789365));
#12751=CARTESIAN_POINT('Origin',(158.403287647589,53.0000007897615,134.021973789365));
#12752=CARTESIAN_POINT('',(155.017323577686,53.0000007897615,131.892361778381));
#12753=CARTESIAN_POINT('Origin',(158.403287647589,53.0000007897615,134.021973789365));
#12754=CARTESIAN_POINT('Origin',(158.403287647589,53.0000007897615,134.021973789365));
#12755=CARTESIAN_POINT('Origin',(120.006840833092,62.000000923872,113.545740530989));
#12756=CARTESIAN_POINT('',(123.870544138248,62.000000923872,112.510464350579));
#12757=CARTESIAN_POINT('Origin',(120.006840833092,62.000000923872,113.545740530989));
#12758=CARTESIAN_POINT('Origin',(120.006840833092,62.000000923872,113.545740530989));
#12759=CARTESIAN_POINT('Origin',(149.774837731583,63.0000009387732,141.914490767808));
#12760=CARTESIAN_POINT('',(149.774837731583,67.0000009387732,141.914490767808));
#12761=CARTESIAN_POINT('Origin',(149.774837731583,63.0000009387732,141.914490767808));
#12762=CARTESIAN_POINT('Origin',(149.774837731583,63.0000009387732,141.914490767808));
#12763=CARTESIAN_POINT('Origin',(158.403287647589,36.9999992102385,134.021973789365));
#12764=CARTESIAN_POINT('',(158.403287647589,32.9999992102385,134.021973789365));
#12765=CARTESIAN_POINT('',(160.532899658573,36.9999992102385,130.636009719462));
#12766=CARTESIAN_POINT('Origin',(158.403287647589,36.9999992102385,134.021973789365));
#12767=CARTESIAN_POINT('',(155.017323577686,36.9999992102385,131.892361778381));
#12768=CARTESIAN_POINT('Origin',(158.403287647589,36.9999992102385,134.021973789365));
#12769=CARTESIAN_POINT('Origin',(158.403287647589,36.9999992102385,134.021973789365));
#12770=CARTESIAN_POINT('Origin',(148.287630444681,53.0000007897615,150.105303361064));
#12771=CARTESIAN_POINT('',(154.02796888833,57.0000007897616,140.978486072736));
#12772=CARTESIAN_POINT('Origin',(154.02796888833,53.0000007897615,140.978486072736));
#12773=CARTESIAN_POINT('',(148.287630444681,57.0000007897616,150.105303361064));
#12774=CARTESIAN_POINT('',(144.901666374778,53.0000007897615,147.97569135008));
#12775=CARTESIAN_POINT('Origin',(158.403287647589,36.9999992102385,134.021973789365));
#12776=CARTESIAN_POINT('',(160.532899658573,36.9999992102385,130.636009719462));
#12777=CARTESIAN_POINT('',(155.017323577686,36.9999992102385,131.892361778381));
#12778=CARTESIAN_POINT('Origin',(166.868197822346,53.0000007897615,139.346003816824));
#12779=CARTESIAN_POINT('',(168.99780983333,53.0000007897615,135.960039746921));
#12780=CARTESIAN_POINT('',(166.868197822346,57.0000007897616,139.346003816824));
#12781=CARTESIAN_POINT('Origin',(163.885573294023,80.,144.088210113006));
#12782=CARTESIAN_POINT('',(111.824842628389,76.,116.309526537621));
#12783=CARTESIAN_POINT('',(163.885573294023,76.,144.088210113006));
#12784=CARTESIAN_POINT('',(154.220835548373,78.,142.857665007408));
#12785=CARTESIAN_POINT('Origin',(114.277281836366,80.,117.61810465159));
#12786=CARTESIAN_POINT('',(162.254815498267,78.,147.144454378699));
#12787=CARTESIAN_POINT('Origin',(148.249421037455,75.0061135512839,134.545812294303));
#12788=CARTESIAN_POINT('',(153.162055433352,75.2038578505464,142.355240068805));
#12789=CARTESIAN_POINT('Origin',(155.289063545887,75.0061135512839,138.9734160519));
#12790=CARTESIAN_POINT('',(146.12241292492,75.2038578505464,137.927636311209));
#12791=CARTESIAN_POINT('Origin',(118.71274560758,62.000000923872,108.716111399543));
#12792=CARTESIAN_POINT('',(122.576448912736,62.000000923872,107.680835219133));
#12793=CARTESIAN_POINT('Origin',(120.006840833092,38.0000005662441,113.545740530989));
#12794=CARTESIAN_POINT('',(123.870544138248,38.0000005662441,112.510464350579));
#12795=CARTESIAN_POINT('Origin',(140.223218462327,74.7787081800249,124.0701685757));
#12796=CARTESIAN_POINT('',(151.063528292137,72.0141880433386,127.66365977309));
#12797=CARTESIAN_POINT('',(120.455955444967,71.9890580590752,107.813153719511));
#12798=CARTESIAN_POINT('',(141.793893128187,72.0065773194513,121.65184858325));
#12799=CARTESIAN_POINT('Origin',(152.022907555305,74.7883961746495,131.722843321915));
#12800=CARTESIAN_POINT('Origin',(115.698373411114,74.7585723471944,108.164608615652));
#12801=CARTESIAN_POINT('Origin',(180.509622217376,72.1996062732745,87.8523583831935));
#12802=CARTESIAN_POINT('',(196.309178969655,67.9023947058268,57.9838577974117));
#12803=CARTESIAN_POINT('',(177.909984278967,69.5744600869606,86.3192275702263));
#12804=CARTESIAN_POINT('Origin',(200.549928146084,70.378401468714,56.989622899577));
#12805=CARTESIAN_POINT('Origin',(206.887539168368,70.383800735631,61.1045475354799));
#12806=CARTESIAN_POINT('',(181.886402650499,67.890107359892,48.6193453044349));
#12807=CARTESIAN_POINT('',(205.177306533041,67.909949822037,63.7418124046904));
#12808=CARTESIAN_POINT('Origin',(181.585566767619,70.3622449629532,44.6763209998527));
#12809=CARTESIAN_POINT('Origin',(190.089203573219,69.7948392282481,36.4822955483053));
#12810=CARTESIAN_POINT('',(192.114686310676,67.207624448445,38.7634661608266));
#12811=CARTESIAN_POINT('Origin',(155.025864399129,65.0183406538517,139.391887984607));
#12812=CARTESIAN_POINT('',(155.848841795945,74.6819511240881,144.075619497393));
#12813=CARTESIAN_POINT('',(157.833499581943,70.,143.511775801027));
#12814=CARTESIAN_POINT('Ctrl Pts',(155.848841795945,74.6819511240881,144.075619497393));
#12815=CARTESIAN_POINT('Ctrl Pts',(155.976663307353,74.1409056483754,144.18764958775));
#12816=CARTESIAN_POINT('Ctrl Pts',(156.145519373663,73.5970963554018,144.232109896016));
#12817=CARTESIAN_POINT('Ctrl Pts',(156.539088557565,72.5301951698549,144.205618067892));
#12818=CARTESIAN_POINT('Ctrl Pts',(156.763653734371,72.0082404509975,144.13464486036));
#12819=CARTESIAN_POINT('Ctrl Pts',(157.273217420726,70.9594088986449,143.890626623933));
#12820=CARTESIAN_POINT('Ctrl Pts',(157.554103836354,70.4526350488214,143.712565401948));
#12821=CARTESIAN_POINT('Ctrl Pts',(157.833499581824,70.0000000001929,143.511775801112));
#12822=CARTESIAN_POINT('Origin',(152.898856286594,65.2160849531142,142.773712001512));
#12823=CARTESIAN_POINT('',(159.690775454809,67.5642347005788,142.17703220806));
#12824=CARTESIAN_POINT('Origin',(155.025864399129,65.0183406538517,139.391887984607));
#12825=CARTESIAN_POINT('Ctrl Pts',(157.833499581943,70.,143.511775801027));
#12826=CARTESIAN_POINT('Ctrl Pts',(157.980192556529,69.76235006166,143.406353924383));
#12827=CARTESIAN_POINT('Ctrl Pts',(158.135093261631,69.5279590060891,143.295033507906));
#12828=CARTESIAN_POINT('Ctrl Pts',(158.738750843622,68.6633506793539,142.861210993071));
#12829=CARTESIAN_POINT('Ctrl Pts',(159.215752654105,68.0611726531195,142.518410486331));
#12830=CARTESIAN_POINT('Ctrl Pts',(159.690775454809,67.5642347005789,142.17703220806));
#12831=CARTESIAN_POINT('Origin',(155.610698183097,63.0000009387732,150.035003854458));
#12832=CARTESIAN_POINT('',(156.524559237152,63.0000009387732,144.452454439193));
#12833=CARTESIAN_POINT('',(153.276354002492,67.0000009387732,146.786798619798));
#12834=CARTESIAN_POINT('Origin',(153.276354002492,63.0000009387732,146.786798619798));
#12835=CARTESIAN_POINT('',(158.858903417757,63.0000009387732,147.700659673853));
#12836=CARTESIAN_POINT('',(155.610698183097,67.0000009387732,150.035003854458));
#12837=CARTESIAN_POINT('Origin',(115.668682259431,63.0000009387732,166.425105029402));
#12838=CARTESIAN_POINT('',(113.550308014036,67.0000009387732,167.9474886951));
#12839=CARTESIAN_POINT('Origin',(113.550308014036,63.0000009387732,167.9474886951));
#12840=CARTESIAN_POINT('',(115.668682259431,67.0000009387732,166.425105029402));
#12841=CARTESIAN_POINT('Origin',(116.77089035826,63.0000009387732,167.9474886951));
#12842=CARTESIAN_POINT('',(116.77089035826,63.0000009387732,163.9474886951));
#12843=CARTESIAN_POINT('',(116.77089035826,67.0000009387732,167.9474886951));
#12844=CARTESIAN_POINT('Origin',(148.287630444681,36.9999992102385,150.105303361064));
#12845=CARTESIAN_POINT('',(154.02796888833,32.9999992102385,140.978486072736));
#12846=CARTESIAN_POINT('',(148.287630444681,32.9999992102385,150.105303361064));
#12847=CARTESIAN_POINT('Origin',(154.02796888833,36.9999992102385,140.978486072736));
#12848=CARTESIAN_POINT('',(144.901666374778,36.9999992102385,147.97569135008));
#12849=CARTESIAN_POINT('Origin',(166.868197822346,36.9999992102385,139.346003816824));
#12850=CARTESIAN_POINT('',(166.868197822346,32.9999992102385,139.346003816824));
#12851=CARTESIAN_POINT('',(168.99780983333,36.9999992102385,135.960039746921));
#12852=CARTESIAN_POINT('Origin',(132.230861434116,45.,76.2395093806432));
#12853=CARTESIAN_POINT('Origin',(118.082250204623,45.,90.9082573011436));
#12854=CARTESIAN_POINT('Ctrl Pts',(181.925540987882,28.014667973932,108.138306189436));
#12855=CARTESIAN_POINT('Ctrl Pts',(191.135201909711,28.014667973932,93.4954600670121));
#12856=CARTESIAN_POINT('Ctrl Pts',(200.250751823019,28.014667973932,78.7948768262584));
#12857=CARTESIAN_POINT('Ctrl Pts',(208.973711560988,28.014667973932,64.5179532164456));
#12858=CARTESIAN_POINT('Ctrl Pts',(181.852113042916,27.6838934530426,108.092123468558));
#12859=CARTESIAN_POINT('Ctrl Pts',(191.061578424322,27.6838934530426,93.4495882444781));
#12860=CARTESIAN_POINT('Ctrl Pts',(200.176935259436,27.6838934530426,78.7493161432501));
#12861=CARTESIAN_POINT('Ctrl Pts',(208.899690339876,27.6838934530426,64.472727497715));
#12862=CARTESIAN_POINT('Ctrl Pts',(181.814791342033,27.3419585478319,108.068649875564));
#12863=CARTESIAN_POINT('Ctrl Pts',(191.024157392586,27.3419585478319,93.4262725819877));
#12864=CARTESIAN_POINT('Ctrl Pts',(200.139415972384,27.3419585478319,78.7261588164375));
#12865=CARTESIAN_POINT('Ctrl Pts',(208.862067090653,27.3419585478319,64.4497403264483));
#12866=CARTESIAN_POINT('Ctrl Pts',(181.814791342033,26.9999990612268,108.068649875564));
#12867=CARTESIAN_POINT('Ctrl Pts',(191.024157507997,26.9999990612268,93.4262723984912));
#12868=CARTESIAN_POINT('Ctrl Pts',(200.139415851593,26.9999990612268,78.726159014138));
#12869=CARTESIAN_POINT('Ctrl Pts',(208.862067090653,26.9999990612268,64.4497403264483));
#12870=CARTESIAN_POINT('',(208.973711560988,28.014667973932,64.5179532164456));
#12871=CARTESIAN_POINT('Origin',(176.735845237178,26.9999990612268,104.874231859088));
#12872=CARTESIAN_POINT('Origin',(212.275388751924,26.9999990612268,66.535222341883));
#12873=CARTESIAN_POINT('Ctrl Pts',(209.009566956104,28.1631577583613,64.5398602586442));
#12874=CARTESIAN_POINT('Ctrl Pts',(210.562189907868,28.1631577583613,61.9986724115076));
#12875=CARTESIAN_POINT('Ctrl Pts',(211.66050179917,28.1628646032698,56.9079054853727));
#12876=CARTESIAN_POINT('Ctrl Pts',(209.267844017184,28.1630702993443,50.2058611873518));
#12877=CARTESIAN_POINT('Ctrl Pts',(206.403205540664,28.1631577583614,47.3483284409467));
#12878=CARTESIAN_POINT('Ctrl Pts',(204.721913298114,28.1631577583614,46.2908747645967));
#12879=CARTESIAN_POINT('Ctrl Pts',(208.911908766425,27.7866033561563,64.4801927504378));
#12880=CARTESIAN_POINT('Ctrl Pts',(210.45119137202,27.7866033561563,61.9608391326131));
#12881=CARTESIAN_POINT('Ctrl Pts',(211.5400914512,27.7863014292211,56.9137497966242));
#12882=CARTESIAN_POINT('Ctrl Pts',(209.167949136495,27.7865132807082,50.2692011472251));
#12883=CARTESIAN_POINT('Ctrl Pts',(206.32785694098,27.7866033561564,47.4361353522033));
#12884=CARTESIAN_POINT('Ctrl Pts',(204.660983191212,27.7866033561563,46.3877502290851));
#12885=CARTESIAN_POINT('Ctrl Pts',(208.862027165912,27.3930846161061,64.4497159331046));
#12886=CARTESIAN_POINT('Ctrl Pts',(210.394501050176,27.3930846161061,61.9415061927305));
#12887=CARTESIAN_POINT('Ctrl Pts',(211.478616372798,27.3927782130844,56.91674992397));
#12888=CARTESIAN_POINT('Ctrl Pts',(209.116934902477,27.3929932058045,50.3015412681302));
#12889=CARTESIAN_POINT('Ctrl Pts',(206.289376224816,27.3930846161062,47.4809886948536));
#12890=CARTESIAN_POINT('Ctrl Pts',(204.629861466945,27.3930846161062,46.4372320312254));
#12891=CARTESIAN_POINT('Ctrl Pts',(208.862067114802,26.9995232496393,64.4497403412029));
#12892=CARTESIAN_POINT('Ctrl Pts',(210.394556897672,26.9995232496393,61.9415045794791));
#12893=CARTESIAN_POINT('Ctrl Pts',(211.47872058579,26.9992168589117,56.916777276704));
#12894=CARTESIAN_POINT('Ctrl Pts',(209.116995268815,26.9994318435055,50.3014905243112));
#12895=CARTESIAN_POINT('Ctrl Pts',(206.289418332911,26.9995232496394,47.4809598737697));
#12896=CARTESIAN_POINT('Ctrl Pts',(204.629886391533,26.9995232496394,46.4371924025242));
#12897=CARTESIAN_POINT('Ctrl Pts',(208.973679966391,28.0146744615508,64.5179337242802));
#12898=CARTESIAN_POINT('Ctrl Pts',(209.132533105246,28.0180559125526,64.2596411767179));
#12899=CARTESIAN_POINT('Ctrl Pts',(209.281878784727,28.0214288333794,63.9961976756536));
#12900=CARTESIAN_POINT('Ctrl Pts',(209.421739091268,28.0247894835395,63.7281726330572));
#12901=CARTESIAN_POINT('Ctrl Pts',(209.563594573109,28.0281980750088,63.4563240828627));
#12902=CARTESIAN_POINT('Ctrl Pts',(209.695692326531,28.031594060217,63.1797618522727));
#12903=CARTESIAN_POINT('Ctrl Pts',(209.818011495079,28.0349733597254,62.8990492250173));
#12904=CARTESIAN_POINT('Ctrl Pts',(209.94184063172,28.0383943749722,62.6148713427593));
#12905=CARTESIAN_POINT('Ctrl Pts',(210.055648482471,28.0417983085994,62.3264394171559));
#12906=CARTESIAN_POINT('Ctrl Pts',(210.159365602239,28.0451804778128,62.0343143610931));
#12907=CARTESIAN_POINT('Ctrl Pts',(210.263158907328,28.0485651313957,61.7419747248246));
#12908=CARTESIAN_POINT('Ctrl Pts',(210.356846786894,28.0519280068301,61.4459359292931));
#12909=CARTESIAN_POINT('Ctrl Pts',(210.440309575502,28.0552636862627,61.1467454566523));
#12910=CARTESIAN_POINT('Ctrl Pts',(210.523084995586,28.0585718942786,60.8500190056072));
#12911=CARTESIAN_POINT('Ctrl Pts',(210.595803118904,28.061853368992,60.5501919788228));
#12912=CARTESIAN_POINT('Ctrl Pts',(210.658296587791,28.065101854858,60.2477929785124));
#12913=CARTESIAN_POINT('Ctrl Pts',(210.694635450004,28.0669907927324,60.071953233955));
#12914=CARTESIAN_POINT('Ctrl Pts',(210.727516181684,28.0688685569638,59.8952437922589));
#12915=CARTESIAN_POINT('Ctrl Pts',(210.756897751411,28.0707337308436,59.7177689332209));
#12916=CARTESIAN_POINT('Ctrl Pts',(210.808472831234,28.07400777279,59.4062375852914));
#12917=CARTESIAN_POINT('Ctrl Pts',(210.849091830602,28.077232379687,59.0934195096138));
#12918=CARTESIAN_POINT('Ctrl Pts',(210.87871448266,28.0804012829041,58.7799106469476));
#12919=CARTESIAN_POINT('Ctrl Pts',(210.907991325911,28.0835331929905,58.4700616228856));
#12920=CARTESIAN_POINT('Ctrl Pts',(210.926527077852,28.0866107083502,58.1595372035836));
#12921=CARTESIAN_POINT('Ctrl Pts',(210.934232109004,28.0896270482677,57.848900031721));
#12922=CARTESIAN_POINT('Ctrl Pts',(210.94207365424,28.0926968302639,57.5327591379234));
#12923=CARTESIAN_POINT('Ctrl Pts',(210.938697586411,28.0957032711763,57.2165008289662));
#12924=CARTESIAN_POINT('Ctrl Pts',(210.923953840253,28.0986381767098,56.9007145273549));
#12925=CARTESIAN_POINT('Ctrl Pts',(210.909210094096,28.1015730822433,56.5849282257435));
#12926=CARTESIAN_POINT('Ctrl Pts',(210.883098820292,28.1044364713753,56.2696132688017));
#12927=CARTESIAN_POINT('Ctrl Pts',(210.845411733384,28.1072188124183,55.955365246715));
#12928=CARTESIAN_POINT('Ctrl Pts',(210.808556965768,28.1099397054612,55.6480573919984));
#12929=CARTESIAN_POINT('Ctrl Pts',(210.760631358977,28.11258308735,55.3417693625929));
#12930=CARTESIAN_POINT('Ctrl Pts',(210.701816696749,28.1151464437371,55.0370526241174));
#12931=CARTESIAN_POINT('Ctrl Pts',(210.670789313085,28.116498729699,54.8763008184428));
#12932=CARTESIAN_POINT('Ctrl Pts',(210.636730645816,28.1178287209103,54.7159865988572));
#12933=CARTESIAN_POINT('Ctrl Pts',(210.599662063235,28.1191358821435,54.556193369705));
#12934=CARTESIAN_POINT('Ctrl Pts',(210.529982836828,28.1215930028959,54.2558239512585));
#12935=CARTESIAN_POINT('Ctrl Pts',(210.449905695455,28.1239620084835,53.9583037208306));
#12936=CARTESIAN_POINT('Ctrl Pts',(210.359746736532,28.1262403070028,53.6641495123656));
#12937=CARTESIAN_POINT('Ctrl Pts',(210.268501127819,28.1285460649409,53.3664499811453));
#12938=CARTESIAN_POINT('Ctrl Pts',(210.16692908606,28.1307589284244,53.0721975120548));
#12939=CARTESIAN_POINT('Ctrl Pts',(210.055305395771,28.132875167995,52.7819344606376));
#12940=CARTESIAN_POINT('Ctrl Pts',(209.943678812319,28.1349914624163,52.4916638859217));
#12941=CARTESIAN_POINT('Ctrl Pts',(209.821999834747,28.1370111384379,52.2053823497167));
#12942=CARTESIAN_POINT('Ctrl Pts',(209.690493507545,28.1389292608813,51.9236476415671));
#12943=CARTESIAN_POINT('Ctrl Pts',(209.560335873786,28.140827711578,51.6448023286402));
#12944=CARTESIAN_POINT('Ctrl Pts',(209.420551144874,28.142626689063,51.3704105290861));
#12945=CARTESIAN_POINT('Ctrl Pts',(209.271312685495,28.1443200928525,51.1010363841742));
#12946=CARTESIAN_POINT('Ctrl Pts',(209.144245408455,28.1457619209802,50.8716810340761));
#12947=CARTESIAN_POINT('Ctrl Pts',(209.010323876296,28.1471271955928,50.6459634070599));
#12948=CARTESIAN_POINT('Ctrl Pts',(208.869631268307,28.1484113191275,50.4242496420721));
#12949=CARTESIAN_POINT('Ctrl Pts',(208.744069761112,28.1495573387282,50.2263805791874));
#12950=CARTESIAN_POINT('Ctrl Pts',(208.613114823448,28.150638709845,50.0317006897144));
#12951=CARTESIAN_POINT('Ctrl Pts',(208.476908931528,28.1516556199428,49.8403980998921));
#12952=CARTESIAN_POINT('Ctrl Pts',(208.297684740214,28.1529937036876,49.5886758617877));
#12953=CARTESIAN_POINT('Ctrl Pts',(208.109972107464,28.1542162750062,49.3436445966409));
#12954=CARTESIAN_POINT('Ctrl Pts',(207.914236768836,28.1553238598566,49.1056345565228));
#12955=CARTESIAN_POINT('Ctrl Pts',(207.716771954829,28.1564412310886,48.8655215108504));
#12956=CARTESIAN_POINT('Ctrl Pts',(207.51114168917,28.1574415802618,48.6325538667326));
#12957=CARTESIAN_POINT('Ctrl Pts',(207.297778140392,28.1583242147139,48.4070969581284));
#12958=CARTESIAN_POINT('Ctrl Pts',(207.083890039731,28.1592090191129,48.1810857662524));
#12959=CARTESIAN_POINT('Ctrl Pts',(206.862230190162,28.15997553359,47.9626218497337));
#12960=CARTESIAN_POINT('Ctrl Pts',(206.63319356506,28.1606217559306,47.7521061262186));
#12961=CARTESIAN_POINT('Ctrl Pts',(206.405224993482,28.1612649647792,47.5425720887558));
#12962=CARTESIAN_POINT('Ctrl Pts',(206.169947860243,28.1617890036043,47.3409118943745));
#12963=CARTESIAN_POINT('Ctrl Pts',(205.927717874438,28.1621905563434,47.1475595586921));
#12964=CARTESIAN_POINT('Ctrl Pts',(205.689024801198,28.1625862458243,46.9570304502959));
#12965=CARTESIAN_POINT('Ctrl Pts',(205.443579999028,28.1628630005882,46.7745680531611));
#12966=CARTESIAN_POINT('Ctrl Pts',(205.19169742009,28.163016320487,46.6006303594545));
#12967=CARTESIAN_POINT('Ctrl Pts',(205.037493361066,28.163110183869,46.4941446370206));
#12968=CARTESIAN_POINT('Ctrl Pts',(204.880875958331,28.1631577583614,46.3908547949537));
#12969=CARTESIAN_POINT('Ctrl Pts',(204.721913298114,28.1631577583614,46.2908747645968));
#12970=CARTESIAN_POINT('Origin',(98.7543202647998,44.9562921646099,163.9474886951));
#12971=CARTESIAN_POINT('Origin',(158.858903417757,63.0000009387732,147.700659673853));
#12972=CARTESIAN_POINT('',(156.524559237152,32.9999992102385,144.452454439193));
#12973=CARTESIAN_POINT('',(160.331534852092,32.9999992102385,149.749804428715));
#12974=CARTESIAN_POINT('',(156.524559237152,76.5000004693866,144.452454439193));
#12975=CARTESIAN_POINT('Origin',(158.858903417757,63.0000009387732,147.700659673853));
#12976=CARTESIAN_POINT('',(156.524559237152,57.0000007897616,144.452454439193));
#12977=CARTESIAN_POINT('',(156.524559237152,31.5000004693866,144.452454439193));
#12978=CARTESIAN_POINT('',(160.331534852092,57.0000007897616,149.749804428715));
#12979=CARTESIAN_POINT('Origin',(156.752540619438,57.0000007897616,155.429333388523));
#12980=CARTESIAN_POINT('',(132.954739873908,57.0000007897616,161.391061052289));
#12981=CARTESIAN_POINT('Origin',(168.99780983333,53.0000007897615,135.960039746921));
#12982=CARTESIAN_POINT('Origin',(160.901579248698,76.,80.0265819125563));
#12983=CARTESIAN_POINT('',(146.14339297088,76.,137.894279210741));
#12984=CARTESIAN_POINT('Origin',(155.731784315241,70.,159.36943144147));
#12985=CARTESIAN_POINT('',(154.6463823629,78.0566849446369,143.121999401403));
#12986=CARTESIAN_POINT('Origin',(313.9950503964,70.,243.815906430682));
#12987=CARTESIAN_POINT('',(128.540141758879,86.,144.860452700478));
#12988=CARTESIAN_POINT('Origin',(128.540141758879,70.,144.860452700478));
#12989=CARTESIAN_POINT('',(155.731784315241,86.,159.36943144147));
#12990=CARTESIAN_POINT('Origin',(161.758565181488,80.1977442992626,147.470034129912));
#12991=CARTESIAN_POINT('Origin',(141.664829028412,70.,135.42830936699));
#12992=CARTESIAN_POINT('Origin',(219.673546486411,74.6155013544494,55.3884508198268));
#12993=CARTESIAN_POINT('',(204.859953680586,60.0921041959369,46.0713982717725));
#12994=CARTESIAN_POINT('',(204.859953680586,37.3077506772247,46.0713982717725));
#12995=CARTESIAN_POINT('',(219.673546486411,60.0921041959369,55.3884508198268));
#12996=CARTESIAN_POINT('Origin',(121.023534642121,30.0000004470348,101.885280261399));
#12997=CARTESIAN_POINT('Origin',(102.148326906428,70.,163.827105040992));
#12998=CARTESIAN_POINT('',(102.148326906428,86.,163.827105040992));
#12999=CARTESIAN_POINT('',(117.051824284944,70.,172.81979654709));
#13000=CARTESIAN_POINT('',(111.48570362885,70.,176.819925979632));
#13001=CARTESIAN_POINT('Origin',(96.4148742882241,70.,167.9474886951));
#13002=CARTESIAN_POINT('Origin',(216.479128469936,60.0921041959369,60.4673969246812));
#13003=CARTESIAN_POINT('Ctrl Pts',(181.606461425341,66.0847679343881,38.1837238463178));
#13004=CARTESIAN_POINT('Ctrl Pts',(182.530053848504,66.0025894440892,36.8032613177286));
#13005=CARTESIAN_POINT('Ctrl Pts',(183.452490730595,65.1883835138615,35.4232418325781));
#13006=CARTESIAN_POINT('Ctrl Pts',(184.056861594206,63.82028772316,34.5237783538206));
#13007=CARTESIAN_POINT('Ctrl Pts',(184.510143412609,62.7942075708949,33.8491752817893));
#13008=CARTESIAN_POINT('Ctrl Pts',(184.784510197906,61.4565593259517,33.4448893414147));
#13009=CARTESIAN_POINT('Ctrl Pts',(184.789860565472,60.0921041959863,33.4482544707408));
#13010=CARTESIAN_POINT('Origin',(201.665535664111,60.0921041959369,51.1503443766268));
#13011=CARTESIAN_POINT('Ctrl Pts',(184.78986056548,60.0921041959867,33.4482544707454));
#13012=CARTESIAN_POINT('Ctrl Pts',(184.784510197912,61.4565593259524,33.4448893414187));
#13013=CARTESIAN_POINT('Ctrl Pts',(184.144321032216,64.5777385641536,34.3882232022921));
#13014=CARTESIAN_POINT('Ctrl Pts',(182.530038908501,66.0026026311053,36.8032836688506));
#13015=CARTESIAN_POINT('Ctrl Pts',(181.606438987292,66.0847699307145,38.183757383715));
#13016=CARTESIAN_POINT('Ctrl Pts',(184.243976340348,60.0635011063763,33.1049189897859));
#13017=CARTESIAN_POINT('Ctrl Pts',(184.243066304088,61.3972486720009,33.0966912646481));
#13018=CARTESIAN_POINT('Ctrl Pts',(183.634608464149,64.4569875458634,33.9747264527771));
#13019=CARTESIAN_POINT('Ctrl Pts',(182.044653235774,65.9458937829217,36.3000277520889));
#13020=CARTESIAN_POINT('Ctrl Pts',(181.110800314602,66.076063898205,37.6642066343225));
#13021=CARTESIAN_POINT('Ctrl Pts',(182.9460842554,60.0122126449176,32.5717640069643));
#13022=CARTESIAN_POINT('Ctrl Pts',(182.95254114134,61.2251269410513,32.5548773639962));
#13023=CARTESIAN_POINT('Ctrl Pts',(182.419415607776,64.0216984599648,33.2706052650797));
#13024=CARTESIAN_POINT('Ctrl Pts',(180.929162263034,65.5449388989525,35.2966080288758));
#13025=CARTESIAN_POINT('Ctrl Pts',(180.006304895729,65.7573741508401,36.5453977398225));
#13026=CARTESIAN_POINT('Ctrl Pts',(181.078665540153,59.9855872362748,32.6035641444823));
#13027=CARTESIAN_POINT('Ctrl Pts',(181.087849039853,60.8919115530725,32.5840624045292));
#13028=CARTESIAN_POINT('Ctrl Pts',(180.680210367396,62.9900058699236,33.0642054156633));
#13029=CARTESIAN_POINT('Ctrl Pts',(179.496480299344,64.1981352130777,34.4911960769005));
#13030=CARTESIAN_POINT('Ctrl Pts',(178.743794483365,64.3982402243779,35.3960737927182));
#13031=CARTESIAN_POINT('Ctrl Pts',(179.359700056617,59.9936546338629,33.1845851427403));
#13032=CARTESIAN_POINT('Ctrl Pts',(179.36717846933,60.5256472865271,33.1695837182668));
#13033=CARTESIAN_POINT('Ctrl Pts',(179.111676187878,61.763337391114,33.4308340588966));
#13034=CARTESIAN_POINT('Ctrl Pts',(178.364679520168,62.4772474454572,34.22917333106));
#13035=CARTESIAN_POINT('Ctrl Pts',(177.892482502533,62.5957046033876,34.736466063371));
#13036=CARTESIAN_POINT('Ctrl Pts',(178.509834663884,60.0171576663597,33.8023651457504));
#13037=CARTESIAN_POINT('Ctrl Pts',(178.514331075286,60.3091842558714,33.7934222413868));
#13038=CARTESIAN_POINT('Ctrl Pts',(178.364203041791,60.9918937347905,33.9395924679755));
#13039=CARTESIAN_POINT('Ctrl Pts',(177.933568759813,61.3672270860706,34.3810284277092));
#13040=CARTESIAN_POINT('Ctrl Pts',(177.668508225014,61.4208754434986,34.6541580271865));
#13041=CARTESIAN_POINT('Ctrl Pts',(178.061777442675,60.0377277026559,34.2665941588404));
#13042=CARTESIAN_POINT('Ctrl Pts',(178.063894803776,60.1802918775589,34.2623207264069));
#13043=CARTESIAN_POINT('Ctrl Pts',(177.98427939491,60.5167288539925,34.3399585708717));
#13044=CARTESIAN_POINT('Ctrl Pts',(177.761082775933,60.6885461004208,34.5688557605317));
#13045=CARTESIAN_POINT('Ctrl Pts',(177.62888716598,60.7057222396207,34.7056608108628));
#13046=CARTESIAN_POINT('Origin',(158.077714479131,70.8063413273237,88.2832765474254));
#13047=CARTESIAN_POINT('',(148.968056916118,72.2808908111629,117.7471672151));
#13048=CARTESIAN_POINT('',(131.922794164534,72.2668960005698,106.692481725184));
#13049=CARTESIAN_POINT('',(136.740373811324,72.2708514171367,109.81691744636));
#13050=CARTESIAN_POINT('',(182.780531467641,68.8734100768881,57.6864383820181));
#13051=CARTESIAN_POINT('',(163.160130967628,70.1825826127596,76.5924740867406));
#13052=CARTESIAN_POINT('',(186.429335094009,68.8765186401365,60.0555569475025));
#13053=CARTESIAN_POINT('',(183.275241688105,68.8738315405149,58.0076469993756));
#13054=CARTESIAN_POINT('',(159.704946196741,71.3051534939051,101.21200178581));
#13055=CARTESIAN_POINT('Origin',(168.277418486874,69.1379034420073,64.9670074325396));
#13056=CARTESIAN_POINT('',(150.224290469244,72.710335573056,104.903848008032));
#13057=CARTESIAN_POINT('',(183.037536701565,69.1560471421014,60.2926516398161));
#13058=CARTESIAN_POINT('Origin',(128.918084595354,72.0834421696572,110.513738970415));
#13059=CARTESIAN_POINT('',(147.451715738528,72.4738843273987,110.571318298707));
#13060=CARTESIAN_POINT('Origin',(158.318723663303,71.3797019898377,112.209016398951));
#13061=CARTESIAN_POINT('',(169.759511877728,70.5201148325539,63.5510432146957));
#13062=CARTESIAN_POINT('Origin',(189.785065961339,68.2168901680857,56.5122541387941));
#13063=CARTESIAN_POINT('Origin',(185.036166322662,62.2283343113492,91.6771852519353));
#13064=CARTESIAN_POINT('Origin',(147.981561037051,65.6732374659125,150.591936612465));
#13065=CARTESIAN_POINT('Origin',(204.021195774584,60.4633286570103,61.4920495282895));
#13066=CARTESIAN_POINT('Origin',(197.672513143516,37.3077506772247,57.4990270076947));
#13067=CARTESIAN_POINT('Origin',(197.672513143516,60.4633286570103,57.4990270076947));
#13068=CARTESIAN_POINT('Ctrl Pts',(209.100141879438,60.4633286570103,64.6864675447652));
#13069=CARTESIAN_POINT('Ctrl Pts',(209.906570821916,60.4216773698767,63.4042905988822));
#13070=CARTESIAN_POINT('Ctrl Pts',(211.082352877636,60.3384105957913,60.5665745983878));
#13071=CARTESIAN_POINT('Ctrl Pts',(211.37485699793,60.2151042441629,55.453176293154));
#13072=CARTESIAN_POINT('Ctrl Pts',(209.497341742234,60.1174493069877,50.0769495019224));
#13073=CARTESIAN_POINT('Ctrl Pts',(206.569522941764,60.0921041959369,47.1466368617427));
#13074=CARTESIAN_POINT('Ctrl Pts',(204.859953680586,60.0921041959369,46.0713982717725));
#13075=CARTESIAN_POINT('Ctrl Pts',(209.123766579606,61.3598290558759,64.6489055919216));
#13076=CARTESIAN_POINT('Ctrl Pts',(209.925948015136,61.3150000629054,63.3641017353792));
#13077=CARTESIAN_POINT('Ctrl Pts',(211.091535111451,61.2254999145428,60.5245339329141));
#13078=CARTESIAN_POINT('Ctrl Pts',(211.368428478907,61.093164321091,55.4188893622381));
#13079=CARTESIAN_POINT('Ctrl Pts',(209.484446567128,60.988545548493,50.0613279942953));
#13080=CARTESIAN_POINT('Ctrl Pts',(206.564192403612,60.9614413921966,47.143284204172));
#13081=CARTESIAN_POINT('Ctrl Pts',(204.859953680586,60.9614413921966,46.0713982717725));
#13082=CARTESIAN_POINT('Ctrl Pts',(208.823075229142,63.1487934054029,64.3551793546767));
#13083=CARTESIAN_POINT('Ctrl Pts',(209.594619970111,63.0976764406681,63.1059524590501));
#13084=CARTESIAN_POINT('Ctrl Pts',(210.709871067166,62.9958307826705,60.3500738666592));
#13085=CARTESIAN_POINT('Ctrl Pts',(210.955848759009,62.8456189763393,55.4113432848338));
#13086=CARTESIAN_POINT('Ctrl Pts',(209.120088681925,62.7272088152466,50.2437616941917));
#13087=CARTESIAN_POINT('Ctrl Pts',(206.299510392023,62.6966143494314,47.4317435621663));
#13088=CARTESIAN_POINT('Ctrl Pts',(204.654927545242,62.6966143494314,46.3973783677176));
#13089=CARTESIAN_POINT('Ctrl Pts',(207.190700575871,65.6702608101407,63.1810555932343));
#13090=CARTESIAN_POINT('Ctrl Pts',(207.841739679081,65.6145201935568,62.1223837150896));
#13091=CARTESIAN_POINT('Ctrl Pts',(208.78078298173,65.5034628790555,59.7884246574835));
#13092=CARTESIAN_POINT('Ctrl Pts',(208.981295674838,65.3399540615183,55.611295259825));
#13093=CARTESIAN_POINT('Ctrl Pts',(207.423849418965,65.2112135875872,51.245331891906));
#13094=CARTESIAN_POINT('Ctrl Pts',(205.039259170989,65.1779297720031,48.8701687344988));
#13095=CARTESIAN_POINT('Ctrl Pts',(203.649444266426,65.1779297720031,47.9960405829009));
#13096=CARTESIAN_POINT('Ctrl Pts',(205.318828103424,66.4559923954696,61.9577920953121));
#13097=CARTESIAN_POINT('Ctrl Pts',(205.843120016912,66.4067888806537,61.1152137242531));
#13098=CARTESIAN_POINT('Ctrl Pts',(206.603712734723,66.3088480612462,59.2543827410066));
#13099=CARTESIAN_POINT('Ctrl Pts',(206.780266012402,66.1640324636134,55.911494624245));
#13100=CARTESIAN_POINT('Ctrl Pts',(205.543568719803,66.0497537356464,52.4066054726887));
#13101=CARTESIAN_POINT('Ctrl Pts',(203.632131354591,66.0203030063847,50.4982330608201));
#13102=CARTESIAN_POINT('Ctrl Pts',(202.51686287803,66.0203030063847,49.79678168859));
#13103=CARTESIAN_POINT('Ctrl Pts',(204.179115262639,66.4559923954696,61.2409663686653));
#13104=CARTESIAN_POINT('Ctrl Pts',(204.627131341793,66.414341108336,60.5286458431747));
#13105=CARTESIAN_POINT('Ctrl Pts',(205.280343594971,66.3310743342507,58.9521369540112));
#13106=CARTESIAN_POINT('Ctrl Pts',(205.442845884023,66.2077679826222,56.1113601177701));
#13107=CARTESIAN_POINT('Ctrl Pts',(204.399781853081,66.1101130454471,53.1245674559748));
#13108=CARTESIAN_POINT('Ctrl Pts',(202.77321585282,66.0847679343962,51.4966159892083));
#13109=CARTESIAN_POINT('Ctrl Pts',(201.823455152165,66.0847679343962,50.8992612170027));
#13110=CARTESIAN_POINT('Origin',(49.6162675234529,86.,96.9562212036032));
#13111=CARTESIAN_POINT('Origin',(-122.570623450489,8.88178419700125E-15,
173.9474886951));
#13112=CARTESIAN_POINT('',(113.550308014036,70.,173.9474886951));
#13113=CARTESIAN_POINT('Origin',(96.4148742882241,70.,173.9474886951));
#13114=CARTESIAN_POINT('',(113.550308014036,67.0000009387732,173.9474886951));
#13115=CARTESIAN_POINT('',(113.550308014036,8.88178419700125E-15,173.9474886951));
#13116=CARTESIAN_POINT('',(-0.533040369772353,67.0000009387732,173.9474886951));
#13117=CARTESIAN_POINT('Origin',(121.504542710945,67.0000009387732,174.545618116052));
#13118=CARTESIAN_POINT('',(117.051824284944,67.0000009387732,172.81979654709));
#13119=CARTESIAN_POINT('',(116.803372353997,67.0000009387732,172.998348170916));
#13120=CARTESIAN_POINT('Origin',(113.550308014036,67.0000009387732,167.9474886951));
#13121=CARTESIAN_POINT('Origin',(114.436546177654,8.88178419700125E-15,
174.69928346044));
#13122=CARTESIAN_POINT('',(117.051824284944,8.88178419700125E-15,172.81979654709));
#13123=CARTESIAN_POINT('Origin',(113.550308014036,8.88178419700125E-15,
167.9474886951));
#13124=CARTESIAN_POINT('Origin',(113.550308014036,70.,167.9474886951));
#13125=CARTESIAN_POINT('Ctrl Pts',(96.4148742882241,80.,173.9474886951));
#13126=CARTESIAN_POINT('Ctrl Pts',(98.9783291791329,80.,173.9474886951));
#13127=CARTESIAN_POINT('Ctrl Pts',(102.818770747472,79.4856357081833,173.9474886951));
#13128=CARTESIAN_POINT('Ctrl Pts',(108.281669823088,77.4837828876284,173.9474886951));
#13129=CARTESIAN_POINT('Ctrl Pts',(112.379922436759,74.487627984512,173.9474886951));
#13130=CARTESIAN_POINT('Ctrl Pts',(113.550308014036,71.4959965017094,173.9474886951));
#13131=CARTESIAN_POINT('Ctrl Pts',(113.550308014036,70.,173.9474886951));
#13132=CARTESIAN_POINT('Ctrl Pts',(96.4148742882241,80.8975979010256,173.9474886951));
#13133=CARTESIAN_POINT('Ctrl Pts',(99.0567646417484,80.8279154755044,173.947252154824));
#13134=CARTESIAN_POINT('Ctrl Pts',(102.98809942557,80.195106165578,173.947361364214));
#13135=CARTESIAN_POINT('Ctrl Pts',(108.556199089591,77.9804044392892,173.94713581662));
#13136=CARTESIAN_POINT('Ctrl Pts',(112.719341803854,74.7612843889683,173.947267170435));
#13137=CARTESIAN_POINT('Ctrl Pts',(113.9063867297,71.5872785037373,173.9474886951));
#13138=CARTESIAN_POINT('Ctrl Pts',(113.9063867297,70.,173.9474886951));
#13139=CARTESIAN_POINT('Ctrl Pts',(96.4148742882241,82.6887282434957,173.536561390066));
#13140=CARTESIAN_POINT('Ctrl Pts',(99.2132487064279,82.4811598251717,173.600924381964));
#13141=CARTESIAN_POINT('Ctrl Pts',(103.326342222293,81.6127938617628,173.685821040166));
#13142=CARTESIAN_POINT('Ctrl Pts',(109.105014304396,78.9734923480529,173.792580791402));
#13143=CARTESIAN_POINT('Ctrl Pts',(113.398112277533,75.3086430196605,173.864481507629));
#13144=CARTESIAN_POINT('Ctrl Pts',(114.618494506373,71.7698278749623,173.88384023023));
#13145=CARTESIAN_POINT('Ctrl Pts',(114.618494506373,70.,173.88384023023));
#13146=CARTESIAN_POINT('Ctrl Pts',(96.4148742882241,85.2132587430127,171.529659644885));
#13147=CARTESIAN_POINT('Ctrl Pts',(99.433507599228,84.9043004251315,171.888356864492));
#13148=CARTESIAN_POINT('Ctrl Pts',(103.83716768244,83.7927257906985,172.373319721621));
#13149=CARTESIAN_POINT('Ctrl Pts',(109.988246415051,80.5911980375467,173.001926662084));
#13150=CARTESIAN_POINT('Ctrl Pts',(114.536042033668,76.2371469317386,173.435853619999));
#13151=CARTESIAN_POINT('Ctrl Pts',(115.825435708223,72.0792166647869,173.55377915522));
#13152=CARTESIAN_POINT('Ctrl Pts',(115.825435708223,70.,173.55377915522));
#13153=CARTESIAN_POINT('Ctrl Pts',(96.4148742882241,86.,169.293885546639));
#13154=CARTESIAN_POINT('Ctrl Pts',(99.5026827519796,85.8343907302906,169.918762899941));
#13155=CARTESIAN_POINT('Ctrl Pts',(104.064047330858,84.8287671494901,170.809172695462));
#13156=CARTESIAN_POINT('Ctrl Pts',(110.484946282107,81.5302654824869,172.017934947587));
#13157=CARTESIAN_POINT('Ctrl Pts',(115.260554020504,76.8455527313355,172.888693330796));
#13158=CARTESIAN_POINT('Ctrl Pts',(116.61809300438,72.2824289003358,173.131500401246));
#13159=CARTESIAN_POINT('Ctrl Pts',(116.61809300438,70.,173.131500401246));
#13160=CARTESIAN_POINT('Ctrl Pts',(96.4148742882241,86.,167.9474886951));
#13161=CARTESIAN_POINT('Ctrl Pts',(99.5021547883287,86.,168.676384245283));
#13162=CARTESIAN_POINT('Ctrl Pts',(104.127366024841,85.1770171330932,169.768379575424));
#13163=CARTESIAN_POINT('Ctrl Pts',(110.7065735818,81.9740526202054,171.321706236812));
#13164=CARTESIAN_POINT('Ctrl Pts',(115.642277901606,77.1802047752193,172.487007839826));
#13165=CARTESIAN_POINT('Ctrl Pts',(117.051824284944,72.3935944027351,172.81979654709));
#13166=CARTESIAN_POINT('Ctrl Pts',(117.051824284944,70.,172.81979654709));
#13167=CARTESIAN_POINT('Origin',(156.752540619438,32.9999992102385,155.429333388523));
#13168=CARTESIAN_POINT('',(132.954739873908,32.9999992102385,161.391061052289));
#13169=CARTESIAN_POINT('Origin',(185.036166322662,27.7716656886508,91.6771852519353));
#13170=CARTESIAN_POINT('Origin',(204.021195774584,29.5366713429897,61.4920495282895));
#13171=CARTESIAN_POINT('Origin',(114.436546177654,90.,174.69928346044));
#13172=CARTESIAN_POINT('Origin',(216.479128469936,29.9078958040631,60.4673969246812));
#13173=CARTESIAN_POINT('Origin',(201.665535664111,29.9078958040631,51.1503443766268));
#13174=CARTESIAN_POINT('Ctrl Pts',(209.100141879438,29.5366713429897,64.6864675447652));
#13175=CARTESIAN_POINT('Ctrl Pts',(210.712999764393,29.6199739172569,62.1221136529992));
#13176=CARTESIAN_POINT('Ctrl Pts',(211.892139470542,29.7582978066646,56.9211982893295));
#13177=CARTESIAN_POINT('Ctrl Pts',(209.49041408037,29.8824886426502,50.0752580770681));
#13178=CARTESIAN_POINT('Ctrl Pts',(206.569522941764,29.9078958040631,47.1466368617427));
#13179=CARTESIAN_POINT('Ctrl Pts',(204.859953680586,29.9078958040631,46.0713982717725));
#13180=CARTESIAN_POINT('Ctrl Pts',(209.116178273172,28.9281288736184,64.6609705750296));
#13181=CARTESIAN_POINT('Ctrl Pts',(210.723215789392,29.015729847998,62.0931668449515));
#13182=CARTESIAN_POINT('Ctrl Pts',(211.888853678572,29.1609763525175,56.8944247417151));
#13183=CARTESIAN_POINT('Ctrl Pts',(209.4816108373,29.2911726283149,50.0648345608301));
#13184=CARTESIAN_POINT('Ctrl Pts',(206.565841077637,29.3177916559807,47.1443211425253));
#13185=CARTESIAN_POINT('Ctrl Pts',(204.859953680586,29.3177916559807,46.0713982717725));
#13186=CARTESIAN_POINT('Ctrl Pts',(209.05304944037,28.319673378105,64.5856874899774));
#13187=CARTESIAN_POINT('Ctrl Pts',(210.644206697085,28.4115692504953,62.032938539498));
#13188=CARTESIAN_POINT('Ctrl Pts',(211.790802758716,28.5637340020305,56.8719896556549));
#13189=CARTESIAN_POINT('Ctrl Pts',(209.395796185893,28.6999311537107,50.1030022540536));
#13190=CARTESIAN_POINT('Ctrl Pts',(206.504357002093,28.7277617364975,47.2092332245933));
#13191=CARTESIAN_POINT('Ctrl Pts',(204.813271626535,28.7277617364975,46.1456201285771));
#13192=CARTESIAN_POINT('Ctrl Pts',(208.913644586905,27.7391519290511,64.4640637569444));
#13193=CARTESIAN_POINT('Ctrl Pts',(210.479548733764,27.8347539469415,61.9441365883161));
#13194=CARTESIAN_POINT('Ctrl Pts',(211.602310755438,27.9928954969165,56.8548549909253));
#13195=CARTESIAN_POINT('Ctrl Pts',(209.23666828235,28.134278306912,50.1881053528356));
#13196=CARTESIAN_POINT('Ctrl Pts',(206.387712953152,28.1631577583614,47.3385843326916));
#13197=CARTESIAN_POINT('Ctrl Pts',(204.721913298114,28.1631577583614,46.2908747645967));
#13198=CARTESIAN_POINT('Ctrl Pts',(186.919472576456,29.9078958040631,30.062290400838));
#13199=CARTESIAN_POINT('Ctrl Pts',(186.915905664749,28.3918345485463,30.0600469812806));
#13200=CARTESIAN_POINT('Ctrl Pts',(186.527051359246,25.3936889967435,30.6451494728136));
#13201=CARTESIAN_POINT('Ctrl Pts',(184.73356624328,21.3041649963913,33.386461002517));
#13202=CARTESIAN_POINT('Ctrl Pts',(182.846374888675,20.0228287039451,36.2783275063383));
#13203=CARTESIAN_POINT('Ctrl Pts',(181.711704329612,19.9201195794337,38.016391372881));
#13204=CARTESIAN_POINT('Ctrl Pts',(185.967224897706,29.9577914127503,29.4633714364802));
#13205=CARTESIAN_POINT('Ctrl Pts',(185.968518381482,28.4776025168668,29.4552802502029));
#13206=CARTESIAN_POINT('Ctrl Pts',(185.601063620978,25.5446106986092,29.9955067713383));
#13207=CARTESIAN_POINT('Ctrl Pts',(183.865778540818,21.4736656329165,32.59121178605));
#13208=CARTESIAN_POINT('Ctrl Pts',(181.992805072593,20.1009126827428,35.391300350143));
#13209=CARTESIAN_POINT('Ctrl Pts',(180.844216562774,19.9353572457335,37.1070516780923));
#13210=CARTESIAN_POINT('Ctrl Pts',(183.705320023783,30.0472233097414,28.533387730235));
#13211=CARTESIAN_POINT('Ctrl Pts',(183.714475887553,28.7072126419641,28.5149389219014));
#13212=CARTESIAN_POINT('Ctrl Pts',(183.398164386072,26.0434459156747,28.9467455920949));
#13213=CARTESIAN_POINT('Ctrl Pts',(181.82570042835,22.2239785155266,31.1259712859665));
#13214=CARTESIAN_POINT('Ctrl Pts',(180.048637578472,20.7642676751225,33.5865616797225));
#13215=CARTESIAN_POINT('Ctrl Pts',(178.91355202176,20.4904609110042,35.1511108400021));
#13216=CARTESIAN_POINT('Ctrl Pts',(179.788818133186,30.1032426195304,28.5970608981922));
#13217=CARTESIAN_POINT('Ctrl Pts',(179.800526535169,29.1916546680865,28.5749799609384));
#13218=CARTESIAN_POINT('Ctrl Pts',(179.580800130976,27.3725212106294,28.820364356403));
#13219=CARTESIAN_POINT('Ctrl Pts',(178.445209225085,24.7062801283203,30.1502560015883));
#13220=CARTESIAN_POINT('Ctrl Pts',(177.120394165844,23.603042370909,31.707917770674));
#13221=CARTESIAN_POINT('Ctrl Pts',(176.252276369725,23.3510050636278,32.7278498172248));
#13222=CARTESIAN_POINT('Ctrl Pts',(176.889698860926,30.0684810441639,29.9352961232838));
#13223=CARTESIAN_POINT('Ctrl Pts',(176.896821130875,29.6174431685975,29.9216332913868));
#13224=CARTESIAN_POINT('Ctrl Pts',(176.780016698186,28.7145221792265,30.0341271425278));
#13225=CARTESIAN_POINT('Ctrl Pts',(176.172187730042,27.3994288174493,30.6625423754495));
#13226=CARTESIAN_POINT('Ctrl Pts',(175.472010234389,26.8685722493523,31.3983153096341));
#13227=CARTESIAN_POINT('Ctrl Pts',(175.019314920183,26.7536775075613,31.8756739827919));
#13228=CARTESIAN_POINT('Ctrl Pts',(175.573713665367,30.0206922017891,31.0849093787913));
#13229=CARTESIAN_POINT('Ctrl Pts',(175.576637447764,29.8384138337143,31.0792357907048));
#13230=CARTESIAN_POINT('Ctrl Pts',(175.526136553427,29.473793848722,31.1254104573066));
#13231=CARTESIAN_POINT('Ctrl Pts',(175.265439507599,28.9458641920267,31.388687214543));
#13232=CARTESIAN_POINT('Ctrl Pts',(174.97096551706,28.7466814760165,31.690460704));
#13233=CARTESIAN_POINT('Ctrl Pts',(174.784698137163,28.7089106512231,31.8838084779032));
#13234=CARTESIAN_POINT('Ctrl Pts',(175.182915187228,30.0027508797849,31.4898130010017));
#13235=CARTESIAN_POINT('Ctrl Pts',(175.184326761296,29.9077080965163,31.4869640460455));
#13236=CARTESIAN_POINT('Ctrl Pts',(175.155873859498,29.7160062282639,31.5136684065806));
#13237=CARTESIAN_POINT('Ctrl Pts',(175.010055543072,29.4429412139526,31.6608667414062));
#13238=CARTESIAN_POINT('Ctrl Pts',(174.849171618027,29.3476384472152,31.8262758652459));
#13239=CARTESIAN_POINT('Ctrl Pts',(174.750024910562,29.3347563428152,31.9288796529942));
#13240=CARTESIAN_POINT('Ctrl Pts',(175.182915187228,30.0027508797849,31.4898130010017));
#13241=CARTESIAN_POINT('Ctrl Pts',(176.179381730366,30.0484980566982,30.4573808517019));
#13242=CARTESIAN_POINT('Ctrl Pts',(177.51760555062,30.0802001260153,29.574483220988));
#13243=CARTESIAN_POINT('Ctrl Pts',(179.041747162574,30.0860754761508,29.0809546438755));
#13244=CARTESIAN_POINT('Origin',(116.77089035826,90.,177.9474886951));
#13245=CARTESIAN_POINT('',(163.885573294023,36.9999992102385,144.088210113006));
#13246=CARTESIAN_POINT('',(163.885573294023,90.,144.088210113006));
#13247=CARTESIAN_POINT('',(155.610698183097,36.9999992102385,150.035003854458));
#13248=CARTESIAN_POINT('',(135.289084054514,36.9999992102385,164.639266286949));
#13249=CARTESIAN_POINT('',(155.610698183097,58.4999995306134,150.035003854458));
#13250=CARTESIAN_POINT('Origin',(185.036166322662,27.7716656886508,91.6771852519353));
#13251=CARTESIAN_POINT('',(193.501076497419,27.7716656886508,97.0012152793949));
#13252=CARTESIAN_POINT('Ctrl Pts',(179.085914224949,45.088649605296,29.3660665659059));
#13253=CARTESIAN_POINT('Ctrl Pts',(179.080726723991,42.9451900071749,29.3249711512354));
#13254=CARTESIAN_POINT('Ctrl Pts',(179.072109007238,39.3792403604713,29.2565762586084));
#13255=CARTESIAN_POINT('Ctrl Pts',(179.062161101125,35.2709304801022,29.1778209636972));
#13256=CARTESIAN_POINT('Ctrl Pts',(179.05699759276,33.13183897031,29.1367803223686));
#13257=CARTESIAN_POINT('Ctrl Pts',(179.053521621082,31.7000286721202,29.1093522353871));
#13258=CARTESIAN_POINT('Ctrl Pts',(179.05136103226,30.8122582045336,29.0923574924291));
#13259=CARTESIAN_POINT('Ctrl Pts',(179.049614912434,30.0861055694861,29.0784109995327));
#13260=CARTESIAN_POINT('Ctrl Pts',(177.456516938153,45.0825090737478,29.8920250321949));
#13261=CARTESIAN_POINT('Ctrl Pts',(177.465946533131,42.9391017767852,29.8462487611397));
#13262=CARTESIAN_POINT('Ctrl Pts',(177.481467309922,39.3725399312738,29.7699570223317));
#13263=CARTESIAN_POINT('Ctrl Pts',(177.499497587705,35.2642055669213,29.6822139869156));
#13264=CARTESIAN_POINT('Ctrl Pts',(177.508876438313,33.1248171556229,29.636462646723));
#13265=CARTESIAN_POINT('Ctrl Pts',(177.515158007712,31.693219140475,29.6059169701409));
#13266=CARTESIAN_POINT('Ctrl Pts',(177.518983629166,30.8043409994838,29.5869419094914));
#13267=CARTESIAN_POINT('Ctrl Pts',(177.52221094714,30.0803091607719,29.5714459051275));
#13268=CARTESIAN_POINT('Ctrl Pts',(176.025847099026,45.0487584781713,30.8352263762288));
#13269=CARTESIAN_POINT('Ctrl Pts',(176.04807169845,42.9056522038257,30.7810053352197));
#13270=CARTESIAN_POINT('Ctrl Pts',(176.084902000622,39.3379104794228,30.6906618734138));
#13271=CARTESIAN_POINT('Ctrl Pts',(176.127453331357,35.229853430191,30.5867366987989));
#13272=CARTESIAN_POINT('Ctrl Pts',(176.149620571242,33.0899306406441,30.5325439373276));
#13273=CARTESIAN_POINT('Ctrl Pts',(176.164434742194,31.6589549008147,30.4963722415034));
#13274=CARTESIAN_POINT('Ctrl Pts',(176.173574388908,30.7675157689247,30.4738591373107));
#13275=CARTESIAN_POINT('Ctrl Pts',(176.181095986086,30.0485767571425,30.4556047231107));
#13276=CARTESIAN_POINT('Ctrl Pts',(174.961009010719,45.,31.9384996744493));
#13277=CARTESIAN_POINT('Ctrl Pts',(174.992708086896,42.8573294547121,31.874400442239));
#13278=CARTESIAN_POINT('Ctrl Pts',(175.045557127841,39.2881826617759,31.7675792363062));
#13279=CARTESIAN_POINT('Ctrl Pts',(175.106306545436,35.1805810105641,31.6447178806536));
#13280=CARTESIAN_POINT('Ctrl Pts',(175.138024220566,33.0400356938318,31.5806303463095));
#13281=CARTESIAN_POINT('Ctrl Pts',(175.159142020724,31.6098841238441,31.5378881425611));
#13282=CARTESIAN_POINT('Ctrl Pts',(175.172333523498,30.7152255528282,31.5111697856114));
#13283=CARTESIAN_POINT('Ctrl Pts',(175.182915187228,30.0027508797849,31.4898130010017));
#13284=CARTESIAN_POINT('Origin',(156.752540619438,36.9999992102385,155.429333388523));
#13285=CARTESIAN_POINT('',(166.868197822346,36.9999992102385,139.346003816824));
#13286=CARTESIAN_POINT('',(160.319056956731,36.9999992102385,149.758771750765));
#13287=CARTESIAN_POINT('',(166.868197822346,36.9999992102385,139.346003816824));
#13288=CARTESIAN_POINT('',(157.083329617432,36.9999992102385,152.08414860932));
#13289=CARTESIAN_POINT('Ctrl Pts',(96.4148742882241,80.,177.9474886951));
#13290=CARTESIAN_POINT('Ctrl Pts',(97.6966017336785,80.,177.9474886951));
#13291=CARTESIAN_POINT('Ctrl Pts',(101.542561960285,79.7494087297482,177.9474886951));
#13292=CARTESIAN_POINT('Ctrl Pts',(107.46363876282,78.0861654286155,177.9474886951));
#13293=CARTESIAN_POINT('Ctrl Pts',(112.379731775291,74.4868451097308,177.9474886951));
#13294=CARTESIAN_POINT('Ctrl Pts',(113.550308014036,71.4959965017094,177.9474886951));
#13295=CARTESIAN_POINT('Ctrl Pts',(113.550308014036,70.,177.9474886951));
#13296=CARTESIAN_POINT('Ctrl Pts',(96.4148742882241,81.4959965017094,177.9474886951));
#13297=CARTESIAN_POINT('Ctrl Pts',(97.7619503740981,81.4379865480666,177.947317240473));
#13298=CARTESIAN_POINT('Ctrl Pts',(101.781081012232,81.0008728478328,177.94719220218));
#13299=CARTESIAN_POINT('Ctrl Pts',(107.899267188322,78.9880593089331,177.947058646667));
#13300=CARTESIAN_POINT('Ctrl Pts',(112.945499629891,74.9430733574007,177.947147370498));
#13301=CARTESIAN_POINT('Ctrl Pts',(114.143772540142,71.648132223437,177.9474886951));
#13302=CARTESIAN_POINT('Ctrl Pts',(114.143772540142,70.,177.9474886951));
#13303=CARTESIAN_POINT('Ctrl Pts',(96.4148742882241,84.4811068407482,177.262739690068));
#13304=CARTESIAN_POINT('Ctrl Pts',(97.8923926121942,84.3080345263816,177.316359798213));
#13305=CARTESIAN_POINT('Ctrl Pts',(102.257470093633,83.5006197502357,177.467761437085));
#13306=CARTESIAN_POINT('Ctrl Pts',(108.770138643762,80.7908696282318,177.665545470099));
#13307=CARTESIAN_POINT('Ctrl Pts',(114.076911463448,75.855241055773,177.809071914623));
#13308=CARTESIAN_POINT('Ctrl Pts',(115.330617347791,71.9523838457654,177.841408830339));
#13309=CARTESIAN_POINT('Ctrl Pts',(115.330617347791,70.,177.841408830339));
#13310=CARTESIAN_POINT('Ctrl Pts',(96.4148742882241,88.6878822782854,173.91792161889));
#13311=CARTESIAN_POINT('Ctrl Pts',(98.0758875205253,88.4305330214679,174.216832732309));
#13312=CARTESIAN_POINT('Ctrl Pts',(102.958398413498,87.2935710034572,175.070411302053));
#13313=CARTESIAN_POINT('Ctrl Pts',(110.157250505571,83.7164820149062,176.227548492474));
#13314=CARTESIAN_POINT('Ctrl Pts',(115.973446098555,77.402929459385,177.09469338795));
#13315=CARTESIAN_POINT('Ctrl Pts',(117.342175537407,72.4680279635189,177.291292732554));
#13316=CARTESIAN_POINT('Ctrl Pts',(117.342175537407,70.,177.291292732554));
#13317=CARTESIAN_POINT('Ctrl Pts',(96.4148742882241,90.,170.191483447664));
#13318=CARTESIAN_POINT('Ctrl Pts',(98.1335770540907,89.8619383172654,170.712226436851));
#13319=CARTESIAN_POINT('Ctrl Pts',(103.236177029349,88.9968599996737,172.237441384676));
#13320=CARTESIAN_POINT('Ctrl Pts',(110.910210593697,85.3946251007575,174.442475254992));
#13321=CARTESIAN_POINT('Ctrl Pts',(117.180761819411,78.4162795068681,176.182590861057));
#13322=CARTESIAN_POINT('Ctrl Pts',(118.663282997943,72.8067182120412,176.587508205343));
#13323=CARTESIAN_POINT('Ctrl Pts',(118.663282997943,70.,176.587508205343));
#13324=CARTESIAN_POINT('Ctrl Pts',(96.4148742882241,90.,167.9474886951));
#13325=CARTESIAN_POINT('Ctrl Pts',(98.133123074675,90.,168.554901653586));
#13326=CARTESIAN_POINT('Ctrl Pts',(103.28891225243,89.4988174594964,170.377509172639));
#13327=CARTESIAN_POINT('Ctrl Pts',(111.226546003286,86.172330857231,173.183518196479));
#13328=CARTESIAN_POINT('Ctrl Pts',(117.816925949285,78.9736902194616,175.513263581495));
#13329=CARTESIAN_POINT('Ctrl Pts',(119.38616846555,72.9919930034188,176.068001781751));
#13330=CARTESIAN_POINT('Ctrl Pts',(119.38616846555,70.,176.068001781751));
#13331=CARTESIAN_POINT('',(119.38616846555,70.,176.06800178175));
#13332=CARTESIAN_POINT('Origin',(113.550308014036,70.,167.9474886951));
#13333=CARTESIAN_POINT('Origin',(96.4148742882241,70.,167.9474886951));
#13334=CARTESIAN_POINT('Origin',(113.550308014036,8.88178419700125E-15,
167.9474886951));
#13335=CARTESIAN_POINT('',(119.38616846555,63.0000009387732,176.06800178175));
#13336=CARTESIAN_POINT('Origin',(113.550308014036,63.0000009387732,167.9474886951));
#13337=CARTESIAN_POINT('',(119.38616846555,8.88178419700125E-15,176.06800178175));
#13338=CARTESIAN_POINT('Origin',(116.77089035826,8.88178419700125E-15,177.9474886951));
#13339=CARTESIAN_POINT('',(119.137716534602,63.0000009387732,176.246553405576));
#13340=CARTESIAN_POINT('',(163.885573294023,53.0000007897615,144.088210113006));
#13341=CARTESIAN_POINT('',(135.289084054514,53.0000007897615,164.639266286949));
#13342=CARTESIAN_POINT('',(163.885573294023,64.9816368933896,144.088210113006));
#13343=CARTESIAN_POINT('',(163.885573294023,8.88178419700125E-15,144.088210113006));
#13344=CARTESIAN_POINT('Origin',(142.32809170122,66.1988308219642,159.580636874623));
#13345=CARTESIAN_POINT('',(113.820047809456,70.,180.068131214292));
#13346=CARTESIAN_POINT('Origin',(121.504542710945,63.0000009387732,174.545618116052));
#13347=CARTESIAN_POINT('',(116.77089035826,63.0000009387732,167.9474886951));
#13348=CARTESIAN_POINT('Origin',(49.6162675234529,90.,96.9562212036032));
#13349=CARTESIAN_POINT('',(102.148326906428,90.,163.827105040992));
#13350=CARTESIAN_POINT('Ctrl Pts',(212.486105949341,60.4633286570103,66.8160795557491));
#13351=CARTESIAN_POINT('Ctrl Pts',(213.879933751154,60.4077936074988,64.5999712542229));
#13352=CARTESIAN_POINT('Ctrl Pts',(215.206072606714,60.3245945985551,60.800677181543));
#13353=CARTESIAN_POINT('Ctrl Pts',(215.210967905341,60.2062454626905,54.212864013607));
#13354=CARTESIAN_POINT('Ctrl Pts',(213.000919461111,60.1174607683049,47.8784064128742));
#13355=CARTESIAN_POINT('Ctrl Pts',(209.205673993096,60.0921041959369,44.0792620036829));
#13356=CARTESIAN_POINT('Ctrl Pts',(206.98956569157,60.0921041959369,42.6854342018697));
#13357=CARTESIAN_POINT('Ctrl Pts',(212.525480449621,61.957495988453,66.7534763010098));
#13358=CARTESIAN_POINT('Ctrl Pts',(213.909854896659,61.8949065129259,64.5315637974717));
#13359=CARTESIAN_POINT('Ctrl Pts',(215.218061119876,61.8013820486303,60.7312205996251));
#13360=CARTESIAN_POINT('Ctrl Pts',(215.199237524992,61.6686263627989,54.1585283911764));
#13361=CARTESIAN_POINT('Ctrl Pts',(212.979436925588,61.5692954295464,47.8523643781198));
#13362=CARTESIAN_POINT('Ctrl Pts',(209.196763421003,61.5409995230364,44.0736576732872));
#13363=CARTESIAN_POINT('Ctrl Pts',(206.98956569157,61.5409995230364,42.6854342018697));
#13364=CARTESIAN_POINT('Ctrl Pts',(212.024467834044,64.9390864436768,66.2640213782232));
#13365=CARTESIAN_POINT('Ctrl Pts',(213.340790397595,64.8625045606414,64.1210998035497));
#13366=CARTESIAN_POINT('Ctrl Pts',(214.571614609157,64.7485562922942,60.4677909716794));
#13367=CARTESIAN_POINT('Ctrl Pts',(214.519244473176,64.5872370133237,54.1748124047618));
#13368=CARTESIAN_POINT('Ctrl Pts',(212.372359018371,64.467024940398,48.1562360620878));
#13369=CARTESIAN_POINT('Ctrl Pts',(208.755757537785,64.4329390165514,44.5543360263393));
#13370=CARTESIAN_POINT('Ctrl Pts',(206.647931860883,64.4329390165514,43.2286128981788));
#13371=CARTESIAN_POINT('Ctrl Pts',(209.303832933415,69.1407601174127,64.3071869929495));
#13372=CARTESIAN_POINT('Ctrl Pts',(210.352339065962,69.0539295543146,62.5877826420394));
#13373=CARTESIAN_POINT('Ctrl Pts',(211.327194023568,68.9247040563873,59.6608466360762));
#13374=CARTESIAN_POINT('Ctrl Pts',(211.270909605771,68.7422408524512,54.6298042665694));
#13375=CARTESIAN_POINT('Ctrl Pts',(209.545235147209,68.6063709484998,49.8254935809811));
#13376=CARTESIAN_POINT('Ctrl Pts',(206.655277754787,68.5677890455067,46.9517006169934));
#13377=CARTESIAN_POINT('Ctrl Pts',(204.972113903189,68.5677890455067,45.8930697866554));
#13378=CARTESIAN_POINT('Ctrl Pts',(206.18391632265,70.4511015544425,62.2682871399938));
#13379=CARTESIAN_POINT('Ctrl Pts',(206.950774601204,70.3787772150716,61.0290601877062));
#13380=CARTESIAN_POINT('Ctrl Pts',(207.67185486233,70.2713064415147,58.9134833503399));
#13381=CARTESIAN_POINT('Ctrl Pts',(207.651556045204,70.1185123743396,55.2603878000877));
#13382=CARTESIAN_POINT('Ctrl Pts',(206.411380864538,70.0046111224763,51.7608580773368));
#13383=CARTESIAN_POINT('Ctrl Pts',(204.310024778702,69.9724355466833,49.6652578266826));
#13384=CARTESIAN_POINT('Ctrl Pts',(203.084414353977,69.9724355466833,48.8944065632322));
#13385=CARTESIAN_POINT('Ctrl Pts',(204.284394921342,70.4511015544425,61.0735775955825));
#13386=CARTESIAN_POINT('Ctrl Pts',(204.881749693548,70.395566504931,60.1238168949284));
#13387=CARTESIAN_POINT('Ctrl Pts',(205.450094917359,70.3123674959873,58.495548006637));
#13388=CARTESIAN_POINT('Ctrl Pts',(205.452192902485,70.1940183601228,55.672199506093));
#13389=CARTESIAN_POINT('Ctrl Pts',(204.505029283529,70.1052336657371,52.9574319629218));
#13390=CARTESIAN_POINT('Ctrl Pts',(202.878495511523,70.0798770933691,51.3292272161255));
#13391=CARTESIAN_POINT('Ctrl Pts',(201.928734810869,70.0798770933691,50.7318724439199));
#13392=CARTESIAN_POINT('Origin',(204.021195774584,60.4633286570103,61.4920495282895));
#13393=CARTESIAN_POINT('Origin',(163.885573294023,8.88178419700125E-15,
144.088210113006));
#13394=CARTESIAN_POINT('',(193.501076497419,62.2283343113492,97.0012152793949));
#13395=CARTESIAN_POINT('',(166.868197822346,53.0000007897615,139.346003816824));
#13396=CARTESIAN_POINT('',(160.319056956731,53.0000007897615,149.758771750765));
#13397=CARTESIAN_POINT('',(166.868197822346,63.4999996051192,139.346003816824));
#13398=CARTESIAN_POINT('Origin',(185.036166322662,62.2283343113492,91.6771852519353));
#13399=CARTESIAN_POINT('Origin',(190.079571997698,72.1795639796129,56.0534704664771));
#13400=CARTESIAN_POINT('',(181.615179655379,71.4859826400429,44.6292381634269));
#13401=CARTESIAN_POINT('',(192.787715783027,71.4955009750244,51.8834139081224));
#13402=CARTESIAN_POINT('',(182.864396483689,72.8597872617539,57.2971726256852));
#13403=CARTESIAN_POINT('',(182.864396483689,72.8597872617539,57.2971726256852));
#13404=CARTESIAN_POINT('',(186.776085654803,72.8631197878204,59.836979199742));
#13405=CARTESIAN_POINT('',(187.371428212369,72.8636269842014,60.2235270248318));
#13406=CARTESIAN_POINT('',(186.776085654803,72.8631197878204,59.836979199742));
#13407=CARTESIAN_POINT('Origin',(158.715998637076,75.3598576562171,112.232113294886));
#13408=CARTESIAN_POINT('',(149.124868346433,76.2847530754302,117.821102024923));
#13409=CARTESIAN_POINT('',(154.533928203679,75.7931934238352,109.490970529769));
#13410=CARTESIAN_POINT('',(152.052520443065,75.9121338517393,131.67576048549));
#13411=CARTESIAN_POINT('',(149.124868346433,76.2847530754302,117.821102024923));
#13412=CARTESIAN_POINT('',(162.898069070472,74.9265218885989,114.973256060003));
#13413=CARTESIAN_POINT('Origin',(128.833488600355,76.0805816101804,110.639117639429));
#13414=CARTESIAN_POINT('',(131.748684459335,76.270486565968,106.551798014402));
#13415=CARTESIAN_POINT('',(131.562479813329,76.2703336848543,106.431035206086));
#13416=CARTESIAN_POINT('',(115.727986298875,75.882310024284,108.117525779226));
#13417=CARTESIAN_POINT('',(131.748684459335,76.270486565968,106.551798014402));
#13418=CARTESIAN_POINT('',(126.104497387381,75.8908295355065,114.847200072772));
#13419=CARTESIAN_POINT('Origin',(168.140270362848,73.1136762130652,64.5493697127511));
#13420=CARTESIAN_POINT('',(164.657569076232,72.6174803403171,60.969434230063));
#13421=CARTESIAN_POINT('',(171.622971649464,73.6098720858134,68.1293051954393));
#13422=CARTESIAN_POINT('Origin',(181.585566767619,70.3622449629531,44.6763209998527));
#13423=CARTESIAN_POINT('',(181.585566767619,70.3622449629531,44.6763209998527));
#13424=CARTESIAN_POINT('',(115.698373411114,74.7585723471944,108.164608615652));
#13425=CARTESIAN_POINT('Origin',(200.549928146084,70.378401468714,56.9896228995771));
#13426=CARTESIAN_POINT('Origin',(158.182994137834,74.8014504862965,88.1158877743426));
#13427=CARTESIAN_POINT('Origin',(152.022907555305,74.7883961746495,131.722843321915));
#13428=CARTESIAN_POINT('',(152.022907555305,74.7883961746495,131.722843321915));
#13429=CARTESIAN_POINT('Origin',(115.698373411114,74.7585723471944,108.164608615652));
#13430=CARTESIAN_POINT('Origin',(102.148326906428,70.,163.827105040992));
#13431=CARTESIAN_POINT('Origin',(117.159831336965,30.0000004470348,102.920556441809));
#13432=CARTESIAN_POINT('Origin',(166.868197822346,53.0000007897615,139.346003816824));
#13433=CARTESIAN_POINT('',(166.868197822346,53.0000007897615,139.346003816824));
#13434=CARTESIAN_POINT('Origin',(156.752540619438,53.0000007897615,155.429333388523));
#13435=CARTESIAN_POINT('Origin',(155.610698183097,63.0000009387732,150.035003854458));
#13436=CARTESIAN_POINT('Origin',(98.7543202647998,44.9562921646099,167.9474886951));
#13437=CARTESIAN_POINT('Origin',(98.8206090530375,-42.,146.546883219139));
#13438=CARTESIAN_POINT('',(98.8206090530375,-42.,146.546883219139));
#13439=CARTESIAN_POINT('',(88.1168491448819,-42.,154.));
#13440=CARTESIAN_POINT('',(73.0730880547537,-42.,164.475095591659));
#13441=CARTESIAN_POINT('',(88.1168491448819,-37.,154.));
#13442=CARTESIAN_POINT('',(88.1168491448819,-42.,154.));
#13443=CARTESIAN_POINT('',(98.8206090530375,-37.,146.546883219139));
#13444=CARTESIAN_POINT('',(73.0730880547537,-37.,164.475095591659));
#13445=CARTESIAN_POINT('',(98.8206090530375,-42.,146.546883219139));
#13446=CARTESIAN_POINT('Origin',(82.4523142338963,-42.,138.618490416118));
#13447=CARTESIAN_POINT('',(82.4523142338963,-42.,138.618490416118));
#13448=CARTESIAN_POINT('',(79.6834283664411,-42.,137.277311324069));
#13449=CARTESIAN_POINT('',(82.4523142338963,-37.,138.618490416118));
#13450=CARTESIAN_POINT('',(79.6834283664411,-37.,137.277311324069));
#13451=CARTESIAN_POINT('',(82.4523142338963,-42.,138.618490416118));
#13452=CARTESIAN_POINT('Origin',(-9.20208070422822,-42.,148.33971846499));
#13453=CARTESIAN_POINT('',(-9.20208070422821,-42.,148.33971846499));
#13454=CARTESIAN_POINT('',(62.0784754419648,-42.,140.779420432197));
#13455=CARTESIAN_POINT('',(-9.2020807042282,-37.,148.33971846499));
#13456=CARTESIAN_POINT('',(62.0784754419648,-37.,140.779420432197));
#13457=CARTESIAN_POINT('',(-9.20208070422821,-42.,148.33971846499));
#13458=CARTESIAN_POINT('Origin',(-15.0939344279859,-42.,154.));
#13459=CARTESIAN_POINT('',(-15.0939344279859,-42.,154.));
#13460=CARTESIAN_POINT('',(4.94340129386923,-42.,134.75020753827));
#13461=CARTESIAN_POINT('',(-15.0939344279859,-37.,154.));
#13462=CARTESIAN_POINT('',(4.94340129386923,-37.,134.75020753827));
#13463=CARTESIAN_POINT('',(-15.0939344279859,-42.,154.));
#13464=CARTESIAN_POINT('Origin',(88.1168491448819,-42.,154.));
#13465=CARTESIAN_POINT('',(5.16489147966356,-42.,154.));
#13466=CARTESIAN_POINT('',(5.16489147966356,-37.,154.));
#13467=CARTESIAN_POINT('Origin',(40.3297829593271,-37.,146.235549796338));
#13468=CARTESIAN_POINT('Origin',(5.16489147966356,-41.7375340094222,157.));
#13469=CARTESIAN_POINT('',(90.,-41.4750680188445,160.));
#13470=CARTESIAN_POINT('',(88.1168491448819,-42.,154.));
#13471=CARTESIAN_POINT('',(-30.,-41.4750680188445,160.));
#13472=CARTESIAN_POINT('',(5.16489147966356,-41.4750680188445,160.));
#13473=CARTESIAN_POINT('',(-15.0939344279859,-42.,154.));
#13474=CARTESIAN_POINT('Origin',(2.86502212762351,-41.7375340094222,132.586798182342));
#13475=CARTESIAN_POINT('',(-11.8775547210397,-41.4750680188445,142.589835526959));
#13476=CARTESIAN_POINT('',(0.7866429613778,-41.4750680188445,130.423388826414));
#13477=CARTESIAN_POINT('',(-9.2020807042282,-42.,148.33971846499));
#13478=CARTESIAN_POINT('Origin',(61.762058362486,-41.7375340094222,137.796153727422));
#13479=CARTESIAN_POINT('',(83.5246532029689,-41.4750680188445,132.471099592677));
#13480=CARTESIAN_POINT('',(61.4456412830072,-41.4750680188445,134.812887022648));
#13481=CARTESIAN_POINT('',(82.4523142338963,-42.,138.618490416118));
#13482=CARTESIAN_POINT('Origin',(80.9912137276222,-41.7375340094222,134.577367352599));
#13483=CARTESIAN_POINT('',(110.659565918654,-41.4750680188445,145.614572939337));
#13484=CARTESIAN_POINT('',(82.2989990888033,-41.4750680188445,131.877423381128));
#13485=CARTESIAN_POINT('',(98.8206090530375,-42.,146.546883219139));
#13486=CARTESIAN_POINT('Origin',(74.7873699029419,-41.7375340094222,166.937053703604));
#13487=CARTESIAN_POINT('',(76.50165175113,-41.4750680188445,169.399011815549));
#13488=CARTESIAN_POINT('Origin',(110.659565918654,-40.,145.614572939337));
#13489=CARTESIAN_POINT('',(83.5246532029689,-40.,132.471099592677));
#13490=CARTESIAN_POINT('',(83.5246532029689,-40.,132.471099592677));
#13491=CARTESIAN_POINT('',(110.659565918654,-40.,145.614572939337));
#13492=CARTESIAN_POINT('',(76.3930521683635,-40.,129.01673034154));
#13493=CARTESIAN_POINT('',(110.659565918654,-40.,145.614572939337));
#13494=CARTESIAN_POINT('Origin',(90.,-40.,160.));
#13495=CARTESIAN_POINT('',(90.,-40.,160.));
#13496=CARTESIAN_POINT('',(91.1833467140281,-40.,159.176025870575));
#13497=CARTESIAN_POINT('',(90.,-40.,160.));
#13498=CARTESIAN_POINT('Origin',(-30.,-40.,160.));
#13499=CARTESIAN_POINT('',(-30.,-40.,160.));
#13500=CARTESIAN_POINT('',(9.80813376172646,-40.,160.));
#13501=CARTESIAN_POINT('',(-30.,-40.,160.));
#13502=CARTESIAN_POINT('Origin',(-11.8775547210397,-40.,142.589835526959));
#13503=CARTESIAN_POINT('',(-11.8775547210397,-40.,142.589835526959));
#13504=CARTESIAN_POINT('',(15.511239414824,-40.,116.277524838));
#13505=CARTESIAN_POINT('',(-11.8775547210397,-40.,142.589835526959));
#13506=CARTESIAN_POINT('Origin',(83.5246532029689,-40.,132.471099592677));
#13507=CARTESIAN_POINT('',(68.6215382169072,-40.,134.05178297961));
#13508=CARTESIAN_POINT('Origin',(-36.4771779635182,-30.,167.9474886951));
#13509=CARTESIAN_POINT('',(-70.9916918218858,-30.,177.9474886951));
#13510=CARTESIAN_POINT('',(-70.4738385538701,-30.,177.9474886951));
#13511=CARTESIAN_POINT('',(-36.4771779635182,-30.,177.9474886951));
#13512=CARTESIAN_POINT('',(-48.4541588506417,-40.,167.9474886951));
#13513=CARTESIAN_POINT('Origin',(-48.4541588506417,-30.,167.9474886951));
#13514=CARTESIAN_POINT('',(96.4148742882241,-40.,167.9474886951));
#13515=CARTESIAN_POINT('',(-36.4771779635182,-40.,167.9474886951));
#13516=CARTESIAN_POINT('',(96.4148742882241,-30.,177.9474886951));
#13517=CARTESIAN_POINT('Origin',(96.4148742882241,-30.,167.9474886951));
#13518=CARTESIAN_POINT('',(-36.4771779635182,-30.,177.9474886951));
#13519=CARTESIAN_POINT('Origin',(-16.2723045407735,-30.,132.388391530726));
#13520=CARTESIAN_POINT('',(-23.6866935999253,-30.,125.678187742499));
#13521=CARTESIAN_POINT('',(-23.6106615360148,-30.,125.59512158096));
#13522=CARTESIAN_POINT('Origin',(-16.2723045407735,-30.,132.388391530725));
#13523=CARTESIAN_POINT('',(-17.3270281390362,-30.,122.444169181478));
#13524=CARTESIAN_POINT('Origin',(-16.2723045407735,-30.,132.388391530725));
#13525=CARTESIAN_POINT('',(-16.2723045407735,-40.,132.388391530725));
#13526=CARTESIAN_POINT('Origin',(-16.2723045407735,-30.,132.388391530725));
#13527=CARTESIAN_POINT('Origin',(-16.2723045407735,-30.,132.388391530726));
#13528=CARTESIAN_POINT('Origin',(12.6359841616711,-30.,100.446395990996));
#13529=CARTESIAN_POINT('',(12.6359841616711,-40.,100.446395990996));
#13530=CARTESIAN_POINT('',(-61.9414467717641,-30.,167.9474886951));
#13531=CARTESIAN_POINT('',(5.22159510251925,-30.,93.7361922027698));
#13532=CARTESIAN_POINT('',(-100.,-30.,210.));
#13533=CARTESIAN_POINT('Ctrl Pts',(100.,-24.2676571880968,110.));
#13534=CARTESIAN_POINT('Ctrl Pts',(99.1862399454611,-25.2408223293597,110.086310613611));
#13535=CARTESIAN_POINT('Ctrl Pts',(96.9967364546162,-27.0361790994153,110.318538023575));
#13536=CARTESIAN_POINT('Ctrl Pts',(91.5972142661951,-29.3342841967038,110.891232727239));
#13537=CARTESIAN_POINT('Ctrl Pts',(86.8349499497446,-30.,111.396337337667));
#13538=CARTESIAN_POINT('Ctrl Pts',(83.9747387659294,-30.,111.699702661333));
#13539=CARTESIAN_POINT('Ctrl Pts',(100.525487944698,-24.712013064527,109.944264667823));
#13540=CARTESIAN_POINT('Ctrl Pts',(99.6925937579849,-25.7928982228924,110.032572974473));
#13541=CARTESIAN_POINT('Ctrl Pts',(97.4504971995997,-27.8019486607732,110.270775498374));
#13542=CARTESIAN_POINT('Ctrl Pts',(91.9008444544465,-30.4623893472218,110.859043603566));
#13543=CARTESIAN_POINT('Ctrl Pts',(86.9698357383064,-31.3684241768527,111.382437578582));
#13544=CARTESIAN_POINT('Ctrl Pts',(83.9747387659294,-31.4959965017094,111.699702661333));
#13545=CARTESIAN_POINT('Ctrl Pts',(101.591486079133,-25.6006032606139,109.97579840629));
#13546=CARTESIAN_POINT('Ctrl Pts',(100.722706140253,-26.8968737218904,110.090867992409));
#13547=CARTESIAN_POINT('Ctrl Pts',(98.3818344452907,-29.3325754894432,110.40245882001));
#13548=CARTESIAN_POINT('Ctrl Pts',(92.5493622599356,-32.7165991453074,111.188815571503));
#13549=CARTESIAN_POINT('Ctrl Pts',(87.298792149193,-34.0999250976075,111.917485406461));
#13550=CARTESIAN_POINT('Ctrl Pts',(84.046999827745,-34.4806056872719,112.380999701685));
#13551=CARTESIAN_POINT('Ctrl Pts',(103.430546299675,-27.089517218341,110.527232133584));
#13552=CARTESIAN_POINT('Ctrl Pts',(102.497536059493,-28.7362255211559,110.765886412819));
#13553=CARTESIAN_POINT('Ctrl Pts',(99.9816996346135,-31.8459208591546,111.413019745474));
#13554=CARTESIAN_POINT('Ctrl Pts',(93.686682595514,-36.2352822439201,113.078107267349));
#13555=CARTESIAN_POINT('Ctrl Pts',(87.9732362789171,-38.1226086459686,114.666163164322));
#13556=CARTESIAN_POINT('Ctrl Pts',(84.3997003976169,-38.6886659949024,115.706357070469));
#13557=CARTESIAN_POINT('Ctrl Pts',(104.649644764708,-28.0363936275022,111.345051819494));
#13558=CARTESIAN_POINT('Ctrl Pts',(103.660774087897,-29.8872194520933,111.732766303418));
#13559=CARTESIAN_POINT('Ctrl Pts',(100.996511702059,-33.3419016266547,112.781745485374));
#13560=CARTESIAN_POINT('Ctrl Pts',(94.3712966837589,-38.0069080102059,115.430304764553));
#13561=CARTESIAN_POINT('Ctrl Pts',(88.433895490495,-39.6963586824282,117.874503423883));
#13562=CARTESIAN_POINT('Ctrl Pts',(84.7927829422014,-40.,119.412446733576));
#13563=CARTESIAN_POINT('Ctrl Pts',(105.312092177345,-28.5353143761935,111.965380647175));
#13564=CARTESIAN_POINT('Ctrl Pts',(104.282143666562,-30.4816446587193,112.456855492669));
#13565=CARTESIAN_POINT('Ctrl Pts',(101.510963332541,-34.0723581988305,113.77921812754));
#13566=CARTESIAN_POINT('Ctrl Pts',(94.6769711675445,-38.6685683934075,117.040289150252));
#13567=CARTESIAN_POINT('Ctrl Pts',(88.6495346850991,-40.,119.916484788114));
#13568=CARTESIAN_POINT('Ctrl Pts',(85.0294623641921,-40.,121.64392501058));
#13569=CARTESIAN_POINT('',(100.,-24.2676571880968,110.));
#13570=CARTESIAN_POINT('',(99.3287913024243,-30.,110.878378808692));
#13571=CARTESIAN_POINT('Ctrl Pts',(100.,-24.2676571880968,110.));
#13572=CARTESIAN_POINT('Ctrl Pts',(100.,-25.0641844119335,110.));
#13573=CARTESIAN_POINT('Ctrl Pts',(99.9670371389863,-25.8411290624307,110.043136924019));
#13574=CARTESIAN_POINT('Ctrl Pts',(99.8116875346211,-27.532465153877,110.246435541731));
#13575=CARTESIAN_POINT('Ctrl Pts',(99.6777356908433,-28.4213507562379,110.421731930744));
#13576=CARTESIAN_POINT('Ctrl Pts',(99.4421246331151,-29.5276298810703,110.730064884339));
#13577=CARTESIAN_POINT('Ctrl Pts',(99.3872737464928,-29.7651691829185,110.801845623506));
#13578=CARTESIAN_POINT('Ctrl Pts',(99.3287913024242,-30.,110.878378808692));
#13579=CARTESIAN_POINT('',(104.45229132053,-30.,112.375663771851));
#13580=CARTESIAN_POINT('Ctrl Pts',(99.3287913024243,-30.,110.878378808692));
#13581=CARTESIAN_POINT('Ctrl Pts',(100.199249593233,-30.,110.980797414672));
#13582=CARTESIAN_POINT('Ctrl Pts',(101.064011975652,-30.,111.138539843028));
#13583=CARTESIAN_POINT('Ctrl Pts',(102.789797020254,-30.,111.617500332621));
#13584=CARTESIAN_POINT('Ctrl Pts',(103.645255127832,-30.,111.945043556879));
#13585=CARTESIAN_POINT('Ctrl Pts',(104.45229132053,-30.,112.375663771851));
#13586=CARTESIAN_POINT('',(85.0294623641921,-40.,121.64392501058));
#13587=CARTESIAN_POINT('Origin',(85.0294623641921,-20.,121.64392501058));
#13588=CARTESIAN_POINT('',(83.9747387659294,-30.,111.699702661333));
#13589=CARTESIAN_POINT('Origin',(85.0294623641921,-30.,121.64392501058));
#13590=CARTESIAN_POINT('Origin',(83.9747387659294,-20.,111.699702661333));
#13591=CARTESIAN_POINT('Origin',(76.8271444650658,-30.,122.513895325485));
#13592=CARTESIAN_POINT('',(-16.9041060349427,-30.,122.399312388484));
#13593=CARTESIAN_POINT('',(75.7724208668032,-30.,112.569672976238));
#13594=CARTESIAN_POINT('',(75.7724208668032,-30.,112.569672976238));
#13595=CARTESIAN_POINT('',(76.8271444650658,-40.,122.513895325485));
#13596=CARTESIAN_POINT('Origin',(-16.2723045407735,5.,132.388391530725));
#13597=CARTESIAN_POINT('',(-23.6106615360148,-26.5809231513446,125.59512158096));
#13598=CARTESIAN_POINT('',(-23.6106615360148,5.,125.59512158096));
#13599=CARTESIAN_POINT('',(-23.6866935999253,-26.6652923103437,125.678187742499));
#13600=CARTESIAN_POINT('',(-23.6866935999253,5.,125.678187742499));
#13601=CARTESIAN_POINT('Origin',(-16.2723045407735,-20.,132.388391530725));
#13602=CARTESIAN_POINT('Origin',(-13.1658899332725,-40.,114.053305091933));
#13603=CARTESIAN_POINT('',(-61.9414467717641,-26.,167.9474886951));
#13604=CARTESIAN_POINT('',(-61.9414467717641,-30.,167.9474886951));
#13605=CARTESIAN_POINT('',(-31.191713752302,-26.,133.970803147731));
#13606=CARTESIAN_POINT('',(-100.,-26.,210.));
#13607=CARTESIAN_POINT('',(-25.1512850876988,-20.,127.296477059155));
#13608=CARTESIAN_POINT('Origin',(-31.191713752302,-20.,133.970803147731));
#13609=CARTESIAN_POINT('',(-25.1512850876988,-13.0000009387732,127.296477059155));
#13610=CARTESIAN_POINT('',(-25.1512850876988,-35.,127.296477059155));
#13611=CARTESIAN_POINT('',(-23.6121651332313,-13.0000009387732,125.595838075411));
#13612=CARTESIAN_POINT('',(-21.3355543250648,-13.0000009387732,123.08031413594));
#13613=CARTESIAN_POINT('',(-23.6121651332313,-26.5815568376761,125.595838075411));
#13614=CARTESIAN_POINT('',(-23.6121651332313,-30.,125.595838075411));
#13615=CARTESIAN_POINT('Origin',(-31.191713752302,-20.,133.970803147731));
#13616=CARTESIAN_POINT('Origin',(7.06804939523747,-20.,129.912821172026));
#13617=CARTESIAN_POINT('Origin',(-44.0492565805191,-20.,135.334525051799));
#13618=CARTESIAN_POINT('Origin',(118.514049180529,-22.5044033533941,56.1347284236638));
#13619=CARTESIAN_POINT('',(103.012904827365,-25.0061135512839,106.094173036703));
#13620=CARTESIAN_POINT('',(102.995042905647,-25.0060126377397,106.080530200301));
#13621=CARTESIAN_POINT('',(103.012904827365,-25.0061135512839,106.094173036703));
#13622=CARTESIAN_POINT('',(102.974922578448,-25.0076460582825,106.106860712851));
#13623=CARTESIAN_POINT('',(153.371654346321,-20.9163081717096,40.1550615598827));
#13624=CARTESIAN_POINT('',(96.5437622498075,-25.2671303830372,108.255140023042));
#13625=CARTESIAN_POINT('Origin',(103.012904827365,-25.0061135512839,106.094173036703));
#13626=CARTESIAN_POINT('',(102.696518118541,-13.0000009387732,106.597210220353));
#13627=CARTESIAN_POINT('',(102.567043176341,-13.0000009387732,106.64063303226));
#13628=CARTESIAN_POINT('',(78.1893471118228,-13.0000009387732,114.816331688343));
#13629=CARTESIAN_POINT('',(102.881305253986,-20.0122271025678,106.303409003057));
#13630=CARTESIAN_POINT('',(103.012904827365,-25.0061135512839,106.094173036703));
#13631=CARTESIAN_POINT('',(103.012904827365,-25.0061135512839,106.094173036703));
#13632=CARTESIAN_POINT('',(101.812420783549,9.21548198359062,107.628171365401));
#13633=CARTESIAN_POINT('Origin',(171.856402181823,50.,15.9649537121063));
#13634=CARTESIAN_POINT('',(100.,-13.0000009387732,110.));
#13635=CARTESIAN_POINT('',(127.793261065397,-13.0000009387732,73.6282848650995));
#13636=CARTESIAN_POINT('',(103.144504400744,-30.,105.88493707035));
#13637=CARTESIAN_POINT('',(101.95881601837,9.61764729633249,107.436590904026));
#13638=CARTESIAN_POINT('',(154.384191239735,-30.,38.8300028212136));
#13639=CARTESIAN_POINT('',(100.,50.,110.));
#13640=CARTESIAN_POINT('Origin',(103.012904827365,-25.0061135512839,106.094173036703));
#13641=CARTESIAN_POINT('',(103.144504400744,-30.,105.88493707035));
#13642=CARTESIAN_POINT('Origin',(100.,-40.,110.));
#13643=CARTESIAN_POINT('',(-16.9041060349427,-13.0000009387732,122.399312388484));
#13644=CARTESIAN_POINT('',(-16.9041060349427,-35.,122.399312388484));
#13645=CARTESIAN_POINT('',(73.8770049507878,-13.0000009387732,112.770708293524));
#13646=CARTESIAN_POINT('Origin',(175.034693635183,50.,18.3936289554239));
#13647=CARTESIAN_POINT('',(103.982078699144,-26.,111.376797212023));
#13648=CARTESIAN_POINT('',(103.548844419033,-26.,111.943750250955));
#13649=CARTESIAN_POINT('',(157.562482693094,-26.,41.2586780645312));
#13650=CARTESIAN_POINT('',(103.951355845874,-24.9819388216454,111.417002744746));
#13651=CARTESIAN_POINT('',(102.993665870736,6.75297121538112,112.670285937435));
#13652=CARTESIAN_POINT('',(105.661927578845,-20.0594118307563,109.178459104867));
#13653=CARTESIAN_POINT('Ctrl Pts',(103.951355845874,-24.9819388216454,111.417002744746));
#13654=CARTESIAN_POINT('Ctrl Pts',(103.941440361805,-24.6533700748895,111.42997866582));
#13655=CARTESIAN_POINT('Ctrl Pts',(103.954182868475,-24.3242470522842,111.413303155105));
#13656=CARTESIAN_POINT('Ctrl Pts',(104.023252220673,-23.6735399808546,111.322915388201));
#13657=CARTESIAN_POINT('Ctrl Pts',(104.079559506876,-23.3548288981687,111.249228728367));
#13658=CARTESIAN_POINT('Ctrl Pts',(104.264475651,-22.6085550688157,111.007237790272));
#13659=CARTESIAN_POINT('Ctrl Pts',(104.411566799023,-22.2013997063516,110.814746620483));
#13660=CARTESIAN_POINT('Ctrl Pts',(104.818704467245,-21.3498014228065,110.281944972831));
#13661=CARTESIAN_POINT('Ctrl Pts',(105.061608346341,-21.0032059115547,109.964068251748));
#13662=CARTESIAN_POINT('Ctrl Pts',(105.378042711356,-20.5794711836107,109.549965690839));
#13663=CARTESIAN_POINT('Ctrl Pts',(105.487144045161,-20.4441589296318,109.407189978962));
#13664=CARTESIAN_POINT('Ctrl Pts',(105.592979211344,-20.282079355862,109.26868854487));
#13665=CARTESIAN_POINT('Ctrl Pts',(105.618137223137,-20.2372368682306,109.235765454766));
#13666=CARTESIAN_POINT('Ctrl Pts',(105.645530805969,-20.1702163222973,109.199916779472));
#13667=CARTESIAN_POINT('Ctrl Pts',(105.653221922229,-20.1455297599021,109.189851782457));
#13668=CARTESIAN_POINT('Ctrl Pts',(105.661352014952,-20.1006373888314,109.179212317881));
#13669=CARTESIAN_POINT('Ctrl Pts',(105.662930887364,-20.0802886487273,109.177146122862));
#13670=CARTESIAN_POINT('Ctrl Pts',(105.661927578845,-20.0594118307563,109.178459104867));
#13671=CARTESIAN_POINT('',(105.342484717931,-13.05593952672,109.596498740868));
#13672=CARTESIAN_POINT('Ctrl Pts',(105.661927578845,-20.0594118307563,109.178459104867));
#13673=CARTESIAN_POINT('Ctrl Pts',(105.515764469192,-17.0180535887624,109.369735795106));
#13674=CARTESIAN_POINT('Ctrl Pts',(105.342484717931,-13.05593952672,109.596498740868));
#13675=CARTESIAN_POINT('',(105.341263086694,-13.0000009387732,109.598097431401));
#13676=CARTESIAN_POINT('Origin',(105.814014975812,-13.0000009387732,108.979429582385));
#13677=CARTESIAN_POINT('',(103.178291453359,-13.0000009387732,112.428675243318));
#13678=CARTESIAN_POINT('',(130.971552518756,-13.0000009387732,76.056960108417));
#13679=CARTESIAN_POINT('',(103.178291453359,-24.2676571880968,112.428675243318));
#13680=CARTESIAN_POINT('',(103.178291453359,50.,112.428675243318));
#13681=CARTESIAN_POINT('',(103.118653397437,-26.0591331965628,112.506720722619));
#13682=CARTESIAN_POINT('Ctrl Pts',(103.178291453359,-24.2676571880968,112.428675243318));
#13683=CARTESIAN_POINT('Ctrl Pts',(103.178291453359,-24.8724632182686,112.428675243318));
#13684=CARTESIAN_POINT('Ctrl Pts',(103.159226673159,-25.4659678758596,112.453624411856));
#13685=CARTESIAN_POINT('Ctrl Pts',(103.118653397437,-26.0591331965628,112.506720722619));
#13686=CARTESIAN_POINT('Ctrl Pts',(103.118653397437,-26.0591331965628,112.506720722619));
#13687=CARTESIAN_POINT('Ctrl Pts',(103.260544947656,-26.0199131681497,112.321034018476));
#13688=CARTESIAN_POINT('Ctrl Pts',(103.404457956424,-26.,112.132701927946));
#13689=CARTESIAN_POINT('Ctrl Pts',(103.548844419033,-26.,111.943750250955));
#13690=CARTESIAN_POINT('Origin',(-10.2001343096118,-40.,116.737386607224));
#13691=CARTESIAN_POINT('',(-58.9756911481033,-30.,170.631570210391));
#13692=CARTESIAN_POINT('',(-61.9766786333882,-30.,173.9474886951));
#13693=CARTESIAN_POINT('',(8.18735072617996,-30.,96.4202737180603));
#13694=CARTESIAN_POINT('',(-61.9766786333882,-29.4342294122394,173.9474886951));
#13695=CARTESIAN_POINT('Origin',(-58.9756911481034,-20.,170.631570210391));
#13696=CARTESIAN_POINT('',(-61.9766786333882,-40.,173.9474886951));
#13697=CARTESIAN_POINT('Origin',(-10.2001343096118,-40.,116.737386607224));
#13698=CARTESIAN_POINT('',(-20.7209379762646,-30.,128.36226925779));
#13699=CARTESIAN_POINT('',(-28.2259581286413,-30.,136.654884663022));
#13700=CARTESIAN_POINT('',(8.18735072617997,-30.,96.4202737180604));
#13701=CARTESIAN_POINT('',(-20.7209379762646,-26.6652923103437,128.36226925779));
#13702=CARTESIAN_POINT('',(-20.7209379762646,5.,128.36226925779));
#13703=CARTESIAN_POINT('Origin',(-28.2259581286413,-20.,136.654884663022));
#13704=CARTESIAN_POINT('Origin',(-16.2723045407735,5.,132.388391530725));
#13705=CARTESIAN_POINT('',(-16.9051386997311,-30.,126.421858121177));
#13706=CARTESIAN_POINT('Origin',(-16.2723045407735,-30.,132.388391530726));
#13707=CARTESIAN_POINT('',(-16.9051386997311,-20.,126.421858121177));
#13708=CARTESIAN_POINT('',(-16.9051386997311,5.,126.421858121177));
#13709=CARTESIAN_POINT('Origin',(-16.2723045407735,-20.,132.388391530725));
#13710=CARTESIAN_POINT('Origin',(76.8271444650658,-30.,122.513895325485));
#13711=CARTESIAN_POINT('',(-16.2723045407735,-36.,132.388391530725));
#13712=CARTESIAN_POINT('Origin',(-16.2723045407735,-30.,132.388391530726));
#13713=CARTESIAN_POINT('',(85.0294623641921,-36.,121.64392501058));
#13714=CARTESIAN_POINT('',(76.8271444650658,-36.,122.513895325485));
#13715=CARTESIAN_POINT('',(84.3966282052345,-30.,115.677391601031));
#13716=CARTESIAN_POINT('Ctrl Pts',(84.3966282052345,-30.,115.677391601031));
#13717=CARTESIAN_POINT('Ctrl Pts',(84.3966282052345,-30.8975979010257,115.677391601031));
#13718=CARTESIAN_POINT('Ctrl Pts',(84.4399671069829,-32.6887699152356,116.086002611601));
#13719=CARTESIAN_POINT('Ctrl Pts',(84.6516389917355,-35.2133417415369,118.081702992755));
#13720=CARTESIAN_POINT('Ctrl Pts',(84.8874547109977,-36.,120.305038044377));
#13721=CARTESIAN_POINT('Ctrl Pts',(85.0294623641921,-36.,121.64392501058));
#13722=CARTESIAN_POINT('',(76.1943103061082,-30.,116.547361915937));
#13723=CARTESIAN_POINT('Ctrl Pts',(100.421889439305,-24.2676571880968,113.977688939699));
#13724=CARTESIAN_POINT('Ctrl Pts',(99.6081293847662,-25.2408223293597,114.06399955331));
#13725=CARTESIAN_POINT('Ctrl Pts',(97.4186089358329,-27.0361574589613,114.296228761916));
#13726=CARTESIAN_POINT('Ctrl Pts',(92.0190811491198,-29.3342420703018,114.868924059357));
#13727=CARTESIAN_POINT('Ctrl Pts',(87.2568393890496,-30.,115.374026277366));
#13728=CARTESIAN_POINT('Ctrl Pts',(84.3966282052345,-30.,115.677391601031));
#13729=CARTESIAN_POINT('Ctrl Pts',(100.737182206124,-24.5342707139549,113.944247740393));
#13730=CARTESIAN_POINT('Ctrl Pts',(99.9119425491337,-25.5720699037424,114.031753876204));
#13731=CARTESIAN_POINT('Ctrl Pts',(97.6908754816708,-27.4955523897484,114.267598162386));
#13732=CARTESIAN_POINT('Ctrl Pts',(92.201276531259,-30.0110748273499,114.849608561093));
#13733=CARTESIAN_POINT('Ctrl Pts',(87.3377934312744,-30.8209656519609,115.365701561968));
#13734=CARTESIAN_POINT('Ctrl Pts',(84.3966282052345,-30.8975979010257,115.677391601031));
#13735=CARTESIAN_POINT('Ctrl Pts',(101.376787030144,-25.067431302248,113.963151061632));
#13736=CARTESIAN_POINT('Ctrl Pts',(100.530013582338,-26.2344563713951,114.066721436176));
#13737=CARTESIAN_POINT('Ctrl Pts',(98.2496643246684,-28.414221042754,114.346490668909));
#13738=CARTESIAN_POINT('Ctrl Pts',(92.59036774938,-31.3638008213447,115.047415557564));
#13739=CARTESIAN_POINT('Ctrl Pts',(87.53509338602,-32.4604995212015,115.686541963184));
#13740=CARTESIAN_POINT('Ctrl Pts',(84.4399671069829,-32.6887699152356,116.086002611601));
#13741=CARTESIAN_POINT('Ctrl Pts',(102.480221910487,-25.9607767149313,114.294032890449));
#13742=CARTESIAN_POINT('Ctrl Pts',(101.594913167539,-27.3380709929771,114.471745080315));
#13743=CARTESIAN_POINT('Ctrl Pts',(99.2096176553986,-29.9219556309591,114.953054216199));
#13744=CARTESIAN_POINT('Ctrl Pts',(93.2728070336418,-33.4748621714289,116.181146506236));
#13745=CARTESIAN_POINT('Ctrl Pts',(87.9398793452616,-34.8735692581682,117.336254458305));
#13746=CARTESIAN_POINT('Ctrl Pts',(84.6516389917355,-35.2133417415369,118.081702992755));
#13747=CARTESIAN_POINT('Ctrl Pts',(103.21167629813,-26.52889905174,114.784720031395));
#13748=CARTESIAN_POINT('Ctrl Pts',(102.292849243057,-28.0286592080491,115.051874814664));
#13749=CARTESIAN_POINT('Ctrl Pts',(99.8184756870481,-30.819592260411,115.774148426754));
#13750=CARTESIAN_POINT('Ctrl Pts',(93.6835366931623,-34.5377667850076,117.592376425599));
#13751=CARTESIAN_POINT('Ctrl Pts',(88.2161925582696,-35.8178735784686,119.260924472045));
#13752=CARTESIAN_POINT('Ctrl Pts',(84.8874547109977,-36.,120.305038044377));
#13753=CARTESIAN_POINT('Ctrl Pts',(103.609144745712,-26.8282515009548,115.156917328004));
#13754=CARTESIAN_POINT('Ctrl Pts',(102.665671617427,-28.3853157269754,115.486326480745));
#13755=CARTESIAN_POINT('Ctrl Pts',(100.127142359474,-31.2578519343381,116.372641890268));
#13756=CARTESIAN_POINT('Ctrl Pts',(93.8669316944502,-34.9347873124828,118.558364651543));
#13757=CARTESIAN_POINT('Ctrl Pts',(88.3455902302624,-36.,120.486114747634));
#13758=CARTESIAN_POINT('Ctrl Pts',(85.0294623641921,-36.,121.64392501058));
#13759=CARTESIAN_POINT('',(100.421889439305,-24.2676571880968,113.977688939699));
#13760=CARTESIAN_POINT('',(98.8879979886093,-28.669271902509,114.624692194548));
#13761=CARTESIAN_POINT('Ctrl Pts',(100.421889439305,-24.2676571880968,113.977688939699));
#13762=CARTESIAN_POINT('Ctrl Pts',(100.132934621447,-25.4980635151648,114.008336631848));
#13763=CARTESIAN_POINT('Ctrl Pts',(99.7850432874001,-26.5907887635023,114.130936913021));
#13764=CARTESIAN_POINT('Ctrl Pts',(99.3553824618276,-27.6300951165126,114.357572261612));
#13765=CARTESIAN_POINT('Ctrl Pts',(99.2086175338283,-27.9851047263961,114.434987093587));
#13766=CARTESIAN_POINT('Ctrl Pts',(99.0524217781567,-28.3323869841022,114.524373486322));
#13767=CARTESIAN_POINT('Ctrl Pts',(98.8879979886092,-28.669271902509,114.624692194548));
#13768=CARTESIAN_POINT('Ctrl Pts',(100.421889439305,-24.2676571880968,113.977688939699));
#13769=CARTESIAN_POINT('Ctrl Pts',(99.6081293847662,-25.2408223293597,114.06399955331));
#13770=CARTESIAN_POINT('Ctrl Pts',(97.4186089358329,-27.0361574589613,114.296228761916));
#13771=CARTESIAN_POINT('Ctrl Pts',(92.0190811491198,-29.3342420703018,114.868924059357));
#13772=CARTESIAN_POINT('Ctrl Pts',(87.2568393890496,-30.,115.374026277366));
#13773=CARTESIAN_POINT('Ctrl Pts',(84.3966282052345,-30.,115.677391601031));
#13774=CARTESIAN_POINT('',(102.821533524773,-28.,115.431908037544));
#13775=CARTESIAN_POINT('Ctrl Pts',(85.0294623641921,-36.,121.64392501058));
#13776=CARTESIAN_POINT('Ctrl Pts',(88.3455902302624,-36.,120.486114747634));
#13777=CARTESIAN_POINT('Ctrl Pts',(93.8669316944502,-34.9347873124828,118.558364651543));
#13778=CARTESIAN_POINT('Ctrl Pts',(99.6690173125089,-31.5269317278043,116.532594070193));
#13779=CARTESIAN_POINT('Ctrl Pts',(101.99843798443,-29.1084108616807,115.719287928333));
#13780=CARTESIAN_POINT('Ctrl Pts',(102.821176690705,-27.9997067135748,115.43203262446));
#13781=CARTESIAN_POINT('Ctrl Pts',(98.8877038520521,-28.6684989546636,114.625009990721));
#13782=CARTESIAN_POINT('Ctrl Pts',(99.0671349942831,-28.6378078013935,114.635199785115));
#13783=CARTESIAN_POINT('Ctrl Pts',(99.2446031260827,-28.6073065670633,114.647668173375));
#13784=CARTESIAN_POINT('Ctrl Pts',(99.4199797473221,-28.577027715019,114.662595699749));
#13785=CARTESIAN_POINT('Ctrl Pts',(99.5928359572595,-28.5471840131126,114.677308696354));
#13786=CARTESIAN_POINT('Ctrl Pts',(99.7636605312488,-28.5175564199864,114.694410321799));
#13787=CARTESIAN_POINT('Ctrl Pts',(99.932325572403,-28.488223534838,114.714090621515));
#13788=CARTESIAN_POINT('Ctrl Pts',(99.9779558531021,-28.4802878786173,114.719414887849));
#13789=CARTESIAN_POINT('Ctrl Pts',(100.023428038593,-28.4723740602711,114.7249280035));
#13790=CARTESIAN_POINT('Ctrl Pts',(100.068739502324,-28.4644842315223,114.730634001942));
#13791=CARTESIAN_POINT('Ctrl Pts',(100.237723753978,-28.4350599601127,114.751913912084));
#13792=CARTESIAN_POINT('Ctrl Pts',(100.404473438782,-28.4059660070903,114.775874593288));
#13793=CARTESIAN_POINT('Ctrl Pts',(100.568855140016,-28.3773675170804,114.802700425516));
#13794=CARTESIAN_POINT('Ctrl Pts',(100.692738474948,-28.3558147755655,114.822917235135));
#13795=CARTESIAN_POINT('Ctrl Pts',(100.815276768535,-28.3345443746047,114.844761758119));
#13796=CARTESIAN_POINT('Ctrl Pts',(100.936407841159,-28.3136427685585,114.868323415653));
#13797=CARTESIAN_POINT('Ctrl Pts',(101.105454915066,-28.2844730826511,114.901205393632));
#13798=CARTESIAN_POINT('Ctrl Pts',(101.271570365479,-28.2560202490874,114.937377269644));
#13799=CARTESIAN_POINT('Ctrl Pts',(101.434732828174,-28.2282993617422,114.977003827998));
#13800=CARTESIAN_POINT('Ctrl Pts',(101.595109313021,-28.2010518049464,115.015953768018));
#13801=CARTESIAN_POINT('Ctrl Pts',(101.752632870768,-28.1745117197876,115.058241400263));
#13802=CARTESIAN_POINT('Ctrl Pts',(101.90723916757,-28.148713231991,115.104040494577));
#13803=CARTESIAN_POINT('Ctrl Pts',(102.065874076036,-28.1222425070931,115.151032986374));
#13804=CARTESIAN_POINT('Ctrl Pts',(102.221438182464,-28.0965527550371,115.201722232388));
#13805=CARTESIAN_POINT('Ctrl Pts',(102.373810614174,-28.0716980565282,115.256315316785));
#13806=CARTESIAN_POINT('Ctrl Pts',(102.526183045885,-28.0468433580193,115.310908401182));
#13807=CARTESIAN_POINT('Ctrl Pts',(102.675364099596,-28.0228240884303,115.369405371879));
#13808=CARTESIAN_POINT('Ctrl Pts',(102.821176690705,-27.9997067135749,115.43203262446));
#13809=CARTESIAN_POINT('Origin',(12.6359841616711,-30.,100.446395990996));
#13810=CARTESIAN_POINT('',(-48.4541588506417,-36.,167.9474886951));
#13811=CARTESIAN_POINT('Origin',(-48.4541588506417,-30.,167.9474886951));
#13812=CARTESIAN_POINT('',(12.6359841616711,-36.,100.446395990996));
#13813=CARTESIAN_POINT('Origin',(-16.2723045407735,-30.,132.388391530726));
#13814=CARTESIAN_POINT('',(-97.0342443763393,-30.,212.684081515291));
#13815=CARTESIAN_POINT('Origin',(-16.2723045407735,-30.,132.388391530726));
#13816=CARTESIAN_POINT('Origin',(-36.4771779635182,-30.,167.9474886951));
#13817=CARTESIAN_POINT('',(96.4148742882241,-30.,173.9474886951));
#13818=CARTESIAN_POINT('',(96.4148742882241,-36.,167.9474886951));
#13819=CARTESIAN_POINT('Origin',(96.4148742882241,-30.,167.9474886951));
#13820=CARTESIAN_POINT('',(-36.4771779635182,-36.,167.9474886951));
#13821=CARTESIAN_POINT('',(-36.4771779635182,-30.,173.9474886951));
#13822=CARTESIAN_POINT('Origin',(74.5881572259317,-37.7527552170552,166.65095531979));
#13823=CARTESIAN_POINT('',(102.808263520221,-37.8079105318928,146.232857980746));
#13824=CARTESIAN_POINT('',(102.786596728022,-37.749075161978,147.067403883353));
#13825=CARTESIAN_POINT('Origin',(98.8206090530375,-37.9847206498266,146.546883219139));
#13826=CARTESIAN_POINT('',(104.135196211694,-37.749075161978,146.128362880129));
#13827=CARTESIAN_POINT('',(89.2938882614861,-37.749075161978,156.462488671697));
#13828=CARTESIAN_POINT('',(77.5649382855002,-38.9271838662606,148.220753694858));
#13829=CARTESIAN_POINT('Origin',(80.8392390549445,-37.7527552170552,134.891121515546));
#13830=CARTESIAN_POINT('',(102.656233987193,-37.7490751619779,145.411990552637));
#13831=CARTESIAN_POINT('Origin',(98.8206090530375,-37.9847206498266,146.546883219139));
#13832=CARTESIAN_POINT('',(74.9516286898346,-37.749075161978,131.992572361729));
#13833=CARTESIAN_POINT('Origin',(3.10654570088404,-37.7527552170552,132.83820291472));
#13834=CARTESIAN_POINT('',(-18.8046070915076,-37.8540456072896,155.493622570863));
#13835=CARTESIAN_POINT('',(-19.0925182481637,-37.7490751619779,154.106430413946));
#13836=CARTESIAN_POINT('Origin',(-15.0939344279859,-37.9847206498266,154.));
#13837=CARTESIAN_POINT('',(-21.7853672606534,-37.749075161978,156.69344025102));
#13838=CARTESIAN_POINT('',(17.802001046233,-37.749075161978,118.662005603625));
#13839=CARTESIAN_POINT('',(4.63238381023491,-38.679402641105,146.059748505901));
#13840=CARTESIAN_POINT('Origin',(5.16489147966356,-37.7527552170552,156.651377029009));
#13841=CARTESIAN_POINT('',(-18.0511932286637,-37.749075161978,156.69344025102));
#13842=CARTESIAN_POINT('Origin',(-15.0939344279859,-37.9847206498266,154.));
#13843=CARTESIAN_POINT('',(9.80813376172646,-37.749075161978,156.69344025102));
#13844=CARTESIAN_POINT('Origin',(40.3297829593271,-33.,146.235549796338));
#13845=CARTESIAN_POINT('',(-15.0939344279859,-33.,154.));
#13846=CARTESIAN_POINT('',(-9.2020807042282,-33.,148.33971846499));
#13847=CARTESIAN_POINT('',(4.94340129386923,-33.,134.75020753827));
#13848=CARTESIAN_POINT('',(88.1168491448819,-33.,154.));
#13849=CARTESIAN_POINT('',(5.16489147966356,-33.,154.));
#13850=CARTESIAN_POINT('',(98.8206090530375,-33.,146.546883219139));
#13851=CARTESIAN_POINT('',(73.0730880547537,-33.,164.475095591659));
#13852=CARTESIAN_POINT('',(82.4523142338963,-33.,138.618490416118));
#13853=CARTESIAN_POINT('',(79.6834283664411,-33.,137.277311324069));
#13854=CARTESIAN_POINT('',(62.0784754419648,-33.,140.779420432197));
#13855=CARTESIAN_POINT('Origin',(100.,50.,110.));
#13856=CARTESIAN_POINT('',(100.421889439305,-13.0000009387732,113.977688939699));
#13857=CARTESIAN_POINT('Origin',(100.,-13.0000009387732,110.));
#13858=CARTESIAN_POINT('',(100.421889439305,50.,113.977688939699));
#13859=CARTESIAN_POINT('Origin',(100.,-24.2676571880968,110.));
#13860=CARTESIAN_POINT('Ctrl Pts',(98.8879979886092,-28.669271902509,114.624692194548));
#13861=CARTESIAN_POINT('Ctrl Pts',(100.345562412167,-28.669271902509,114.796190034207));
#13862=CARTESIAN_POINT('Ctrl Pts',(101.63896302874,-28.669271902509,115.150074047024));
#13863=CARTESIAN_POINT('Ctrl Pts',(102.676513965981,-28.669271902509,115.703692845886));
#13864=CARTESIAN_POINT('Ctrl Pts',(98.9153584852475,-28.0055609302285,114.392154650109));
#13865=CARTESIAN_POINT('Ctrl Pts',(100.392951962057,-28.0055609302285,114.566009119298));
#13866=CARTESIAN_POINT('Ctrl Pts',(101.715801930408,-28.0055609302285,114.925685965885));
#13867=CARTESIAN_POINT('Ctrl Pts',(102.786738302006,-28.0055609302285,115.497118641063));
#13868=CARTESIAN_POINT('Ctrl Pts',(99.0280250839058,-26.60290280085,113.434598413516));
#13869=CARTESIAN_POINT('Ctrl Pts',(100.588615509652,-26.60290280085,113.618218349816));
#13870=CARTESIAN_POINT('Ctrl Pts',(102.031346434776,-26.60290280085,114.001225398809));
#13871=CARTESIAN_POINT('Ctrl Pts',(103.240626299489,-26.60290280085,114.64647571102));
#13872=CARTESIAN_POINT('Ctrl Pts',(99.2191350555827,-26.,111.810349989992));
#13873=CARTESIAN_POINT('Ctrl Pts',(100.920098333912,-26.,112.010486274096));
#13874=CARTESIAN_POINT('Ctrl Pts',(102.567270405974,-26.,112.433480093452));
#13875=CARTESIAN_POINT('Ctrl Pts',(104.010530808691,-26.,113.203578275544));
#13876=CARTESIAN_POINT('Ctrl Pts',(99.3287913024243,-26.,110.878378808692));
#13877=CARTESIAN_POINT('Ctrl Pts',(101.11053760138,-26.,111.088020067872));
#13878=CARTESIAN_POINT('Ctrl Pts',(102.874377711871,-26.,111.533717024585));
#13879=CARTESIAN_POINT('Ctrl Pts',(104.45229132053,-26.,112.375663771851));
#13880=CARTESIAN_POINT('Ctrl Pts',(98.8879979886092,-28.669271902509,114.624692194548));
#13881=CARTESIAN_POINT('Ctrl Pts',(98.8902763644638,-28.667621490062,114.624374026459));
#13882=CARTESIAN_POINT('Ctrl Pts',(98.8925547131302,-28.6659711792081,114.624055106012));
#13883=CARTESIAN_POINT('Ctrl Pts',(99.5908047051426,-28.1602223565146,114.526082955696));
#13884=CARTESIAN_POINT('Ctrl Pts',(100.328806575389,-27.6296222103118,114.351385250686));
#13885=CARTESIAN_POINT('Ctrl Pts',(101.451495102438,-26.8855847311815,113.88208499126));
#13886=CARTESIAN_POINT('Ctrl Pts',(101.896204839705,-26.6092027458836,113.640751795105));
#13887=CARTESIAN_POINT('Ctrl Pts',(102.600596407646,-26.2448320423189,113.092335899606));
#13888=CARTESIAN_POINT('Ctrl Pts',(102.877372948436,-26.1258251599023,112.822472938167));
#13889=CARTESIAN_POINT('Ctrl Pts',(103.118653397437,-26.0591331965628,112.506720722619));
#13890=CARTESIAN_POINT('',(104.45229132053,-26.,112.375663771851));
#13891=CARTESIAN_POINT('Origin',(104.45229132053,-30.,112.375663771851));
#13892=CARTESIAN_POINT('Ctrl Pts',(103.548826263132,-26.0000000000024,111.943922355439));
#13893=CARTESIAN_POINT('Ctrl Pts',(103.855748569902,-26.0000000000008,112.07468225634));
#13894=CARTESIAN_POINT('Ctrl Pts',(104.157269643633,-26.,112.218247047487));
#13895=CARTESIAN_POINT('Ctrl Pts',(104.45229132053,-26.,112.375663771851));
#13896=CARTESIAN_POINT('Ctrl Pts',(107.269717542904,-21.011004392311,109.00511257448));
#13897=CARTESIAN_POINT('Ctrl Pts',(107.022948817331,-21.011004392311,108.849906662347));
#13898=CARTESIAN_POINT('Ctrl Pts',(106.636960260262,-20.8447495622495,108.602709375603));
#13899=CARTESIAN_POINT('Ctrl Pts',(106.34309735305,-20.4198924659451,108.431494950801));
#13900=CARTESIAN_POINT('Ctrl Pts',(106.288491422177,-20.1507345286347,108.399020526973));
#13901=CARTESIAN_POINT('Ctrl Pts',(106.284798225953,-20.0105866382919,108.404892502552));
#13902=CARTESIAN_POINT('Ctrl Pts',(106.792024350605,-21.0554147097973,109.764618051168));
#13903=CARTESIAN_POINT('Ctrl Pts',(106.545761040719,-21.0554147097973,109.609730021711));
#13904=CARTESIAN_POINT('Ctrl Pts',(106.160287023912,-20.8855966239801,109.363064416296));
#13905=CARTESIAN_POINT('Ctrl Pts',(105.869882108634,-20.4617077815728,109.193951627293));
#13906=CARTESIAN_POINT('Ctrl Pts',(105.817081313248,-20.1935556105303,109.162534130338));
#13907=CARTESIAN_POINT('Ctrl Pts',(105.813429956503,-20.0549954275544,109.168339583482));
#13908=CARTESIAN_POINT('Ctrl Pts',(105.695046165388,-21.8911408321634,111.508752053725));
#13909=CARTESIAN_POINT('Ctrl Pts',(105.315820880132,-21.8911408321634,111.270237200739));
#13910=CARTESIAN_POINT('Ctrl Pts',(104.707159307238,-21.6332673889978,110.890915508307));
#13911=CARTESIAN_POINT('Ctrl Pts',(104.194159322448,-20.9019812854462,110.601818031423));
#13912=CARTESIAN_POINT('Ctrl Pts',(104.094978634627,-20.4092698918386,110.556853471809));
#13913=CARTESIAN_POINT('Ctrl Pts',(104.088385327868,-20.1590698005159,110.567336461045));
#13914=CARTESIAN_POINT('Ctrl Pts',(105.215776504365,-24.0127917853135,112.270764027572));
#13915=CARTESIAN_POINT('Ctrl Pts',(104.463120340764,-24.0127917853135,111.797378730784));
#13916=CARTESIAN_POINT('Ctrl Pts',(103.213034884005,-23.5108485031218,111.036247434823));
#13917=CARTESIAN_POINT('Ctrl Pts',(102.059549125323,-21.9156804566613,110.400627919956));
#13918=CARTESIAN_POINT('Ctrl Pts',(101.811421189391,-20.779588585703,110.306773778606));
#13919=CARTESIAN_POINT('Ctrl Pts',(101.79639950906,-20.2095520428997,110.330657410746));
#13920=CARTESIAN_POINT('Ctrl Pts',(105.248127277794,-25.2090338670496,112.219328105958));
#13921=CARTESIAN_POINT('Ctrl Pts',(104.278393486477,-25.2090338670496,111.609411199927));
#13922=CARTESIAN_POINT('Ctrl Pts',(102.65905332409,-24.5713983063895,110.628196908967));
#13923=CARTESIAN_POINT('Ctrl Pts',(101.131749853512,-22.4745113813982,109.790174994423));
#13924=CARTESIAN_POINT('Ctrl Pts',(100.79799366252,-20.9667044276381,109.668351944955));
#13925=CARTESIAN_POINT('Ctrl Pts',(100.778052003452,-20.2099665566281,109.700058068301));
#13926=CARTESIAN_POINT('',(107.269717542904,-21.011004392311,109.00511257448));
#13927=CARTESIAN_POINT('',(105.247989089073,-25.2038578505464,112.219547818302));
#13928=CARTESIAN_POINT('Origin',(107.374997201608,-25.0061135512839,108.837723801397));
#13929=CARTESIAN_POINT('',(105.760167509404,-20.0527056850034,109.080190160925));
#13930=CARTESIAN_POINT('Ctrl Pts',(107.269717542904,-21.011004392311,109.00511257448));
#13931=CARTESIAN_POINT('Ctrl Pts',(106.60056872529,-21.0307547720198,109.055636654272));
#13932=CARTESIAN_POINT('Ctrl Pts',(105.992550205201,-20.7680511334574,109.103114938769));
#13933=CARTESIAN_POINT('Ctrl Pts',(105.815206835192,-20.3757012489738,109.095920891068));
#13934=CARTESIAN_POINT('Ctrl Pts',(105.768964271041,-20.2733953961976,109.094045031754));
#13935=CARTESIAN_POINT('Ctrl Pts',(105.750336161411,-20.1645482511373,109.088752545489));
#13936=CARTESIAN_POINT('Ctrl Pts',(105.760167509404,-20.0527056850034,109.080190160925));
#13937=CARTESIAN_POINT('Origin',(102.881305253986,-20.0122271025678,106.303409003057));
#13938=CARTESIAN_POINT('Ctrl Pts',(105.247989089073,-25.2038578505464,112.219547818302));
#13939=CARTESIAN_POINT('Ctrl Pts',(104.810230240923,-25.2038578505464,111.944218109632));
#13940=CARTESIAN_POINT('Ctrl Pts',(104.373180060799,-25.1291982710774,111.673699665174));
#13941=CARTESIAN_POINT('Ctrl Pts',(103.951355845874,-24.9819388216454,111.417002744746));
#13942=CARTESIAN_POINT('Ctrl Pts',(99.3818200935652,-24.2676571880968,113.951943016199));
#13943=CARTESIAN_POINT('Ctrl Pts',(99.3818200935652,-24.9455404058017,113.951943016199));
#13944=CARTESIAN_POINT('Ctrl Pts',(99.3183967723646,-26.4371435263002,114.043302932419));
#13945=CARTESIAN_POINT('Ctrl Pts',(99.0844086272923,-27.8806032430489,114.367658959663));
#13946=CARTESIAN_POINT('Ctrl Pts',(98.8879979886092,-28.669271902509,114.624692194548));
#13947=CARTESIAN_POINT('Ctrl Pts',(99.9878622112384,-24.2676571880968,114.046742728154));
#13948=CARTESIAN_POINT('Ctrl Pts',(99.9878622112384,-24.9596664473517,114.046742728154));
#13949=CARTESIAN_POINT('Ctrl Pts',(99.9229730595221,-26.4891926504368,114.13932568905));
#13950=CARTESIAN_POINT('Ctrl Pts',(99.682630251055,-27.971896291352,114.470474254793));
#13951=CARTESIAN_POINT('Ctrl Pts',(99.4810649579584,-28.7812629863842,114.734253140054));
#13952=CARTESIAN_POINT('Ctrl Pts',(101.454252578872,-24.2676571880968,113.937504202453));
#13953=CARTESIAN_POINT('Ctrl Pts',(101.454252578872,-25.0069690189351,113.937504202453));
#13954=CARTESIAN_POINT('Ctrl Pts',(101.383867603382,-26.6630831757849,114.034957748783));
#13955=CARTESIAN_POINT('Ctrl Pts',(101.121100718184,-28.2755343789789,114.390376953955));
#13956=CARTESIAN_POINT('Ctrl Pts',(100.902331222318,-29.153982950768,114.676670158813));
#13957=CARTESIAN_POINT('Ctrl Pts',(102.681698770868,-24.2676571880968,113.078542401517));
#13958=CARTESIAN_POINT('Ctrl Pts',(102.681698770868,-25.0759859219837,113.078542401517));
#13959=CARTESIAN_POINT('Ctrl Pts',(102.602228529428,-26.9170293610905,113.184491143376));
#13960=CARTESIAN_POINT('Ctrl Pts',(102.304666478813,-28.7177130642692,113.578052176314));
#13961=CARTESIAN_POINT('Ctrl Pts',(102.060887031873,-29.696586769437,113.897074711273));
#13962=CARTESIAN_POINT('Ctrl Pts',(103.178291453359,-24.2676571880968,112.428675243318));
#13963=CARTESIAN_POINT('Ctrl Pts',(103.178291453359,-25.1155847300682,112.428675243318));
#13964=CARTESIAN_POINT('Ctrl Pts',(103.09339667692,-27.0625500361965,112.539778425271));
#13965=CARTESIAN_POINT('Ctrl Pts',(102.775457333598,-28.9705505257399,112.955775826175));
#13966=CARTESIAN_POINT('Ctrl Pts',(102.51734957969,-30.0069582154419,113.293549133062));
#13967=CARTESIAN_POINT('Origin',(103.012904827365,-25.0061135512839,106.094173036703));
#13968=CARTESIAN_POINT('',(105.575380373959,-13.0404795212088,109.373991378221));
#13969=CARTESIAN_POINT('',(105.891767082783,-25.0465921337195,108.870954194572));
#13970=CARTESIAN_POINT('Origin',(102.696518118541,-13.0000009387732,106.597210220353));
#13971=CARTESIAN_POINT('Origin',(15.511239414824,-40.,116.277524838));
#13972=CARTESIAN_POINT('',(-18.9892522394956,-37.,153.090880014885));
#13973=CARTESIAN_POINT('Ctrl Pts',(-18.9892522394956,-37.,153.090880014885));
#13974=CARTESIAN_POINT('Ctrl Pts',(-19.0153557482305,-37.0551832471378,
153.202726046413));
#13975=CARTESIAN_POINT('Ctrl Pts',(-19.0357046097308,-37.1156270016255,
153.311789233917));
#13976=CARTESIAN_POINT('Ctrl Pts',(-19.0859728649794,-37.3279934143771,
153.652654979618));
#13977=CARTESIAN_POINT('Ctrl Pts',(-19.0979298210914,-37.5281920672651,
153.90311796641));
#13978=CARTESIAN_POINT('Ctrl Pts',(-19.0925182481638,-37.7490751619725,
154.106430413941));
#13979=CARTESIAN_POINT('',(-17.8475647376961,-36.5506411310382,151.133713774877));
#13980=CARTESIAN_POINT('Ctrl Pts',(-17.8475647376961,-36.5506411310382,
151.133713774877));
#13981=CARTESIAN_POINT('Ctrl Pts',(-18.1989654089472,-36.5506411310382,
151.471303067505));
#13982=CARTESIAN_POINT('Ctrl Pts',(-18.5091413715162,-36.5990406679136,
151.895055873486));
#13983=CARTESIAN_POINT('Ctrl Pts',(-18.8272877801009,-36.7791368847677,
152.558788221708));
#13984=CARTESIAN_POINT('Ctrl Pts',(-18.9099750173004,-36.8573375512288,
152.784086187677));
#13985=CARTESIAN_POINT('Ctrl Pts',(-18.975064572769,-36.9714235119431,153.031939562018));
#13986=CARTESIAN_POINT('Ctrl Pts',(-18.9823932252469,-36.9854999309732,
153.061491110435));
#13987=CARTESIAN_POINT('Ctrl Pts',(-18.9892522395202,-37.000000000052,153.09088001499));
#13988=CARTESIAN_POINT('',(-11.9557110139383,-36.5506411310382,145.473432239867));
#13989=CARTESIAN_POINT('',(16.9143674376053,-36.5506411310382,117.738057324732));
#13990=CARTESIAN_POINT('',(-10.8840990082313,-36.6778944244401,144.724879267572));
#13991=CARTESIAN_POINT('Ctrl Pts',(-10.8840990082313,-36.6778944244401,
144.724879267572));
#13992=CARTESIAN_POINT('Ctrl Pts',(-11.275368483385,-36.5880274183652,144.914948326028));
#13993=CARTESIAN_POINT('Ctrl Pts',(-11.6477105685928,-36.5506411310382,
145.177537379726));
#13994=CARTESIAN_POINT('Ctrl Pts',(-11.9557110139383,-36.5506411310382,
145.473432239867));
#13995=CARTESIAN_POINT('',(-11.8775547210397,-36.,142.589835526959));
#13996=CARTESIAN_POINT('Origin',(-11.8775547210397,-40.,142.589835526959));
#13997=CARTESIAN_POINT('',(-30.,-36.,160.));
#13998=CARTESIAN_POINT('',(15.511239414824,-36.,116.277524838));
#13999=CARTESIAN_POINT('Origin',(-30.,-40.,160.));
#14000=CARTESIAN_POINT('Origin',(9.80813376172646,-40.,160.));
#14001=CARTESIAN_POINT('',(90.,-36.,160.));
#14002=CARTESIAN_POINT('',(9.80813376172646,-36.,160.));
#14003=CARTESIAN_POINT('',(89.310278408799,-36.6577331906829,157.802443953994));
#14004=CARTESIAN_POINT('Origin',(90.,-40.,160.));
#14005=CARTESIAN_POINT('',(88.1168491448819,-36.5506411310382,157.974679434481));
#14006=CARTESIAN_POINT('Ctrl Pts',(88.1168491448819,-36.5506411310382,157.974679434481));
#14007=CARTESIAN_POINT('Ctrl Pts',(88.5104793029582,-36.5506411310382,157.974679434481));
#14008=CARTESIAN_POINT('Ctrl Pts',(88.9240259083056,-36.5824786354409,157.91689873784));
#14009=CARTESIAN_POINT('Ctrl Pts',(89.310278408799,-36.6577331906829,157.802443953994));
#14010=CARTESIAN_POINT('',(-15.0939344279859,-36.5506411310382,157.974679434481));
#14011=CARTESIAN_POINT('',(9.80813376172646,-36.5506411310382,157.974679434481));
#14012=CARTESIAN_POINT('',(-17.2731580816698,-37.,157.354248688935));
#14013=CARTESIAN_POINT('Ctrl Pts',(-17.2731580817605,-37.000000000052,157.354248688876));
#14014=CARTESIAN_POINT('Ctrl Pts',(-17.2478513675609,-36.9854999309732,
157.37069022178));
#14015=CARTESIAN_POINT('Ctrl Pts',(-17.2220933015957,-36.9714235119431,
157.386923681013));
#14016=CARTESIAN_POINT('Ctrl Pts',(-17.0034437539995,-36.8573375512288,
157.520566191987));
#14017=CARTESIAN_POINT('Ctrl Pts',(-16.7877301069193,-36.7791368847677,
157.6257516241));
#14018=CARTESIAN_POINT('Ctrl Pts',(-16.0984739731208,-36.5990406679136,
157.883983592286));
#14019=CARTESIAN_POINT('Ctrl Pts',(-15.5812217787894,-36.5506411310382,
157.974679434481));
#14020=CARTESIAN_POINT('Ctrl Pts',(-15.0939344279859,-36.5506411310382,
157.974679434481));
#14021=CARTESIAN_POINT('Ctrl Pts',(-18.0511932286637,-37.7490751619779,
156.69344025102));
#14022=CARTESIAN_POINT('Ctrl Pts',(-17.9142422594349,-37.5281920672684,
156.843805368219));
#14023=CARTESIAN_POINT('Ctrl Pts',(-17.7321006446388,-37.3279934143783,
157.016139661708));
#14024=CARTESIAN_POINT('Ctrl Pts',(-17.4597009519498,-37.1156270016255,
157.22712487802));
#14025=CARTESIAN_POINT('Ctrl Pts',(-17.3694684272612,-37.0551832471378,
157.291676768165));
#14026=CARTESIAN_POINT('Ctrl Pts',(-17.2731580816698,-37.,157.354248688935));
#14027=CARTESIAN_POINT('Origin',(91.1833467140281,-40.,159.176025870575));
#14028=CARTESIAN_POINT('',(102.525704050931,-37.,148.054288624657));
#14029=CARTESIAN_POINT('Ctrl Pts',(102.525704050931,-37.,148.054288624657));
#14030=CARTESIAN_POINT('Ctrl Pts',(102.568986093801,-37.0551832471378,147.947904449604));
#14031=CARTESIAN_POINT('Ctrl Pts',(102.606148947993,-37.1156270016255,147.843368440012));
#14032=CARTESIAN_POINT('Ctrl Pts',(102.709131783509,-37.3279934143771,147.514566235538));
#14033=CARTESIAN_POINT('Ctrl Pts',(102.760130275149,-37.5281920672651,147.269058943585));
#14034=CARTESIAN_POINT('Ctrl Pts',(102.786596728021,-37.7490751619725,147.067403883358));
#14035=CARTESIAN_POINT('',(101.091849322003,-36.5506411310382,149.808714644507));
#14036=CARTESIAN_POINT('Ctrl Pts',(101.091849322003,-36.5506411310382,149.808714644507));
#14037=CARTESIAN_POINT('Ctrl Pts',(101.491743004056,-36.5506411310382,149.530265357729));
#14038=CARTESIAN_POINT('Ctrl Pts',(101.864401337314,-36.5990406679136,149.160263553699));
#14039=CARTESIAN_POINT('Ctrl Pts',(102.282480455358,-36.7791368847677,148.554485031111));
#14040=CARTESIAN_POINT('Ctrl Pts',(102.399400617465,-36.8573375512288,148.34489965863));
#14041=CARTESIAN_POINT('Ctrl Pts',(102.502468983021,-36.9714235119431,148.110283253779));
#14042=CARTESIAN_POINT('Ctrl Pts',(102.514331168006,-36.9854999309732,148.082242359922));
#14043=CARTESIAN_POINT('Ctrl Pts',(102.525704050972,-37.000000000052,148.054288624557));
#14044=CARTESIAN_POINT('',(90.3880894138477,-36.5506411310382,157.261831425367));
#14045=CARTESIAN_POINT('',(90.0260232866176,-36.5506411310382,157.513941072052));
#14046=CARTESIAN_POINT('Ctrl Pts',(89.310278408799,-36.6577331906829,157.802443953994));
#14047=CARTESIAN_POINT('Ctrl Pts',(89.6926601538771,-36.5824786354409,157.675656365037));
#14048=CARTESIAN_POINT('Ctrl Pts',(90.0650557602536,-36.5506411310382,157.486762436997));
#14049=CARTESIAN_POINT('Ctrl Pts',(90.3880894138477,-36.5506411310382,157.261831425367));
#14050=CARTESIAN_POINT('',(110.659565918654,-36.,145.614572939337));
#14051=CARTESIAN_POINT('',(91.1833467140281,-36.,159.176025870575));
#14052=CARTESIAN_POINT('Origin',(110.659565918654,-40.,145.614572939337));
#14053=CARTESIAN_POINT('Origin',(76.3930521683635,-40.,129.01673034154));
#14054=CARTESIAN_POINT('',(83.5246532029689,-36.,132.471099592677));
#14055=CARTESIAN_POINT('',(76.3930521683635,-36.,129.01673034154));
#14056=CARTESIAN_POINT('',(83.1368902460088,-36.639537237278,134.694025831851));
#14057=CARTESIAN_POINT('Origin',(83.5246532029689,-40.,132.471099592677));
#14058=CARTESIAN_POINT('',(84.1849900938302,-36.5506411310382,135.041353156899));
#14059=CARTESIAN_POINT('Ctrl Pts',(84.1849900938302,-36.5506411310382,135.041353156899));
#14060=CARTESIAN_POINT('Ctrl Pts',(83.8607487477715,-36.5506411310382,134.884298754902));
#14061=CARTESIAN_POINT('Ctrl Pts',(83.5004997564469,-36.577372031633,134.763163055792));
#14062=CARTESIAN_POINT('Ctrl Pts',(83.1368902461368,-36.6395372370581,134.69402583098));
#14063=CARTESIAN_POINT('',(100.553284912971,-36.5506411310382,142.969745959921));
#14064=CARTESIAN_POINT('',(75.5101573059352,-36.5506411310382,130.839481025263));
#14065=CARTESIAN_POINT('',(102.244082086171,-37.,144.478107641314));
#14066=CARTESIAN_POINT('Ctrl Pts',(102.244082086227,-37.000000000052,144.478107641406));
#14067=CARTESIAN_POINT('Ctrl Pts',(102.228473848095,-36.9854999309732,144.452278652068));
#14068=CARTESIAN_POINT('Ctrl Pts',(102.212368696571,-36.9714235119431,144.42644016807));
#14069=CARTESIAN_POINT('Ctrl Pts',(102.073846760433,-36.8573375512288,144.210848844933));
#14070=CARTESIAN_POINT('Ctrl Pts',(101.925561829543,-36.7791368847677,144.022148203874));
#14071=CARTESIAN_POINT('Ctrl Pts',(101.417814844387,-36.5990406679136,143.489277894663));
#14072=CARTESIAN_POINT('Ctrl Pts',(100.99183442803,-36.5506411310382,143.182168381277));
#14073=CARTESIAN_POINT('Ctrl Pts',(100.553284912971,-36.5506411310382,142.969745959921));
#14074=CARTESIAN_POINT('Ctrl Pts',(102.656233987193,-37.749075161978,145.411990552637));
#14075=CARTESIAN_POINT('Ctrl Pts',(102.598529105643,-37.5281920672685,145.216963931151));
#14076=CARTESIAN_POINT('Ctrl Pts',(102.50973047612,-37.3279934143783,144.982465573059));
#14077=CARTESIAN_POINT('Ctrl Pts',(102.356550299191,-37.1156270016255,144.673836041946));
#14078=CARTESIAN_POINT('Ctrl Pts',(102.303482717826,-37.0551832471378,144.576405621434));
#14079=CARTESIAN_POINT('Ctrl Pts',(102.244082086171,-37.,144.478107641314));
#14080=CARTESIAN_POINT('Origin',(68.6215382169072,-40.,134.05178297961));
#14081=CARTESIAN_POINT('',(82.0330954143887,-36.5506411310382,134.665980809772));
#14082=CARTESIAN_POINT('Ctrl Pts',(83.1368902462755,-36.6395372364485,134.694025831061));
#14083=CARTESIAN_POINT('Ctrl Pts',(82.7713475196832,-36.5773720314602,134.635971149817));
#14084=CARTESIAN_POINT('Ctrl Pts',(82.3913615188218,-36.5506411310382,134.627981688118));
#14085=CARTESIAN_POINT('Ctrl Pts',(82.0330954143887,-36.5506411310382,134.665980809772));
#14086=CARTESIAN_POINT('',(68.6215382169072,-36.,134.05178297961));
#14087=CARTESIAN_POINT('',(-9.62129952373584,-36.5506411310382,144.387208858644));
#14088=CARTESIAN_POINT('Ctrl Pts',(-9.62129952373584,-36.5506411310382,
144.387208858644));
#14089=CARTESIAN_POINT('Ctrl Pts',(-10.0460214891546,-36.5506411310382,
144.432256552058));
#14090=CARTESIAN_POINT('Ctrl Pts',(-10.4867037078873,-36.5880274183651,
144.547975269783));
#14091=CARTESIAN_POINT('Ctrl Pts',(-10.8840990082313,-36.6778944244401,
144.724879267572));
#14092=CARTESIAN_POINT('',(68.8351535563572,-36.5506411310382,136.065806782812));
#14093=CARTESIAN_POINT('Origin',(-100.,-30.,210.));
#14094=CARTESIAN_POINT('Origin',(-31.191713752302,-30.,133.970803147731));
#14095=CARTESIAN_POINT('Origin',(-61.9414467717641,-30.,167.9474886951));
#14096=CARTESIAN_POINT('Ctrl Pts',(-25.2909091255381,-23.458346274644,127.450753586549));
#14097=CARTESIAN_POINT('Ctrl Pts',(-25.8479326575626,-24.0771788775401,
128.0662325365));
#14098=CARTESIAN_POINT('Ctrl Pts',(-27.5471598728686,-25.4206223000166,
129.94378083038));
#14099=CARTESIAN_POINT('Ctrl Pts',(-29.8651999417292,-26.,132.505081718945));
#14100=CARTESIAN_POINT('Ctrl Pts',(-31.191713752302,-26.,133.970803147731));
#14101=CARTESIAN_POINT('Ctrl Pts',(-24.6253951198499,-23.458346274644,128.053060070126));
#14102=CARTESIAN_POINT('Ctrl Pts',(-25.1822448783157,-24.0769858215246,
128.668347010293));
#14103=CARTESIAN_POINT('Ctrl Pts',(-26.8814847343318,-25.4203754538944,
130.545909271431));
#14104=CARTESIAN_POINT('Ctrl Pts',(-29.1998856764112,-26.,133.107608904137));
#14105=CARTESIAN_POINT('Ctrl Pts',(-30.5261997466138,-26.,134.573109631308));
#14106=CARTESIAN_POINT('Ctrl Pts',(-22.7768208024645,-24.0448702737014,
129.136345245899));
#14107=CARTESIAN_POINT('Ctrl Pts',(-23.3795185345195,-24.7144452285183,
129.802291558642));
#14108=CARTESIAN_POINT('Ctrl Pts',(-25.1822009901797,-26.1324090322773,
131.794151939965));
#14109=CARTESIAN_POINT('Ctrl Pts',(-27.592010166024,-26.7315670329694,134.456852411055));
#14110=CARTESIAN_POINT('Ctrl Pts',(-28.9710232273074,-26.7315670329694,
135.9805824909));
#14111=CARTESIAN_POINT('Ctrl Pts',(-21.2009181391255,-25.7057763002282,
128.892619718139));
#14112=CARTESIAN_POINT('Ctrl Pts',(-21.9324229915824,-26.5184512158314,
129.700890486948));
#14113=CARTESIAN_POINT('Ctrl Pts',(-24.0281064743127,-28.1472755245588,
132.016500142956));
#14114=CARTESIAN_POINT('Ctrl Pts',(-26.6988904259464,-28.8032027986325,
134.967562723961));
#14115=CARTESIAN_POINT('Ctrl Pts',(-28.2259581286413,-28.8032027986325,
136.654884663022));
#14116=CARTESIAN_POINT('Ctrl Pts',(-20.7209379762646,-26.6652923103437,
128.36226925779));
#14117=CARTESIAN_POINT('Ctrl Pts',(-21.5273636000991,-27.5612014401176,
129.253323167787));
#14118=CARTESIAN_POINT('Ctrl Pts',(-23.7922786871904,-29.3119984786479,
131.75592400848));
#14119=CARTESIAN_POINT('Ctrl Pts',(-26.6127743175667,-30.,134.872409379601));
#14120=CARTESIAN_POINT('Ctrl Pts',(-28.2259581286413,-30.,136.654884663022));
#14121=CARTESIAN_POINT('',(-23.372183926536,-23.9991753862062,128.643470901351));
#14122=CARTESIAN_POINT('Origin',(-23.6866935999253,-26.6652923103437,125.678187742499));
#14123=CARTESIAN_POINT('Origin',(-31.191713752302,-20.,133.970803147731));
#14124=CARTESIAN_POINT('Ctrl Pts',(-20.7209379762646,-26.6652923103437,
128.36226925779));
#14125=CARTESIAN_POINT('Ctrl Pts',(-20.2014066476265,-26.0881121628216,
127.788217035158));
#14126=CARTESIAN_POINT('Ctrl Pts',(-18.7117929497217,-24.4785102848675,
126.571814031371));
#14127=CARTESIAN_POINT('Ctrl Pts',(-16.7674163647766,-22.4775467747474,
125.932478748699));
#14128=CARTESIAN_POINT('Ctrl Pts',(-15.6293117390375,-21.3330584620687,
125.811766865567));
#14129=CARTESIAN_POINT('Ctrl Pts',(-20.9458822175795,-26.2156120576466,
128.610819700423));
#14130=CARTESIAN_POINT('Ctrl Pts',(-20.4398340902103,-25.6534112495184,
128.051665639327));
#14131=CARTESIAN_POINT('Ctrl Pts',(-18.9821523484429,-24.0781714844644,
126.859992012191));
#14132=CARTESIAN_POINT('Ctrl Pts',(-17.0690984554663,-22.1093738229547,
126.230307288783));
#14133=CARTESIAN_POINT('Ctrl Pts',(-15.9492717549049,-20.9832659572691,
126.11153403477));
#14134=CARTESIAN_POINT('Ctrl Pts',(-21.6777051851126,-25.1660363043035,
129.003796716461));
#14135=CARTESIAN_POINT('Ctrl Pts',(-21.1905341180024,-24.6248072139995,
128.465500720704));
#14136=CARTESIAN_POINT('Ctrl Pts',(-19.7776758711318,-23.0977998314035,
127.308517722388));
#14137=CARTESIAN_POINT('Ctrl Pts',(-17.9086869445069,-21.1742579098082,
126.692453227023));
#14138=CARTESIAN_POINT('Ctrl Pts',(-16.8144501233892,-20.0738834585062,
126.576394136951));
#14139=CARTESIAN_POINT('Ctrl Pts',(-22.7445323966017,-24.3323817287425,
128.87648898238));
#14140=CARTESIAN_POINT('Ctrl Pts',(-22.2430686330904,-23.7752739798042,
128.322400379548));
#14141=CARTESIAN_POINT('Ctrl Pts',(-20.7960179011803,-22.2114788524808,
127.139003092775));
#14142=CARTESIAN_POINT('Ctrl Pts',(-18.8932059625304,-20.2531899552167,
126.512389668185));
#14143=CARTESIAN_POINT('Ctrl Pts',(-17.779593858778,-19.1333315443308,126.394275558917));
#14144=CARTESIAN_POINT('Ctrl Pts',(-23.372183926536,-23.9991753862062,128.643470901351));
#14145=CARTESIAN_POINT('Ctrl Pts',(-22.8526525978979,-23.4219952386841,
128.06941867872));
#14146=CARTESIAN_POINT('Ctrl Pts',(-21.3630388999932,-21.81239336073,126.853015674933));
#14147=CARTESIAN_POINT('Ctrl Pts',(-19.418662315048,-19.8114298506099,126.213680392261));
#14148=CARTESIAN_POINT('Ctrl Pts',(-18.2805576893089,-18.6669415379312,
126.092968509129));
#14149=CARTESIAN_POINT('Origin',(-16.2723045407735,-20.,132.388391530725));
#14150=CARTESIAN_POINT('Origin',(5.16489147966356,-37.,154.));
#14151=CARTESIAN_POINT('Origin',(-15.0939344279859,-37.,154.));
#14152=CARTESIAN_POINT('Origin',(88.1168491448819,-37.,154.));
#14153=CARTESIAN_POINT('Origin',(4.94340129386923,-37.,134.75020753827));
#14154=CARTESIAN_POINT('Origin',(-15.0939344279859,-37.,154.));
#14155=CARTESIAN_POINT('Origin',(-9.20208070422821,-37.,148.33971846499));
#14156=CARTESIAN_POINT('Origin',(62.0784754419648,-37.,140.779420432197));
#14157=CARTESIAN_POINT('Origin',(82.4523142338963,-37.,138.618490416118));
#14158=CARTESIAN_POINT('Origin',(-9.20208070422822,-37.,148.33971846499));
#14159=CARTESIAN_POINT('Origin',(79.6834283664411,-37.,137.277311324069));
#14160=CARTESIAN_POINT('Origin',(82.4523142338963,-37.,138.618490416118));
#14161=CARTESIAN_POINT('Origin',(98.8206090530375,-37.,146.546883219139));
#14162=CARTESIAN_POINT('Origin',(73.0730880547537,-37.,164.475095591659));
#14163=CARTESIAN_POINT('Origin',(98.8206090530375,-37.,146.546883219139));
#14164=CARTESIAN_POINT('Origin',(88.1168491448819,-37.,154.));
#14165=CARTESIAN_POINT('Origin',(-15.0939344279859,-42.,154.));
#14166=CARTESIAN_POINT('Origin',(-15.0939344279859,-37.,154.));
#14167=CARTESIAN_POINT('Origin',(98.8206090530375,-42.,146.546883219139));
#14168=CARTESIAN_POINT('Origin',(98.8206090530375,-37.,146.546883219139));
#14169=CARTESIAN_POINT('Origin',(88.1168491448819,-37.,154.));
#14170=CARTESIAN_POINT('Origin',(-15.0939344279859,-37.,154.));
#14171=CARTESIAN_POINT('Origin',(-9.2020807042282,-37.,148.33971846499));
#14172=CARTESIAN_POINT('Origin',(82.4523142338963,-37.,138.618490416118));
#14173=CARTESIAN_POINT('Origin',(98.8206090530375,-37.,146.546883219139));
#14174=CARTESIAN_POINT('Origin',(102.696518118541,-13.0000009387732,106.597210220353));
#14175=CARTESIAN_POINT('',(105.575527793433,-13.0000009387732,109.374133570372));
#14176=CARTESIAN_POINT('Origin',(102.696518118541,-13.0000009387732,106.597210220353));
#14177=CARTESIAN_POINT('Origin',(102.696518118541,-13.0000009387732,106.597210220353));
#14178=CARTESIAN_POINT('Ctrl Pts',(-61.9414467717641,-26.,167.9474886951));
#14179=CARTESIAN_POINT('Ctrl Pts',(-62.8577002017532,-26.,168.959896011051));
#14180=CARTESIAN_POINT('Ctrl Pts',(-64.9985777706105,-25.5286287444509,
171.325442531616));
#14181=CARTESIAN_POINT('Ctrl Pts',(-66.6121729230421,-24.1241444214579,
173.108372323566));
#14182=CARTESIAN_POINT('Ctrl Pts',(-67.2286202678799,-23.2507533124144,
173.789511167237));
#14183=CARTESIAN_POINT('Ctrl Pts',(-61.2759327660758,-26.,168.549795178677));
#14184=CARTESIAN_POINT('Ctrl Pts',(-62.1920062445171,-26.,169.562003658522));
#14185=CARTESIAN_POINT('Ctrl Pts',(-64.3329252109852,-25.5284737917968,
171.927595921065));
#14186=CARTESIAN_POINT('Ctrl Pts',(-65.946900426657,-24.1238022477429,173.710945661026));
#14187=CARTESIAN_POINT('Ctrl Pts',(-66.5631062621917,-23.2507533124144,
174.391817650814));
#14188=CARTESIAN_POINT('Ctrl Pts',(-59.7207811012964,-26.7315922754632,
169.957245544313));
#14189=CARTESIAN_POINT('Ctrl Pts',(-60.6843325382831,-26.7315922754632,
171.021914436316));
#14190=CARTESIAN_POINT('Ctrl Pts',(-62.9349992823476,-26.2374858170807,
173.50877167786));
#14191=CARTESIAN_POINT('Ctrl Pts',(-64.6662787792208,-24.7442962110951,
175.42173589848));
#14192=CARTESIAN_POINT('Ctrl Pts',(-65.3462038148045,-23.7809690334086,
176.173013937714));
#14193=CARTESIAN_POINT('Ctrl Pts',(-58.9756911481034,-28.8032027986325,
170.631570210391));
#14194=CARTESIAN_POINT('Ctrl Pts',(-60.0726290500535,-28.8032027986325,
171.843623470689));
#14195=CARTESIAN_POINT('Ctrl Pts',(-62.6343052214704,-28.2442492072561,
174.674128232969));
#14196=CARTESIAN_POINT('Ctrl Pts',(-64.6999756991742,-26.4993108535105,
176.956575245469));
#14197=CARTESIAN_POINT('Ctrl Pts',(-65.5589159895249,-25.282352391326,177.905654840103));
#14198=CARTESIAN_POINT('Ctrl Pts',(-58.9756911481034,-30.,170.631570210391));
#14199=CARTESIAN_POINT('Ctrl Pts',(-60.1502134010989,-30.,171.92934971414));
#14200=CARTESIAN_POINT('Ctrl Pts',(-62.8914430710333,-29.4040355888543,
174.958250760192));
#14201=CARTESIAN_POINT('Ctrl Pts',(-65.149186467163,-27.5142050215805,177.452927295055));
#14202=CARTESIAN_POINT('Ctrl Pts',(-66.1122511330426,-26.1497217065708,
178.517058332995));
#14203=CARTESIAN_POINT('',(-67.0608818279596,-23.2555652595394,173.94748869056));
#14204=CARTESIAN_POINT('Ctrl Pts',(-61.9414467717641,-26.,167.9474886951));
#14205=CARTESIAN_POINT('Ctrl Pts',(-62.628950280753,-26.,168.753245775349));
#14206=CARTESIAN_POINT('Ctrl Pts',(-63.3212863527556,-25.8818712263361,
169.564666640258));
#14207=CARTESIAN_POINT('Ctrl Pts',(-64.608801567683,-25.4181647075403,171.073640029909));
#14208=CARTESIAN_POINT('Ctrl Pts',(-65.217469104196,-25.0865123882411,171.787001010159));
#14209=CARTESIAN_POINT('Ctrl Pts',(-66.2795243607623,-24.2360656067422,
173.031734355379));
#14210=CARTESIAN_POINT('Ctrl Pts',(-66.7104481519333,-23.7673748195347,
173.536778898781));
#14211=CARTESIAN_POINT('Ctrl Pts',(-67.0608818327938,-23.2555652587486,
173.94748868545));
#14212=CARTESIAN_POINT('Ctrl Pts',(-61.9766786333882,-29.4342294122394,
173.9474886951));
#14213=CARTESIAN_POINT('Ctrl Pts',(-61.9766786333882,-29.0069486541158,
173.9474886951));
#14214=CARTESIAN_POINT('Ctrl Pts',(-62.0628661388886,-28.5866824488061,
173.947488694965));
#14215=CARTESIAN_POINT('Ctrl Pts',(-62.4125610302101,-27.628954021451,173.947488694965));
#14216=CARTESIAN_POINT('Ctrl Pts',(-62.7287171851038,-27.1129404514025,
173.947488695122));
#14217=CARTESIAN_POINT('Ctrl Pts',(-63.7155857383795,-25.8482635293019,
173.947488695122));
#14218=CARTESIAN_POINT('Ctrl Pts',(-64.5229335420175,-25.1380340852029,
173.9474886951));
#14219=CARTESIAN_POINT('Ctrl Pts',(-65.8970342505559,-24.0707564322376,
173.9474886951));
#14220=CARTESIAN_POINT('Ctrl Pts',(-66.483658556722,-23.6578695106235,173.9474886951));
#14221=CARTESIAN_POINT('Ctrl Pts',(-67.0608818226388,-23.2555652595394,
173.9474886951));
#14222=CARTESIAN_POINT('Origin',(7.06804939523747,-20.,129.912821172026));
#14223=CARTESIAN_POINT('',(6.43521523627987,-20.,123.946287762478));
#14224=CARTESIAN_POINT('Origin',(100.421889439305,-40.,113.977688939699));
#14225=CARTESIAN_POINT('',(74.2988943900928,-13.0000009387732,116.748397233223));
#14226=CARTESIAN_POINT('Origin',(-73.5168343996208,-30.,148.133783423412));
#14227=CARTESIAN_POINT('',(-17.2421575243314,-30.,122.560400753017));
#14228=CARTESIAN_POINT('Origin',(-23.6121651332313,-30.,125.595838075411));
#14229=CARTESIAN_POINT('',(9.34856826051264,-13.0000009387732,109.889382689537));
#14230=CARTESIAN_POINT('Origin',(-73.5168343996208,-30.,148.133783423412));
#14231=CARTESIAN_POINT('',(-70.6845016364341,-30.,178.194386737225));
#14232=CARTESIAN_POINT('Origin',(-70.6845016364341,-30.,178.194386737225));
#14233=CARTESIAN_POINT('',(-70.4738385538701,-13.0000009387732,177.9474886951));
#14234=CARTESIAN_POINT('',(-70.4738385538701,-35.,177.9474886951));
#14235=CARTESIAN_POINT('',(-67.0608818410277,-13.0000009387732,173.9474886951));
#14236=CARTESIAN_POINT('',(-27.3985019008861,-13.0000009387732,127.463008196536));
#14237=CARTESIAN_POINT('',(-67.0608818410277,-35.,173.9474886951));
#14238=CARTESIAN_POINT('Ctrl Pts',(96.4148742882241,-30.,173.9474886951));
#14239=CARTESIAN_POINT('Ctrl Pts',(98.9783291791329,-30.,173.9474886951));
#14240=CARTESIAN_POINT('Ctrl Pts',(102.81881828432,-29.4856726605321,173.9474886951));
#14241=CARTESIAN_POINT('Ctrl Pts',(108.281710960424,-27.4838094713736,173.9474886951));
#14242=CARTESIAN_POINT('Ctrl Pts',(112.379988189381,-24.4876538021521,173.9474886951));
#14243=CARTESIAN_POINT('Ctrl Pts',(113.550308014036,-21.4959965017094,173.9474886951));
#14244=CARTESIAN_POINT('Ctrl Pts',(113.550308014036,-20.,173.9474886951));
#14245=CARTESIAN_POINT('Ctrl Pts',(96.4148742882241,-30.8975979010257,173.9474886951));
#14246=CARTESIAN_POINT('Ctrl Pts',(99.0567646417484,-30.8279154755044,173.947252154824));
#14247=CARTESIAN_POINT('Ctrl Pts',(102.988142689164,-30.1951510213912,173.947371904261));
#14248=CARTESIAN_POINT('Ctrl Pts',(108.556237337786,-27.9804378139376,173.947144835731));
#14249=CARTESIAN_POINT('Ctrl Pts',(112.719404701532,-24.7613180769732,173.947277952779));
#14250=CARTESIAN_POINT('Ctrl Pts',(113.9063867297,-21.5872785037373,173.9474886951));
#14251=CARTESIAN_POINT('Ctrl Pts',(113.9063867297,-20.,173.9474886951));
#14252=CARTESIAN_POINT('Ctrl Pts',(96.4148742882241,-32.68874063012,173.536568608235));
#14253=CARTESIAN_POINT('Ctrl Pts',(99.213248706428,-32.481172211796,173.600931600133));
#14254=CARTESIAN_POINT('Ctrl Pts',(103.326378492097,-31.6128573887438,173.685833050558));
#14255=CARTESIAN_POINT('Ctrl Pts',(109.105047834591,-28.9735417176167,173.792591578519));
#14256=CARTESIAN_POINT('Ctrl Pts',(113.398170420786,-25.3086909779026,173.86449236127));
#14257=CARTESIAN_POINT('Ctrl Pts',(114.618494661378,-21.7698278749624,173.883840592368));
#14258=CARTESIAN_POINT('Ctrl Pts',(114.618494661378,-20.,173.883840592368));
#14259=CARTESIAN_POINT('Ctrl Pts',(96.4148742882241,-35.2132832717398,171.529669044295));
#14260=CARTESIAN_POINT('Ctrl Pts',(99.433507599228,-34.9043249538585,171.888366263901));
#14261=CARTESIAN_POINT('Ctrl Pts',(103.837208532829,-33.7927714034266,172.373335131449));
#14262=CARTESIAN_POINT('Ctrl Pts',(109.9882830161,-30.5912336956131,173.001939221434));
#14263=CARTESIAN_POINT('Ctrl Pts',(114.536103224218,-26.2371758985491,173.435865196492));
#14264=CARTESIAN_POINT('Ctrl Pts',(115.825436016296,-22.0792166647869,173.553779758942));
#14265=CARTESIAN_POINT('Ctrl Pts',(115.825436016296,-20.,173.553779758942));
#14266=CARTESIAN_POINT('Ctrl Pts',(96.4148742882241,-36.,169.293885546639));
#14267=CARTESIAN_POINT('Ctrl Pts',(99.5026827519796,-35.8343907302906,169.918762899941));
#14268=CARTESIAN_POINT('Ctrl Pts',(104.064084853037,-34.8288923056013,170.809186792138));
#14269=CARTESIAN_POINT('Ctrl Pts',(110.484982068749,-31.530362526318,172.017949104596));
#14270=CARTESIAN_POINT('Ctrl Pts',(115.260617932849,-26.845656485322,172.888714631261));
#14271=CARTESIAN_POINT('Ctrl Pts',(116.61809300438,-22.2824289003358,173.131500401246));
#14272=CARTESIAN_POINT('Ctrl Pts',(116.61809300438,-20.,173.131500401246));
#14273=CARTESIAN_POINT('Ctrl Pts',(96.4148742882241,-36.,167.9474886951));
#14274=CARTESIAN_POINT('Ctrl Pts',(99.5021547883287,-36.,168.676384245283));
#14275=CARTESIAN_POINT('Ctrl Pts',(104.12742327554,-35.1770762568514,169.768393092103));
#14276=CARTESIAN_POINT('Ctrl Pts',(110.706623125286,-31.9740951541977,171.321717933847));
#14277=CARTESIAN_POINT('Ctrl Pts',(115.642357090356,-27.1802460834433,172.487026535998));
#14278=CARTESIAN_POINT('Ctrl Pts',(117.051824284944,-22.3935944027351,172.81979654709));
#14279=CARTESIAN_POINT('Ctrl Pts',(117.051824284944,-20.,172.81979654709));
#14280=CARTESIAN_POINT('',(113.550308014036,-20.,173.9474886951));
#14281=CARTESIAN_POINT('Origin',(96.4148742882241,-20.,173.9474886951));
#14282=CARTESIAN_POINT('',(117.051824284944,-20.,172.81979654709));
#14283=CARTESIAN_POINT('Ctrl Pts',(113.550308014036,-20.,173.9474886951));
#14284=CARTESIAN_POINT('Ctrl Pts',(113.9063867297,-20.,173.9474886951));
#14285=CARTESIAN_POINT('Ctrl Pts',(114.618494661378,-20.,173.883840592368));
#14286=CARTESIAN_POINT('Ctrl Pts',(115.825436016296,-20.,173.553779758942));
#14287=CARTESIAN_POINT('Ctrl Pts',(116.61809300438,-20.,173.131500401246));
#14288=CARTESIAN_POINT('Ctrl Pts',(117.051824284944,-20.,172.81979654709));
#14289=CARTESIAN_POINT('',(110.737750171338,-31.5189777362393,171.329066914724));
#14290=CARTESIAN_POINT('Ctrl Pts',(117.051824284944,-20.,172.81979654709));
#14291=CARTESIAN_POINT('Ctrl Pts',(117.051824284944,-22.3935944027351,172.81979654709));
#14292=CARTESIAN_POINT('Ctrl Pts',(115.789785636875,-26.6795681657938,172.521833872593));
#14293=CARTESIAN_POINT('Ctrl Pts',(112.492024437265,-30.202625067749,171.743244604828));
#14294=CARTESIAN_POINT('Ctrl Pts',(110.735979762292,-31.5174525121299,171.328648927672));
#14295=CARTESIAN_POINT('Ctrl Pts',(110.736429537097,-31.517115735886,171.328755117846));
#14296=CARTESIAN_POINT('Ctrl Pts',(110.271752033281,-31.8650611332623,171.219046471421));
#14297=CARTESIAN_POINT('Ctrl Pts',(108.62566188117,-32.987178765044,170.830410651957));
#14298=CARTESIAN_POINT('Ctrl Pts',(104.12742327554,-35.1770762568514,169.768393092103));
#14299=CARTESIAN_POINT('Ctrl Pts',(99.5021547883287,-36.,168.676384245283));
#14300=CARTESIAN_POINT('Ctrl Pts',(96.4148742882241,-36.,167.9474886951));
#14301=CARTESIAN_POINT('Origin',(-122.570623450489,-40.,173.9474886951));
#14302=CARTESIAN_POINT('',(113.550308014036,-13.0000009387732,173.9474886951));
#14303=CARTESIAN_POINT('',(-38.0858568685066,-13.0000009387732,173.9474886951));
#14304=CARTESIAN_POINT('',(113.550308014036,50.,173.9474886951));
#14305=CARTESIAN_POINT('Origin',(-122.570623450489,-40.,177.9474886951));
#14306=CARTESIAN_POINT('',(113.550308014036,-20.,177.9474886951));
#14307=CARTESIAN_POINT('Origin',(96.4148742882241,-20.,177.9474886951));
#14308=CARTESIAN_POINT('',(113.550308014036,-13.0000009387732,177.9474886951));
#14309=CARTESIAN_POINT('',(113.550308014036,50.,177.9474886951));
#14310=CARTESIAN_POINT('',(-38.0858568685066,-13.0000009387732,177.9474886951));
#14311=CARTESIAN_POINT('Ctrl Pts',(96.4148742882241,-30.,177.9474886951));
#14312=CARTESIAN_POINT('Ctrl Pts',(97.6966017336785,-30.,177.9474886951));
#14313=CARTESIAN_POINT('Ctrl Pts',(101.542577763924,-29.7494066228816,177.9474886951));
#14314=CARTESIAN_POINT('Ctrl Pts',(107.463662690942,-28.0861631694919,177.9474886951));
#14315=CARTESIAN_POINT('Ctrl Pts',(112.379781797699,-24.4868436651638,177.9474886951));
#14316=CARTESIAN_POINT('Ctrl Pts',(113.550308014036,-21.4959965017094,177.9474886951));
#14317=CARTESIAN_POINT('Ctrl Pts',(113.550308014036,-20.,177.9474886951));
#14318=CARTESIAN_POINT('Ctrl Pts',(96.4148742882241,-31.4959965017094,177.9474886951));
#14319=CARTESIAN_POINT('Ctrl Pts',(97.7619503740981,-31.4379865480666,177.947317240473));
#14320=CARTESIAN_POINT('Ctrl Pts',(101.781094721528,-31.0008806801943,177.947203116308));
#14321=CARTESIAN_POINT('Ctrl Pts',(107.899289067366,-28.9880699036855,177.947073448443));
#14322=CARTESIAN_POINT('Ctrl Pts',(112.945547832786,-24.943084042117,177.947162589773));
#14323=CARTESIAN_POINT('Ctrl Pts',(114.143772540142,-21.648132223437,177.9474886951));
#14324=CARTESIAN_POINT('Ctrl Pts',(114.143772540142,-20.,177.9474886951));
#14325=CARTESIAN_POINT('Ctrl Pts',(96.4148742882241,-34.48117339358,177.262769812132));
#14326=CARTESIAN_POINT('Ctrl Pts',(97.8923926121942,-34.3081010792134,177.316389920277));
#14327=CARTESIAN_POINT('Ctrl Pts',(102.257479348589,-33.5007078320934,177.467792792229));
#14328=CARTESIAN_POINT('Ctrl Pts',(108.77015663435,-30.7909496128937,177.665573502227));
#14329=CARTESIAN_POINT('Ctrl Pts',(114.076956565856,-25.8553039691709,177.809095504797));
#14330=CARTESIAN_POINT('Ctrl Pts',(115.330618186082,-21.9523838457655,177.841410589631));
#14331=CARTESIAN_POINT('Ctrl Pts',(115.330618186082,-20.,177.841410589631));
#14332=CARTESIAN_POINT('Ctrl Pts',(96.4148742882241,-38.6879698797811,173.917952004858));
#14333=CARTESIAN_POINT('Ctrl Pts',(98.0758875205253,-38.4306206229636,174.216863118278));
#14334=CARTESIAN_POINT('Ctrl Pts',(102.958414054342,-37.2936415130476,175.070437666663));
#14335=CARTESIAN_POINT('Ctrl Pts',(110.157274722512,-33.7165301784336,176.227568253153));
#14336=CARTESIAN_POINT('Ctrl Pts',(115.973496151427,-27.4029585320372,177.09470848375));
#14337=CARTESIAN_POINT('Ctrl Pts',(117.342176645677,-22.4680279635189,177.291294842891));
#14338=CARTESIAN_POINT('Ctrl Pts',(117.342176645677,-20.,177.291294842891));
#14339=CARTESIAN_POINT('Ctrl Pts',(96.4148742882241,-40.,170.191483447664));
#14340=CARTESIAN_POINT('Ctrl Pts',(98.1335770540907,-39.8619383172654,170.712226436851));
#14341=CARTESIAN_POINT('Ctrl Pts',(103.236176265802,-38.9969613954256,172.237446743114));
#14342=CARTESIAN_POINT('Ctrl Pts',(110.910220323688,-35.3947537172318,174.442490086894));
#14343=CARTESIAN_POINT('Ctrl Pts',(117.180807429061,-28.4164014154716,176.182617994456));
#14344=CARTESIAN_POINT('Ctrl Pts',(118.663282997943,-22.8067182120412,176.587508205343));
#14345=CARTESIAN_POINT('Ctrl Pts',(118.663282997943,-20.,176.587508205343));
#14346=CARTESIAN_POINT('Ctrl Pts',(96.4148742882241,-40.,167.9474886951));
#14347=CARTESIAN_POINT('Ctrl Pts',(98.133123074675,-40.,168.554901653586));
#14348=CARTESIAN_POINT('Ctrl Pts',(103.288933438356,-39.4988132457632,170.377516662012));
#14349=CARTESIAN_POINT('Ctrl Pts',(111.226578080673,-36.1723263389837,173.18352953606));
#14350=CARTESIAN_POINT('Ctrl Pts',(117.816993007957,-28.9736873303277,175.513287287205));
#14351=CARTESIAN_POINT('Ctrl Pts',(119.38616846555,-22.9919930034188,176.068001781751));
#14352=CARTESIAN_POINT('Ctrl Pts',(119.38616846555,-20.,176.068001781751));
#14353=CARTESIAN_POINT('',(119.38616846555,-20.,176.06800178175));
#14354=CARTESIAN_POINT('Origin',(96.4148742882241,-20.,167.9474886951));
#14355=CARTESIAN_POINT('Origin',(113.550308014036,-20.,167.9474886951));
#14356=CARTESIAN_POINT('Origin',(102.148326906428,-20.,163.827105040992));
#14357=CARTESIAN_POINT('',(128.540141758879,-40.,144.860452700478));
#14358=CARTESIAN_POINT('',(102.148326906428,-40.,163.827105040992));
#14359=CARTESIAN_POINT('',(161.25056618464,-30.,142.68221700122));
#14360=CARTESIAN_POINT('Origin',(128.540141758879,-20.,144.860452700478));
#14361=CARTESIAN_POINT('',(161.437046254204,-30.,142.548201865556));
#14362=CARTESIAN_POINT('',(112.256333714332,-30.,177.892246290598));
#14363=CARTESIAN_POINT('',(163.451674052845,-20.,144.400034673168));
#14364=CARTESIAN_POINT('Origin',(145.175619420217,-20.,132.905256626053));
#14365=CARTESIAN_POINT('',(113.820047809456,-20.,180.068131214293));
#14366=CARTESIAN_POINT('Origin',(49.6162675234529,-40.,96.9562212036032));
#14367=CARTESIAN_POINT('',(155.731784315241,-40.,159.36943144147));
#14368=CARTESIAN_POINT('Origin',(155.731784315241,-20.,159.36943144147));
#14369=CARTESIAN_POINT('',(163.885573294023,-30.,144.088210113006));
#14370=CARTESIAN_POINT('Origin',(160.901579248698,-30.,80.0265819125563));
#14371=CARTESIAN_POINT('',(148.381020610834,-30.,134.33657632795));
#14372=CARTESIAN_POINT('Origin',(163.885573294023,-30.,144.088210113006));
#14373=CARTESIAN_POINT('',(155.289063545887,-25.0061135512839,138.9734160519));
#14374=CARTESIAN_POINT('',(107.374997201608,-25.0061135512839,108.837723801397));
#14375=CARTESIAN_POINT('',(148.249421037455,-25.0061135512839,134.545812294303));
#14376=CARTESIAN_POINT('',(163.333010941166,-17.2651919980911,144.4853127034));
#14377=CARTESIAN_POINT('Origin',(155.025864399129,-15.0183406538516,139.391887984607));
#14378=CARTESIAN_POINT('',(162.087851937643,11.4317700002985,145.380154458713));
#14379=CARTESIAN_POINT('Ctrl Pts',(107.374997201608,-25.0061135512839,108.837723801397));
#14380=CARTESIAN_POINT('Ctrl Pts',(106.782243793894,-25.0061135512839,108.464909810888));
#14381=CARTESIAN_POINT('Ctrl Pts',(106.190786945729,-24.8692382912406,108.100914758004));
#14382=CARTESIAN_POINT('Ctrl Pts',(105.098089902269,-24.3394120860917,107.444640110589));
#14383=CARTESIAN_POINT('Ctrl Pts',(104.604555171912,-23.958410590028,107.156508174522));
#14384=CARTESIAN_POINT('Ctrl Pts',(103.791045400683,-23.0186415161773,106.699799635481));
#14385=CARTESIAN_POINT('Ctrl Pts',(103.471360362652,-22.479491717312,106.530258326622));
#14386=CARTESIAN_POINT('Ctrl Pts',(103.022412958289,-21.2912098399197,106.317373563722));
#14387=CARTESIAN_POINT('Ctrl Pts',(102.898254886604,-20.655424785247,106.276460034538));
#14388=CARTESIAN_POINT('Ctrl Pts',(102.881305253986,-20.0122271025678,106.303409003056));
#14389=CARTESIAN_POINT('Origin',(221.671558924016,-19.6216149057333,52.2117227162774));
#14390=CARTESIAN_POINT('',(110.73775017134,-24.7832660932834,105.633981843808));
#14391=CARTESIAN_POINT('',(181.711741084044,-20.0798770933689,38.0163350732353));
#14392=CARTESIAN_POINT('Ctrl Pts',(110.737753679962,-24.7832661549486,105.633985522344));
#14393=CARTESIAN_POINT('Ctrl Pts',(110.926988001252,-24.7707258081798,105.453701451217));
#14394=CARTESIAN_POINT('Ctrl Pts',(112.680643099723,-24.6545131189921,103.78299102326));
#14395=CARTESIAN_POINT('Ctrl Pts',(115.998481227206,-24.4346446699028,100.6221004851));
#14396=CARTESIAN_POINT('Ctrl Pts',(120.693073758668,-24.1235348635375,96.1494436658595));
#14397=CARTESIAN_POINT('Ctrl Pts',(125.386399735354,-23.8125133971438,91.6780986751913));
#14398=CARTESIAN_POINT('Ctrl Pts',(130.080280258529,-23.5014532521063,87.2061793154218));
#14399=CARTESIAN_POINT('Ctrl Pts',(134.774060207842,-23.1904001219191,82.7343641245902));
#14400=CARTESIAN_POINT('Ctrl Pts',(139.467767549383,-22.8793520559964,78.2626241369404));
#14401=CARTESIAN_POINT('Ctrl Pts',(144.161578405891,-22.5682967700866,73.7907769341171));
#14402=CARTESIAN_POINT('Ctrl Pts',(148.855255647808,-22.2572508035599,69.3190681220213));
#14403=CARTESIAN_POINT('Ctrl Pts',(153.549188993685,-21.9461869742317,64.8470940513694));
#14404=CARTESIAN_POINT('Ctrl Pts',(158.242608126668,-21.6351590103498,60.3756525744733));
#14405=CARTESIAN_POINT('Ctrl Pts',(164.501738987367,-21.2203686625161,54.4124476443751));
#14406=CARTESIAN_POINT('Ctrl Pts',(170.758222391352,-20.8057629701395,48.4519848059952));
#14407=CARTESIAN_POINT('Ctrl Pts',(177.018446694278,-20.3908963566304,42.4876473478896));
#14408=CARTESIAN_POINT('Ctrl Pts',(180.144238075069,-20.1837644160433,39.5099538381717));
#14409=CARTESIAN_POINT('Ctrl Pts',(181.711741084044,-20.0798770933689,38.0163350732353));
#14410=CARTESIAN_POINT('',(192.043558933312,-20.0798770933691,44.5145621461953));
#14411=CARTESIAN_POINT('',(216.742327616694,-20.0798770933691,60.0489249919742));
#14412=CARTESIAN_POINT('',(191.317712125142,-20.2708379350842,48.6157482106064));
#14413=CARTESIAN_POINT('Origin',(191.317712125142,-20.1822167259768,46.5006039409888));
#14414=CARTESIAN_POINT('',(192.793468393288,-20.0798770933691,44.9862198957004));
#14415=CARTESIAN_POINT('Origin',(191.317712125142,-20.1822167259768,46.5006039409888));
#14416=CARTESIAN_POINT('',(201.928734810869,-20.0798770933691,50.7318724439199));
#14417=CARTESIAN_POINT('',(216.742327616694,-20.0798770933691,60.0489249919742));
#14418=CARTESIAN_POINT('',(204.284394921342,-20.4511015544425,61.0735775955825));
#14419=CARTESIAN_POINT('Origin',(197.935712290274,-20.4511015544425,57.0805550749878));
#14420=CARTESIAN_POINT('',(185.299365469421,-22.2161072087815,91.2587133192283));
#14421=CARTESIAN_POINT('Ctrl Pts',(107.374998253177,-25.006113569764,108.837724903854));
#14422=CARTESIAN_POINT('Ctrl Pts',(108.496101462326,-24.9318182133178,107.769620439713));
#14423=CARTESIAN_POINT('Ctrl Pts',(109.616966906175,-24.8575394405839,106.701762239942));
#14424=CARTESIAN_POINT('Ctrl Pts',(110.737753679962,-24.7832661549486,105.633985522344));
#14425=CARTESIAN_POINT('',(115.698373411114,-24.7585723471944,108.164608615652));
#14426=CARTESIAN_POINT('',(181.585566767619,-20.3622449629531,44.6763209998527));
#14427=CARTESIAN_POINT('',(190.089203573219,-19.7948392282481,36.4822955483053));
#14428=CARTESIAN_POINT('',(152.022907555305,-24.7883961746495,131.722843321915));
#14429=CARTESIAN_POINT('',(140.223218462327,-24.7787081800248,124.0701685757));
#14430=CARTESIAN_POINT('',(200.549928146084,-20.378401468714,56.9896228995771));
#14431=CARTESIAN_POINT('',(180.509622217376,-22.1996062732745,87.8523583831935));
#14432=CARTESIAN_POINT('',(206.887539168368,-20.383800735631,61.1045475354799));
#14433=CARTESIAN_POINT('Origin',(46.3989097134763,-13.0000009387732,102.765161653373));
#14434=CARTESIAN_POINT('',(119.38616846555,-13.0000009387732,176.068001781751));
#14435=CARTESIAN_POINT('Origin',(113.550308014036,-13.0000009387732,167.9474886951));
#14436=CARTESIAN_POINT('',(163.885573294023,-13.0000009387732,144.088210113006));
#14437=CARTESIAN_POINT('',(111.382807276128,-13.0000009387732,181.819670247295));
#14438=CARTESIAN_POINT('',(185.200755411936,-13.0000009387732,110.198261886548));
#14439=CARTESIAN_POINT('',(156.54622137308,-13.0000009387732,155.757369458706));
#14440=CARTESIAN_POINT('',(212.275388751924,-13.0000009387732,66.535222341883));
#14441=CARTESIAN_POINT('Origin',(176.735845237178,-13.0000009387732,104.874231859088));
#14442=CARTESIAN_POINT('',(206.75949838745,-13.0000009387732,43.0512283565766));
#14443=CARTESIAN_POINT('Ctrl Pts',(212.275388751924,-13.0000009387732,66.5352223418831));
#14444=CARTESIAN_POINT('Ctrl Pts',(212.468341289916,-13.0000009387732,66.2194156973508));
#14445=CARTESIAN_POINT('Ctrl Pts',(212.650526497341,-13.0000034827419,65.8977905805548));
#14446=CARTESIAN_POINT('Ctrl Pts',(212.821900291399,-13.0000070186643,65.5709517441751));
#14447=CARTESIAN_POINT('Ctrl Pts',(212.995184964014,-13.0000105940135,65.2404685389039));
#14448=CARTESIAN_POINT('Ctrl Pts',(213.157416003296,-13.0000151695856,64.9046542283344));
#14449=CARTESIAN_POINT('Ctrl Pts',(213.308504935516,-13.0000193707401,64.5641021957311));
#14450=CARTESIAN_POINT('Ctrl Pts',(213.460760893355,-13.0000236043448,64.2209197060794));
#14451=CARTESIAN_POINT('Ctrl Pts',(213.601702176228,-13.0000274430178,63.8729255112102));
#14452=CARTESIAN_POINT('Ctrl Pts',(213.731191556626,-13.0000299293342,63.5207021572776));
#14453=CARTESIAN_POINT('Ctrl Pts',(213.860481637827,-13.0000324118239,63.169020915999));
#14454=CARTESIAN_POINT('Ctrl Pts',(213.978355202068,-13.0000335319842,62.8131229764065));
#14455=CARTESIAN_POINT('Ctrl Pts',(214.084626517598,-13.0000329986558,62.4535716880423));
#14456=CARTESIAN_POINT('Ctrl Pts',(214.189693445789,-13.0000324713717,62.0980952435533));
#14457=CARTESIAN_POINT('Ctrl Pts',(214.283419697172,-13.0000303155851,61.7390472512126));
#14458=CARTESIAN_POINT('Ctrl Pts',(214.36557603372,-13.0000270917039,61.3769640664279));
#14459=CARTESIAN_POINT('Ctrl Pts',(214.4436515667,-13.0000240279568,61.0328659867997));
#14460=CARTESIAN_POINT('Ctrl Pts',(214.511277798087,-13.0000199955274,60.6860263125239));
#14461=CARTESIAN_POINT('Ctrl Pts',(214.568214343938,-13.0000163468632,60.3369050744795));
#14462=CARTESIAN_POINT('Ctrl Pts',(214.624151572322,-13.0000127622382,59.9939114113787));
#14463=CARTESIAN_POINT('Ctrl Pts',(214.669606719822,-13.0000088834118,59.6497223427918));
#14464=CARTESIAN_POINT('Ctrl Pts',(214.7044963651,-13.0000053852758,59.3048004980536));
#14465=CARTESIAN_POINT('Ctrl Pts',(214.742175580117,-13.0000016074497,58.9323007420824));
#14466=CARTESIAN_POINT('Ctrl Pts',(214.76753307001,-12.9999982543159,58.5589460812045));
#14467=CARTESIAN_POINT('Ctrl Pts',(214.780640271046,-12.9999949194678,58.1853634550207));
#14468=CARTESIAN_POINT('Ctrl Pts',(214.793773720338,-12.9999915779414,57.8110326986647));
#14469=CARTESIAN_POINT('Ctrl Pts',(214.79460779424,-12.9999882426513,57.4364724844019));
#14470=CARTESIAN_POINT('Ctrl Pts',(214.783162414757,-12.9999853292598,57.0623071388902));
#14471=CARTESIAN_POINT('Ctrl Pts',(214.771773588851,-12.9999824302639,56.6899906083731));
#14472=CARTESIAN_POINT('Ctrl Pts',(214.748226336819,-12.9999799380538,56.3180644819213));
#14473=CARTESIAN_POINT('Ctrl Pts',(214.712488964489,-12.9999792487564,55.9471461702208));
#14474=CARTESIAN_POINT('Ctrl Pts',(214.697612630291,-12.9999789618238,55.7927446458367));
#14475=CARTESIAN_POINT('Ctrl Pts',(214.680623387988,-12.9999790000576,55.6385178314225));
#14476=CARTESIAN_POINT('Ctrl Pts',(214.661516321642,-12.999979521861,55.4845107399355));
#14477=CARTESIAN_POINT('Ctrl Pts',(214.615414282558,-12.9999807808824,55.1129183236773));
#14478=CARTESIAN_POINT('Ctrl Pts',(214.556986165067,-12.9999847731333,54.7426038629131));
#14479=CARTESIAN_POINT('Ctrl Pts',(214.486389361827,-12.9999891281119,54.374135522168));
#14480=CARTESIAN_POINT('Ctrl Pts',(214.442057999557,-12.9999918628269,54.1427553073533));
#14481=CARTESIAN_POINT('Ctrl Pts',(214.392927260874,-12.9999947637519,53.9121033578999));
#14482=CARTESIAN_POINT('Ctrl Pts',(214.339026473271,-12.9999974976055,53.6823245621329));
#14483=CARTESIAN_POINT('Ctrl Pts',(214.253702921016,-13.0000018252249,53.3185906732732));
#14484=CARTESIAN_POINT('Ctrl Pts',(214.156699029661,-13.0000045855055,52.9581933721728));
#14485=CARTESIAN_POINT('Ctrl Pts',(214.048314897725,-13.0000050583863,52.6016663085193));
#14486=CARTESIAN_POINT('Ctrl Pts',(213.934865855382,-13.0000055533655,52.2284783407029));
#14487=CARTESIAN_POINT('Ctrl Pts',(213.80894833237,-13.0000035261868,51.8595301274211));
#14488=CARTESIAN_POINT('Ctrl Pts',(213.670846589709,-12.9999991098698,51.4954405342803));
#14489=CARTESIAN_POINT('Ctrl Pts',(213.53784118786,-12.9999948565272,51.14478686611));
#14490=CARTESIAN_POINT('Ctrl Pts',(213.393533724555,-12.9999883850567,50.798639364964));
#14491=CARTESIAN_POINT('Ctrl Pts',(213.238127231562,-12.999980795854,50.4575653303572));
#14492=CARTESIAN_POINT('Ctrl Pts',(213.083502049873,-12.9999732448062,50.1182060567833));
#14493=CARTESIAN_POINT('Ctrl Pts',(212.917888954718,-12.999964580322,49.7838688496412));
#14494=CARTESIAN_POINT('Ctrl Pts',(212.741441427367,-12.9999569502943,49.4551344549164));
#14495=CARTESIAN_POINT('Ctrl Pts',(212.567233677154,-12.9999494171202,49.1305729255933));
#14496=CARTESIAN_POINT('Ctrl Pts',(212.382464567277,-12.9999428872035,48.8114724172646));
#14497=CARTESIAN_POINT('Ctrl Pts',(212.187239748331,-12.9999405543066,48.4984204151126));
#14498=CARTESIAN_POINT('Ctrl Pts',(212.159886928289,-12.9999402274459,48.4545589064948));
#14499=CARTESIAN_POINT('Ctrl Pts',(212.132328791196,-12.9999399848766,48.4108161866282));
#14500=CARTESIAN_POINT('Ctrl Pts',(212.104565564665,-12.999939837268,48.3671939247797));
#14501=CARTESIAN_POINT('Ctrl Pts',(211.942640292964,-12.9999389763611,48.1127729699873));
#14502=CARTESIAN_POINT('Ctrl Pts',(211.773739790395,-12.999941306399,47.8624482668687));
#14503=CARTESIAN_POINT('Ctrl Pts',(211.598061906383,-12.9999446439046,47.6164612079455));
#14504=CARTESIAN_POINT('Ctrl Pts',(211.382232595304,-12.9999487442019,47.3142534613067));
#14505=CARTESIAN_POINT('Ctrl Pts',(211.156851631624,-12.9999535385956,47.0195383832769));
#14506=CARTESIAN_POINT('Ctrl Pts',(210.922434861165,-12.9999572628946,46.7326599928554));
#14507=CARTESIAN_POINT('Ctrl Pts',(210.685793311481,-12.9999610225398,46.4430589257158));
#14508=CARTESIAN_POINT('Ctrl Pts',(210.439943301175,-12.9999636877279,46.1614435801333));
#14509=CARTESIAN_POINT('Ctrl Pts',(210.185368758152,-12.9999643661392,45.8881932632628));
#14510=CARTESIAN_POINT('Ctrl Pts',(209.9296323743,-12.9999650476466,45.6136958720753));
#14511=CARTESIAN_POINT('Ctrl Pts',(209.66509126928,-12.9999637208402,45.3476396149771));
#14512=CARTESIAN_POINT('Ctrl Pts',(209.392194418176,-12.9999604619124,45.0904408849966));
#14513=CARTESIAN_POINT('Ctrl Pts',(209.120182024217,-12.9999572135468,44.8340757346387));
#14514=CARTESIAN_POINT('Ctrl Pts',(208.83986754468,-12.9999520434596,44.5865104078192));
#14515=CARTESIAN_POINT('Ctrl Pts',(208.551660323364,-12.9999460383539,44.3481948184606));
#14516=CARTESIAN_POINT('Ctrl Pts',(208.267372176604,-12.9999401149062,44.1131198715756));
#14517=CARTESIAN_POINT('Ctrl Pts',(207.975404046689,-12.9999333787239,43.887044519367));
#14518=CARTESIAN_POINT('Ctrl Pts',(207.676120793172,-12.9999278731811,43.6704420844962));
#14519=CARTESIAN_POINT('Ctrl Pts',(207.377720474108,-12.9999223838805,43.4544786621667));
#14520=CARTESIAN_POINT('Ctrl Pts',(207.072047760372,-12.9999181159202,43.2479319795348));
#14521=CARTESIAN_POINT('Ctrl Pts',(206.759442152229,-12.9999181159202,43.0513177674346));
#14522=CARTESIAN_POINT('',(186.677573044636,-13.0000009387731,30.4206426413055));
#14523=CARTESIAN_POINT('',(221.573091193275,-13.0000009387732,52.368280904631));
#14524=CARTESIAN_POINT('',(175.085201738541,-13.0000009387732,31.976936772152));
#14525=CARTESIAN_POINT('Ctrl Pts',(186.677573044636,-13.0000009387731,30.4206426413056));
#14526=CARTESIAN_POINT('Ctrl Pts',(185.939643169978,-13.0000009387731,29.956519487045));
#14527=CARTESIAN_POINT('Ctrl Pts',(185.138077513389,-13.0000009387722,29.6025378241969));
#14528=CARTESIAN_POINT('Ctrl Pts',(183.414625113949,-13.0000009387722,29.1244006727069));
#14529=CARTESIAN_POINT('Ctrl Pts',(182.499376397508,-13.0000009386693,29.0159679561774));
#14530=CARTESIAN_POINT('Ctrl Pts',(180.616866743511,-13.0000009386693,29.0796137959692));
#14531=CARTESIAN_POINT('Ctrl Pts',(179.664554239227,-13.0000009387732,29.2664780644466));
#14532=CARTESIAN_POINT('Ctrl Pts',(178.139051824537,-13.0000009387732,29.8234472819928));
#14533=CARTESIAN_POINT('Ctrl Pts',(177.550851297026,-13.0000009387733,30.1120330545467));
#14534=CARTESIAN_POINT('Ctrl Pts',(176.299092379276,-13.0000009387733,30.8896657272044));
#14535=CARTESIAN_POINT('Ctrl Pts',(175.659444786883,-13.0000009387732,31.407066960508));
#14536=CARTESIAN_POINT('Ctrl Pts',(175.085201738541,-13.0000009387732,31.976936772152));
#14537=CARTESIAN_POINT('',(156.798107476793,-13.0000009387732,50.5067174135183));
#14538=CARTESIAN_POINT('Ctrl Pts',(175.083639315073,-12.9984954895079,31.9754914468569));
#14539=CARTESIAN_POINT('Ctrl Pts',(174.995292210365,-12.9985064823674,32.0631444422637));
#14540=CARTESIAN_POINT('Ctrl Pts',(174.924075285547,-12.9985019351056,32.1338178976462));
#14541=CARTESIAN_POINT('Ctrl Pts',(174.850206192363,-12.9984972855022,32.2071377208074));
#14542=CARTESIAN_POINT('Ctrl Pts',(174.827888816753,-12.9984958807612,32.2292891506217));
#14543=CARTESIAN_POINT('Ctrl Pts',(174.80532966697,-12.9984946479655,32.2516821587289));
#14544=CARTESIAN_POINT('Ctrl Pts',(174.781983976608,-12.9984944722859,32.2748580386463));
#14545=CARTESIAN_POINT('Ctrl Pts',(174.681942443434,-12.9984937194591,32.3741718958788));
#14546=CARTESIAN_POINT('Ctrl Pts',(174.581454859912,-12.9984931948023,32.4739601275284));
#14547=CARTESIAN_POINT('Ctrl Pts',(174.480820068147,-12.9984893656135,32.5739255904867));
#14548=CARTESIAN_POINT('Ctrl Pts',(174.280533663273,-12.9984817446463,32.7728798769349));
#14549=CARTESIAN_POINT('Ctrl Pts',(174.079713179441,-12.9984717145858,32.9724916019854));
#14550=CARTESIAN_POINT('Ctrl Pts',(173.879961725401,-12.9984655345867,33.1711702910915));
#14551=CARTESIAN_POINT('Ctrl Pts',(173.480466003085,-12.9984531748108,33.5685205221317));
#14552=CARTESIAN_POINT('Ctrl Pts',(173.082393498663,-12.9984384752794,33.9649659182837));
#14553=CARTESIAN_POINT('Ctrl Pts',(172.683949755998,-12.9984197394976,34.3623055682173));
#14554=CARTESIAN_POINT('Ctrl Pts',(172.336019319222,-12.9984033789728,34.7092718852815));
#14555=CARTESIAN_POINT('Ctrl Pts',(171.987979330958,-12.9983905934668,35.0567504855509));
#14556=CARTESIAN_POINT('Ctrl Pts',(171.640044476273,-12.9983867843061,35.4045398298173));
#14557=CARTESIAN_POINT('Ctrl Pts',(171.250241466259,-12.9983825167765,35.7941798196624));
#14558=CARTESIAN_POINT('Ctrl Pts',(170.86057051614,-12.9983895677741,36.1842098486829));
#14559=CARTESIAN_POINT('Ctrl Pts',(170.471321844665,-12.9984101220169,36.5743448166049));
#14560=CARTESIAN_POINT('Ctrl Pts',(170.418917703168,-12.9984128892132,36.6268682792662));
#14561=CARTESIAN_POINT('Ctrl Pts',(170.366521205544,-12.998415899031,36.6793936482253));
#14562=CARTESIAN_POINT('Ctrl Pts',(170.314133296879,-12.9984191387711,36.7319199762901));
#14563=CARTESIAN_POINT('Ctrl Pts',(169.41493392001,-12.9984747464943,37.6334952189058));
#14564=CARTESIAN_POINT('Ctrl Pts',(168.516703088852,-12.9985899208662,38.5369161997523));
#14565=CARTESIAN_POINT('Ctrl Pts',(167.620025669482,-12.9987242621142,39.4416360973985));
#14566=CARTESIAN_POINT('Ctrl Pts',(167.040369202378,-12.9988111069165,40.0264916187486));
#14567=CARTESIAN_POINT('Ctrl Pts',(166.46136265487,-12.9989064495826,40.6118895143128));
#14568=CARTESIAN_POINT('Ctrl Pts',(165.88317239553,-12.9990051317555,41.1976761874915));
#14569=CARTESIAN_POINT('Ctrl Pts',(165.810166932075,-12.9990175919062,41.2716408156923));
#14570=CARTESIAN_POINT('Ctrl Pts',(165.73717449122,-12.9990301114847,41.3456116355395));
#14571=CARTESIAN_POINT('Ctrl Pts',(165.664195244705,-12.9990426970656,41.4195885088324));
#14572=CARTESIAN_POINT('Ctrl Pts',(164.705312062469,-12.9992080605409,42.39157963046));
#14573=CARTESIAN_POINT('Ctrl Pts',(163.746596806574,-12.9994055598323,43.3667574121245));
#14574=CARTESIAN_POINT('Ctrl Pts',(162.789123484365,-12.9995657333836,44.3441444565586));
#14575=CARTESIAN_POINT('Ctrl Pts',(161.846732644721,-12.9997233838203,45.3061353299302));
#14576=CARTESIAN_POINT('Ctrl Pts',(160.905545118587,-12.9998446414568,46.2702669398628));
#14577=CARTESIAN_POINT('Ctrl Pts',(159.966584184863,-12.9999126718284,47.2356162255841));
#14578=CARTESIAN_POINT('Ctrl Pts',(159.054189618074,-12.9999787773917,48.1736525290242));
#14579=CARTESIAN_POINT('Ctrl Pts',(158.143897357271,-12.9999945252068,49.112839344202));
#14580=CARTESIAN_POINT('Ctrl Pts',(157.236644608034,-12.9999937424271,50.0523287826486));
#14581=CARTESIAN_POINT('Ctrl Pts',(157.09042482221,-12.9999936162684,50.2037440796422));
#14582=CARTESIAN_POINT('Ctrl Pts',(156.944283986692,-12.999993169291,50.3551672197676));
#14583=CARTESIAN_POINT('Ctrl Pts',(156.798226025523,-12.9999926702074,50.5065946271892));
#14584=CARTESIAN_POINT('',(129.873146823452,-13.0000009387732,78.4215038322683));
#14585=CARTESIAN_POINT('',(159.677117151684,-13.0000009387732,53.2836407635377));
#14586=CARTESIAN_POINT('',(132.752156498343,-13.0000009387732,81.1984271822878));
#14587=CARTESIAN_POINT('',(160.324464087413,-13.0000009387732,52.613109754821));
#14588=CARTESIAN_POINT('Ctrl Pts',(159.677117151684,-13.0000009387732,53.2836407635376));
#14589=CARTESIAN_POINT('Ctrl Pts',(159.892710733406,-13.0000009387732,53.0601214475947));
#14590=CARTESIAN_POINT('Ctrl Pts',(160.108497621519,-13.0000006385548,52.8366071846292));
#14591=CARTESIAN_POINT('Ctrl Pts',(160.324464087413,-13.0000004059049,52.6131097548209));
#14592=CARTESIAN_POINT('',(178.114870484698,-13.0000009387732,34.9174164854746));
#14593=CARTESIAN_POINT('Ctrl Pts',(160.325308680763,-12.9999382942306,52.6122225088316));
#14594=CARTESIAN_POINT('Ctrl Pts',(161.116655551956,-12.9999363220821,51.7932232164075));
#14595=CARTESIAN_POINT('Ctrl Pts',(161.931861684745,-12.9998683037574,50.9545797829387));
#14596=CARTESIAN_POINT('Ctrl Pts',(162.770180277204,-12.9997675049,50.0975168612869));
#14597=CARTESIAN_POINT('Ctrl Pts',(163.647548868409,-12.9996620106972,49.2005308050219));
#14598=CARTESIAN_POINT('Ctrl Pts',(164.550233371357,-12.9995208443726,48.2833677471296));
#14599=CARTESIAN_POINT('Ctrl Pts',(165.477414591358,-12.9994231964711,47.3474207920162));
#14600=CARTESIAN_POINT('Ctrl Pts',(166.192108250938,-12.9993479271122,46.6259702922722));
#14601=CARTESIAN_POINT('Ctrl Pts',(166.921357684796,-12.9992994289321,45.8933587486231));
#14602=CARTESIAN_POINT('Ctrl Pts',(167.664803247939,-12.9993278977254,45.1502270802611));
#14603=CARTESIAN_POINT('Ctrl Pts',(168.512782078544,-12.9993603694158,44.3026062800794));
#14604=CARTESIAN_POINT('Ctrl Pts',(169.379227641855,-12.9994922428846,43.4412982018192));
#14605=CARTESIAN_POINT('Ctrl Pts',(170.263444447504,-12.999653229882,42.5670733477285));
#14606=CARTESIAN_POINT('Ctrl Pts',(171.153766768224,-12.9998153284943,41.6868119729706));
#14607=CARTESIAN_POINT('Ctrl Pts',(172.062106512432,-13.00000752239,40.793454813448));
#14608=CARTESIAN_POINT('Ctrl Pts',(172.987801574664,-13.0001757052066,39.8878036275748));
#14609=CARTESIAN_POINT('Ctrl Pts',(173.91301716797,-13.0003438009119,38.9826215287892));
#14610=CARTESIAN_POINT('Ctrl Pts',(174.85557006528,-13.000488507289,38.0651580581545));
#14611=CARTESIAN_POINT('Ctrl Pts',(175.814847743672,-13.0005645285653,37.1362294946044));
#14612=CARTESIAN_POINT('Ctrl Pts',(176.57131285077,-13.0006244772581,36.4036970265399));
#14613=CARTESIAN_POINT('Ctrl Pts',(177.33817928959,-13.0006419915569,35.6640352046542));
#14614=CARTESIAN_POINT('Ctrl Pts',(178.115168260732,-13.0005949705075,34.9176519494346));
#14615=CARTESIAN_POINT('',(184.363487674097,-13.0000009383237,34.0681629801374));
#14616=CARTESIAN_POINT('Ctrl Pts',(178.114870484698,-13.0000009387732,34.9174164854746));
#14617=CARTESIAN_POINT('Ctrl Pts',(178.51858847366,-13.0000009387732,34.5296829389082));
#14618=CARTESIAN_POINT('Ctrl Pts',(178.977007542917,-13.0000009387727,34.1924867719238));
#14619=CARTESIAN_POINT('Ctrl Pts',(179.89895045739,-13.0000009387727,33.7109470916107));
#14620=CARTESIAN_POINT('Ctrl Pts',(180.347767600539,-13.0000009387102,33.5467921911767));
#14621=CARTESIAN_POINT('Ctrl Pts',(181.447259025302,-13.0000009387102,33.315033308899));
#14622=CARTESIAN_POINT('Ctrl Pts',(182.096497446002,-13.0000009387734,33.3058261805386));
#14623=CARTESIAN_POINT('Ctrl Pts',(183.3102014627,-13.0000009387734,33.536959071694));
#14624=CARTESIAN_POINT('Ctrl Pts',(183.863922101231,-13.0000009387731,33.7539597516644));
#14625=CARTESIAN_POINT('Ctrl Pts',(184.363487673819,-13.0000009387731,34.0681629805504));
#14626=CARTESIAN_POINT('',(204.459720152914,-13.0000009387712,46.7077472110539));
#14627=CARTESIAN_POINT('',(219.273312958738,-13.0000009387732,56.02479975911));
#14628=CARTESIAN_POINT('',(208.689523551741,-13.0000009387732,64.2798819299877));
#14629=CARTESIAN_POINT('Ctrl Pts',(204.45960306536,-12.9999546959723,46.7079333737197));
#14630=CARTESIAN_POINT('Ctrl Pts',(204.710572944544,-12.9999546959723,46.8657816137101));
#14631=CARTESIAN_POINT('Ctrl Pts',(204.955539721619,-12.9999598920033,47.0320973533712));
#14632=CARTESIAN_POINT('Ctrl Pts',(205.194221435765,-12.9999668143189,47.2064188328601));
#14633=CARTESIAN_POINT('Ctrl Pts',(205.43581620734,-12.9999738211198,47.3828678673758));
#14634=CARTESIAN_POINT('Ctrl Pts',(205.670971974297,-12.9999825972557,47.5675195789444));
#14635=CARTESIAN_POINT('Ctrl Pts',(205.899371677121,-12.9999906945579,47.7599424763244));
#14636=CARTESIAN_POINT('Ctrl Pts',(206.129879555197,-12.9999988665999,47.9541414757972));
#14637=CARTESIAN_POINT('Ctrl Pts',(206.353506501517,-13.0000063485258,48.1562561481218));
#14638=CARTESIAN_POINT('Ctrl Pts',(206.56989530185,-13.0000117724472,48.3658856111251));
#14639=CARTESIAN_POINT('Ctrl Pts',(206.786174536162,-13.0000171936222,48.5754089306218));
#14640=CARTESIAN_POINT('Ctrl Pts',(206.995223338052,-13.0000205620111,48.7924398606598));
#14641=CARTESIAN_POINT('Ctrl Pts',(207.196647874927,-13.0000216178595,49.0166144813308));
#14642=CARTESIAN_POINT('Ctrl Pts',(207.396295137606,-13.0000226643916,49.2388110918991));
#14643=CARTESIAN_POINT('Ctrl Pts',(207.588452409326,-13.0000214434456,49.4680263319374));
#14644=CARTESIAN_POINT('Ctrl Pts',(207.772694489402,-13.0000187303183,49.7039349623516));
#14645=CARTESIAN_POINT('Ctrl Pts',(207.88715938051,-13.0000170447217,49.8504989594625));
#14646=CARTESIAN_POINT('Ctrl Pts',(207.998568309796,-13.0000148032206,49.9996470336595));
#14647=CARTESIAN_POINT('Ctrl Pts',(208.106810251296,-13.000012383318,50.151305800257));
#14648=CARTESIAN_POINT('Ctrl Pts',(208.225558823523,-13.0000097285246,50.3176855025214));
#14649=CARTESIAN_POINT('Ctrl Pts',(208.340224454667,-13.0000075306722,50.4867072722008));
#14650=CARTESIAN_POINT('Ctrl Pts',(208.450706588328,-13.0000073758878,50.6582432120584));
#14651=CARTESIAN_POINT('Ctrl Pts',(208.611740646451,-13.0000071502806,50.908266700868));
#14652=CARTESIAN_POINT('Ctrl Pts',(208.763888988522,-13.0000111916017,51.1636300380989));
#14653=CARTESIAN_POINT('Ctrl Pts',(208.907016905819,-13.0000159582604,51.423778433855));
#14654=CARTESIAN_POINT('Ctrl Pts',(209.052314264795,-13.0000207971692,51.6878699930622));
#14655=CARTESIAN_POINT('Ctrl Pts',(209.188315960535,-13.0000263890629,51.9568932788956));
#14656=CARTESIAN_POINT('Ctrl Pts',(209.314836938584,-13.000030553031,52.23029853302));
#14657=CARTESIAN_POINT('Ctrl Pts',(209.44160765688,-13.0000347252184,52.5042434628295));
#14658=CARTESIAN_POINT('Ctrl Pts',(209.558860396249,-13.0000374727902,52.7825882590379));
#14659=CARTESIAN_POINT('Ctrl Pts',(209.666361480716,-13.0000380064628,53.0648020746076));
#14660=CARTESIAN_POINT('Ctrl Pts',(209.773096617747,-13.000038536333,53.3450051109452));
#14661=CARTESIAN_POINT('Ctrl Pts',(209.870218700166,-13.0000368943358,53.629022811156));
#14662=CARTESIAN_POINT('Ctrl Pts',(209.957449800103,-13.0000335421195,53.9163487014296));
#14663=CARTESIAN_POINT('Ctrl Pts',(210.038831113545,-13.0000304147054,54.1844062904477));
#14664=CARTESIAN_POINT('Ctrl Pts',(210.111603227013,-13.00002581614,54.4553437289824));
#14665=CARTESIAN_POINT('Ctrl Pts',(210.175499719054,-13.0000209822882,54.7287535638429));
#14666=CARTESIAN_POINT('Ctrl Pts',(210.244359429605,-13.0000157729625,55.0234007579066));
#14667=CARTESIAN_POINT('Ctrl Pts',(210.302675740761,-13.0000120357176,55.3199143988684));
#14668=CARTESIAN_POINT('Ctrl Pts',(210.350280942361,-13.0000120474646,55.6177537132188));
#14669=CARTESIAN_POINT('Ctrl Pts',(210.368605313194,-13.0000120519863,55.7323991271984));
#14670=CARTESIAN_POINT('Ctrl Pts',(210.385342157269,-13.0000126308838,55.8472411875467));
#14671=CARTESIAN_POINT('Ctrl Pts',(210.40047999485,-13.0000139829248,55.9622497919945));
#14672=CARTESIAN_POINT('Ctrl Pts',(210.439146188461,-13.0000174364087,56.2560133459051));
#14673=CARTESIAN_POINT('Ctrl Pts',(210.467383666145,-13.0000258157711,56.5508628266554));
#14674=CARTESIAN_POINT('Ctrl Pts',(210.485366936099,-13.0000353171985,56.8462807558928));
#14675=CARTESIAN_POINT('Ctrl Pts',(210.503672598274,-13.0000449889613,57.1469947432273));
#14676=CARTESIAN_POINT('Ctrl Pts',(210.511353094328,-13.0000558355266,57.4482983061435));
#14677=CARTESIAN_POINT('Ctrl Pts',(210.508539003953,-13.0000654578778,57.7496510730308));
#14678=CARTESIAN_POINT('Ctrl Pts',(210.505711123555,-13.0000751273819,58.0524805734309));
#14679=CARTESIAN_POINT('Ctrl Pts',(210.492285443051,-13.0000835769629,58.3553603607112));
#14680=CARTESIAN_POINT('Ctrl Pts',(210.468341937787,-13.0000897656457,58.6577386925506));
#14681=CARTESIAN_POINT('Ctrl Pts',(210.444431225535,-13.0000959458525,58.9597028871876));
#14682=CARTESIAN_POINT('Ctrl Pts',(210.410031331284,-13.0000998890558,59.2611675921839));
#14683=CARTESIAN_POINT('Ctrl Pts',(210.365171638797,-13.0001016873089,59.5615710149752));
#14684=CARTESIAN_POINT('Ctrl Pts',(210.356051522778,-13.0001020528994,59.6226439719322));
#14685=CARTESIAN_POINT('Ctrl Pts',(210.346498918642,-13.0001023330589,59.6836730060839));
#14686=CARTESIAN_POINT('Ctrl Pts',(210.336513826975,-13.0001025332573,59.7446533001222));
#14687=CARTESIAN_POINT('Ctrl Pts',(210.287652719822,-13.0001035129091,60.0430546348865));
#14688=CARTESIAN_POINT('Ctrl Pts',(210.228603297937,-13.000103353084,60.3392868608431));
#14689=CARTESIAN_POINT('Ctrl Pts',(210.15954212696,-13.0001006858894,60.6328228872423));
#14690=CARTESIAN_POINT('Ctrl Pts',(210.089939222139,-13.0000979977727,60.9286614868247));
#14691=CARTESIAN_POINT('Ctrl Pts',(210.010166790329,-13.000092781078,61.2217620268996));
#14692=CARTESIAN_POINT('Ctrl Pts',(209.920352853934,-13.0000852182705,61.5115829259663));
#14693=CARTESIAN_POINT('Ctrl Pts',(209.830605521415,-13.0000776610714,61.8011889007598));
#14694=CARTESIAN_POINT('Ctrl Pts',(209.730831419176,-13.0000677815405,62.0875206959821));
#14695=CARTESIAN_POINT('Ctrl Pts',(209.621107792473,-13.0000570425493,62.3700269061427));
#14696=CARTESIAN_POINT('Ctrl Pts',(209.512136097381,-13.000046377152,62.6505971125781));
#14697=CARTESIAN_POINT('Ctrl Pts',(209.393350594683,-13.0000348845754,62.9273945484942));
#14698=CARTESIAN_POINT('Ctrl Pts',(209.264779711633,-13.0000249552863,63.1998595597758));
#14699=CARTESIAN_POINT('Ctrl Pts',(209.138342131108,-13.0000151907481,63.4678037162368));
#14700=CARTESIAN_POINT('Ctrl Pts',(209.002440973713,-13.0000069579332,63.7315584995611));
#14701=CARTESIAN_POINT('Ctrl Pts',(208.857060585651,-13.0000031592011,63.9905651534628));
#14702=CARTESIAN_POINT('Ctrl Pts',(208.802548826069,-13.0000017348303,64.0876821624055));
#14703=CARTESIAN_POINT('Ctrl Pts',(208.746703919411,-13.0000009387732,64.1841313036082));
#14704=CARTESIAN_POINT('Ctrl Pts',(208.689523551741,-13.0000009387732,64.2798819299876));
#14705=CARTESIAN_POINT('',(181.814791342033,-13.0000009387732,108.068649875564));
#14706=CARTESIAN_POINT('Origin',(176.735845237178,-13.0000009387732,104.874231859088));
#14707=CARTESIAN_POINT('',(160.916049992734,-13.0000009387732,141.296480555496));
#14708=CARTESIAN_POINT('',(153.160257303177,-13.0000009387732,153.627757447722));
#14709=CARTESIAN_POINT('',(117.051824284944,-13.0000009387732,172.81979654709));
#14710=CARTESIAN_POINT('',(109.048463095523,-13.0000009387732,178.571465012635));
#14711=CARTESIAN_POINT('Origin',(113.550308014036,-13.0000009387732,167.9474886951));
#14712=CARTESIAN_POINT('Ctrl Pts',(181.711741084044,-20.0798770933689,38.0163350732353));
#14713=CARTESIAN_POINT('Ctrl Pts',(180.144238075069,-20.1837644160433,39.5099538381717));
#14714=CARTESIAN_POINT('Ctrl Pts',(177.018446694278,-20.3908963566304,42.4876473478896));
#14715=CARTESIAN_POINT('Ctrl Pts',(170.758222391352,-20.8057629701395,48.4519848059952));
#14716=CARTESIAN_POINT('Ctrl Pts',(164.501738987367,-21.2203686625161,54.4124476443751));
#14717=CARTESIAN_POINT('Ctrl Pts',(158.242608126668,-21.6351590103498,60.3756525744733));
#14718=CARTESIAN_POINT('Ctrl Pts',(153.549188993685,-21.9461869742317,64.8470940513694));
#14719=CARTESIAN_POINT('Ctrl Pts',(148.855255647808,-22.2572508035599,69.3190681220213));
#14720=CARTESIAN_POINT('Ctrl Pts',(144.161578405891,-22.5682967700866,73.7907769341171));
#14721=CARTESIAN_POINT('Ctrl Pts',(139.467767549383,-22.8793520559964,78.2626241369404));
#14722=CARTESIAN_POINT('Ctrl Pts',(134.774060207842,-23.1904001219191,82.7343641245902));
#14723=CARTESIAN_POINT('Ctrl Pts',(130.080280258529,-23.5014532521063,87.2061793154218));
#14724=CARTESIAN_POINT('Ctrl Pts',(125.386399735354,-23.8125133971438,91.6780986751913));
#14725=CARTESIAN_POINT('Ctrl Pts',(120.693073758668,-24.1235348635375,96.1494436658595));
#14726=CARTESIAN_POINT('Ctrl Pts',(115.998481227206,-24.4346446699028,100.6221004851));
#14727=CARTESIAN_POINT('Ctrl Pts',(111.305551623687,-24.7456384899641,105.093034933993));
#14728=CARTESIAN_POINT('Ctrl Pts',(108.170056924581,-24.9534247053399,108.080241251117));
#14729=CARTESIAN_POINT('Ctrl Pts',(106.598535932488,-25.057569760656,109.577484262382));
#14730=CARTESIAN_POINT('Ctrl Pts',(106.592062575414,-25.0579987513198,109.583651651554));
#14731=CARTESIAN_POINT('Ctrl Pts',(180.844253793064,-20.0646373681466,37.1069961197541));
#14732=CARTESIAN_POINT('Ctrl Pts',(179.285249721986,-20.1686647874172,38.6093040365909));
#14733=CARTESIAN_POINT('Ctrl Pts',(176.176177326025,-20.3760954039753,41.6046415738609));
#14734=CARTESIAN_POINT('Ctrl Pts',(169.949539628425,-20.7915495189906,47.6041254691243));
#14735=CARTESIAN_POINT('Ctrl Pts',(163.726591304277,-21.2067461275912,53.5997838374646));
#14736=CARTESIAN_POINT('Ctrl Pts',(157.501022318971,-21.622125615833,59.5981587668355));
#14737=CARTESIAN_POINT('Ctrl Pts',(152.832765112186,-21.9335960633178,64.095986776207));
#14738=CARTESIAN_POINT('Ctrl Pts',(148.163998044394,-22.2451020878273,68.5943432326373));
#14739=CARTESIAN_POINT('Ctrl Pts',(143.495485633834,-22.5565903454227,73.0924358091563));
#14740=CARTESIAN_POINT('Ctrl Pts',(138.826839780048,-22.8680879110377,77.5906666129671));
#14741=CARTESIAN_POINT('Ctrl Pts',(134.158298353838,-23.1795781961914,82.0887893322413));
#14742=CARTESIAN_POINT('Ctrl Pts',(129.489681653639,-23.4910737222959,86.5869897947875));
#14743=CARTESIAN_POINT('Ctrl Pts',(124.820969011631,-23.802575956289,91.085290013282));
#14744=CARTESIAN_POINT('Ctrl Pts',(120.152806547942,-24.1140398011136,95.5830200242837));
#14745=CARTESIAN_POINT('Ctrl Pts',(115.483375235872,-24.425592137904,100.082064048968));
#14746=CARTESIAN_POINT('Ctrl Pts',(110.815624830921,-24.7370272969283,104.579368574444));
#14747=CARTESIAN_POINT('Ctrl Pts',(107.696926644671,-24.9451099594465,107.584214484593));
#14748=CARTESIAN_POINT('Ctrl Pts',(106.133827551555,-25.0494031261061,109.090289483858));
#14749=CARTESIAN_POINT('Ctrl Pts',(106.127388897228,-25.0498327261248,109.096493243048));
#14750=CARTESIAN_POINT('Ctrl Pts',(178.913156669131,-19.509161086459,35.1506542858257));
#14751=CARTESIAN_POINT('Ctrl Pts',(177.373969547804,-19.6184695164229,36.6707400449692));
#14752=CARTESIAN_POINT('Ctrl Pts',(174.301043421638,-19.8367406016036,39.7051179107574));
#14753=CARTESIAN_POINT('Ctrl Pts',(168.149642350494,-20.2736385736513,45.7797404022877));
#14754=CARTESIAN_POINT('Ctrl Pts',(162.000903920055,-20.7103617268431,51.8515633948834));
#14755=CARTESIAN_POINT('Ctrl Pts',(155.850197167928,-21.1472150848238,57.9254510228823));
#14756=CARTESIAN_POINT('Ctrl Pts',(151.23790148648,-21.4748058411713,62.4800985778045));
#14757=CARTESIAN_POINT('Ctrl Pts',(146.625181383391,-21.802425295198,67.0351891992266));
#14758=CARTESIAN_POINT('Ctrl Pts',(142.012678058408,-22.1300300435209,71.5900537966211));
#14759=CARTESIAN_POINT('Ctrl Pts',(137.400057672476,-22.4576427653024,76.1450402464423));
#14760=CARTESIAN_POINT('Ctrl Pts',(132.78753596788,-22.7852486974747,80.69992436099));
#14761=CARTESIAN_POINT('Ctrl Pts',(128.174937735386,-23.1128599107185,85.2548874568325));
#14762=CARTESIAN_POINT('Ctrl Pts',(123.562250005365,-23.4404774135921,89.8099438936012));
#14763=CARTESIAN_POINT('Ctrl Pts',(118.950105711178,-23.7680569760905,94.3644368375246));
#14764=CARTESIAN_POINT('Ctrl Pts',(114.336687930153,-24.0957253559379,98.9202484184784));
#14765=CARTESIAN_POINT('Ctrl Pts',(109.724983100594,-24.4232743600509,103.474288572351));
#14766=CARTESIAN_POINT('Ctrl Pts',(106.643682500227,-24.6421247803957,106.51707970482));
#14767=CARTESIAN_POINT('Ctrl Pts',(105.099332707518,-24.7518121113711,108.042154597227));
#14768=CARTESIAN_POINT('Ctrl Pts',(105.092971300031,-24.752263930101,108.048436606176));
#14769=CARTESIAN_POINT('Ctrl Pts',(176.252216699244,-16.6474549656668,32.7279240381873));
#14770=CARTESIAN_POINT('Ctrl Pts',(174.738712768665,-16.7844268648994,34.2714634782676));
#14771=CARTESIAN_POINT('Ctrl Pts',(171.717347255487,-17.0580511086292,37.3526250066783));
#14772=CARTESIAN_POINT('Ctrl Pts',(165.668837728066,-17.6056437752008,43.5209941704698));
#14773=CARTESIAN_POINT('Ctrl Pts',(159.623071176595,-18.1530656385911,49.6865010212133));
#14774=CARTESIAN_POINT('Ctrl Pts',(153.575280763206,-18.7006158751538,55.8541175458431));
#14775=CARTESIAN_POINT('Ctrl Pts',(149.040186679331,-19.1112300372115,60.4790506089817));
#14776=CARTESIAN_POINT('Ctrl Pts',(144.504661537622,-19.5218725552496,65.1044319103222));
#14777=CARTESIAN_POINT('Ctrl Pts',(139.969356481534,-19.9325004605319,69.7295844780814));
#14778=CARTESIAN_POINT('Ctrl Pts',(135.433932590065,-20.3431363541565,74.3548604623556));
#14779=CARTESIAN_POINT('Ctrl Pts',(130.898608738811,-20.753765335054,78.9800327229651));
#14780=CARTESIAN_POINT('Ctrl Pts',(126.363206486695,-21.1643999174305,83.6052861356376));
#14781=CARTESIAN_POINT('Ctrl Pts',(121.827717495151,-21.5750402420849,88.2306295637414));
#14782=CARTESIAN_POINT('Ctrl Pts',(117.292769415786,-21.985643141072,92.8554125655096));
#14783=CARTESIAN_POINT('Ctrl Pts',(112.756546652177,-22.3963351253227,97.4815156997028));
#14784=CARTESIAN_POINT('Ctrl Pts',(108.222046728148,-22.8069056245072,102.105835233742));
#14785=CARTESIAN_POINT('Ctrl Pts',(105.192309130589,-23.0812210288006,105.195592657096));
#14786=CARTESIAN_POINT('Ctrl Pts',(103.673797440707,-23.2186973485678,106.744194958502));
#14787=CARTESIAN_POINT('Ctrl Pts',(103.66754247238,-23.2192636344078,106.75057387341));
#14788=CARTESIAN_POINT('Ctrl Pts',(175.019264168085,-13.2471944416862,31.8754757483084));
#14789=CARTESIAN_POINT('Ctrl Pts',(173.517257193977,-13.417078231604,33.4276874819067));
#14790=CARTESIAN_POINT('Ctrl Pts',(170.520132483989,-13.7564386656346,36.5249400132791));
#14791=CARTESIAN_POINT('Ctrl Pts',(164.519136559434,-14.4355739749334,42.7264645294867));
#14792=CARTESIAN_POINT('Ctrl Pts',(158.521220893959,-15.1145139906911,48.9247875872503));
#14793=CARTESIAN_POINT('Ctrl Pts',(152.521072860821,-15.7935976879821,55.1254299868999));
#14794=CARTESIAN_POINT('Ctrl Pts',(148.02177156805,-16.3028575211877,59.7750711137505));
#14795=CARTESIAN_POINT('Ctrl Pts',(143.52201108787,-16.8121477511342,64.4251887637259));
#14796=CARTESIAN_POINT('Ctrl Pts',(139.022482694189,-17.3214224839893,69.0750656120237));
#14797=CARTESIAN_POINT('Ctrl Pts',(134.522830717526,-17.8307055684175,73.7250706519363));
#14798=CARTESIAN_POINT('Ctrl Pts',(130.023279498647,-18.3399816539033,78.3749712443579));
#14799=CARTESIAN_POINT('Ctrl Pts',(125.523652827151,-18.8492632007098,83.0249500292373));
#14800=CARTESIAN_POINT('Ctrl Pts',(121.023933101429,-19.3585508259905,87.6750251710952));
#14801=CARTESIAN_POINT('Ctrl Pts',(116.524760428973,-19.8678006940991,92.3245337192039));
#14802=CARTESIAN_POINT('Ctrl Pts',(112.024316603831,-20.3771394495573,96.9753588525832));
#14803=CARTESIAN_POINT('Ctrl Pts',(107.525569141648,-20.8863581776386,101.624426977732));
#14804=CARTESIAN_POINT('Ctrl Pts',(104.519751657616,-21.2265731050733,104.730681582367));
#14805=CARTESIAN_POINT('Ctrl Pts',(103.013215229007,-21.3970677159236,106.287559019039));
#14806=CARTESIAN_POINT('Ctrl Pts',(103.007009574122,-21.3977700115495,106.29397203603));
#14807=CARTESIAN_POINT('Ctrl Pts',(174.784704167351,-11.29108814405,31.8838022435931));
#14808=CARTESIAN_POINT('Ctrl Pts',(173.284242043416,-11.4799611377843,33.4366716337552));
#14809=CARTESIAN_POINT('Ctrl Pts',(170.292398981976,-11.8570817688472,36.5330044977248));
#14810=CARTESIAN_POINT('Ctrl Pts',(164.300142440608,-12.6119165173846,42.7345470616158));
#14811=CARTESIAN_POINT('Ctrl Pts',(158.311602142982,-13.3664935499313,48.9322405206417));
#14812=CARTESIAN_POINT('Ctrl Pts',(152.320427210507,-14.1212535711963,55.1326628024543));
#14813=CARTESIAN_POINT('Ctrl Pts',(147.827970487229,-14.6872593797864,59.7820219877747));
#14814=CARTESIAN_POINT('Ctrl Pts',(143.335001633529,-15.2533007832053,64.4319116117684));
#14815=CARTESIAN_POINT('Ctrl Pts',(138.842288191464,-15.8193244137431,69.0815366936705));
#14816=CARTESIAN_POINT('Ctrl Pts',(134.34944121685,-16.3853573530581,73.7313000813981));
#14817=CARTESIAN_POINT('Ctrl Pts',(129.856698193849,-16.951383015564,78.3809558020812));
#14818=CARTESIAN_POINT('Ctrl Pts',(125.363881287342,-17.517413908268,83.0306880461606));
#14819=CARTESIAN_POINT('Ctrl Pts',(120.870966023338,-18.0834515275642,87.680522165537));
#14820=CARTESIAN_POINT('Ctrl Pts',(116.378603215716,-18.6494507400453,92.3297840787926));
#14821=CARTESIAN_POINT('Ctrl Pts',(111.88497275587,-19.2155384352399,96.9803589563329));
#14822=CARTESIAN_POINT('Ctrl Pts',(107.393013826713,-19.7815090252553,101.629202560832));
#14823=CARTESIAN_POINT('Ctrl Pts',(104.391765020763,-20.1596328166805,104.735272323322));
#14824=CARTESIAN_POINT('Ctrl Pts',(102.887508526142,-20.3491220430353,106.292066591142));
#14825=CARTESIAN_POINT('Ctrl Pts',(102.881312250461,-20.3499025828255,106.29847927836));
#14826=CARTESIAN_POINT('Ctrl Pts',(174.750028122137,-10.6652432398903,31.9288763294367));
#14827=CARTESIAN_POINT('Ctrl Pts',(173.249848770855,-10.8601753370796,33.4813642248485));
#14828=CARTESIAN_POINT('Ctrl Pts',(170.258704705451,-11.2493968266964,36.5767959955154));
#14829=CARTESIAN_POINT('Ctrl Pts',(164.267775033295,-12.0284425382652,42.776609975522));
#14830=CARTESIAN_POINT('Ctrl Pts',(158.280586260083,-12.8072273287016,48.9725493358029));
#14831=CARTESIAN_POINT('Ctrl Pts',(152.290750030155,-13.5861967745952,55.1712307878028));
#14832=CARTESIAN_POINT('Ctrl Pts',(147.799301870249,-14.170359062022,59.819279656125));
#14833=CARTESIAN_POINT('Ctrl Pts',(143.307339497451,-14.7545572148951,64.4678611182031));
#14834=CARTESIAN_POINT('Ctrl Pts',(138.815633228612,-15.3387375049667,69.1161773217252));
#14835=CARTESIAN_POINT('Ctrl Pts',(134.323793345183,-15.9229271144214,73.7646319159746));
#14836=CARTESIAN_POINT('Ctrl Pts',(129.83205697672,-16.507109503889,78.4129792950507));
#14837=CARTESIAN_POINT('Ctrl Pts',(125.340248000486,-17.0912969576211,83.0614018773084));
#14838=CARTESIAN_POINT('Ctrl Pts',(120.848338450389,-17.6754914262036,87.7099286285042));
#14839=CARTESIAN_POINT('Ctrl Pts',(116.356983446781,-18.2596472161421,92.3578810105985));
#14840=CARTESIAN_POINT('Ctrl Pts',(111.864361888397,-18.8438913460524,97.0071452212654));
#14841=CARTESIAN_POINT('Ctrl Pts',(107.373403257957,-19.4280194896585,101.654687061584));
#14842=CARTESIAN_POINT('Ctrl Pts',(104.372834341,-19.8182718370455,104.759875136475));
#14843=CARTESIAN_POINT('Ctrl Pts',(102.868915473364,-20.0138382498572,106.31623077503));
#14844=CARTESIAN_POINT('Ctrl Pts',(102.862720583053,-20.0146438235019,106.322641661017));
#14845=CARTESIAN_POINT('',(110.73775017134,-18.9904328567718,98.1730376600525));
#14846=CARTESIAN_POINT('Ctrl Pts',(156.798107870496,-13.0000080371529,50.5067169018647));
#14847=CARTESIAN_POINT('Ctrl Pts',(156.793040776587,-13.0006670506361,50.5119606674484));
#14848=CARTESIAN_POINT('Ctrl Pts',(155.29073599072,-13.1960529857361,52.0666455176578));
#14849=CARTESIAN_POINT('Ctrl Pts',(152.290750030155,-13.5861967745952,55.1712307878028));
#14850=CARTESIAN_POINT('Ctrl Pts',(147.799301870249,-14.170359062022,59.819279656125));
#14851=CARTESIAN_POINT('Ctrl Pts',(143.307339497451,-14.7545572148951,64.4678611182031));
#14852=CARTESIAN_POINT('Ctrl Pts',(138.815633228612,-15.3387375049667,69.1161773217252));
#14853=CARTESIAN_POINT('Ctrl Pts',(134.323793345183,-15.9229271144214,73.7646319159746));
#14854=CARTESIAN_POINT('Ctrl Pts',(129.83205697672,-16.507109503889,78.4129792950507));
#14855=CARTESIAN_POINT('Ctrl Pts',(125.340248000486,-17.0912969576211,83.0614018773084));
#14856=CARTESIAN_POINT('Ctrl Pts',(120.848338450389,-17.6754914262036,87.7099286285042));
#14857=CARTESIAN_POINT('Ctrl Pts',(116.356983446781,-18.2596472161421,92.3578810105985));
#14858=CARTESIAN_POINT('Ctrl Pts',(112.986187814079,-18.6980032040526,95.8462049864624));
#14859=CARTESIAN_POINT('Ctrl Pts',(111.113366370329,-18.9415809009742,97.7843250541579));
#14860=CARTESIAN_POINT('Ctrl Pts',(110.737750231158,-18.9904339352418,98.173037582314));
#14861=CARTESIAN_POINT('Ctrl Pts',(175.085188345666,-13.0000043609327,31.9769512554146));
#14862=CARTESIAN_POINT('Ctrl Pts',(175.342773637156,-14.0994184960883,32.1043891585182));
#14863=CARTESIAN_POINT('Ctrl Pts',(176.168390893742,-16.3180726489881,32.6828175306219));
#14864=CARTESIAN_POINT('Ctrl Pts',(177.88555239854,-18.4556207459062,34.2084034173461));
#14865=CARTESIAN_POINT('Ctrl Pts',(179.818196498619,-19.7759747188401,36.0667743040301));
#14866=CARTESIAN_POINT('Ctrl Pts',(180.992698082909,-20.0672508738758,37.262696685852));
#14867=CARTESIAN_POINT('Ctrl Pts',(181.711704329612,-20.0798804205663,38.016391372881));
#14868=CARTESIAN_POINT('Ctrl Pts',(110.737750231158,-18.9904339352418,98.1730375823141));
#14869=CARTESIAN_POINT('Ctrl Pts',(109.616218275776,-19.1363015733293,99.3336733386643));
#14870=CARTESIAN_POINT('Ctrl Pts',(106.997777083337,-19.4768732238811,102.043409983913));
#14871=CARTESIAN_POINT('Ctrl Pts',(104.379027069342,-19.8174664141943,104.753466489738));
#14872=CARTESIAN_POINT('Ctrl Pts',(102.88130535355,-20.0122270956233,106.303408899933));
#14873=CARTESIAN_POINT('Origin',(190.541274642205,9.28171332145164,47.7350961424745));
#14874=CARTESIAN_POINT('Ctrl Pts',(192.793468393288,-20.0798770933691,44.9862198957003));
#14875=CARTESIAN_POINT('Ctrl Pts',(192.684667665603,-20.0783063702241,44.8803005226524));
#14876=CARTESIAN_POINT('Ctrl Pts',(192.565786897336,-20.0774508997285,44.7877359855195));
#14877=CARTESIAN_POINT('Ctrl Pts',(192.443428279035,-20.0774508997285,44.7107781744493));
#14878=CARTESIAN_POINT('Ctrl Pts',(192.321070439567,-20.0774508997285,44.6338208532291));
#14879=CARTESIAN_POINT('Ctrl Pts',(192.186150710611,-20.0783063643369,44.5667566843606));
#14880=CARTESIAN_POINT('Ctrl Pts',(192.043558933312,-20.0798770933691,44.5145621461953));
#14881=CARTESIAN_POINT('',(191.212432466438,-16.2757287761113,48.7831369836892));
#14882=CARTESIAN_POINT('',(190.541274642205,9.1930921123442,49.8502404120921));
#14883=CARTESIAN_POINT('',(192.688188734585,-16.0847679343962,45.1536086687831));
#14884=CARTESIAN_POINT('Origin',(191.212432466438,-16.1871075670039,46.6679927140716));
#14885=CARTESIAN_POINT('',(191.938279274609,-16.0847679343962,44.6819509192781));
#14886=CARTESIAN_POINT('Ctrl Pts',(191.938279274609,-16.0847679343962,44.6819509192781));
#14887=CARTESIAN_POINT('Ctrl Pts',(192.080857822305,-16.0831973510956,44.7341406148568));
#14888=CARTESIAN_POINT('Ctrl Pts',(192.21577742439,-16.082268635063,44.8012055004043));
#14889=CARTESIAN_POINT('Ctrl Pts',(192.33814669384,-16.082268635063,44.8781700105453));
#14890=CARTESIAN_POINT('Ctrl Pts',(192.460513753255,-16.082268635063,44.9551331306787));
#14891=CARTESIAN_POINT('Ctrl Pts',(192.579396530955,-16.0831973343104,45.0476975940491));
#14892=CARTESIAN_POINT('Ctrl Pts',(192.688188734585,-16.0847679343962,45.1536086687831));
#14893=CARTESIAN_POINT('Origin',(191.212432466438,-16.1871075670039,46.6679927140716));
#14894=CARTESIAN_POINT('Origin',(221.566279265313,-15.6265057467604,52.3791114893602));
#14895=CARTESIAN_POINT('',(155.183783887184,-21.011004392311,139.140804824983));
#14896=CARTESIAN_POINT('',(148.144141378751,-21.011004392311,134.713201067386));
#14897=CARTESIAN_POINT('',(204.179115262639,-16.4559923954696,61.2409663686653));
#14898=CARTESIAN_POINT('',(185.194085810717,-18.2209980498086,91.4261020923111));
#14899=CARTESIAN_POINT('',(201.823455152165,-16.0847679343962,50.8992612170027));
#14900=CARTESIAN_POINT('Ctrl Pts',(201.823455152165,-16.0847679343962,50.8992612170027));
#14901=CARTESIAN_POINT('Ctrl Pts',(202.77321585282,-16.0847679343962,51.4966159892084));
#14902=CARTESIAN_POINT('Ctrl Pts',(204.395936295993,-16.1101750133208,53.1236277841256));
#14903=CARTESIAN_POINT('Ctrl Pts',(205.730230964495,-16.2343658167924,56.9269288777077));
#14904=CARTESIAN_POINT('Ctrl Pts',(205.075147420947,-16.3726898212024,59.8163253176842));
#14905=CARTESIAN_POINT('Ctrl Pts',(204.179115262639,-16.4559923954696,61.2409663686653));
#14906=CARTESIAN_POINT('',(216.637047957991,-16.0847679343962,60.216313765057));
#14907=CARTESIAN_POINT('',(181.606461425341,-16.084767934396,38.1837238463181));
#14908=CARTESIAN_POINT('',(216.637047957991,-16.0847679343962,60.216313765057));
#14909=CARTESIAN_POINT('',(110.73775017134,-20.7811801902579,105.701070894165));
#14910=CARTESIAN_POINT('Ctrl Pts',(110.737750051127,-20.7811801881449,105.701070768132));
#14911=CARTESIAN_POINT('Ctrl Pts',(112.456406027416,-20.6672866228082,104.063698641167));
#14912=CARTESIAN_POINT('Ctrl Pts',(117.3034702709,-20.3460785936533,99.4459225758336));
#14913=CARTESIAN_POINT('Ctrl Pts',(125.281798750618,-19.8173569018533,91.8447845146792));
#14914=CARTESIAN_POINT('Ctrl Pts',(134.668140627286,-19.1953355963718,82.9024156939341));
#14915=CARTESIAN_POINT('Ctrl Pts',(144.057265346056,-18.5731201925399,73.9571645566474));
#14916=CARTESIAN_POINT('Ctrl Pts',(153.44161843328,-17.9512376016297,65.0168556158745));
#14917=CARTESIAN_POINT('Ctrl Pts',(165.966028513024,-17.1212280687639,53.0840776203996));
#14918=CARTESIAN_POINT('Ctrl Pts',(175.33644938944,-16.5003172250934,44.1581989060648));
#14919=CARTESIAN_POINT('Ctrl Pts',(181.60646142534,-16.0847679343961,38.1837238463199));
#14920=CARTESIAN_POINT('Ctrl Pts',(107.269718758818,-21.0110044136797,109.005113849248));
#14921=CARTESIAN_POINT('Ctrl Pts',(108.425899690649,-20.9343844463517,107.903589559814));
#14922=CARTESIAN_POINT('Ctrl Pts',(109.581869512154,-20.8577792035983,106.802283926976));
#14923=CARTESIAN_POINT('Ctrl Pts',(110.737750051127,-20.7811801881449,105.701070768132));
#14924=CARTESIAN_POINT('',(200.44464848738,-16.3832923097411,57.1570116726599));
#14925=CARTESIAN_POINT('',(151.917627896602,-20.7932870156766,131.890232094998));
#14926=CARTESIAN_POINT('',(180.404342558673,-18.2044971143016,88.0197471562763));
#14927=CARTESIAN_POINT('',(115.593093752411,-20.7634631882215,108.331997388735));
#14928=CARTESIAN_POINT('',(140.117938803624,-20.7835990210519,124.237557348782));
#14929=CARTESIAN_POINT('',(181.480287108915,-16.3671358039802,44.8437097729355));
#14930=CARTESIAN_POINT('',(189.983923914515,-15.7997300692752,36.6496843213881));
#14931=CARTESIAN_POINT('',(206.782259509665,-16.3886915766581,61.2719363085627));
#14932=CARTESIAN_POINT('Origin',(216.479128469936,-10.0921041959369,60.4673969246812));
#14933=CARTESIAN_POINT('Ctrl Pts',(181.711741084046,-20.0798770933606,38.016335073233));
#14934=CARTESIAN_POINT('Ctrl Pts',(182.941763058543,-19.9685211329919,36.1322139511182));
#14935=CARTESIAN_POINT('Ctrl Pts',(185.090871860822,-18.3920013771154,32.8388584436929));
#14936=CARTESIAN_POINT('Ctrl Pts',(186.38475396712,-14.7459527252929,30.8633376266278));
#14937=CARTESIAN_POINT('Ctrl Pts',(186.677573044636,-13.0000009387726,30.4206426413054));
#14938=CARTESIAN_POINT('Origin',(201.665535664111,-10.0921041959369,51.1503443766269));
#14939=CARTESIAN_POINT('Origin',(129.873146823452,-13.0000009387732,78.4215038322683));
#14940=CARTESIAN_POINT('',(159.676969732211,-13.0404795212088,53.283498571387));
#14941=CARTESIAN_POINT('',(132.75200907887,-13.0404795212088,81.198284990137));
#14942=CARTESIAN_POINT('Origin',(156.798107476793,-13.0000009387732,50.5067174135183));
#14943=CARTESIAN_POINT('Ctrl Pts',(160.324464087413,-12.9999995940576,52.6131097548207));
#14944=CARTESIAN_POINT('Ctrl Pts',(160.108497621519,-12.9999998267074,52.8366071846291));
#14945=CARTESIAN_POINT('Ctrl Pts',(159.892710733406,-13.0000001269258,53.0601214475946));
#14946=CARTESIAN_POINT('Ctrl Pts',(159.677117151684,-13.0000001269258,53.2836407635376));
#14947=CARTESIAN_POINT('Ctrl Pts',(160.324464090675,-13.0134929557903,52.6131097579729));
#14948=CARTESIAN_POINT('Ctrl Pts',(160.108497624218,-13.0134931884401,52.8366071872349));
#14949=CARTESIAN_POINT('Ctrl Pts',(159.892710735377,-13.0134934886585,53.0601214494965));
#14950=CARTESIAN_POINT('Ctrl Pts',(159.677117153655,-13.0134934886585,53.2836407654388));
#14951=CARTESIAN_POINT('Ctrl Pts',(160.324414994572,-13.0269863175436,52.6130623162115));
#14952=CARTESIAN_POINT('Ctrl Pts',(160.108448513219,-13.0269865501895,52.83655975976));
#14953=CARTESIAN_POINT('Ctrl Pts',(159.892661609227,-13.0269868504027,53.0600740362564));
#14954=CARTESIAN_POINT('Ctrl Pts',(159.677068012992,-13.0269868504027,53.2835933672462));
#14955=CARTESIAN_POINT('Ctrl Pts',(160.32431680162,-13.0404789883679,52.612967431966));
#14956=CARTESIAN_POINT('Ctrl Pts',(160.108350291038,-13.0404792210058,52.8364649046333));
#14957=CARTESIAN_POINT('Ctrl Pts',(159.892563357474,-13.0404795212088,53.0599792103023));
#14958=CARTESIAN_POINT('Ctrl Pts',(159.676969732211,-13.0404795212088,53.2834985713869));
#14959=CARTESIAN_POINT('Ctrl Pts',(160.324464087413,-13.0000009387732,52.6131097548209));
#14960=CARTESIAN_POINT('Ctrl Pts',(160.108497621519,-13.0134358294766,52.8366071846292));
#14961=CARTESIAN_POINT('Ctrl Pts',(159.892662061791,-13.0269284117499,53.0600744189465));
#14962=CARTESIAN_POINT('Ctrl Pts',(159.676969732211,-13.0404795212088,53.2834985713869));
#14963=CARTESIAN_POINT('Ctrl Pts',(181.60646142534,-16.0847679343961,38.1837238463199));
#14964=CARTESIAN_POINT('Ctrl Pts',(175.33644938944,-16.5003172250934,44.1581989060648));
#14965=CARTESIAN_POINT('Ctrl Pts',(165.966028513024,-17.1212280687639,53.0840776203996));
#14966=CARTESIAN_POINT('Ctrl Pts',(153.44161843328,-17.9512376016297,65.0168556158745));
#14967=CARTESIAN_POINT('Ctrl Pts',(144.057265346056,-18.5731201925399,73.9571645566474));
#14968=CARTESIAN_POINT('Ctrl Pts',(134.668140627286,-19.1953355963718,82.9024156939341));
#14969=CARTESIAN_POINT('Ctrl Pts',(125.281798750618,-19.8173569018533,91.8447845146792));
#14970=CARTESIAN_POINT('Ctrl Pts',(115.892853152516,-20.4395598123334,100.789850128519));
#14971=CARTESIAN_POINT('Ctrl Pts',(109.630707008229,-20.8545411859413,106.755717846497));
#14972=CARTESIAN_POINT('Ctrl Pts',(106.495113446489,-21.0623375264778,109.743103643372));
#14973=CARTESIAN_POINT('Ctrl Pts',(106.489568675767,-21.0627049795389,109.748386336496));
#14974=CARTESIAN_POINT('Ctrl Pts',(181.110823016833,-16.0760607253871,37.6641735124032));
#14975=CARTESIAN_POINT('Ctrl Pts',(174.874436516663,-16.4921949375805,43.6737579169599));
#14976=CARTESIAN_POINT('Ctrl Pts',(165.554300655443,-17.1139933222695,52.6524466993011));
#14977=CARTESIAN_POINT('Ctrl Pts',(153.097018628599,-17.9451808508588,64.6555605947625));
#14978=CARTESIAN_POINT('Ctrl Pts',(143.762986905878,-18.5679485738395,73.6486449705882));
#14979=CARTESIAN_POINT('Ctrl Pts',(134.424196985151,-19.1910482194702,82.6466587436559));
#14980=CARTESIAN_POINT('Ctrl Pts',(125.088183443766,-19.8139541950557,91.6417963578774));
#14981=CARTESIAN_POINT('Ctrl Pts',(115.749568005167,-20.437041654736,100.639629026899));
#14982=CARTESIAN_POINT('Ctrl Pts',(109.521007531839,-20.8526130836555,106.640703546665));
#14983=CARTESIAN_POINT('Ctrl Pts',(106.402217329581,-21.0607050003165,109.645712453975));
#14984=CARTESIAN_POINT('Ctrl Pts',(106.39670228092,-21.0610729754989,109.651026302475));
#14985=CARTESIAN_POINT('Ctrl Pts',(180.007418239786,-15.7586547092216,36.5463460213964));
#14986=CARTESIAN_POINT('Ctrl Pts',(173.847239126188,-16.1961568195925,42.6301082836442));
#14987=CARTESIAN_POINT('Ctrl Pts',(164.637040279476,-16.8503618186269,51.7244367023323));
#14988=CARTESIAN_POINT('Ctrl Pts',(152.330096027237,-17.7244524082496,63.8779824220062));
#14989=CARTESIAN_POINT('Ctrl Pts',(143.107736742787,-18.3794854088734,72.9849713404496));
#14990=CARTESIAN_POINT('Ctrl Pts',(133.881164375767,-19.0348059846869,82.0963446568755));
#14991=CARTESIAN_POINT('Ctrl Pts',(124.657118843384,-19.6899531845405,91.2050913040805));
#14992=CARTESIAN_POINT('Ctrl Pts',(115.430590591048,-20.3452721464324,100.316413847173));
#14993=CARTESIAN_POINT('Ctrl Pts',(109.276784459154,-20.7823533373616,106.393251945794));
#14994=CARTESIAN_POINT('Ctrl Pts',(106.195406014942,-21.0012094255386,109.436174627939));
#14995=CARTESIAN_POINT('Ctrl Pts',(106.189957133603,-21.0015964344984,109.441555508874));
#14996=CARTESIAN_POINT('Ctrl Pts',(178.48711882961,-14.1236315481748,35.1621475384427));
#14997=CARTESIAN_POINT('Ctrl Pts',(172.429747275953,-14.6718253470716,41.3397220063965));
#14998=CARTESIAN_POINT('Ctrl Pts',(163.374150227438,-15.4920758683376,50.5744438071869));
#14999=CARTESIAN_POINT('Ctrl Pts',(151.272968507171,-16.5875597354391,62.9155030138532));
#15000=CARTESIAN_POINT('Ctrl Pts',(142.205037597397,-17.4086380631568,72.163035353944));
#15001=CARTESIAN_POINT('Ctrl Pts',(133.132840655658,-18.2300036597249,81.4149974807738));
#15002=CARTESIAN_POINT('Ctrl Pts',(124.063194550988,-19.0511960585706,90.6643124304686));
#15003=CARTESIAN_POINT('Ctrl Pts',(114.9910533087,-19.872560287935,99.9162141599597));
#15004=CARTESIAN_POINT('Ctrl Pts',(108.940269154525,-20.4204359760825,106.086848727344));
#15005=CARTESIAN_POINT('Ctrl Pts',(105.910443828648,-20.6947388675209,109.176715048085));
#15006=CARTESIAN_POINT('Ctrl Pts',(105.905086114748,-20.695223923228,109.182178934421));
#15007=CARTESIAN_POINT('Ctrl Pts',(177.782684834721,-12.1809065580929,34.6751135156551));
#15008=CARTESIAN_POINT('Ctrl Pts',(171.772516585343,-12.860665109993,40.8861537163845));
#15009=CARTESIAN_POINT('Ctrl Pts',(162.789101204719,-13.8781603565862,50.1696896099836));
#15010=CARTESIAN_POINT('Ctrl Pts',(150.783028662814,-15.2367229936094,62.5769738344471));
#15011=CARTESIAN_POINT('Ctrl Pts',(141.786757000701,-16.2550856479602,71.8738456941966));
#15012=CARTESIAN_POINT('Ctrl Pts',(132.786053248459,-17.2737480950496,81.1753143503658));
#15013=CARTESIAN_POINT('Ctrl Pts',(123.787976656434,-18.2922315980156,90.4740590695238));
#15014=CARTESIAN_POINT('Ctrl Pts',(114.787369703909,-19.3108896228855,99.7754259955813));
#15015=CARTESIAN_POINT('Ctrl Pts',(108.784325155518,-19.9904103086039,105.979058677574));
#15016=CARTESIAN_POINT('Ctrl Pts',(105.778394549066,-20.3305937990651,109.085434850691));
#15017=CARTESIAN_POINT('Ctrl Pts',(105.773079077411,-20.3311953534015,109.090927943073));
#15018=CARTESIAN_POINT('Ctrl Pts',(177.648702517794,-11.0632979799193,34.6799044320091));
#15019=CARTESIAN_POINT('Ctrl Pts',(171.646676871834,-11.818812983972,40.8915653196356));
#15020=CARTESIAN_POINT('Ctrl Pts',(162.67816223117,-12.9496819330951,50.173298682437));
#15021=CARTESIAN_POINT('Ctrl Pts',(150.689666066345,-14.4596305450664,62.5805092511004));
#15022=CARTESIAN_POINT('Ctrl Pts',(141.707236608148,-15.5914689802612,71.8766548406097));
#15023=CARTESIAN_POINT('Ctrl Pts',(132.720041946413,-16.7236393927363,81.1777359744978));
#15024=CARTESIAN_POINT('Ctrl Pts',(123.735627034301,-17.8556161088555,90.4759379921497));
#15025=CARTESIAN_POINT('Ctrl Pts',(114.748609273706,-18.987774316564,99.776835899507));
#15026=CARTESIAN_POINT('Ctrl Pts',(108.754653555176,-19.7430268525892,105.980134016056));
#15027=CARTESIAN_POINT('Ctrl Pts',(105.753271797885,-20.1211096044924,109.086342215751));
#15028=CARTESIAN_POINT('Ctrl Pts',(105.747964360669,-20.1217781780315,109.091835020872));
#15029=CARTESIAN_POINT('Ctrl Pts',(177.628890377556,-10.7057218223255,34.7056574873042));
#15030=CARTESIAN_POINT('Ctrl Pts',(171.628172972427,-11.4854502110827,40.9156090689507));
#15031=CARTESIAN_POINT('Ctrl Pts',(162.661694042167,-12.652629701843,50.1947025661379));
#15032=CARTESIAN_POINT('Ctrl Pts',(150.675873223966,-14.2109974308286,62.598433605416));
#15033=CARTESIAN_POINT('Ctrl Pts',(141.695462082898,-15.3791486688286,71.8919573290413));
#15034=CARTESIAN_POINT('Ctrl Pts',(132.710279310286,-16.5476327197502,81.1904232491804));
#15035=CARTESIAN_POINT('Ctrl Pts',(123.727879379774,-17.7159226723216,90.486006852778));
#15036=CARTESIAN_POINT('Ctrl Pts',(114.742875727829,-18.8843942298914,99.7842872494698));
#15037=CARTESIAN_POINT('Ctrl Pts',(108.750262735738,-19.6638772646843,105.985840057175));
#15038=CARTESIAN_POINT('Ctrl Pts',(105.74955501081,-20.0540857173756,109.091172682827));
#15039=CARTESIAN_POINT('Ctrl Pts',(105.744248761513,-20.0547757335618,109.096663943778));
#15040=CARTESIAN_POINT('Ctrl Pts',(178.114857538277,-13.0000042371958,34.9174310370472));
#15041=CARTESIAN_POINT('Ctrl Pts',(178.315702280651,-13.5230023108609,35.0603210411778));
#15042=CARTESIAN_POINT('Ctrl Pts',(178.844455819136,-14.5179847027714,35.486228862782));
#15043=CARTESIAN_POINT('Ctrl Pts',(180.099789229407,-15.7718545986033,36.641720433356));
#15044=CARTESIAN_POINT('Ctrl Pts',(181.080595165341,-16.0755333362737,37.6325442383101));
#15045=CARTESIAN_POINT('Ctrl Pts',(181.606438987292,-16.0847699307145,38.1837573837154));
#15046=CARTESIAN_POINT('',(110.73775017134,-19.4053490612092,103.929056543616));
#15047=CARTESIAN_POINT('Ctrl Pts',(159.676973195887,-13.0405419660123,53.2834940700878));
#15048=CARTESIAN_POINT('Ctrl Pts',(159.672214094604,-13.0411609773676,53.2884191036328));
#15049=CARTESIAN_POINT('Ctrl Pts',(156.673546789473,-13.4311942721427,56.391638852155));
#15050=CARTESIAN_POINT('Ctrl Pts',(150.675873223966,-14.2109974308286,62.598433605416));
#15051=CARTESIAN_POINT('Ctrl Pts',(141.695462082898,-15.3791486688286,71.8919573290413));
#15052=CARTESIAN_POINT('Ctrl Pts',(132.710279310286,-16.5476327197502,81.1904232491804));
#15053=CARTESIAN_POINT('Ctrl Pts',(123.727879379774,-17.7159226723216,90.486006852778));
#15054=CARTESIAN_POINT('Ctrl Pts',(116.402248194819,-18.6685980425773,98.0670580664533));
#15055=CARTESIAN_POINT('Ctrl Pts',(112.073025615433,-19.2316847307832,102.547224784999));
#15056=CARTESIAN_POINT('Ctrl Pts',(110.737750467436,-19.4053543995175,103.929056158813));
#15057=CARTESIAN_POINT('Ctrl Pts',(110.737750467436,-19.4053543995175,103.929056158814));
#15058=CARTESIAN_POINT('Ctrl Pts',(109.078817338033,-19.6211199422733,105.645830299866));
#15059=CARTESIAN_POINT('Ctrl Pts',(107.419760021262,-19.83689414688,107.362733067442));
#15060=CARTESIAN_POINT('Ctrl Pts',(105.76016750915,-20.0527056804225,109.080190161256));
#15061=CARTESIAN_POINT('Origin',(155.025864399129,-15.0183406538516,139.391887984607));
#15062=CARTESIAN_POINT('',(155.848841795945,-24.6819511240882,144.075619497393));
#15063=CARTESIAN_POINT('',(153.162055433352,-25.2038578505464,142.355240068805));
#15064=CARTESIAN_POINT('Origin',(152.898856286594,-15.2160849531142,142.773712001512));
#15065=CARTESIAN_POINT('',(157.833499581936,-20.0000000000112,143.511775801032));
#15066=CARTESIAN_POINT('Ctrl Pts',(157.833499581936,-20.0000000000112,143.511775801032));
#15067=CARTESIAN_POINT('Ctrl Pts',(157.408153124875,-20.6890824838776,143.817453846306));
#15068=CARTESIAN_POINT('Ctrl Pts',(156.976922415882,-21.5064539064345,144.072026055759));
#15069=CARTESIAN_POINT('Ctrl Pts',(156.290932333237,-23.1484086622025,144.257069599284));
#15070=CARTESIAN_POINT('Ctrl Pts',(156.029539973704,-23.9170882268386,144.23399372532));
#15071=CARTESIAN_POINT('Ctrl Pts',(155.848841795945,-24.6819511240881,144.075619497393));
#15072=CARTESIAN_POINT('',(159.690775454809,-17.5642347005788,142.17703220806));
#15073=CARTESIAN_POINT('Ctrl Pts',(159.690775454809,-17.5642347005789,142.17703220806));
#15074=CARTESIAN_POINT('Ctrl Pts',(159.215752654105,-18.0611726531195,142.518410486331));
#15075=CARTESIAN_POINT('Ctrl Pts',(158.738750843622,-18.6633506793539,142.861210993071));
#15076=CARTESIAN_POINT('Ctrl Pts',(158.135093261631,-19.5279590060891,143.295033507906));
#15077=CARTESIAN_POINT('Ctrl Pts',(157.980192556522,-19.762350061671,143.406353924388));
#15078=CARTESIAN_POINT('Ctrl Pts',(157.833499581936,-20.0000000000112,143.511775801032));
#15079=CARTESIAN_POINT('Origin',(155.025864399129,-15.0183406538516,139.391887984607));
#15080=CARTESIAN_POINT('Origin',(155.289063545887,-25.0061135512839,138.9734160519));
#15081=CARTESIAN_POINT('Origin',(206.887539168368,-20.383800735631,61.1045475354799));
#15082=CARTESIAN_POINT('',(196.309178969655,-17.9023947058268,57.9838577974117));
#15083=CARTESIAN_POINT('',(181.886402650499,-17.890107359892,48.6193453044349));
#15084=CARTESIAN_POINT('',(205.177306533041,-17.909949822037,63.7418124046904));
#15085=CARTESIAN_POINT('Origin',(200.549928146084,-20.378401468714,56.9896228995771));
#15086=CARTESIAN_POINT('Origin',(181.585566767619,-20.3622449629531,44.6763209998527));
#15087=CARTESIAN_POINT('Origin',(180.509622217376,-22.1996062732745,87.8523583831935));
#15088=CARTESIAN_POINT('',(151.063528292137,-22.0141880433385,127.66365977309));
#15089=CARTESIAN_POINT('',(177.909984278967,-19.5744600869606,86.3192275702263));
#15090=CARTESIAN_POINT('Origin',(152.022907555305,-24.7883961746495,131.722843321915));
#15091=CARTESIAN_POINT('Origin',(140.223218462327,-24.7787081800248,124.0701685757));
#15092=CARTESIAN_POINT('',(120.455955444967,-21.9890580590752,107.813153719511));
#15093=CARTESIAN_POINT('',(141.793893128187,-22.0065773194513,121.65184858325));
#15094=CARTESIAN_POINT('Origin',(115.698373411114,-24.7585723471944,108.164608615652));
#15095=CARTESIAN_POINT('Origin',(190.089203573219,-19.7948392282481,36.4822955483053));
#15096=CARTESIAN_POINT('',(192.114686310676,-17.207624448445,38.7634661608267));
#15097=CARTESIAN_POINT('Origin',(148.249421037455,-25.0061135512839,134.545812294303));
#15098=CARTESIAN_POINT('',(146.12241292492,-25.2038578505464,137.927636311209));
#15099=CARTESIAN_POINT('Origin',(163.885573294023,-30.,144.088210113006));
#15100=CARTESIAN_POINT('',(154.220835548373,-28.,142.857665007408));
#15101=CARTESIAN_POINT('',(162.254815498267,-28.,147.144454378699));
#15102=CARTESIAN_POINT('',(111.824842628389,-26.,116.309526537621));
#15103=CARTESIAN_POINT('Origin',(114.277281836366,-30.,117.61810465159));
#15104=CARTESIAN_POINT('',(163.885573294023,-26.,144.088210113006));
#15105=CARTESIAN_POINT('Origin',(185.036166322662,-12.2283343113492,91.6771852519353));
#15106=CARTESIAN_POINT('Origin',(204.021195774584,-10.4633286570103,61.4920495282895));
#15107=CARTESIAN_POINT('',(160.916049992734,-14.9429211087678,141.296480555496));
#15108=CARTESIAN_POINT('Origin',(147.981561037051,-15.6732374659125,150.591936612465));
#15109=CARTESIAN_POINT('',(190.115112427517,-12.2283343113492,94.8716032684111));
#15110=CARTESIAN_POINT('Origin',(160.49960922412,-40.,141.958598102023));
#15111=CARTESIAN_POINT('',(160.916049992734,5.,141.296480555496));
#15112=CARTESIAN_POINT('Origin',(114.436546177654,50.,174.69928346044));
#15113=CARTESIAN_POINT('',(111.48570362885,-20.,176.819925979632));
#15114=CARTESIAN_POINT('',(117.051824284944,50.,172.81979654709));
#15115=CARTESIAN_POINT('Origin',(113.550308014036,50.,167.9474886951));
#15116=CARTESIAN_POINT('Origin',(49.6162675234529,-36.,96.9562212036032));
#15117=CARTESIAN_POINT('',(128.540141758879,-36.,144.860452700478));
#15118=CARTESIAN_POINT('',(102.148326906428,-36.,163.827105040992));
#15119=CARTESIAN_POINT('',(155.731784315241,-36.,159.36943144147));
#15120=CARTESIAN_POINT('Ctrl Pts',(208.689523551741,-13.0000009387732,64.2798819299876));
#15121=CARTESIAN_POINT('Ctrl Pts',(210.217338491324,-12.8999392383413,61.8125466717165));
#15122=CARTESIAN_POINT('Ctrl Pts',(211.306450498587,-12.7346059236592,56.8355943085233));
#15123=CARTESIAN_POINT('Ctrl Pts',(208.988548471506,-12.5869785384074,50.3251074647013));
#15124=CARTESIAN_POINT('Ctrl Pts',(206.205036387886,-12.5568375101648,47.5430537178244));
#15125=CARTESIAN_POINT('Ctrl Pts',(204.577983976271,-12.5568375101648,46.5197143418771));
#15126=CARTESIAN_POINT('Ctrl Pts',(208.36449933551,-13.8793272938396,64.0240404331287));
#15127=CARTESIAN_POINT('Ctrl Pts',(209.839636256692,-13.7743301866259,61.6326088757731));
#15128=CARTESIAN_POINT('Ctrl Pts',(210.884698506347,-13.6010167522455,56.8160177767696));
#15129=CARTESIAN_POINT('Ctrl Pts',(208.636412953534,-13.4464711631492,50.5238170725261));
#15130=CARTESIAN_POINT('Ctrl Pts',(205.944984412209,-13.4149225135859,47.8362239228615));
#15131=CARTESIAN_POINT('Ctrl Pts',(204.372147180325,-13.4149225135859,46.8469833428696));
#15132=CARTESIAN_POINT('Ctrl Pts',(207.16957544729,-15.6954386545267,63.1662966658574));
#15133=CARTESIAN_POINT('Ctrl Pts',(208.468605097306,-15.583887178589,61.0541233890054));
#15134=CARTESIAN_POINT('Ctrl Pts',(209.384023845868,-15.3998564596907,56.8031263236453));
#15135=CARTESIAN_POINT('Ctrl Pts',(207.396732391281,-15.2360346106156,51.2573724267777));
#15136=CARTESIAN_POINT('Ctrl Pts',(205.023237924526,-15.20255621633,48.8883415214163));
#15137=CARTESIAN_POINT('Ctrl Pts',(203.636712987631,-15.20255621633,48.0162826046116));
#15138=CARTESIAN_POINT('Ctrl Pts',(205.275892652215,-16.4559923954696,61.9307877176214));
#15139=CARTESIAN_POINT('Ctrl Pts',(206.318732607245,-16.3581646540269,60.2554392179018));
#15140=CARTESIAN_POINT('Ctrl Pts',(207.068708637853,-16.1967560752435,56.8709335566147));
#15141=CARTESIAN_POINT('Ctrl Pts',(205.496014709518,-16.0520548086363,52.4325875791372));
#15142=CARTESIAN_POINT('Ctrl Pts',(203.599777311291,-16.0227315398471,50.5358462981123));
#15143=CARTESIAN_POINT('Ctrl Pts',(202.49074070715,-16.0227315398471,49.8383144802782));
#15144=CARTESIAN_POINT('Ctrl Pts',(204.179115262639,-16.4559923954696,61.2409663686653));
#15145=CARTESIAN_POINT('Ctrl Pts',(205.075147420947,-16.3726898212024,59.8163253176842));
#15146=CARTESIAN_POINT('Ctrl Pts',(205.730230964495,-16.2343658167924,56.9269288777077));
#15147=CARTESIAN_POINT('Ctrl Pts',(204.395936295993,-16.1101750133208,53.1236277841256));
#15148=CARTESIAN_POINT('Ctrl Pts',(202.77321585282,-16.0847679343962,51.4966159892084));
#15149=CARTESIAN_POINT('Ctrl Pts',(201.823455152165,-16.0847679343962,50.8992612170027));
#15150=CARTESIAN_POINT('Ctrl Pts',(204.45962018697,-12.999896744355,46.7079061513173));
#15151=CARTESIAN_POINT('Ctrl Pts',(204.259131129644,-13.6785021288366,47.0266725467982));
#15152=CARTESIAN_POINT('Ctrl Pts',(203.550472212739,-15.2642789618559,48.1534006165501));
#15153=CARTESIAN_POINT('Ctrl Pts',(202.49074070715,-16.0227315398471,49.8383144802782));
#15154=CARTESIAN_POINT('Ctrl Pts',(201.823455152165,-16.0847679343962,50.8992612170027));
#15155=CARTESIAN_POINT('Origin',(189.785065961339,-18.2168901680857,56.5122541387942));
#15156=CARTESIAN_POINT('',(182.780531467641,-18.8734100768881,57.6864383820181));
#15157=CARTESIAN_POINT('',(183.037536701565,-19.1560471421014,60.2926516398161));
#15158=CARTESIAN_POINT('',(186.429335094009,-18.8765186401365,60.0555569475025));
#15159=CARTESIAN_POINT('',(183.275241688105,-18.8738315405149,58.0076469993757));
#15160=CARTESIAN_POINT('',(169.759511877728,-20.5201148325539,63.5510432146956));
#15161=CARTESIAN_POINT('Origin',(158.318723663303,-21.3797019898377,112.209016398951));
#15162=CARTESIAN_POINT('',(148.968056916118,-22.2808908111629,117.7471672151));
#15163=CARTESIAN_POINT('',(159.704946196741,-21.3051534939051,101.21200178581));
#15164=CARTESIAN_POINT('',(147.451715738528,-22.4738843273987,110.571318298707));
#15165=CARTESIAN_POINT('Origin',(128.918084595354,-22.0834421696572,110.513738970415));
#15166=CARTESIAN_POINT('',(131.922794164534,-22.2668960005698,106.692481725184));
#15167=CARTESIAN_POINT('',(136.740373811324,-22.2708514171367,109.81691744636));
#15168=CARTESIAN_POINT('',(150.224290469244,-22.7103355730559,104.903848008032));
#15169=CARTESIAN_POINT('Origin',(168.277418486874,-19.1379034420073,64.9670074325396));
#15170=CARTESIAN_POINT('',(163.160130967628,-20.1825826127596,76.5924740867406));
#15171=CARTESIAN_POINT('Origin',(158.077714479131,-20.8063413273237,88.2832765474254));
#15172=CARTESIAN_POINT('Ctrl Pts',(184.363487673991,-13.0000009382182,34.0681629802954));
#15173=CARTESIAN_POINT('Ctrl Pts',(184.118972685795,-13.7886663934112,34.4305946076671));
#15174=CARTESIAN_POINT('Ctrl Pts',(183.325969327481,-15.3626777821923,35.6127359190933));
#15175=CARTESIAN_POINT('Ctrl Pts',(182.232759642496,-16.0290498340084,37.2476169816522));
#15176=CARTESIAN_POINT('Ctrl Pts',(181.606438987292,-16.0847699307145,38.1837573837154));
#15177=CARTESIAN_POINT('Ctrl Pts',(183.806297748518,-12.912175454429,33.6602306790503));
#15178=CARTESIAN_POINT('Ctrl Pts',(183.570892493724,-13.6914172559566,34.001756097924));
#15179=CARTESIAN_POINT('Ctrl Pts',(182.80167256026,-15.2652520360861,35.122248089498));
#15180=CARTESIAN_POINT('Ctrl Pts',(181.714793815506,-15.9847908111007,36.7078848457885));
#15181=CARTESIAN_POINT('Ctrl Pts',(181.080595165341,-16.0755333362737,37.6325442383101));
#15182=CARTESIAN_POINT('Ctrl Pts',(182.691059953964,-12.6481822639203,33.1055923194088));
#15183=CARTESIAN_POINT('Ctrl Pts',(182.476179470825,-13.3752082762121,33.3976171270013));
#15184=CARTESIAN_POINT('Ctrl Pts',(181.766086377802,-14.8708478844596,34.3673552426255));
#15185=CARTESIAN_POINT('Ctrl Pts',(180.724886570367,-15.6336566497564,35.7901577234465));
#15186=CARTESIAN_POINT('Ctrl Pts',(180.099789229407,-15.7718545986033,36.641720433356));
#15187=CARTESIAN_POINT('Ctrl Pts',(180.951840157125,-12.0070754916912,32.921658800512));
#15188=CARTESIAN_POINT('Ctrl Pts',(180.782095238395,-12.5697278050605,33.1264778116342));
#15189=CARTESIAN_POINT('Ctrl Pts',(180.2161821911,-13.7412405718707,33.8143883392732));
#15190=CARTESIAN_POINT('Ctrl Pts',(179.365203906601,-14.3804506777747,34.8521484352075));
#15191=CARTESIAN_POINT('Ctrl Pts',(178.844455819136,-14.5179847027714,35.486228862782));
#15192=CARTESIAN_POINT('Ctrl Pts',(180.009671668829,-11.5602810166541,33.1173820376647));
#15193=CARTESIAN_POINT('Ctrl Pts',(179.87359499476,-11.9985226922199,33.2712953156124));
#15194=CARTESIAN_POINT('Ctrl Pts',(179.419021466214,-12.9124987231417,33.7908041008742));
#15195=CARTESIAN_POINT('Ctrl Pts',(178.7345721687,-13.4138769468437,34.578389385035));
#15196=CARTESIAN_POINT('Ctrl Pts',(178.315702280651,-13.5230023108609,35.0603210411778));
#15197=CARTESIAN_POINT('Ctrl Pts',(179.579078712206,-11.3314970302598,33.2798263962517));
#15198=CARTESIAN_POINT('Ctrl Pts',(179.461354338934,-11.7046225586054,33.4093387359959));
#15199=CARTESIAN_POINT('Ctrl Pts',(179.067848500468,-12.4825679749987,33.8471843180715));
#15200=CARTESIAN_POINT('Ctrl Pts',(178.476235503477,-12.9079360654609,34.5112478894308));
#15201=CARTESIAN_POINT('Ctrl Pts',(178.114857538277,-13.0000042371958,34.9174310370472));
#15202=CARTESIAN_POINT('Ctrl Pts',(181.606461425342,-16.0847679343929,38.1837238463165));
#15203=CARTESIAN_POINT('Ctrl Pts',(182.232774562267,-16.0290407395282,37.2475946693265));
#15204=CARTESIAN_POINT('Ctrl Pts',(183.325974738812,-15.362667041384,35.6127278523453));
#15205=CARTESIAN_POINT('Ctrl Pts',(184.118972685795,-13.7886663934112,34.4305946076671));
#15206=CARTESIAN_POINT('Ctrl Pts',(184.363487673991,-13.0000009382182,34.0681629802954));
#15207=CARTESIAN_POINT('Origin',(185.099645976663,-19.5219816650402,26.8317398929771));
#15208=CARTESIAN_POINT('Origin',(216.479128469936,-10.0921041959369,60.4673969246812));
#15209=CARTESIAN_POINT('Origin',(102.148326906428,-20.,163.827105040992));
#15210=CARTESIAN_POINT('',(154.6463823629,-28.0566849446369,143.121999401403));
#15211=CARTESIAN_POINT('Origin',(141.664829028412,-20.,135.42830936699));
#15212=CARTESIAN_POINT('Origin',(128.540141758879,-20.,144.860452700478));
#15213=CARTESIAN_POINT('Origin',(161.758565181488,-30.1977442992625,147.470034129912));
#15214=CARTESIAN_POINT('',(146.143392970881,-26.,137.894279210741));
#15215=CARTESIAN_POINT('Origin',(313.9950503964,-20.,243.815906430682));
#15216=CARTESIAN_POINT('Origin',(155.731784315241,-20.,159.36943144147));
#15217=CARTESIAN_POINT('Origin',(160.901579248698,-26.,80.0265819125563));
#15218=CARTESIAN_POINT('Origin',(182.220783721245,-19.4815030826046,24.0549587351084));
#15219=CARTESIAN_POINT('Ctrl Pts',(186.677573044636,-13.0000009387726,30.4206426413054));
#15220=CARTESIAN_POINT('Ctrl Pts',(186.38475396712,-14.7459527252929,30.8633376266278));
#15221=CARTESIAN_POINT('Ctrl Pts',(185.09086449654,-18.3920221290294,32.8388696876016));
#15222=CARTESIAN_POINT('Ctrl Pts',(182.941738594705,-19.9685390788194,36.1322514402));
#15223=CARTESIAN_POINT('Ctrl Pts',(181.711704329612,-20.0798804205663,38.016391372881));
#15224=CARTESIAN_POINT('Ctrl Pts',(185.901949274222,-12.9059868352343,29.8990570918665));
#15225=CARTESIAN_POINT('Ctrl Pts',(185.620786013345,-14.6249374129814,30.3171197554872));
#15226=CARTESIAN_POINT('Ctrl Pts',(184.367980390393,-18.2389479515883,32.1959821229128));
#15227=CARTESIAN_POINT('Ctrl Pts',(182.236340451947,-19.8983047062146,35.398099746446));
#15228=CARTESIAN_POINT('Ctrl Pts',(180.992698082909,-20.0672508738758,37.262696685852));
#15229=CARTESIAN_POINT('Ctrl Pts',(184.558320732198,-12.7019639906865,29.2507819940228));
#15230=CARTESIAN_POINT('Ctrl Pts',(184.297710712185,-14.3367393765291,29.6228524995471));
#15231=CARTESIAN_POINT('Ctrl Pts',(183.122266734763,-17.8077502719157,31.3160582334512));
#15232=CARTESIAN_POINT('Ctrl Pts',(181.055591692476,-19.533935572624,34.2922704276352));
#15233=CARTESIAN_POINT('Ctrl Pts',(179.818196498619,-19.7759747188401,36.0667743040301));
#15234=CARTESIAN_POINT('Ctrl Pts',(182.048076305065,-12.208396043999,28.7367503421327));
#15235=CARTESIAN_POINT('Ctrl Pts',(181.830443552521,-13.5898605438773,29.0192827002945));
#15236=CARTESIAN_POINT('Ctrl Pts',(180.833867476107,-16.5548934995096,30.3312972456983));
#15237=CARTESIAN_POINT('Ctrl Pts',(179.011642617642,-18.1632677767152,32.7322736078227));
#15238=CARTESIAN_POINT('Ctrl Pts',(177.88555239854,-18.4556207459062,34.2084034173461));
#15239=CARTESIAN_POINT('Ctrl Pts',(179.418746586403,-11.5815976646247,28.8794143487671));
#15240=CARTESIAN_POINT('Ctrl Pts',(179.25396504709,-12.6025372992678,29.0665438907151));
#15241=CARTESIAN_POINT('Ctrl Pts',(178.490494462954,-14.8080280172831,29.9562355501302));
#15242=CARTESIAN_POINT('Ctrl Pts',(177.064099709344,-16.062204772118,31.6323703602869));
#15243=CARTESIAN_POINT('Ctrl Pts',(176.168390893742,-16.3180726489881,32.6828175306219));
#15244=CARTESIAN_POINT('Ctrl Pts',(177.544763036863,-11.0204405703421,29.6907532846425));
#15245=CARTESIAN_POINT('Ctrl Pts',(177.432845111387,-11.6869076461614,29.8080067068245));
#15246=CARTESIAN_POINT('Ctrl Pts',(176.912302814912,-13.1269853539905,30.3730474217417));
#15247=CARTESIAN_POINT('Ctrl Pts',(175.94544256682,-13.9380350586795,31.4392349221703));
#15248=CARTESIAN_POINT('Ctrl Pts',(175.342773637156,-14.0994184960883,32.1043891585182));
#15249=CARTESIAN_POINT('Ctrl Pts',(176.731626287633,-10.7492827760268,30.2143926003315));
#15250=CARTESIAN_POINT('Ctrl Pts',(176.647608313799,-11.2394108347124,30.2999323738155));
#15251=CARTESIAN_POINT('Ctrl Pts',(176.256371585693,-12.2971583002123,30.7134359900894));
#15252=CARTESIAN_POINT('Ctrl Pts',(175.533398427902,-12.8854795737176,31.4922499107371));
#15253=CARTESIAN_POINT('Ctrl Pts',(175.085188345666,-13.0000043609327,31.9769512554146));
#15254=CARTESIAN_POINT('Origin',(115.698373411114,-24.7585723471944,108.164608615652));
#15255=CARTESIAN_POINT('',(115.727986298875,-25.882310024284,108.117525779226));
#15256=CARTESIAN_POINT('',(152.052520443065,-25.9121338517392,131.67576048549));
#15257=CARTESIAN_POINT('',(126.104497387381,-25.8908295355065,114.847200072772));
#15258=CARTESIAN_POINT('',(152.022907555305,-24.7883961746495,131.722843321915));
#15259=CARTESIAN_POINT('',(115.698373411114,-24.7585723471944,108.164608615652));
#15260=CARTESIAN_POINT('Origin',(152.022907555305,-24.7883961746495,131.722843321915));
#15261=CARTESIAN_POINT('',(200.579541033844,-21.5021391458038,56.9425400631513));
#15262=CARTESIAN_POINT('',(162.898069070472,-24.9265218885989,114.973256060003));
#15263=CARTESIAN_POINT('',(200.549928146084,-20.378401468714,56.9896228995771));
#15264=CARTESIAN_POINT('Origin',(158.182994137834,-24.8014504862966,88.1158877743426));
#15265=CARTESIAN_POINT('',(182.864396483689,-22.8597872617538,57.2971726256853));
#15266=CARTESIAN_POINT('',(186.776085654803,-22.8631197878203,59.836979199742));
#15267=CARTESIAN_POINT('',(187.371428212369,-22.8636269842014,60.2235270248318));
#15268=CARTESIAN_POINT('',(149.124868346433,-26.2847530754302,117.821102024923));
#15269=CARTESIAN_POINT('',(154.533928203679,-25.7931934238352,109.490970529769));
#15270=CARTESIAN_POINT('',(131.748684459335,-26.270486565968,106.551798014402));
#15271=CARTESIAN_POINT('',(131.562479813329,-26.2703336848543,106.431035206086));
#15272=CARTESIAN_POINT('',(171.622971649464,-23.6098720858134,68.1293051954393));
#15273=CARTESIAN_POINT('Origin',(200.549928146084,-20.378401468714,56.9896228995771));
#15274=CARTESIAN_POINT('',(181.615179655379,-21.4859826400429,44.6292381634269));
#15275=CARTESIAN_POINT('',(192.787715783027,-21.4955009750244,51.8834139081224));
#15276=CARTESIAN_POINT('',(181.585566767619,-20.3622449629531,44.6763209998527));
#15277=CARTESIAN_POINT('Origin',(181.585566767619,-20.3622449629531,44.6763209998527));
#15278=CARTESIAN_POINT('',(164.657569076232,-22.6174803403171,60.969434230063));
#15279=CARTESIAN_POINT('Origin',(168.140270362848,-23.1136762130652,64.5493697127512));
#15280=CARTESIAN_POINT('',(182.864396483689,-22.8597872617538,57.2971726256853));
#15281=CARTESIAN_POINT('',(131.748684459335,-26.270486565968,106.551798014402));
#15282=CARTESIAN_POINT('Origin',(128.833488600355,-26.0805816101804,110.639117639429));
#15283=CARTESIAN_POINT('',(149.124868346433,-26.2847530754302,117.821102024923));
#15284=CARTESIAN_POINT('Origin',(158.715998637076,-25.3598576562171,112.232113294886));
#15285=CARTESIAN_POINT('',(186.776085654803,-22.8631197878203,59.836979199742));
#15286=CARTESIAN_POINT('Origin',(190.079571997698,-22.1795639796129,56.0534704664771));
#15287=CARTESIAN_POINT('Ctrl Pts',(212.275388751924,-13.0000009387731,66.5352223418831));
#15288=CARTESIAN_POINT('Ctrl Pts',(213.629491907154,-12.9327864125506,64.352761431714));
#15289=CARTESIAN_POINT('Ctrl Pts',(214.905100073759,-12.8324135937054,60.6228238060742));
#15290=CARTESIAN_POINT('Ctrl Pts',(214.876170278942,-12.6901867436378,54.1805132153275));
#15291=CARTESIAN_POINT('Ctrl Pts',(212.693822751208,-12.5838798379973,48.0049007423085));
#15292=CARTESIAN_POINT('Ctrl Pts',(208.98747152594,-12.5536007322009,44.3055018661572));
#15293=CARTESIAN_POINT('Ctrl Pts',(206.825755051843,-12.5536007322009,42.9458839633864));
#15294=CARTESIAN_POINT('Ctrl Pts',(212.038200701611,-14.208920479997,66.3153534631249));
#15295=CARTESIAN_POINT('Ctrl Pts',(213.361824736433,-14.1363861631873,64.1700688995566));
#15296=CARTESIAN_POINT('Ctrl Pts',(214.603585145772,-14.0282177251561,60.508655182425));
#15297=CARTESIAN_POINT('Ctrl Pts',(214.561706214552,-13.8751181438109,54.1943071204565));
#15298=CARTESIAN_POINT('Ctrl Pts',(212.414218985151,-13.7608455409902,48.149090008376));
#15299=CARTESIAN_POINT('Ctrl Pts',(208.783574686253,-13.7283414965537,44.5297052634023));
#15300=CARTESIAN_POINT('Ctrl Pts',(206.666917167191,-13.7283414965537,43.1984273222687));
#15301=CARTESIAN_POINT('Ctrl Pts',(211.170717752037,-16.5029886246651,65.6356072204268));
#15302=CARTESIAN_POINT('Ctrl Pts',(212.401006855966,-16.4215769474445,63.6258758048959));
#15303=CARTESIAN_POINT('Ctrl Pts',(213.548381734351,-16.3004189268069,60.2019035569808));
#15304=CARTESIAN_POINT('Ctrl Pts',(213.491452518255,-16.1291572066655,54.3101200641394));
#15305=CARTESIAN_POINT('Ctrl Pts',(211.476404798748,-16.0015826908002,48.6792789670746));
#15306=CARTESIAN_POINT('Ctrl Pts',(208.091180255706,-15.9653748638904,45.3102207418126));
#15307=CARTESIAN_POINT('Ctrl Pts',(206.118897604898,-15.9653748638904,44.0697477965888));
#15308=CARTESIAN_POINT('Ctrl Pts',(208.492874423036,-19.5445517468693,63.7735214875004));
#15309=CARTESIAN_POINT('Ctrl Pts',(209.467905157719,-19.4608541095806,62.179250657559));
#15310=CARTESIAN_POINT('Ctrl Pts',(210.376491905109,-19.336212127727,59.463548068756));
#15311=CARTESIAN_POINT('Ctrl Pts',(210.329375090824,-19.1601083368476,54.7916864357994));
#15312=CARTESIAN_POINT('Ctrl Pts',(208.730105127236,-19.0288829532639,50.3274251962168));
#15313=CARTESIAN_POINT('Ctrl Pts',(206.045587365808,-18.9915999405184,47.6563644586198));
#15314=CARTESIAN_POINT('Ctrl Pts',(204.481721433887,-18.9915999405184,46.6727664039946));
#15315=CARTESIAN_POINT('Ctrl Pts',(205.873386328453,-20.4511015544425,62.0729783913597));
#15316=CARTESIAN_POINT('Ctrl Pts',(206.612477317484,-20.3815826428782,60.8812081036392));
#15317=CARTESIAN_POINT('Ctrl Pts',(207.308506915259,-20.2780301163855,58.8450975900791));
#15318=CARTESIAN_POINT('Ctrl Pts',(207.291861101886,-20.1309501541074,55.3278544656975));
#15319=CARTESIAN_POINT('Ctrl Pts',(206.099645569359,-20.0211417371192,51.9565900639284));
#15320=CARTESIAN_POINT('Ctrl Pts',(204.075894568766,-19.9899998778069,49.9372131717774));
#15321=CARTESIAN_POINT('Ctrl Pts',(202.895486152606,-19.9899998778069,49.1947918439005));
#15322=CARTESIAN_POINT('Ctrl Pts',(204.284394921342,-20.4511015544425,61.0735775955825));
#15323=CARTESIAN_POINT('Ctrl Pts',(204.881749693548,-20.395566504931,60.1238168949284));
#15324=CARTESIAN_POINT('Ctrl Pts',(205.450123967277,-20.3123666231163,58.4955454446392));
#15325=CARTESIAN_POINT('Ctrl Pts',(205.452215245582,-20.1940176061419,55.6721955634018));
#15326=CARTESIAN_POINT('Ctrl Pts',(204.505056070496,-20.1052324753705,52.9574203998899));
#15327=CARTESIAN_POINT('Ctrl Pts',(202.878495511523,-20.0798770933691,51.3292272161256));
#15328=CARTESIAN_POINT('Ctrl Pts',(201.928734810869,-20.0798770933691,50.7318724439199));
#15329=CARTESIAN_POINT('Origin',(204.021195774584,-10.4633286570103,61.4920495282895));
#15330=CARTESIAN_POINT('Origin',(113.550308014036,50.,167.9474886951));
#15331=CARTESIAN_POINT('',(119.38616846555,50.,176.068001781751));
#15332=CARTESIAN_POINT('Origin',(116.77089035826,50.,177.9474886951));
#15333=CARTESIAN_POINT('',(163.885573294023,-14.9816368933896,144.088210113006));
#15334=CARTESIAN_POINT('Origin',(142.32809170122,-16.1988308219642,159.580636874623));
#15335=CARTESIAN_POINT('',(163.885573294023,50.,144.088210113006));
#15336=CARTESIAN_POINT('Origin',(163.885573294023,-40.,144.088210113006));
#15337=CARTESIAN_POINT('',(193.501076497419,-12.2283343113492,97.0012152793949));
#15338=CARTESIAN_POINT('Origin',(185.036166322662,-12.2283343113492,91.6771852519353));
#15339=UNCERTAINTY_MEASURE_WITH_UNIT(LENGTH_MEASURE(0.01),#15343,
'DISTANCE_ACCURACY_VALUE',
'Maximum model space distance between geometric entities at asserted c
onnectivities');
#15340=UNCERTAINTY_MEASURE_WITH_UNIT(LENGTH_MEASURE(0.01),#15343,
'DISTANCE_ACCURACY_VALUE',
'Maximum model space distance between geometric entities at asserted c
onnectivities');
#15341=(
GEOMETRIC_REPRESENTATION_CONTEXT(3)
GLOBAL_UNCERTAINTY_ASSIGNED_CONTEXT((#15339))
GLOBAL_UNIT_ASSIGNED_CONTEXT((#15343,#15344,#15345))
REPRESENTATION_CONTEXT('','3D')
);
#15342=(
GEOMETRIC_REPRESENTATION_CONTEXT(3)
GLOBAL_UNCERTAINTY_ASSIGNED_CONTEXT((#15340))
GLOBAL_UNIT_ASSIGNED_CONTEXT((#15343,#15344,#15345))
REPRESENTATION_CONTEXT('','3D')
);
#15343=(
LENGTH_UNIT()
NAMED_UNIT(*)
SI_UNIT(.MILLI.,.METRE.)
);
#15344=(
NAMED_UNIT(*)
PLANE_ANGLE_UNIT()
SI_UNIT($,.RADIAN.)
);
#15345=(
NAMED_UNIT(*)
SI_UNIT($,.STERADIAN.)
SOLID_ANGLE_UNIT()
);
#15346=SHAPE_DEFINITION_REPRESENTATION(#15347,#15348);
#15347=PRODUCT_DEFINITION_SHAPE('',$,#15350);
#15348=SHAPE_REPRESENTATION('',(#7253),#15341);
#15349=PRODUCT_DEFINITION_CONTEXT('part definition',#15354,'design');
#15350=PRODUCT_DEFINITION('gun2','gun2 v3',#15351,#15349);
#15351=PRODUCT_DEFINITION_FORMATION('',$,#15356);
#15352=PRODUCT_RELATED_PRODUCT_CATEGORY('gun2 v3','gun2 v3',(#15356));
#15353=APPLICATION_PROTOCOL_DEFINITION('international standard',
'automotive_design',2009,#15354);
#15354=APPLICATION_CONTEXT(
'Core Data for Automotive Mechanical Design Process');
#15355=PRODUCT_CONTEXT('part definition',#15354,'mechanical');
#15356=PRODUCT('gun2','gun2 v3',$,(#15355));
#15357=PRESENTATION_STYLE_ASSIGNMENT((#15358));
#15358=SURFACE_STYLE_USAGE(.BOTH.,#15359);
#15359=SURFACE_SIDE_STYLE('',(#15360));
#15360=SURFACE_STYLE_FILL_AREA(#15361);
#15361=FILL_AREA_STYLE('Steel - Satin',(#15362));
#15362=FILL_AREA_STYLE_COLOUR('Steel - Satin',#15363);
#15363=COLOUR_RGB('Steel - Satin',0.627450980392157,0.627450980392157,0.627450980392157);
ENDSEC;
END-ISO-10303-21;
