ISO-10303-21;
HEADER;
/* Generated by software containing ST-Developer
 * from STEP Tools, Inc. (www.steptools.com) 
 */

FILE_DESCRIPTION(
/* description */ (''),
/* implementation_level */ '2;1');

FILE_NAME(
/* name */ 'ROBO_CAR.step',
/* time_stamp */ '2026-03-23T09:25:46Z',
/* author */ (''),
/* organization */ (''),
/* preprocessor_version */ 'ST-DEVELOPER v20.1',
/* originating_system */ 'Autodesk Translation Framework v14.24.0.0',
/* authorisation */ '');

FILE_SCHEMA (('AUTOMOTIVE_DESIGN { 1 0 10303 214 3 1 1 }'));
ENDSEC;

DATA;
#10=MECHANICAL_DESIGN_GEOMETRIC_PRESENTATION_REPRESENTATION('',(#51,#52,
#53,#54,#55,#56,#57,#58,#59,#60,#61,#62,#63,#64),#6106);
#11=ITEM_DEFINED_TRANSFORMATION($,$,#3750,#3979);
#12=ITEM_DEFINED_TRANSFORMATION($,$,#3780,#3980);
#13=ITEM_DEFINED_TRANSFORMATION($,$,#3869,#3981);
#14=ITEM_DEFINED_TRANSFORMATION($,$,#3923,#3982);
#15=ITEM_DEFINED_TRANSFORMATION($,$,#3749,#3983);
#16=ITEM_DEFINED_TRANSFORMATION($,$,#3748,#4039);
#17=ITEM_DEFINED_TRANSFORMATION($,$,#3748,#4040);
#18=(
REPRESENTATION_RELATIONSHIP($,$,#6135,#6134)
REPRESENTATION_RELATIONSHIP_WITH_TRANSFORMATION(#11)
SHAPE_REPRESENTATION_RELATIONSHIP()
);
#19=(
REPRESENTATION_RELATIONSHIP($,$,#6136,#6134)
REPRESENTATION_RELATIONSHIP_WITH_TRANSFORMATION(#12)
SHAPE_REPRESENTATION_RELATIONSHIP()
);
#20=(
REPRESENTATION_RELATIONSHIP($,$,#6137,#6134)
REPRESENTATION_RELATIONSHIP_WITH_TRANSFORMATION(#13)
SHAPE_REPRESENTATION_RELATIONSHIP()
);
#21=(
REPRESENTATION_RELATIONSHIP($,$,#6138,#6134)
REPRESENTATION_RELATIONSHIP_WITH_TRANSFORMATION(#14)
SHAPE_REPRESENTATION_RELATIONSHIP()
);
#22=(
REPRESENTATION_RELATIONSHIP($,$,#6134,#6133)
REPRESENTATION_RELATIONSHIP_WITH_TRANSFORMATION(#15)
SHAPE_REPRESENTATION_RELATIONSHIP()
);
#23=(
REPRESENTATION_RELATIONSHIP($,$,#6133,#6132)
REPRESENTATION_RELATIONSHIP_WITH_TRANSFORMATION(#16)
SHAPE_REPRESENTATION_RELATIONSHIP()
);
#24=(
REPRESENTATION_RELATIONSHIP($,$,#6133,#6132)
REPRESENTATION_RELATIONSHIP_WITH_TRANSFORMATION(#17)
SHAPE_REPRESENTATION_RELATIONSHIP()
);
#25=CONTEXT_DEPENDENT_SHAPE_REPRESENTATION(#18,#6125);
#26=CONTEXT_DEPENDENT_SHAPE_REPRESENTATION(#19,#6126);
#27=CONTEXT_DEPENDENT_SHAPE_REPRESENTATION(#20,#6127);
#28=CONTEXT_DEPENDENT_SHAPE_REPRESENTATION(#21,#6128);
#29=CONTEXT_DEPENDENT_SHAPE_REPRESENTATION(#22,#6129);
#30=CONTEXT_DEPENDENT_SHAPE_REPRESENTATION(#23,#6130);
#31=CONTEXT_DEPENDENT_SHAPE_REPRESENTATION(#24,#6131);
#32=NEXT_ASSEMBLY_USAGE_OCCURRENCE('Motor Shaft:1','Motor Shaft:1',
'Motor Shaft:1',#6142,#6143,'Motor Shaft:1');
#33=NEXT_ASSEMBLY_USAGE_OCCURRENCE('Motor Casing:1','Motor Casing:1',
'Motor Casing:1',#6142,#6144,'Motor Casing:1');
#34=NEXT_ASSEMBLY_USAGE_OCCURRENCE('Driving Motor:1','Driving Motor:1',
'Driving Motor:1',#6142,#6145,'Driving Motor:1');
#35=NEXT_ASSEMBLY_USAGE_OCCURRENCE('Fasteners:1','Fasteners:1',
'Fasteners:1',#6142,#6146,'Fasteners:1');
#36=NEXT_ASSEMBLY_USAGE_OCCURRENCE('BO DC Motor:1','BO DC Motor:1',
'BO DC Motor:1',#6141,#6142,'BO DC Motor:1');
#37=NEXT_ASSEMBLY_USAGE_OCCURRENCE('BO DC Motor v1:1',
'BO DC Motor v1:1','BO DC Motor v1:1',#6140,#6141,'BO DC Motor v1:1');
#38=NEXT_ASSEMBLY_USAGE_OCCURRENCE('BO DC Motor v1:2',
'BO DC Motor v1:2','BO DC Motor v1:2',#6140,#6141,'BO DC Motor v1:2');
#39=CONICAL_SURFACE('',#3787,1.945,0.785398163397453);
#40=TOROIDAL_SURFACE('',#3781,3.05,0.15);
#41=SHAPE_REPRESENTATION_RELATIONSHIP('SRR','None',#6135,#46);
#42=SHAPE_REPRESENTATION_RELATIONSHIP('SRR','None',#6136,#47);
#43=SHAPE_REPRESENTATION_RELATIONSHIP('SRR','None',#6137,#48);
#44=SHAPE_REPRESENTATION_RELATIONSHIP('SRR','None',#6138,#49);
#45=SHAPE_REPRESENTATION_RELATIONSHIP('SRR','None',#6132,#50);
#46=ADVANCED_BREP_SHAPE_REPRESENTATION('',(#65),#6102);
#47=ADVANCED_BREP_SHAPE_REPRESENTATION('',(#66),#6103);
#48=ADVANCED_BREP_SHAPE_REPRESENTATION('',(#67,#68,#69,#70),#6104);
#49=ADVANCED_BREP_SHAPE_REPRESENTATION('',(#71,#72),#6105);
#50=ADVANCED_BREP_SHAPE_REPRESENTATION('',(#73,#74,#75,#76,#77,#78),#6099);
#51=STYLED_ITEM('',(#6172),#65);
#52=STYLED_ITEM('',(#6173),#66);
#53=STYLED_ITEM('',(#6174),#67);
#54=STYLED_ITEM('',(#6175),#68);
#55=STYLED_ITEM('',(#6176),#69);
#56=STYLED_ITEM('',(#6177),#70);
#57=STYLED_ITEM('',(#6178),#71);
#58=STYLED_ITEM('',(#6179),#72);
#59=STYLED_ITEM('',(#6171),#73);
#60=STYLED_ITEM('',(#6171),#74);
#61=STYLED_ITEM('',(#6171),#75);
#62=STYLED_ITEM('',(#6171),#76);
#63=STYLED_ITEM('',(#6171),#77);
#64=STYLED_ITEM('',(#6171),#78);
#65=MANIFOLD_SOLID_BREP('Body1',#3688);
#66=MANIFOLD_SOLID_BREP('Body1',#3689);
#67=MANIFOLD_SOLID_BREP('Body1',#3690);
#68=MANIFOLD_SOLID_BREP('Body2',#3691);
#69=MANIFOLD_SOLID_BREP('Body3',#3692);
#70=MANIFOLD_SOLID_BREP('Body4',#3693);
#71=MANIFOLD_SOLID_BREP('Body1',#3694);
#72=MANIFOLD_SOLID_BREP('Body2',#3695);
#73=MANIFOLD_SOLID_BREP('Body2',#3696);
#74=MANIFOLD_SOLID_BREP('Body3',#3697);
#75=MANIFOLD_SOLID_BREP('Body5',#3698);
#76=MANIFOLD_SOLID_BREP('Body6',#3699);
#77=MANIFOLD_SOLID_BREP('Body8',#3700);
#78=MANIFOLD_SOLID_BREP('Body9',#3701);
#79=FACE_BOUND('',#494,.T.);
#80=FACE_BOUND('',#501,.T.);
#81=FACE_BOUND('',#504,.T.);
#82=FACE_BOUND('',#514,.T.);
#83=FACE_BOUND('',#516,.T.);
#84=FACE_BOUND('',#517,.T.);
#85=FACE_BOUND('',#518,.T.);
#86=FACE_BOUND('',#519,.T.);
#87=FACE_BOUND('',#535,.T.);
#88=FACE_BOUND('',#545,.T.);
#89=FACE_BOUND('',#548,.T.);
#90=FACE_BOUND('',#553,.T.);
#91=FACE_BOUND('',#558,.T.);
#92=FACE_BOUND('',#562,.T.);
#93=FACE_BOUND('',#569,.T.);
#94=FACE_BOUND('',#570,.T.);
#95=FACE_BOUND('',#571,.T.);
#96=FACE_BOUND('',#572,.T.);
#97=FACE_BOUND('',#587,.T.);
#98=FACE_BOUND('',#588,.T.);
#99=FACE_BOUND('',#590,.T.);
#100=FACE_BOUND('',#611,.T.);
#101=FACE_BOUND('',#612,.T.);
#102=FACE_BOUND('',#614,.T.);
#103=FACE_BOUND('',#615,.T.);
#104=FACE_BOUND('',#627,.T.);
#105=FACE_BOUND('',#630,.T.);
#106=FACE_BOUND('',#633,.T.);
#107=FACE_BOUND('',#638,.T.);
#108=FACE_BOUND('',#662,.T.);
#109=FACE_BOUND('',#665,.T.);
#110=FACE_BOUND('',#704,.T.);
#111=FACE_BOUND('',#706,.T.);
#112=PLANE('',#3754);
#113=PLANE('',#3758);
#114=PLANE('',#3759);
#115=PLANE('',#3760);
#116=PLANE('',#3762);
#117=PLANE('',#3763);
#118=PLANE('',#3765);
#119=PLANE('',#3769);
#120=PLANE('',#3770);
#121=PLANE('',#3772);
#122=PLANE('',#3773);
#123=PLANE('',#3779);
#124=PLANE('',#3785);
#125=PLANE('',#3793);
#126=PLANE('',#3797);
#127=PLANE('',#3801);
#128=PLANE('',#3805);
#129=PLANE('',#3806);
#130=PLANE('',#3813);
#131=PLANE('',#3814);
#132=PLANE('',#3815);
#133=PLANE('',#3816);
#134=PLANE('',#3817);
#135=PLANE('',#3818);
#136=PLANE('',#3819);
#137=PLANE('',#3820);
#138=PLANE('',#3821);
#139=PLANE('',#3822);
#140=PLANE('',#3823);
#141=PLANE('',#3824);
#142=PLANE('',#3825);
#143=PLANE('',#3826);
#144=PLANE('',#3827);
#145=PLANE('',#3828);
#146=PLANE('',#3829);
#147=PLANE('',#3830);
#148=PLANE('',#3831);
#149=PLANE('',#3832);
#150=PLANE('',#3833);
#151=PLANE('',#3834);
#152=PLANE('',#3835);
#153=PLANE('',#3839);
#154=PLANE('',#3851);
#155=PLANE('',#3852);
#156=PLANE('',#3853);
#157=PLANE('',#3854);
#158=PLANE('',#3855);
#159=PLANE('',#3859);
#160=PLANE('',#3860);
#161=PLANE('',#3866);
#162=PLANE('',#3867);
#163=PLANE('',#3868);
#164=PLANE('',#3870);
#165=PLANE('',#3873);
#166=PLANE('',#3876);
#167=PLANE('',#3879);
#168=PLANE('',#3880);
#169=PLANE('',#3881);
#170=PLANE('',#3882);
#171=PLANE('',#3883);
#172=PLANE('',#3887);
#173=PLANE('',#3891);
#174=PLANE('',#3892);
#175=PLANE('',#3895);
#176=PLANE('',#3896);
#177=PLANE('',#3899);
#178=PLANE('',#3901);
#179=PLANE('',#3903);
#180=PLANE('',#3904);
#181=PLANE('',#3905);
#182=PLANE('',#3906);
#183=PLANE('',#3907);
#184=PLANE('',#3908);
#185=PLANE('',#3909);
#186=PLANE('',#3910);
#187=PLANE('',#3911);
#188=PLANE('',#3912);
#189=PLANE('',#3913);
#190=PLANE('',#3914);
#191=PLANE('',#3915);
#192=PLANE('',#3916);
#193=PLANE('',#3917);
#194=PLANE('',#3921);
#195=PLANE('',#3922);
#196=PLANE('',#3924);
#197=PLANE('',#3925);
#198=PLANE('',#3926);
#199=PLANE('',#3927);
#200=PLANE('',#3928);
#201=PLANE('',#3929);
#202=PLANE('',#3933);
#203=PLANE('',#3937);
#204=PLANE('',#3944);
#205=PLANE('',#3945);
#206=PLANE('',#3949);
#207=PLANE('',#3950);
#208=PLANE('',#3951);
#209=PLANE('',#3952);
#210=PLANE('',#3953);
#211=PLANE('',#3954);
#212=PLANE('',#3955);
#213=PLANE('',#3956);
#214=PLANE('',#3957);
#215=PLANE('',#3958);
#216=PLANE('',#3959);
#217=PLANE('',#3964);
#218=PLANE('',#3967);
#219=PLANE('',#3968);
#220=PLANE('',#3969);
#221=PLANE('',#3970);
#222=PLANE('',#3971);
#223=PLANE('',#3972);
#224=PLANE('',#3973);
#225=PLANE('',#3974);
#226=PLANE('',#3975);
#227=PLANE('',#3976);
#228=PLANE('',#3977);
#229=PLANE('',#3978);
#230=PLANE('',#3984);
#231=PLANE('',#3985);
#232=PLANE('',#3986);
#233=PLANE('',#3987);
#234=PLANE('',#3988);
#235=PLANE('',#3989);
#236=PLANE('',#3990);
#237=PLANE('',#3991);
#238=PLANE('',#3992);
#239=PLANE('',#3993);
#240=PLANE('',#3994);
#241=PLANE('',#3995);
#242=PLANE('',#3996);
#243=PLANE('',#3997);
#244=PLANE('',#3998);
#245=PLANE('',#3999);
#246=PLANE('',#4000);
#247=PLANE('',#4001);
#248=PLANE('',#4002);
#249=PLANE('',#4003);
#250=PLANE('',#4004);
#251=PLANE('',#4005);
#252=PLANE('',#4006);
#253=PLANE('',#4007);
#254=PLANE('',#4008);
#255=PLANE('',#4009);
#256=PLANE('',#4010);
#257=PLANE('',#4011);
#258=PLANE('',#4012);
#259=PLANE('',#4013);
#260=PLANE('',#4014);
#261=PLANE('',#4015);
#262=PLANE('',#4019);
#263=PLANE('',#4020);
#264=PLANE('',#4021);
#265=PLANE('',#4022);
#266=PLANE('',#4023);
#267=PLANE('',#4024);
#268=PLANE('',#4025);
#269=PLANE('',#4026);
#270=PLANE('',#4027);
#271=PLANE('',#4028);
#272=PLANE('',#4029);
#273=PLANE('',#4030);
#274=PLANE('',#4031);
#275=PLANE('',#4032);
#276=PLANE('',#4033);
#277=PLANE('',#4034);
#278=PLANE('',#4035);
#279=PLANE('',#4036);
#280=PLANE('',#4037);
#281=PLANE('',#4038);
#282=FACE_OUTER_BOUND('',#485,.T.);
#283=FACE_OUTER_BOUND('',#486,.T.);
#284=FACE_OUTER_BOUND('',#487,.T.);
#285=FACE_OUTER_BOUND('',#488,.T.);
#286=FACE_OUTER_BOUND('',#489,.T.);
#287=FACE_OUTER_BOUND('',#490,.T.);
#288=FACE_OUTER_BOUND('',#491,.T.);
#289=FACE_OUTER_BOUND('',#492,.T.);
#290=FACE_OUTER_BOUND('',#493,.T.);
#291=FACE_OUTER_BOUND('',#495,.T.);
#292=FACE_OUTER_BOUND('',#496,.T.);
#293=FACE_OUTER_BOUND('',#497,.T.);
#294=FACE_OUTER_BOUND('',#498,.T.);
#295=FACE_OUTER_BOUND('',#499,.T.);
#296=FACE_OUTER_BOUND('',#500,.T.);
#297=FACE_OUTER_BOUND('',#502,.T.);
#298=FACE_OUTER_BOUND('',#503,.T.);
#299=FACE_OUTER_BOUND('',#505,.T.);
#300=FACE_OUTER_BOUND('',#506,.T.);
#301=FACE_OUTER_BOUND('',#507,.T.);
#302=FACE_OUTER_BOUND('',#508,.T.);
#303=FACE_OUTER_BOUND('',#509,.T.);
#304=FACE_OUTER_BOUND('',#510,.T.);
#305=FACE_OUTER_BOUND('',#511,.T.);
#306=FACE_OUTER_BOUND('',#512,.T.);
#307=FACE_OUTER_BOUND('',#513,.T.);
#308=FACE_OUTER_BOUND('',#515,.T.);
#309=FACE_OUTER_BOUND('',#520,.T.);
#310=FACE_OUTER_BOUND('',#521,.T.);
#311=FACE_OUTER_BOUND('',#522,.T.);
#312=FACE_OUTER_BOUND('',#523,.T.);
#313=FACE_OUTER_BOUND('',#524,.T.);
#314=FACE_OUTER_BOUND('',#525,.T.);
#315=FACE_OUTER_BOUND('',#526,.T.);
#316=FACE_OUTER_BOUND('',#527,.T.);
#317=FACE_OUTER_BOUND('',#528,.T.);
#318=FACE_OUTER_BOUND('',#529,.T.);
#319=FACE_OUTER_BOUND('',#530,.T.);
#320=FACE_OUTER_BOUND('',#531,.T.);
#321=FACE_OUTER_BOUND('',#532,.T.);
#322=FACE_OUTER_BOUND('',#533,.T.);
#323=FACE_OUTER_BOUND('',#534,.T.);
#324=FACE_OUTER_BOUND('',#536,.T.);
#325=FACE_OUTER_BOUND('',#537,.T.);
#326=FACE_OUTER_BOUND('',#538,.T.);
#327=FACE_OUTER_BOUND('',#539,.T.);
#328=FACE_OUTER_BOUND('',#540,.T.);
#329=FACE_OUTER_BOUND('',#541,.T.);
#330=FACE_OUTER_BOUND('',#542,.T.);
#331=FACE_OUTER_BOUND('',#543,.T.);
#332=FACE_OUTER_BOUND('',#544,.T.);
#333=FACE_OUTER_BOUND('',#546,.T.);
#334=FACE_OUTER_BOUND('',#547,.T.);
#335=FACE_OUTER_BOUND('',#549,.T.);
#336=FACE_OUTER_BOUND('',#550,.T.);
#337=FACE_OUTER_BOUND('',#551,.T.);
#338=FACE_OUTER_BOUND('',#552,.T.);
#339=FACE_OUTER_BOUND('',#554,.T.);
#340=FACE_OUTER_BOUND('',#555,.T.);
#341=FACE_OUTER_BOUND('',#556,.T.);
#342=FACE_OUTER_BOUND('',#557,.T.);
#343=FACE_OUTER_BOUND('',#559,.T.);
#344=FACE_OUTER_BOUND('',#560,.T.);
#345=FACE_OUTER_BOUND('',#561,.T.);
#346=FACE_OUTER_BOUND('',#563,.T.);
#347=FACE_OUTER_BOUND('',#564,.T.);
#348=FACE_OUTER_BOUND('',#565,.T.);
#349=FACE_OUTER_BOUND('',#566,.T.);
#350=FACE_OUTER_BOUND('',#567,.T.);
#351=FACE_OUTER_BOUND('',#568,.T.);
#352=FACE_OUTER_BOUND('',#573,.T.);
#353=FACE_OUTER_BOUND('',#574,.T.);
#354=FACE_OUTER_BOUND('',#575,.T.);
#355=FACE_OUTER_BOUND('',#576,.T.);
#356=FACE_OUTER_BOUND('',#577,.T.);
#357=FACE_OUTER_BOUND('',#578,.T.);
#358=FACE_OUTER_BOUND('',#579,.T.);
#359=FACE_OUTER_BOUND('',#580,.T.);
#360=FACE_OUTER_BOUND('',#581,.T.);
#361=FACE_OUTER_BOUND('',#582,.T.);
#362=FACE_OUTER_BOUND('',#583,.T.);
#363=FACE_OUTER_BOUND('',#584,.T.);
#364=FACE_OUTER_BOUND('',#585,.T.);
#365=FACE_OUTER_BOUND('',#586,.T.);
#366=FACE_OUTER_BOUND('',#589,.T.);
#367=FACE_OUTER_BOUND('',#591,.T.);
#368=FACE_OUTER_BOUND('',#592,.T.);
#369=FACE_OUTER_BOUND('',#593,.T.);
#370=FACE_OUTER_BOUND('',#594,.T.);
#371=FACE_OUTER_BOUND('',#595,.T.);
#372=FACE_OUTER_BOUND('',#596,.T.);
#373=FACE_OUTER_BOUND('',#597,.T.);
#374=FACE_OUTER_BOUND('',#598,.T.);
#375=FACE_OUTER_BOUND('',#599,.T.);
#376=FACE_OUTER_BOUND('',#600,.T.);
#377=FACE_OUTER_BOUND('',#601,.T.);
#378=FACE_OUTER_BOUND('',#602,.T.);
#379=FACE_OUTER_BOUND('',#603,.T.);
#380=FACE_OUTER_BOUND('',#604,.T.);
#381=FACE_OUTER_BOUND('',#605,.T.);
#382=FACE_OUTER_BOUND('',#606,.T.);
#383=FACE_OUTER_BOUND('',#607,.T.);
#384=FACE_OUTER_BOUND('',#608,.T.);
#385=FACE_OUTER_BOUND('',#609,.T.);
#386=FACE_OUTER_BOUND('',#610,.T.);
#387=FACE_OUTER_BOUND('',#613,.T.);
#388=FACE_OUTER_BOUND('',#616,.T.);
#389=FACE_OUTER_BOUND('',#617,.T.);
#390=FACE_OUTER_BOUND('',#618,.T.);
#391=FACE_OUTER_BOUND('',#619,.T.);
#392=FACE_OUTER_BOUND('',#620,.T.);
#393=FACE_OUTER_BOUND('',#621,.T.);
#394=FACE_OUTER_BOUND('',#622,.T.);
#395=FACE_OUTER_BOUND('',#623,.T.);
#396=FACE_OUTER_BOUND('',#624,.T.);
#397=FACE_OUTER_BOUND('',#625,.T.);
#398=FACE_OUTER_BOUND('',#626,.T.);
#399=FACE_OUTER_BOUND('',#628,.T.);
#400=FACE_OUTER_BOUND('',#629,.T.);
#401=FACE_OUTER_BOUND('',#631,.T.);
#402=FACE_OUTER_BOUND('',#632,.T.);
#403=FACE_OUTER_BOUND('',#634,.T.);
#404=FACE_OUTER_BOUND('',#635,.T.);
#405=FACE_OUTER_BOUND('',#636,.T.);
#406=FACE_OUTER_BOUND('',#637,.T.);
#407=FACE_OUTER_BOUND('',#639,.T.);
#408=FACE_OUTER_BOUND('',#640,.T.);
#409=FACE_OUTER_BOUND('',#641,.T.);
#410=FACE_OUTER_BOUND('',#642,.T.);
#411=FACE_OUTER_BOUND('',#643,.T.);
#412=FACE_OUTER_BOUND('',#644,.T.);
#413=FACE_OUTER_BOUND('',#645,.T.);
#414=FACE_OUTER_BOUND('',#646,.T.);
#415=FACE_OUTER_BOUND('',#647,.T.);
#416=FACE_OUTER_BOUND('',#648,.T.);
#417=FACE_OUTER_BOUND('',#649,.T.);
#418=FACE_OUTER_BOUND('',#650,.T.);
#419=FACE_OUTER_BOUND('',#651,.T.);
#420=FACE_OUTER_BOUND('',#652,.T.);
#421=FACE_OUTER_BOUND('',#653,.T.);
#422=FACE_OUTER_BOUND('',#654,.T.);
#423=FACE_OUTER_BOUND('',#655,.T.);
#424=FACE_OUTER_BOUND('',#656,.T.);
#425=FACE_OUTER_BOUND('',#657,.T.);
#426=FACE_OUTER_BOUND('',#658,.T.);
#427=FACE_OUTER_BOUND('',#659,.T.);
#428=FACE_OUTER_BOUND('',#660,.T.);
#429=FACE_OUTER_BOUND('',#661,.T.);
#430=FACE_OUTER_BOUND('',#663,.T.);
#431=FACE_OUTER_BOUND('',#664,.T.);
#432=FACE_OUTER_BOUND('',#666,.T.);
#433=FACE_OUTER_BOUND('',#667,.T.);
#434=FACE_OUTER_BOUND('',#668,.T.);
#435=FACE_OUTER_BOUND('',#669,.T.);
#436=FACE_OUTER_BOUND('',#670,.T.);
#437=FACE_OUTER_BOUND('',#671,.T.);
#438=FACE_OUTER_BOUND('',#672,.T.);
#439=FACE_OUTER_BOUND('',#673,.T.);
#440=FACE_OUTER_BOUND('',#674,.T.);
#441=FACE_OUTER_BOUND('',#675,.T.);
#442=FACE_OUTER_BOUND('',#676,.T.);
#443=FACE_OUTER_BOUND('',#677,.T.);
#444=FACE_OUTER_BOUND('',#678,.T.);
#445=FACE_OUTER_BOUND('',#679,.T.);
#446=FACE_OUTER_BOUND('',#680,.T.);
#447=FACE_OUTER_BOUND('',#681,.T.);
#448=FACE_OUTER_BOUND('',#682,.T.);
#449=FACE_OUTER_BOUND('',#683,.T.);
#450=FACE_OUTER_BOUND('',#684,.T.);
#451=FACE_OUTER_BOUND('',#685,.T.);
#452=FACE_OUTER_BOUND('',#686,.T.);
#453=FACE_OUTER_BOUND('',#687,.T.);
#454=FACE_OUTER_BOUND('',#688,.T.);
#455=FACE_OUTER_BOUND('',#689,.T.);
#456=FACE_OUTER_BOUND('',#690,.T.);
#457=FACE_OUTER_BOUND('',#691,.T.);
#458=FACE_OUTER_BOUND('',#692,.T.);
#459=FACE_OUTER_BOUND('',#693,.T.);
#460=FACE_OUTER_BOUND('',#694,.T.);
#461=FACE_OUTER_BOUND('',#695,.T.);
#462=FACE_OUTER_BOUND('',#696,.T.);
#463=FACE_OUTER_BOUND('',#697,.T.);
#464=FACE_OUTER_BOUND('',#698,.T.);
#465=FACE_OUTER_BOUND('',#699,.T.);
#466=FACE_OUTER_BOUND('',#700,.T.);
#467=FACE_OUTER_BOUND('',#701,.T.);
#468=FACE_OUTER_BOUND('',#702,.T.);
#469=FACE_OUTER_BOUND('',#703,.T.);
#470=FACE_OUTER_BOUND('',#705,.T.);
#471=FACE_OUTER_BOUND('',#707,.T.);
#472=FACE_OUTER_BOUND('',#708,.T.);
#473=FACE_OUTER_BOUND('',#709,.T.);
#474=FACE_OUTER_BOUND('',#710,.T.);
#475=FACE_OUTER_BOUND('',#711,.T.);
#476=FACE_OUTER_BOUND('',#712,.T.);
#477=FACE_OUTER_BOUND('',#713,.T.);
#478=FACE_OUTER_BOUND('',#714,.T.);
#479=FACE_OUTER_BOUND('',#715,.T.);
#480=FACE_OUTER_BOUND('',#716,.T.);
#481=FACE_OUTER_BOUND('',#717,.T.);
#482=FACE_OUTER_BOUND('',#718,.T.);
#483=FACE_OUTER_BOUND('',#719,.T.);
#484=FACE_OUTER_BOUND('',#720,.T.);
#485=EDGE_LOOP('',(#2462,#2463,#2464,#2465));
#486=EDGE_LOOP('',(#2466));
#487=EDGE_LOOP('',(#2467,#2468,#2469,#2470));
#488=EDGE_LOOP('',(#2471));
#489=EDGE_LOOP('',(#2472,#2473,#2474,#2475));
#490=EDGE_LOOP('',(#2476,#2477));
#491=EDGE_LOOP('',(#2478,#2479,#2480,#2481));
#492=EDGE_LOOP('',(#2482,#2483));
#493=EDGE_LOOP('',(#2484,#2485,#2486,#2487,#2488));
#494=EDGE_LOOP('',(#2489));
#495=EDGE_LOOP('',(#2490,#2491,#2492,#2493));
#496=EDGE_LOOP('',(#2494,#2495));
#497=EDGE_LOOP('',(#2496,#2497,#2498,#2499));
#498=EDGE_LOOP('',(#2500,#2501));
#499=EDGE_LOOP('',(#2502,#2503,#2504,#2505,#2506,#2507,#2508,#2509,#2510,
#2511,#2512,#2513,#2514,#2515,#2516,#2517,#2518,#2519,#2520,#2521));
#500=EDGE_LOOP('',(#2522,#2523,#2524,#2525,#2526));
#501=EDGE_LOOP('',(#2527));
#502=EDGE_LOOP('',(#2528,#2529,#2530,#2531));
#503=EDGE_LOOP('',(#2532));
#504=EDGE_LOOP('',(#2533));
#505=EDGE_LOOP('',(#2534,#2535,#2536,#2537,#2538));
#506=EDGE_LOOP('',(#2539,#2540,#2541,#2542,#2543));
#507=EDGE_LOOP('',(#2544));
#508=EDGE_LOOP('',(#2545,#2546,#2547,#2548));
#509=EDGE_LOOP('',(#2549,#2550,#2551,#2552));
#510=EDGE_LOOP('',(#2553,#2554,#2555,#2556));
#511=EDGE_LOOP('',(#2557,#2558,#2559,#2560));
#512=EDGE_LOOP('',(#2561,#2562,#2563,#2564));
#513=EDGE_LOOP('',(#2565,#2566,#2567,#2568));
#514=EDGE_LOOP('',(#2569,#2570,#2571,#2572));
#515=EDGE_LOOP('',(#2573,#2574,#2575,#2576,#2577,#2578,#2579,#2580,#2581,
#2582));
#516=EDGE_LOOP('',(#2583,#2584,#2585,#2586,#2587,#2588,#2589,#2590));
#517=EDGE_LOOP('',(#2591));
#518=EDGE_LOOP('',(#2592));
#519=EDGE_LOOP('',(#2593));
#520=EDGE_LOOP('',(#2594,#2595,#2596,#2597));
#521=EDGE_LOOP('',(#2598,#2599,#2600,#2601,#2602));
#522=EDGE_LOOP('',(#2603,#2604,#2605,#2606,#2607,#2608));
#523=EDGE_LOOP('',(#2609,#2610,#2611,#2612));
#524=EDGE_LOOP('',(#2613,#2614,#2615,#2616));
#525=EDGE_LOOP('',(#2617,#2618,#2619,#2620));
#526=EDGE_LOOP('',(#2621,#2622,#2623,#2624));
#527=EDGE_LOOP('',(#2625,#2626,#2627,#2628,#2629,#2630));
#528=EDGE_LOOP('',(#2631,#2632,#2633,#2634,#2635,#2636));
#529=EDGE_LOOP('',(#2637,#2638,#2639,#2640));
#530=EDGE_LOOP('',(#2641,#2642,#2643,#2644));
#531=EDGE_LOOP('',(#2645,#2646,#2647,#2648));
#532=EDGE_LOOP('',(#2649,#2650,#2651,#2652));
#533=EDGE_LOOP('',(#2653,#2654,#2655,#2656,#2657,#2658));
#534=EDGE_LOOP('',(#2659,#2660,#2661,#2662));
#535=EDGE_LOOP('',(#2663,#2664,#2665,#2666,#2667,#2668,#2669,#2670));
#536=EDGE_LOOP('',(#2671,#2672,#2673,#2674,#2675,#2676,#2677,#2678));
#537=EDGE_LOOP('',(#2679,#2680,#2681,#2682,#2683,#2684,#2685,#2686));
#538=EDGE_LOOP('',(#2687,#2688,#2689,#2690));
#539=EDGE_LOOP('',(#2691,#2692,#2693,#2694));
#540=EDGE_LOOP('',(#2695,#2696,#2697,#2698));
#541=EDGE_LOOP('',(#2699,#2700,#2701,#2702));
#542=EDGE_LOOP('',(#2703,#2704,#2705,#2706));
#543=EDGE_LOOP('',(#2707,#2708,#2709,#2710));
#544=EDGE_LOOP('',(#2711,#2712,#2713,#2714));
#545=EDGE_LOOP('',(#2715,#2716,#2717,#2718));
#546=EDGE_LOOP('',(#2719,#2720,#2721,#2722));
#547=EDGE_LOOP('',(#2723,#2724,#2725,#2726));
#548=EDGE_LOOP('',(#2727,#2728,#2729,#2730));
#549=EDGE_LOOP('',(#2731,#2732,#2733,#2734));
#550=EDGE_LOOP('',(#2735,#2736,#2737,#2738,#2739));
#551=EDGE_LOOP('',(#2740,#2741,#2742,#2743,#2744));
#552=EDGE_LOOP('',(#2745,#2746,#2747,#2748));
#553=EDGE_LOOP('',(#2749,#2750,#2751,#2752));
#554=EDGE_LOOP('',(#2753,#2754,#2755));
#555=EDGE_LOOP('',(#2756,#2757,#2758));
#556=EDGE_LOOP('',(#2759,#2760,#2761,#2762));
#557=EDGE_LOOP('',(#2763,#2764,#2765,#2766,#2767,#2768));
#558=EDGE_LOOP('',(#2769));
#559=EDGE_LOOP('',(#2770,#2771,#2772,#2773));
#560=EDGE_LOOP('',(#2774,#2775,#2776,#2777));
#561=EDGE_LOOP('',(#2778,#2779,#2780,#2781,#2782,#2783));
#562=EDGE_LOOP('',(#2784));
#563=EDGE_LOOP('',(#2785,#2786,#2787,#2788));
#564=EDGE_LOOP('',(#2789,#2790,#2791,#2792));
#565=EDGE_LOOP('',(#2793,#2794,#2795,#2796));
#566=EDGE_LOOP('',(#2797,#2798,#2799,#2800,#2801,#2802));
#567=EDGE_LOOP('',(#2803,#2804,#2805,#2806,#2807));
#568=EDGE_LOOP('',(#2808,#2809,#2810,#2811,#2812,#2813));
#569=EDGE_LOOP('',(#2814));
#570=EDGE_LOOP('',(#2815));
#571=EDGE_LOOP('',(#2816));
#572=EDGE_LOOP('',(#2817));
#573=EDGE_LOOP('',(#2818,#2819,#2820,#2821));
#574=EDGE_LOOP('',(#2822,#2823,#2824,#2825));
#575=EDGE_LOOP('',(#2826,#2827,#2828,#2829));
#576=EDGE_LOOP('',(#2830,#2831,#2832,#2833));
#577=EDGE_LOOP('',(#2834,#2835,#2836,#2837));
#578=EDGE_LOOP('',(#2838,#2839,#2840,#2841));
#579=EDGE_LOOP('',(#2842,#2843,#2844,#2845));
#580=EDGE_LOOP('',(#2846,#2847,#2848,#2849));
#581=EDGE_LOOP('',(#2850,#2851,#2852,#2853));
#582=EDGE_LOOP('',(#2854,#2855,#2856,#2857));
#583=EDGE_LOOP('',(#2858,#2859,#2860,#2861));
#584=EDGE_LOOP('',(#2862,#2863,#2864,#2865));
#585=EDGE_LOOP('',(#2866,#2867,#2868,#2869));
#586=EDGE_LOOP('',(#2870,#2871));
#587=EDGE_LOOP('',(#2872));
#588=EDGE_LOOP('',(#2873,#2874,#2875,#2876));
#589=EDGE_LOOP('',(#2877,#2878,#2879,#2880));
#590=EDGE_LOOP('',(#2881,#2882));
#591=EDGE_LOOP('',(#2883));
#592=EDGE_LOOP('',(#2884,#2885,#2886,#2887));
#593=EDGE_LOOP('',(#2888,#2889,#2890,#2891));
#594=EDGE_LOOP('',(#2892,#2893,#2894,#2895));
#595=EDGE_LOOP('',(#2896,#2897,#2898,#2899));
#596=EDGE_LOOP('',(#2900,#2901,#2902,#2903));
#597=EDGE_LOOP('',(#2904,#2905,#2906,#2907));
#598=EDGE_LOOP('',(#2908,#2909,#2910,#2911));
#599=EDGE_LOOP('',(#2912,#2913,#2914,#2915));
#600=EDGE_LOOP('',(#2916,#2917,#2918,#2919));
#601=EDGE_LOOP('',(#2920,#2921,#2922,#2923));
#602=EDGE_LOOP('',(#2924,#2925,#2926,#2927));
#603=EDGE_LOOP('',(#2928,#2929,#2930,#2931));
#604=EDGE_LOOP('',(#2932,#2933,#2934,#2935));
#605=EDGE_LOOP('',(#2936,#2937,#2938,#2939));
#606=EDGE_LOOP('',(#2940,#2941,#2942,#2943));
#607=EDGE_LOOP('',(#2944,#2945,#2946,#2947));
#608=EDGE_LOOP('',(#2948,#2949,#2950,#2951));
#609=EDGE_LOOP('',(#2952,#2953,#2954,#2955));
#610=EDGE_LOOP('',(#2956,#2957,#2958,#2959));
#611=EDGE_LOOP('',(#2960,#2961,#2962,#2963));
#612=EDGE_LOOP('',(#2964,#2965,#2966,#2967));
#613=EDGE_LOOP('',(#2968,#2969,#2970,#2971));
#614=EDGE_LOOP('',(#2972,#2973,#2974,#2975));
#615=EDGE_LOOP('',(#2976,#2977,#2978,#2979));
#616=EDGE_LOOP('',(#2980,#2981,#2982,#2983));
#617=EDGE_LOOP('',(#2984));
#618=EDGE_LOOP('',(#2985));
#619=EDGE_LOOP('',(#2986,#2987,#2988,#2989));
#620=EDGE_LOOP('',(#2990,#2991,#2992,#2993));
#621=EDGE_LOOP('',(#2994,#2995,#2996,#2997));
#622=EDGE_LOOP('',(#2998,#2999,#3000,#3001));
#623=EDGE_LOOP('',(#3002,#3003,#3004,#3005));
#624=EDGE_LOOP('',(#3006,#3007,#3008,#3009));
#625=EDGE_LOOP('',(#3010,#3011,#3012,#3013));
#626=EDGE_LOOP('',(#3014,#3015,#3016,#3017,#3018,#3019,#3020,#3021));
#627=EDGE_LOOP('',(#3022,#3023,#3024,#3025));
#628=EDGE_LOOP('',(#3026,#3027,#3028,#3029));
#629=EDGE_LOOP('',(#3030,#3031,#3032,#3033,#3034,#3035,#3036,#3037));
#630=EDGE_LOOP('',(#3038));
#631=EDGE_LOOP('',(#3039,#3040,#3041,#3042));
#632=EDGE_LOOP('',(#3043,#3044,#3045,#3046,#3047,#3048,#3049,#3050));
#633=EDGE_LOOP('',(#3051,#3052,#3053,#3054));
#634=EDGE_LOOP('',(#3055,#3056,#3057,#3058,#3059,#3060,#3061,#3062));
#635=EDGE_LOOP('',(#3063,#3064,#3065,#3066));
#636=EDGE_LOOP('',(#3067,#3068,#3069,#3070,#3071,#3072,#3073,#3074));
#637=EDGE_LOOP('',(#3075,#3076,#3077,#3078,#3079,#3080,#3081,#3082));
#638=EDGE_LOOP('',(#3083,#3084,#3085,#3086));
#639=EDGE_LOOP('',(#3087,#3088,#3089,#3090));
#640=EDGE_LOOP('',(#3091,#3092,#3093,#3094));
#641=EDGE_LOOP('',(#3095,#3096,#3097,#3098));
#642=EDGE_LOOP('',(#3099,#3100,#3101,#3102));
#643=EDGE_LOOP('',(#3103,#3104,#3105,#3106));
#644=EDGE_LOOP('',(#3107,#3108,#3109,#3110));
#645=EDGE_LOOP('',(#3111,#3112,#3113,#3114));
#646=EDGE_LOOP('',(#3115,#3116,#3117,#3118));
#647=EDGE_LOOP('',(#3119,#3120,#3121,#3122));
#648=EDGE_LOOP('',(#3123,#3124,#3125,#3126));
#649=EDGE_LOOP('',(#3127,#3128,#3129,#3130));
#650=EDGE_LOOP('',(#3131,#3132,#3133,#3134,#3135,#3136,#3137,#3138));
#651=EDGE_LOOP('',(#3139,#3140,#3141,#3142));
#652=EDGE_LOOP('',(#3143,#3144,#3145,#3146));
#653=EDGE_LOOP('',(#3147,#3148,#3149,#3150));
#654=EDGE_LOOP('',(#3151,#3152,#3153,#3154));
#655=EDGE_LOOP('',(#3155,#3156,#3157,#3158));
#656=EDGE_LOOP('',(#3159,#3160,#3161,#3162));
#657=EDGE_LOOP('',(#3163,#3164,#3165,#3166));
#658=EDGE_LOOP('',(#3167,#3168,#3169,#3170));
#659=EDGE_LOOP('',(#3171,#3172,#3173,#3174));
#660=EDGE_LOOP('',(#3175,#3176,#3177,#3178));
#661=EDGE_LOOP('',(#3179,#3180,#3181,#3182,#3183,#3184,#3185,#3186));
#662=EDGE_LOOP('',(#3187));
#663=EDGE_LOOP('',(#3188,#3189,#3190,#3191,#3192,#3193,#3194,#3195));
#664=EDGE_LOOP('',(#3196,#3197,#3198,#3199,#3200,#3201,#3202,#3203));
#665=EDGE_LOOP('',(#3204,#3205,#3206,#3207));
#666=EDGE_LOOP('',(#3208,#3209,#3210,#3211));
#667=EDGE_LOOP('',(#3212,#3213,#3214,#3215));
#668=EDGE_LOOP('',(#3216,#3217,#3218,#3219));
#669=EDGE_LOOP('',(#3220,#3221,#3222,#3223));
#670=EDGE_LOOP('',(#3224,#3225,#3226,#3227));
#671=EDGE_LOOP('',(#3228,#3229,#3230,#3231));
#672=EDGE_LOOP('',(#3232,#3233,#3234,#3235));
#673=EDGE_LOOP('',(#3236,#3237,#3238,#3239));
#674=EDGE_LOOP('',(#3240,#3241,#3242,#3243));
#675=EDGE_LOOP('',(#3244,#3245,#3246,#3247));
#676=EDGE_LOOP('',(#3248,#3249,#3250,#3251));
#677=EDGE_LOOP('',(#3252,#3253,#3254,#3255,#3256,#3257,#3258,#3259,#3260,
#3261,#3262));
#678=EDGE_LOOP('',(#3263,#3264,#3265,#3266,#3267,#3268,#3269,#3270,#3271,
#3272,#3273));
#679=EDGE_LOOP('',(#3274,#3275,#3276,#3277));
#680=EDGE_LOOP('',(#3278,#3279,#3280,#3281));
#681=EDGE_LOOP('',(#3282,#3283,#3284,#3285));
#682=EDGE_LOOP('',(#3286,#3287,#3288,#3289));
#683=EDGE_LOOP('',(#3290,#3291,#3292,#3293));
#684=EDGE_LOOP('',(#3294,#3295,#3296,#3297));
#685=EDGE_LOOP('',(#3298,#3299,#3300,#3301));
#686=EDGE_LOOP('',(#3302,#3303,#3304,#3305));
#687=EDGE_LOOP('',(#3306,#3307,#3308,#3309));
#688=EDGE_LOOP('',(#3310,#3311,#3312,#3313));
#689=EDGE_LOOP('',(#3314,#3315,#3316,#3317));
#690=EDGE_LOOP('',(#3318,#3319,#3320,#3321,#3322,#3323,#3324,#3325,#3326,
#3327,#3328));
#691=EDGE_LOOP('',(#3329,#3330,#3331,#3332,#3333,#3334,#3335,#3336,#3337,
#3338,#3339));
#692=EDGE_LOOP('',(#3340,#3341,#3342,#3343));
#693=EDGE_LOOP('',(#3344,#3345,#3346,#3347));
#694=EDGE_LOOP('',(#3348,#3349,#3350,#3351));
#695=EDGE_LOOP('',(#3352,#3353,#3354,#3355));
#696=EDGE_LOOP('',(#3356,#3357,#3358,#3359));
#697=EDGE_LOOP('',(#3360,#3361,#3362,#3363));
#698=EDGE_LOOP('',(#3364,#3365,#3366,#3367));
#699=EDGE_LOOP('',(#3368,#3369,#3370,#3371));
#700=EDGE_LOOP('',(#3372,#3373,#3374,#3375));
#701=EDGE_LOOP('',(#3376,#3377,#3378,#3379));
#702=EDGE_LOOP('',(#3380,#3381,#3382,#3383));
#703=EDGE_LOOP('',(#3384,#3385,#3386,#3387));
#704=EDGE_LOOP('',(#3388));
#705=EDGE_LOOP('',(#3389,#3390,#3391,#3392));
#706=EDGE_LOOP('',(#3393));
#707=EDGE_LOOP('',(#3394,#3395,#3396,#3397));
#708=EDGE_LOOP('',(#3398,#3399,#3400,#3401));
#709=EDGE_LOOP('',(#3402,#3403,#3404,#3405));
#710=EDGE_LOOP('',(#3406,#3407,#3408,#3409));
#711=EDGE_LOOP('',(#3410,#3411,#3412,#3413));
#712=EDGE_LOOP('',(#3414,#3415,#3416,#3417));
#713=EDGE_LOOP('',(#3418,#3419,#3420,#3421,#3422,#3423));
#714=EDGE_LOOP('',(#3424,#3425,#3426,#3427,#3428,#3429));
#715=EDGE_LOOP('',(#3430,#3431,#3432,#3433));
#716=EDGE_LOOP('',(#3434,#3435,#3436,#3437));
#717=EDGE_LOOP('',(#3438,#3439,#3440,#3441));
#718=EDGE_LOOP('',(#3442,#3443,#3444,#3445));
#719=EDGE_LOOP('',(#3446,#3447,#3448,#3449));
#720=EDGE_LOOP('',(#3450,#3451,#3452,#3453));
#721=LINE('',#5056,#1140);
#722=LINE('',#5063,#1141);
#723=LINE('',#5069,#1142);
#724=LINE('',#5071,#1143);
#725=LINE('',#5073,#1144);
#726=LINE('',#5074,#1145);
#727=LINE('',#5080,#1146);
#728=LINE('',#5082,#1147);
#729=LINE('',#5084,#1148);
#730=LINE('',#5085,#1149);
#731=LINE('',#5096,#1150);
#732=LINE('',#5098,#1151);
#733=LINE('',#5100,#1152);
#734=LINE('',#5101,#1153);
#735=LINE('',#5107,#1154);
#736=LINE('',#5109,#1155);
#737=LINE('',#5111,#1156);
#738=LINE('',#5112,#1157);
#739=LINE('',#5119,#1158);
#740=LINE('',#5136,#1159);
#741=LINE('',#5142,#1160);
#742=LINE('',#5150,#1161);
#743=LINE('',#5153,#1162);
#744=LINE('',#5156,#1163);
#745=LINE('',#5158,#1164);
#746=LINE('',#5159,#1165);
#747=LINE('',#5165,#1166);
#748=LINE('',#5168,#1167);
#749=LINE('',#5171,#1168);
#750=LINE('',#5173,#1169);
#751=LINE('',#5174,#1170);
#752=LINE('',#5180,#1171);
#753=LINE('',#5183,#1172);
#754=LINE('',#5186,#1173);
#755=LINE('',#5188,#1174);
#756=LINE('',#5189,#1175);
#757=LINE('',#5190,#1176);
#758=LINE('',#5191,#1177);
#759=LINE('',#5194,#1178);
#760=LINE('',#5196,#1179);
#761=LINE('',#5198,#1180);
#762=LINE('',#5200,#1181);
#763=LINE('',#5202,#1182);
#764=LINE('',#5204,#1183);
#765=LINE('',#5206,#1184);
#766=LINE('',#5210,#1185);
#767=LINE('',#5212,#1186);
#768=LINE('',#5214,#1187);
#769=LINE('',#5216,#1188);
#770=LINE('',#5218,#1189);
#771=LINE('',#5220,#1190);
#772=LINE('',#5222,#1191);
#773=LINE('',#5223,#1192);
#774=LINE('',#5233,#1193);
#775=LINE('',#5236,#1194);
#776=LINE('',#5238,#1195);
#777=LINE('',#5239,#1196);
#778=LINE('',#5242,#1197);
#779=LINE('',#5244,#1198);
#780=LINE('',#5246,#1199);
#781=LINE('',#5248,#1200);
#782=LINE('',#5249,#1201);
#783=LINE('',#5252,#1202);
#784=LINE('',#5254,#1203);
#785=LINE('',#5255,#1204);
#786=LINE('',#5258,#1205);
#787=LINE('',#5259,#1206);
#788=LINE('',#5262,#1207);
#789=LINE('',#5263,#1208);
#790=LINE('',#5265,#1209);
#791=LINE('',#5267,#1210);
#792=LINE('',#5271,#1211);
#793=LINE('',#5273,#1212);
#794=LINE('',#5275,#1213);
#795=LINE('',#5277,#1214);
#796=LINE('',#5279,#1215);
#797=LINE('',#5280,#1216);
#798=LINE('',#5283,#1217);
#799=LINE('',#5285,#1218);
#800=LINE('',#5286,#1219);
#801=LINE('',#5289,#1220);
#802=LINE('',#5290,#1221);
#803=LINE('',#5293,#1222);
#804=LINE('',#5294,#1223);
#805=LINE('',#5297,#1224);
#806=LINE('',#5298,#1225);
#807=LINE('',#5301,#1226);
#808=LINE('',#5302,#1227);
#809=LINE('',#5306,#1228);
#810=LINE('',#5308,#1229);
#811=LINE('',#5310,#1230);
#812=LINE('',#5311,#1231);
#813=LINE('',#5313,#1232);
#814=LINE('',#5315,#1233);
#815=LINE('',#5317,#1234);
#816=LINE('',#5319,#1235);
#817=LINE('',#5320,#1236);
#818=LINE('',#5324,#1237);
#819=LINE('',#5325,#1238);
#820=LINE('',#5326,#1239);
#821=LINE('',#5330,#1240);
#822=LINE('',#5331,#1241);
#823=LINE('',#5332,#1242);
#824=LINE('',#5335,#1243);
#825=LINE('',#5336,#1244);
#826=LINE('',#5339,#1245);
#827=LINE('',#5340,#1246);
#828=LINE('',#5343,#1247);
#829=LINE('',#5344,#1248);
#830=LINE('',#5346,#1249);
#831=LINE('',#5349,#1250);
#832=LINE('',#5350,#1251);
#833=LINE('',#5352,#1252);
#834=LINE('',#5356,#1253);
#835=LINE('',#5358,#1254);
#836=LINE('',#5360,#1255);
#837=LINE('',#5361,#1256);
#838=LINE('',#5367,#1257);
#839=LINE('',#5370,#1258);
#840=LINE('',#5372,#1259);
#841=LINE('',#5373,#1260);
#842=LINE('',#5389,#1261);
#843=LINE('',#5392,#1262);
#844=LINE('',#5398,#1263);
#845=LINE('',#5400,#1264);
#846=LINE('',#5405,#1265);
#847=LINE('',#5409,#1266);
#848=LINE('',#5411,#1267);
#849=LINE('',#5414,#1268);
#850=LINE('',#5415,#1269);
#851=LINE('',#5417,#1270);
#852=LINE('',#5425,#1271);
#853=LINE('',#5428,#1272);
#854=LINE('',#5432,#1273);
#855=LINE('',#5433,#1274);
#856=LINE('',#5434,#1275);
#857=LINE('',#5438,#1276);
#858=LINE('',#5441,#1277);
#859=LINE('',#5442,#1278);
#860=LINE('',#5449,#1279);
#861=LINE('',#5451,#1280);
#862=LINE('',#5453,#1281);
#863=LINE('',#5454,#1282);
#864=LINE('',#5457,#1283);
#865=LINE('',#5459,#1284);
#866=LINE('',#5460,#1285);
#867=LINE('',#5463,#1286);
#868=LINE('',#5465,#1287);
#869=LINE('',#5466,#1288);
#870=LINE('',#5468,#1289);
#871=LINE('',#5469,#1290);
#872=LINE('',#5474,#1291);
#873=LINE('',#5479,#1292);
#874=LINE('',#5481,#1293);
#875=LINE('',#5483,#1294);
#876=LINE('',#5484,#1295);
#877=LINE('',#5494,#1296);
#878=LINE('',#5497,#1297);
#879=LINE('',#5502,#1298);
#880=LINE('',#5506,#1299);
#881=LINE('',#5509,#1300);
#882=LINE('',#5510,#1301);
#883=LINE('',#5512,#1302);
#884=LINE('',#5514,#1303);
#885=LINE('',#5520,#1304);
#886=LINE('',#5522,#1305);
#887=LINE('',#5524,#1306);
#888=LINE('',#5525,#1307);
#889=LINE('',#5528,#1308);
#890=LINE('',#5530,#1309);
#891=LINE('',#5531,#1310);
#892=LINE('',#5534,#1311);
#893=LINE('',#5536,#1312);
#894=LINE('',#5537,#1313);
#895=LINE('',#5539,#1314);
#896=LINE('',#5540,#1315);
#897=LINE('',#5544,#1316);
#898=LINE('',#5546,#1317);
#899=LINE('',#5548,#1318);
#900=LINE('',#5549,#1319);
#901=LINE('',#5552,#1320);
#902=LINE('',#5554,#1321);
#903=LINE('',#5555,#1322);
#904=LINE('',#5558,#1323);
#905=LINE('',#5560,#1324);
#906=LINE('',#5561,#1325);
#907=LINE('',#5563,#1326);
#908=LINE('',#5564,#1327);
#909=LINE('',#5568,#1328);
#910=LINE('',#5570,#1329);
#911=LINE('',#5572,#1330);
#912=LINE('',#5573,#1331);
#913=LINE('',#5576,#1332);
#914=LINE('',#5578,#1333);
#915=LINE('',#5579,#1334);
#916=LINE('',#5582,#1335);
#917=LINE('',#5584,#1336);
#918=LINE('',#5585,#1337);
#919=LINE('',#5587,#1338);
#920=LINE('',#5588,#1339);
#921=LINE('',#5595,#1340);
#922=LINE('',#5603,#1341);
#923=LINE('',#5605,#1342);
#924=LINE('',#5607,#1343);
#925=LINE('',#5608,#1344);
#926=LINE('',#5611,#1345);
#927=LINE('',#5613,#1346);
#928=LINE('',#5614,#1347);
#929=LINE('',#5617,#1348);
#930=LINE('',#5619,#1349);
#931=LINE('',#5620,#1350);
#932=LINE('',#5622,#1351);
#933=LINE('',#5623,#1352);
#934=LINE('',#5631,#1353);
#935=LINE('',#5634,#1354);
#936=LINE('',#5637,#1355);
#937=LINE('',#5639,#1356);
#938=LINE('',#5641,#1357);
#939=LINE('',#5643,#1358);
#940=LINE('',#5645,#1359);
#941=LINE('',#5647,#1360);
#942=LINE('',#5648,#1361);
#943=LINE('',#5651,#1362);
#944=LINE('',#5653,#1363);
#945=LINE('',#5655,#1364);
#946=LINE('',#5656,#1365);
#947=LINE('',#5662,#1366);
#948=LINE('',#5665,#1367);
#949=LINE('',#5668,#1368);
#950=LINE('',#5671,#1369);
#951=LINE('',#5673,#1370);
#952=LINE('',#5676,#1371);
#953=LINE('',#5684,#1372);
#954=LINE('',#5687,#1373);
#955=LINE('',#5690,#1374);
#956=LINE('',#5692,#1375);
#957=LINE('',#5694,#1376);
#958=LINE('',#5696,#1377);
#959=LINE('',#5698,#1378);
#960=LINE('',#5700,#1379);
#961=LINE('',#5701,#1380);
#962=LINE('',#5704,#1381);
#963=LINE('',#5706,#1382);
#964=LINE('',#5708,#1383);
#965=LINE('',#5709,#1384);
#966=LINE('',#5712,#1385);
#967=LINE('',#5713,#1386);
#968=LINE('',#5715,#1387);
#969=LINE('',#5716,#1388);
#970=LINE('',#5722,#1389);
#971=LINE('',#5725,#1390);
#972=LINE('',#5728,#1391);
#973=LINE('',#5729,#1392);
#974=LINE('',#5731,#1393);
#975=LINE('',#5732,#1394);
#976=LINE('',#5735,#1395);
#977=LINE('',#5737,#1396);
#978=LINE('',#5739,#1397);
#979=LINE('',#5741,#1398);
#980=LINE('',#5743,#1399);
#981=LINE('',#5744,#1400);
#982=LINE('',#5747,#1401);
#983=LINE('',#5749,#1402);
#984=LINE('',#5751,#1403);
#985=LINE('',#5752,#1404);
#986=LINE('',#5754,#1405);
#987=LINE('',#5755,#1406);
#988=LINE('',#5757,#1407);
#989=LINE('',#5759,#1408);
#990=LINE('',#5762,#1409);
#991=LINE('',#5764,#1410);
#992=LINE('',#5766,#1411);
#993=LINE('',#5768,#1412);
#994=LINE('',#5770,#1413);
#995=LINE('',#5773,#1414);
#996=LINE('',#5779,#1415);
#997=LINE('',#5780,#1416);
#998=LINE('',#5782,#1417);
#999=LINE('',#5788,#1418);
#1000=LINE('',#5789,#1419);
#1001=LINE('',#5790,#1420);
#1002=LINE('',#5793,#1421);
#1003=LINE('',#5794,#1422);
#1004=LINE('',#5797,#1423);
#1005=LINE('',#5798,#1424);
#1006=LINE('',#5800,#1425);
#1007=LINE('',#5804,#1426);
#1008=LINE('',#5805,#1427);
#1009=LINE('',#5806,#1428);
#1010=LINE('',#5809,#1429);
#1011=LINE('',#5810,#1430);
#1012=LINE('',#5813,#1431);
#1013=LINE('',#5814,#1432);
#1014=LINE('',#5817,#1433);
#1015=LINE('',#5818,#1434);
#1016=LINE('',#5820,#1435);
#1017=LINE('',#5822,#1436);
#1018=LINE('',#5824,#1437);
#1019=LINE('',#5834,#1438);
#1020=LINE('',#5836,#1439);
#1021=LINE('',#5838,#1440);
#1022=LINE('',#5839,#1441);
#1023=LINE('',#5842,#1442);
#1024=LINE('',#5844,#1443);
#1025=LINE('',#5845,#1444);
#1026=LINE('',#5848,#1445);
#1027=LINE('',#5850,#1446);
#1028=LINE('',#5851,#1447);
#1029=LINE('',#5854,#1448);
#1030=LINE('',#5856,#1449);
#1031=LINE('',#5857,#1450);
#1032=LINE('',#5860,#1451);
#1033=LINE('',#5862,#1452);
#1034=LINE('',#5863,#1453);
#1035=LINE('',#5866,#1454);
#1036=LINE('',#5868,#1455);
#1037=LINE('',#5869,#1456);
#1038=LINE('',#5872,#1457);
#1039=LINE('',#5874,#1458);
#1040=LINE('',#5875,#1459);
#1041=LINE('',#5878,#1460);
#1042=LINE('',#5880,#1461);
#1043=LINE('',#5881,#1462);
#1044=LINE('',#5884,#1463);
#1045=LINE('',#5886,#1464);
#1046=LINE('',#5887,#1465);
#1047=LINE('',#5890,#1466);
#1048=LINE('',#5892,#1467);
#1049=LINE('',#5893,#1468);
#1050=LINE('',#5895,#1469);
#1051=LINE('',#5896,#1470);
#1052=LINE('',#5902,#1471);
#1053=LINE('',#5904,#1472);
#1054=LINE('',#5906,#1473);
#1055=LINE('',#5907,#1474);
#1056=LINE('',#5910,#1475);
#1057=LINE('',#5912,#1476);
#1058=LINE('',#5913,#1477);
#1059=LINE('',#5916,#1478);
#1060=LINE('',#5918,#1479);
#1061=LINE('',#5919,#1480);
#1062=LINE('',#5922,#1481);
#1063=LINE('',#5924,#1482);
#1064=LINE('',#5925,#1483);
#1065=LINE('',#5928,#1484);
#1066=LINE('',#5930,#1485);
#1067=LINE('',#5931,#1486);
#1068=LINE('',#5934,#1487);
#1069=LINE('',#5936,#1488);
#1070=LINE('',#5937,#1489);
#1071=LINE('',#5940,#1490);
#1072=LINE('',#5942,#1491);
#1073=LINE('',#5943,#1492);
#1074=LINE('',#5946,#1493);
#1075=LINE('',#5948,#1494);
#1076=LINE('',#5949,#1495);
#1077=LINE('',#5952,#1496);
#1078=LINE('',#5954,#1497);
#1079=LINE('',#5955,#1498);
#1080=LINE('',#5958,#1499);
#1081=LINE('',#5960,#1500);
#1082=LINE('',#5961,#1501);
#1083=LINE('',#5963,#1502);
#1084=LINE('',#5964,#1503);
#1085=LINE('',#5970,#1504);
#1086=LINE('',#5972,#1505);
#1087=LINE('',#5974,#1506);
#1088=LINE('',#5975,#1507);
#1089=LINE('',#5978,#1508);
#1090=LINE('',#5980,#1509);
#1091=LINE('',#5981,#1510);
#1092=LINE('',#5984,#1511);
#1093=LINE('',#5986,#1512);
#1094=LINE('',#5987,#1513);
#1095=LINE('',#5989,#1514);
#1096=LINE('',#5990,#1515);
#1097=LINE('',#5997,#1516);
#1098=LINE('',#6002,#1517);
#1099=LINE('',#6004,#1518);
#1100=LINE('',#6006,#1519);
#1101=LINE('',#6007,#1520);
#1102=LINE('',#6010,#1521);
#1103=LINE('',#6012,#1522);
#1104=LINE('',#6013,#1523);
#1105=LINE('',#6016,#1524);
#1106=LINE('',#6018,#1525);
#1107=LINE('',#6019,#1526);
#1108=LINE('',#6021,#1527);
#1109=LINE('',#6022,#1528);
#1110=LINE('',#6028,#1529);
#1111=LINE('',#6030,#1530);
#1112=LINE('',#6032,#1531);
#1113=LINE('',#6033,#1532);
#1114=LINE('',#6036,#1533);
#1115=LINE('',#6038,#1534);
#1116=LINE('',#6039,#1535);
#1117=LINE('',#6042,#1536);
#1118=LINE('',#6044,#1537);
#1119=LINE('',#6045,#1538);
#1120=LINE('',#6048,#1539);
#1121=LINE('',#6050,#1540);
#1122=LINE('',#6051,#1541);
#1123=LINE('',#6054,#1542);
#1124=LINE('',#6056,#1543);
#1125=LINE('',#6057,#1544);
#1126=LINE('',#6059,#1545);
#1127=LINE('',#6060,#1546);
#1128=LINE('',#6066,#1547);
#1129=LINE('',#6068,#1548);
#1130=LINE('',#6070,#1549);
#1131=LINE('',#6071,#1550);
#1132=LINE('',#6074,#1551);
#1133=LINE('',#6076,#1552);
#1134=LINE('',#6077,#1553);
#1135=LINE('',#6080,#1554);
#1136=LINE('',#6082,#1555);
#1137=LINE('',#6083,#1556);
#1138=LINE('',#6085,#1557);
#1139=LINE('',#6086,#1558);
#1140=VECTOR('',#4053,1.18);
#1141=VECTOR('',#4062,1.18);
#1142=VECTOR('',#4069,10.);
#1143=VECTOR('',#4070,10.);
#1144=VECTOR('',#4071,10.);
#1145=VECTOR('',#4072,10.);
#1146=VECTOR('',#4079,10.);
#1147=VECTOR('',#4080,10.);
#1148=VECTOR('',#4081,10.);
#1149=VECTOR('',#4082,10.);
#1150=VECTOR('',#4097,10.);
#1151=VECTOR('',#4098,10.);
#1152=VECTOR('',#4099,10.);
#1153=VECTOR('',#4100,10.);
#1154=VECTOR('',#4107,10.);
#1155=VECTOR('',#4108,10.);
#1156=VECTOR('',#4109,10.);
#1157=VECTOR('',#4110,10.);
#1158=VECTOR('',#4121,2.73);
#1159=VECTOR('',#4144,1.945);
#1160=VECTOR('',#4151,2.08000000000001);
#1161=VECTOR('',#4160,10.);
#1162=VECTOR('',#4163,10.);
#1163=VECTOR('',#4166,10.);
#1164=VECTOR('',#4167,10.);
#1165=VECTOR('',#4168,10.);
#1166=VECTOR('',#4173,10.);
#1167=VECTOR('',#4176,10.);
#1168=VECTOR('',#4179,10.);
#1169=VECTOR('',#4180,10.);
#1170=VECTOR('',#4181,10.);
#1171=VECTOR('',#4186,10.);
#1172=VECTOR('',#4189,10.);
#1173=VECTOR('',#4192,10.);
#1174=VECTOR('',#4193,10.);
#1175=VECTOR('',#4194,10.);
#1176=VECTOR('',#4195,10.);
#1177=VECTOR('',#4196,10.);
#1178=VECTOR('',#4199,10.);
#1179=VECTOR('',#4200,10.);
#1180=VECTOR('',#4201,10.);
#1181=VECTOR('',#4202,10.);
#1182=VECTOR('',#4203,10.);
#1183=VECTOR('',#4204,10.);
#1184=VECTOR('',#4205,10.);
#1185=VECTOR('',#4208,10.);
#1186=VECTOR('',#4209,10.);
#1187=VECTOR('',#4210,10.);
#1188=VECTOR('',#4211,10.);
#1189=VECTOR('',#4212,10.);
#1190=VECTOR('',#4213,10.);
#1191=VECTOR('',#4214,10.);
#1192=VECTOR('',#4215,10.);
#1193=VECTOR('',#4226,10.);
#1194=VECTOR('',#4229,10.);
#1195=VECTOR('',#4230,10.);
#1196=VECTOR('',#4231,10.);
#1197=VECTOR('',#4234,10.);
#1198=VECTOR('',#4235,10.);
#1199=VECTOR('',#4236,10.);
#1200=VECTOR('',#4237,10.);
#1201=VECTOR('',#4238,10.);
#1202=VECTOR('',#4241,10.);
#1203=VECTOR('',#4242,10.);
#1204=VECTOR('',#4243,10.);
#1205=VECTOR('',#4246,10.);
#1206=VECTOR('',#4247,10.);
#1207=VECTOR('',#4250,10.);
#1208=VECTOR('',#4251,10.);
#1209=VECTOR('',#4254,10.);
#1210=VECTOR('',#4257,10.);
#1211=VECTOR('',#4260,10.);
#1212=VECTOR('',#4261,10.);
#1213=VECTOR('',#4262,10.);
#1214=VECTOR('',#4263,10.);
#1215=VECTOR('',#4264,10.);
#1216=VECTOR('',#4265,10.);
#1217=VECTOR('',#4268,10.);
#1218=VECTOR('',#4269,10.);
#1219=VECTOR('',#4270,10.);
#1220=VECTOR('',#4273,10.);
#1221=VECTOR('',#4274,10.);
#1222=VECTOR('',#4277,10.);
#1223=VECTOR('',#4278,10.);
#1224=VECTOR('',#4281,10.);
#1225=VECTOR('',#4282,10.);
#1226=VECTOR('',#4285,10.);
#1227=VECTOR('',#4286,10.);
#1228=VECTOR('',#4289,10.);
#1229=VECTOR('',#4290,10.);
#1230=VECTOR('',#4291,10.);
#1231=VECTOR('',#4292,10.);
#1232=VECTOR('',#4293,10.);
#1233=VECTOR('',#4294,10.);
#1234=VECTOR('',#4295,10.);
#1235=VECTOR('',#4296,10.);
#1236=VECTOR('',#4297,10.);
#1237=VECTOR('',#4300,10.);
#1238=VECTOR('',#4301,10.);
#1239=VECTOR('',#4302,10.);
#1240=VECTOR('',#4305,10.);
#1241=VECTOR('',#4306,10.);
#1242=VECTOR('',#4307,10.);
#1243=VECTOR('',#4310,10.);
#1244=VECTOR('',#4311,10.);
#1245=VECTOR('',#4314,10.);
#1246=VECTOR('',#4315,10.);
#1247=VECTOR('',#4318,10.);
#1248=VECTOR('',#4319,10.);
#1249=VECTOR('',#4322,10.);
#1250=VECTOR('',#4325,10.);
#1251=VECTOR('',#4326,10.);
#1252=VECTOR('',#4329,10.);
#1253=VECTOR('',#4332,10.);
#1254=VECTOR('',#4333,10.);
#1255=VECTOR('',#4334,10.);
#1256=VECTOR('',#4335,10.);
#1257=VECTOR('',#4342,10.);
#1258=VECTOR('',#4345,10.);
#1259=VECTOR('',#4346,10.);
#1260=VECTOR('',#4347,10.);
#1261=VECTOR('',#4376,10.);
#1262=VECTOR('',#4381,10.);
#1263=VECTOR('',#4388,1.5);
#1264=VECTOR('',#4391,10.);
#1265=VECTOR('',#4398,1.5);
#1266=VECTOR('',#4403,1.5);
#1267=VECTOR('',#4406,2.73);
#1268=VECTOR('',#4409,10.);
#1269=VECTOR('',#4410,10.);
#1270=VECTOR('',#4413,10.);
#1271=VECTOR('',#4422,10.);
#1272=VECTOR('',#4425,10.);
#1273=VECTOR('',#4428,10.);
#1274=VECTOR('',#4429,10.);
#1275=VECTOR('',#4430,10.);
#1276=VECTOR('',#4435,10.);
#1277=VECTOR('',#4438,10.);
#1278=VECTOR('',#4439,10.);
#1279=VECTOR('',#4448,10.);
#1280=VECTOR('',#4449,10.);
#1281=VECTOR('',#4450,10.);
#1282=VECTOR('',#4451,10.);
#1283=VECTOR('',#4454,10.);
#1284=VECTOR('',#4455,10.);
#1285=VECTOR('',#4456,10.);
#1286=VECTOR('',#4459,10.);
#1287=VECTOR('',#4460,10.);
#1288=VECTOR('',#4461,10.);
#1289=VECTOR('',#4464,10.);
#1290=VECTOR('',#4465,10.);
#1291=VECTOR('',#4470,0.75);
#1292=VECTOR('',#4475,10.);
#1293=VECTOR('',#4476,10.);
#1294=VECTOR('',#4477,10.);
#1295=VECTOR('',#4478,10.);
#1296=VECTOR('',#4491,10.);
#1297=VECTOR('',#4494,10.);
#1298=VECTOR('',#4499,10.);
#1299=VECTOR('',#4502,10.);
#1300=VECTOR('',#4507,10.);
#1301=VECTOR('',#4508,10.);
#1302=VECTOR('',#4511,10.);
#1303=VECTOR('',#4514,10.);
#1304=VECTOR('',#4521,10.);
#1305=VECTOR('',#4522,10.);
#1306=VECTOR('',#4523,10.);
#1307=VECTOR('',#4524,10.);
#1308=VECTOR('',#4527,10.);
#1309=VECTOR('',#4528,10.);
#1310=VECTOR('',#4529,10.);
#1311=VECTOR('',#4532,10.);
#1312=VECTOR('',#4533,10.);
#1313=VECTOR('',#4534,10.);
#1314=VECTOR('',#4537,10.);
#1315=VECTOR('',#4538,10.);
#1316=VECTOR('',#4541,10.);
#1317=VECTOR('',#4542,10.);
#1318=VECTOR('',#4543,10.);
#1319=VECTOR('',#4544,10.);
#1320=VECTOR('',#4547,10.);
#1321=VECTOR('',#4548,10.);
#1322=VECTOR('',#4549,10.);
#1323=VECTOR('',#4552,10.);
#1324=VECTOR('',#4553,10.);
#1325=VECTOR('',#4554,10.);
#1326=VECTOR('',#4557,10.);
#1327=VECTOR('',#4558,10.);
#1328=VECTOR('',#4561,10.);
#1329=VECTOR('',#4562,10.);
#1330=VECTOR('',#4563,10.);
#1331=VECTOR('',#4564,10.);
#1332=VECTOR('',#4567,10.);
#1333=VECTOR('',#4568,10.);
#1334=VECTOR('',#4569,10.);
#1335=VECTOR('',#4572,10.);
#1336=VECTOR('',#4573,10.);
#1337=VECTOR('',#4574,10.);
#1338=VECTOR('',#4577,10.);
#1339=VECTOR('',#4578,10.);
#1340=VECTOR('',#4587,0.75);
#1341=VECTOR('',#4598,10.);
#1342=VECTOR('',#4599,10.);
#1343=VECTOR('',#4600,10.);
#1344=VECTOR('',#4601,10.);
#1345=VECTOR('',#4604,10.);
#1346=VECTOR('',#4605,10.);
#1347=VECTOR('',#4606,10.);
#1348=VECTOR('',#4609,10.);
#1349=VECTOR('',#4610,10.);
#1350=VECTOR('',#4611,10.);
#1351=VECTOR('',#4614,10.);
#1352=VECTOR('',#4615,10.);
#1353=VECTOR('',#4624,10.);
#1354=VECTOR('',#4627,10.);
#1355=VECTOR('',#4630,10.);
#1356=VECTOR('',#4631,10.);
#1357=VECTOR('',#4632,10.);
#1358=VECTOR('',#4633,10.);
#1359=VECTOR('',#4634,10.);
#1360=VECTOR('',#4635,10.);
#1361=VECTOR('',#4636,10.);
#1362=VECTOR('',#4637,10.);
#1363=VECTOR('',#4638,10.);
#1364=VECTOR('',#4639,10.);
#1365=VECTOR('',#4640,10.);
#1366=VECTOR('',#4645,10.);
#1367=VECTOR('',#4648,10.);
#1368=VECTOR('',#4651,10.);
#1369=VECTOR('',#4654,10.);
#1370=VECTOR('',#4655,10.);
#1371=VECTOR('',#4658,10.);
#1372=VECTOR('',#4665,10.);
#1373=VECTOR('',#4668,10.);
#1374=VECTOR('',#4671,10.);
#1375=VECTOR('',#4672,10.);
#1376=VECTOR('',#4673,10.);
#1377=VECTOR('',#4674,10.);
#1378=VECTOR('',#4675,10.);
#1379=VECTOR('',#4676,10.);
#1380=VECTOR('',#4677,10.);
#1381=VECTOR('',#4678,10.);
#1382=VECTOR('',#4679,10.);
#1383=VECTOR('',#4680,10.);
#1384=VECTOR('',#4681,10.);
#1385=VECTOR('',#4684,10.);
#1386=VECTOR('',#4685,10.);
#1387=VECTOR('',#4686,10.);
#1388=VECTOR('',#4687,10.);
#1389=VECTOR('',#4692,10.);
#1390=VECTOR('',#4695,10.);
#1391=VECTOR('',#4698,10.);
#1392=VECTOR('',#4699,10.);
#1393=VECTOR('',#4700,10.);
#1394=VECTOR('',#4701,10.);
#1395=VECTOR('',#4704,10.);
#1396=VECTOR('',#4705,10.);
#1397=VECTOR('',#4706,10.);
#1398=VECTOR('',#4707,10.);
#1399=VECTOR('',#4708,10.);
#1400=VECTOR('',#4709,10.);
#1401=VECTOR('',#4710,10.);
#1402=VECTOR('',#4711,10.);
#1403=VECTOR('',#4712,10.);
#1404=VECTOR('',#4713,10.);
#1405=VECTOR('',#4716,10.);
#1406=VECTOR('',#4717,10.);
#1407=VECTOR('',#4720,10.);
#1408=VECTOR('',#4723,10.);
#1409=VECTOR('',#4728,10.);
#1410=VECTOR('',#4731,10.);
#1411=VECTOR('',#4734,10.);
#1412=VECTOR('',#4737,10.);
#1413=VECTOR('',#4740,10.);
#1414=VECTOR('',#4743,5.);
#1415=VECTOR('',#4750,10.);
#1416=VECTOR('',#4751,10.);
#1417=VECTOR('',#4754,10.);
#1418=VECTOR('',#4761,10.);
#1419=VECTOR('',#4762,10.);
#1420=VECTOR('',#4763,10.);
#1421=VECTOR('',#4766,10.);
#1422=VECTOR('',#4767,10.);
#1423=VECTOR('',#4770,10.);
#1424=VECTOR('',#4771,10.);
#1425=VECTOR('',#4774,10.);
#1426=VECTOR('',#4777,10.);
#1427=VECTOR('',#4778,10.);
#1428=VECTOR('',#4779,10.);
#1429=VECTOR('',#4782,10.);
#1430=VECTOR('',#4783,10.);
#1431=VECTOR('',#4786,10.);
#1432=VECTOR('',#4787,10.);
#1433=VECTOR('',#4790,10.);
#1434=VECTOR('',#4791,10.);
#1435=VECTOR('',#4794,10.);
#1436=VECTOR('',#4797,10.);
#1437=VECTOR('',#4800,10.);
#1438=VECTOR('',#4815,10.);
#1439=VECTOR('',#4816,10.);
#1440=VECTOR('',#4817,10.);
#1441=VECTOR('',#4818,10.);
#1442=VECTOR('',#4821,10.);
#1443=VECTOR('',#4822,10.);
#1444=VECTOR('',#4823,10.);
#1445=VECTOR('',#4826,10.);
#1446=VECTOR('',#4827,10.);
#1447=VECTOR('',#4828,10.);
#1448=VECTOR('',#4831,10.);
#1449=VECTOR('',#4832,10.);
#1450=VECTOR('',#4833,10.);
#1451=VECTOR('',#4836,10.);
#1452=VECTOR('',#4837,10.);
#1453=VECTOR('',#4838,10.);
#1454=VECTOR('',#4841,10.);
#1455=VECTOR('',#4842,10.);
#1456=VECTOR('',#4843,10.);
#1457=VECTOR('',#4846,10.);
#1458=VECTOR('',#4847,10.);
#1459=VECTOR('',#4848,10.);
#1460=VECTOR('',#4851,10.);
#1461=VECTOR('',#4852,10.);
#1462=VECTOR('',#4853,10.);
#1463=VECTOR('',#4856,10.);
#1464=VECTOR('',#4857,10.);
#1465=VECTOR('',#4858,10.);
#1466=VECTOR('',#4861,10.);
#1467=VECTOR('',#4862,10.);
#1468=VECTOR('',#4863,10.);
#1469=VECTOR('',#4866,10.);
#1470=VECTOR('',#4867,10.);
#1471=VECTOR('',#4874,10.);
#1472=VECTOR('',#4875,10.);
#1473=VECTOR('',#4876,10.);
#1474=VECTOR('',#4877,10.);
#1475=VECTOR('',#4880,10.);
#1476=VECTOR('',#4881,10.);
#1477=VECTOR('',#4882,10.);
#1478=VECTOR('',#4885,10.);
#1479=VECTOR('',#4886,10.);
#1480=VECTOR('',#4887,10.);
#1481=VECTOR('',#4890,10.);
#1482=VECTOR('',#4891,10.);
#1483=VECTOR('',#4892,10.);
#1484=VECTOR('',#4895,10.);
#1485=VECTOR('',#4896,10.);
#1486=VECTOR('',#4897,10.);
#1487=VECTOR('',#4900,10.);
#1488=VECTOR('',#4901,10.);
#1489=VECTOR('',#4902,10.);
#1490=VECTOR('',#4905,10.);
#1491=VECTOR('',#4906,10.);
#1492=VECTOR('',#4907,10.);
#1493=VECTOR('',#4910,10.);
#1494=VECTOR('',#4911,10.);
#1495=VECTOR('',#4912,10.);
#1496=VECTOR('',#4915,10.);
#1497=VECTOR('',#4916,10.);
#1498=VECTOR('',#4917,10.);
#1499=VECTOR('',#4920,10.);
#1500=VECTOR('',#4921,10.);
#1501=VECTOR('',#4922,10.);
#1502=VECTOR('',#4925,10.);
#1503=VECTOR('',#4926,10.);
#1504=VECTOR('',#4933,10.);
#1505=VECTOR('',#4934,10.);
#1506=VECTOR('',#4935,10.);
#1507=VECTOR('',#4936,10.);
#1508=VECTOR('',#4939,10.);
#1509=VECTOR('',#4940,10.);
#1510=VECTOR('',#4941,10.);
#1511=VECTOR('',#4944,10.);
#1512=VECTOR('',#4945,10.);
#1513=VECTOR('',#4946,10.);
#1514=VECTOR('',#4949,10.);
#1515=VECTOR('',#4950,10.);
#1516=VECTOR('',#4959,10.1100892143901);
#1517=VECTOR('',#4964,10.);
#1518=VECTOR('',#4965,10.);
#1519=VECTOR('',#4966,10.);
#1520=VECTOR('',#4967,10.);
#1521=VECTOR('',#4970,10.);
#1522=VECTOR('',#4971,10.);
#1523=VECTOR('',#4972,10.);
#1524=VECTOR('',#4975,10.);
#1525=VECTOR('',#4976,10.);
#1526=VECTOR('',#4977,10.);
#1527=VECTOR('',#4980,10.);
#1528=VECTOR('',#4981,10.);
#1529=VECTOR('',#4988,10.);
#1530=VECTOR('',#4989,10.);
#1531=VECTOR('',#4990,10.);
#1532=VECTOR('',#4991,10.);
#1533=VECTOR('',#4994,10.);
#1534=VECTOR('',#4995,10.);
#1535=VECTOR('',#4996,10.);
#1536=VECTOR('',#4999,10.);
#1537=VECTOR('',#5000,10.);
#1538=VECTOR('',#5001,10.);
#1539=VECTOR('',#5004,10.);
#1540=VECTOR('',#5005,10.);
#1541=VECTOR('',#5006,10.);
#1542=VECTOR('',#5009,10.);
#1543=VECTOR('',#5010,10.);
#1544=VECTOR('',#5011,10.);
#1545=VECTOR('',#5014,10.);
#1546=VECTOR('',#5015,10.);
#1547=VECTOR('',#5022,10.);
#1548=VECTOR('',#5023,10.);
#1549=VECTOR('',#5024,10.);
#1550=VECTOR('',#5025,10.);
#1551=VECTOR('',#5028,10.);
#1552=VECTOR('',#5029,10.);
#1553=VECTOR('',#5030,10.);
#1554=VECTOR('',#5033,10.);
#1555=VECTOR('',#5034,10.);
#1556=VECTOR('',#5035,10.);
#1557=VECTOR('',#5038,10.);
#1558=VECTOR('',#5039,10.);
#1559=CIRCLE('',#3752,1.18);
#1560=CIRCLE('',#3753,1.18);
#1561=CIRCLE('',#3756,1.18);
#1562=CIRCLE('',#3757,1.18);
#1563=CIRCLE('',#3761,2.73);
#1564=CIRCLE('',#3764,2.73);
#1565=CIRCLE('',#3766,2.73);
#1566=CIRCLE('',#3767,2.73);
#1567=CIRCLE('',#3768,2.72999999999999);
#1568=CIRCLE('',#3771,2.73);
#1569=CIRCLE('',#3774,2.73);
#1570=CIRCLE('',#3776,2.73);
#1571=CIRCLE('',#3777,2.73);
#1572=CIRCLE('',#3778,2.73);
#1573=CIRCLE('',#3782,3.05);
#1574=CIRCLE('',#3783,0.15);
#1575=CIRCLE('',#3784,3.2);
#1576=CIRCLE('',#3786,2.73);
#1577=CIRCLE('',#3788,1.93);
#1578=CIRCLE('',#3789,2.08);
#1579=CIRCLE('',#3790,2.08);
#1580=CIRCLE('',#3792,2.08);
#1581=CIRCLE('',#3795,1.);
#1582=CIRCLE('',#3796,1.);
#1583=CIRCLE('',#3799,1.);
#1584=CIRCLE('',#3800,1.);
#1585=CIRCLE('',#3803,1.99999999999999);
#1586=CIRCLE('',#3804,1.99999999999999);
#1587=CIRCLE('',#3807,2.);
#1588=CIRCLE('',#3808,2.73);
#1589=CIRCLE('',#3809,1.5);
#1590=CIRCLE('',#3810,1.5);
#1591=CIRCLE('',#3812,2.);
#1592=CIRCLE('',#3837,9.95);
#1593=CIRCLE('',#3838,9.95000000000001);
#1594=CIRCLE('',#3841,9.95);
#1595=CIRCLE('',#3842,9.95);
#1596=CIRCLE('',#3844,11.25);
#1597=CIRCLE('',#3845,11.25);
#1598=CIRCLE('',#3846,11.25);
#1599=CIRCLE('',#3848,11.25);
#1600=CIRCLE('',#3849,11.25);
#1601=CIRCLE('',#3850,11.25);
#1602=CIRCLE('',#3856,1.5);
#1603=CIRCLE('',#3858,1.5);
#1604=CIRCLE('',#3862,1.5);
#1605=CIRCLE('',#3864,1.5);
#1606=CIRCLE('',#3871,9.95);
#1607=CIRCLE('',#3872,9.95);
#1608=CIRCLE('',#3875,9.94999999999999);
#1609=CIRCLE('',#3878,9.95);
#1610=CIRCLE('',#3885,0.75);
#1611=CIRCLE('',#3886,0.75);
#1612=CIRCLE('',#3889,5.);
#1613=CIRCLE('',#3890,5.);
#1614=CIRCLE('',#3893,9.95);
#1615=CIRCLE('',#3894,9.95);
#1616=CIRCLE('',#3897,9.94999999999999);
#1617=CIRCLE('',#3898,9.95);
#1618=CIRCLE('',#3919,0.75);
#1619=CIRCLE('',#3920,0.75);
#1620=CIRCLE('',#3931,1.50000000000001);
#1621=CIRCLE('',#3932,1.50000000000001);
#1622=CIRCLE('',#3935,1.50000000000001);
#1623=CIRCLE('',#3936,1.50000000000001);
#1624=CIRCLE('',#3938,7.00000000000001);
#1625=CIRCLE('',#3939,6.99999999999999);
#1626=CIRCLE('',#3940,5.);
#1627=CIRCLE('',#3942,1.49999999999999);
#1628=CIRCLE('',#3943,1.49999999999999);
#1629=CIRCLE('',#3947,1.50000000000001);
#1630=CIRCLE('',#3948,1.50000000000001);
#1631=CIRCLE('',#3961,5.);
#1632=CIRCLE('',#3963,7.00000000000001);
#1633=CIRCLE('',#3966,7.);
#1634=CIRCLE('',#4017,10.1100892143901);
#1635=CIRCLE('',#4018,10.1100892143901);
#1636=VERTEX_POINT('',#5053);
#1637=VERTEX_POINT('',#5055);
#1638=VERTEX_POINT('',#5060);
#1639=VERTEX_POINT('',#5062);
#1640=VERTEX_POINT('',#5067);
#1641=VERTEX_POINT('',#5068);
#1642=VERTEX_POINT('',#5070);
#1643=VERTEX_POINT('',#5072);
#1644=VERTEX_POINT('',#5078);
#1645=VERTEX_POINT('',#5079);
#1646=VERTEX_POINT('',#5081);
#1647=VERTEX_POINT('',#5083);
#1648=VERTEX_POINT('',#5089);
#1649=VERTEX_POINT('',#5094);
#1650=VERTEX_POINT('',#5095);
#1651=VERTEX_POINT('',#5097);
#1652=VERTEX_POINT('',#5099);
#1653=VERTEX_POINT('',#5105);
#1654=VERTEX_POINT('',#5106);
#1655=VERTEX_POINT('',#5108);
#1656=VERTEX_POINT('',#5110);
#1657=VERTEX_POINT('',#5117);
#1658=VERTEX_POINT('',#5124);
#1659=VERTEX_POINT('',#5126);
#1660=VERTEX_POINT('',#5130);
#1661=VERTEX_POINT('',#5133);
#1662=VERTEX_POINT('',#5135);
#1663=VERTEX_POINT('',#5137);
#1664=VERTEX_POINT('',#5141);
#1665=VERTEX_POINT('',#5146);
#1666=VERTEX_POINT('',#5147);
#1667=VERTEX_POINT('',#5149);
#1668=VERTEX_POINT('',#5151);
#1669=VERTEX_POINT('',#5155);
#1670=VERTEX_POINT('',#5157);
#1671=VERTEX_POINT('',#5161);
#1672=VERTEX_POINT('',#5162);
#1673=VERTEX_POINT('',#5164);
#1674=VERTEX_POINT('',#5166);
#1675=VERTEX_POINT('',#5170);
#1676=VERTEX_POINT('',#5172);
#1677=VERTEX_POINT('',#5176);
#1678=VERTEX_POINT('',#5177);
#1679=VERTEX_POINT('',#5179);
#1680=VERTEX_POINT('',#5181);
#1681=VERTEX_POINT('',#5185);
#1682=VERTEX_POINT('',#5187);
#1683=VERTEX_POINT('',#5193);
#1684=VERTEX_POINT('',#5195);
#1685=VERTEX_POINT('',#5197);
#1686=VERTEX_POINT('',#5199);
#1687=VERTEX_POINT('',#5201);
#1688=VERTEX_POINT('',#5203);
#1689=VERTEX_POINT('',#5205);
#1690=VERTEX_POINT('',#5208);
#1691=VERTEX_POINT('',#5209);
#1692=VERTEX_POINT('',#5211);
#1693=VERTEX_POINT('',#5213);
#1694=VERTEX_POINT('',#5215);
#1695=VERTEX_POINT('',#5217);
#1696=VERTEX_POINT('',#5219);
#1697=VERTEX_POINT('',#5221);
#1698=VERTEX_POINT('',#5224);
#1699=VERTEX_POINT('',#5226);
#1700=VERTEX_POINT('',#5228);
#1701=VERTEX_POINT('',#5231);
#1702=VERTEX_POINT('',#5235);
#1703=VERTEX_POINT('',#5237);
#1704=VERTEX_POINT('',#5241);
#1705=VERTEX_POINT('',#5243);
#1706=VERTEX_POINT('',#5245);
#1707=VERTEX_POINT('',#5247);
#1708=VERTEX_POINT('',#5251);
#1709=VERTEX_POINT('',#5253);
#1710=VERTEX_POINT('',#5257);
#1711=VERTEX_POINT('',#5261);
#1712=VERTEX_POINT('',#5269);
#1713=VERTEX_POINT('',#5270);
#1714=VERTEX_POINT('',#5272);
#1715=VERTEX_POINT('',#5274);
#1716=VERTEX_POINT('',#5276);
#1717=VERTEX_POINT('',#5278);
#1718=VERTEX_POINT('',#5282);
#1719=VERTEX_POINT('',#5284);
#1720=VERTEX_POINT('',#5288);
#1721=VERTEX_POINT('',#5292);
#1722=VERTEX_POINT('',#5296);
#1723=VERTEX_POINT('',#5300);
#1724=VERTEX_POINT('',#5304);
#1725=VERTEX_POINT('',#5305);
#1726=VERTEX_POINT('',#5307);
#1727=VERTEX_POINT('',#5309);
#1728=VERTEX_POINT('',#5312);
#1729=VERTEX_POINT('',#5314);
#1730=VERTEX_POINT('',#5316);
#1731=VERTEX_POINT('',#5318);
#1732=VERTEX_POINT('',#5322);
#1733=VERTEX_POINT('',#5323);
#1734=VERTEX_POINT('',#5328);
#1735=VERTEX_POINT('',#5329);
#1736=VERTEX_POINT('',#5334);
#1737=VERTEX_POINT('',#5338);
#1738=VERTEX_POINT('',#5342);
#1739=VERTEX_POINT('',#5348);
#1740=VERTEX_POINT('',#5354);
#1741=VERTEX_POINT('',#5355);
#1742=VERTEX_POINT('',#5357);
#1743=VERTEX_POINT('',#5359);
#1744=VERTEX_POINT('',#5363);
#1745=VERTEX_POINT('',#5365);
#1746=VERTEX_POINT('',#5369);
#1747=VERTEX_POINT('',#5371);
#1748=VERTEX_POINT('',#5382);
#1749=VERTEX_POINT('',#5393);
#1750=VERTEX_POINT('',#5396);
#1751=VERTEX_POINT('',#5403);
#1752=VERTEX_POINT('',#5407);
#1753=VERTEX_POINT('',#5413);
#1754=VERTEX_POINT('',#5421);
#1755=VERTEX_POINT('',#5422);
#1756=VERTEX_POINT('',#5424);
#1757=VERTEX_POINT('',#5426);
#1758=VERTEX_POINT('',#5430);
#1759=VERTEX_POINT('',#5431);
#1760=VERTEX_POINT('',#5436);
#1761=VERTEX_POINT('',#5440);
#1762=VERTEX_POINT('',#5447);
#1763=VERTEX_POINT('',#5448);
#1764=VERTEX_POINT('',#5450);
#1765=VERTEX_POINT('',#5452);
#1766=VERTEX_POINT('',#5456);
#1767=VERTEX_POINT('',#5458);
#1768=VERTEX_POINT('',#5462);
#1769=VERTEX_POINT('',#5464);
#1770=VERTEX_POINT('',#5471);
#1771=VERTEX_POINT('',#5473);
#1772=VERTEX_POINT('',#5477);
#1773=VERTEX_POINT('',#5478);
#1774=VERTEX_POINT('',#5480);
#1775=VERTEX_POINT('',#5482);
#1776=VERTEX_POINT('',#5490);
#1777=VERTEX_POINT('',#5491);
#1778=VERTEX_POINT('',#5493);
#1779=VERTEX_POINT('',#5495);
#1780=VERTEX_POINT('',#5500);
#1781=VERTEX_POINT('',#5501);
#1782=VERTEX_POINT('',#5503);
#1783=VERTEX_POINT('',#5505);
#1784=VERTEX_POINT('',#5518);
#1785=VERTEX_POINT('',#5519);
#1786=VERTEX_POINT('',#5521);
#1787=VERTEX_POINT('',#5523);
#1788=VERTEX_POINT('',#5527);
#1789=VERTEX_POINT('',#5529);
#1790=VERTEX_POINT('',#5533);
#1791=VERTEX_POINT('',#5535);
#1792=VERTEX_POINT('',#5542);
#1793=VERTEX_POINT('',#5543);
#1794=VERTEX_POINT('',#5545);
#1795=VERTEX_POINT('',#5547);
#1796=VERTEX_POINT('',#5551);
#1797=VERTEX_POINT('',#5553);
#1798=VERTEX_POINT('',#5557);
#1799=VERTEX_POINT('',#5559);
#1800=VERTEX_POINT('',#5566);
#1801=VERTEX_POINT('',#5567);
#1802=VERTEX_POINT('',#5569);
#1803=VERTEX_POINT('',#5571);
#1804=VERTEX_POINT('',#5575);
#1805=VERTEX_POINT('',#5577);
#1806=VERTEX_POINT('',#5581);
#1807=VERTEX_POINT('',#5583);
#1808=VERTEX_POINT('',#5592);
#1809=VERTEX_POINT('',#5594);
#1810=VERTEX_POINT('',#5601);
#1811=VERTEX_POINT('',#5602);
#1812=VERTEX_POINT('',#5604);
#1813=VERTEX_POINT('',#5606);
#1814=VERTEX_POINT('',#5610);
#1815=VERTEX_POINT('',#5612);
#1816=VERTEX_POINT('',#5616);
#1817=VERTEX_POINT('',#5618);
#1818=VERTEX_POINT('',#5627);
#1819=VERTEX_POINT('',#5628);
#1820=VERTEX_POINT('',#5630);
#1821=VERTEX_POINT('',#5632);
#1822=VERTEX_POINT('',#5636);
#1823=VERTEX_POINT('',#5638);
#1824=VERTEX_POINT('',#5640);
#1825=VERTEX_POINT('',#5642);
#1826=VERTEX_POINT('',#5644);
#1827=VERTEX_POINT('',#5646);
#1828=VERTEX_POINT('',#5649);
#1829=VERTEX_POINT('',#5650);
#1830=VERTEX_POINT('',#5652);
#1831=VERTEX_POINT('',#5654);
#1832=VERTEX_POINT('',#5658);
#1833=VERTEX_POINT('',#5659);
#1834=VERTEX_POINT('',#5661);
#1835=VERTEX_POINT('',#5663);
#1836=VERTEX_POINT('',#5667);
#1837=VERTEX_POINT('',#5669);
#1838=VERTEX_POINT('',#5672);
#1839=VERTEX_POINT('',#5674);
#1840=VERTEX_POINT('',#5677);
#1841=VERTEX_POINT('',#5680);
#1842=VERTEX_POINT('',#5681);
#1843=VERTEX_POINT('',#5683);
#1844=VERTEX_POINT('',#5685);
#1845=VERTEX_POINT('',#5689);
#1846=VERTEX_POINT('',#5691);
#1847=VERTEX_POINT('',#5693);
#1848=VERTEX_POINT('',#5695);
#1849=VERTEX_POINT('',#5697);
#1850=VERTEX_POINT('',#5699);
#1851=VERTEX_POINT('',#5702);
#1852=VERTEX_POINT('',#5703);
#1853=VERTEX_POINT('',#5705);
#1854=VERTEX_POINT('',#5707);
#1855=VERTEX_POINT('',#5711);
#1856=VERTEX_POINT('',#5714);
#1857=VERTEX_POINT('',#5718);
#1858=VERTEX_POINT('',#5719);
#1859=VERTEX_POINT('',#5721);
#1860=VERTEX_POINT('',#5723);
#1861=VERTEX_POINT('',#5727);
#1862=VERTEX_POINT('',#5730);
#1863=VERTEX_POINT('',#5734);
#1864=VERTEX_POINT('',#5736);
#1865=VERTEX_POINT('',#5738);
#1866=VERTEX_POINT('',#5740);
#1867=VERTEX_POINT('',#5742);
#1868=VERTEX_POINT('',#5745);
#1869=VERTEX_POINT('',#5746);
#1870=VERTEX_POINT('',#5748);
#1871=VERTEX_POINT('',#5750);
#1872=VERTEX_POINT('',#5772);
#1873=VERTEX_POINT('',#5776);
#1874=VERTEX_POINT('',#5777);
#1875=VERTEX_POINT('',#5786);
#1876=VERTEX_POINT('',#5787);
#1877=VERTEX_POINT('',#5792);
#1878=VERTEX_POINT('',#5796);
#1879=VERTEX_POINT('',#5802);
#1880=VERTEX_POINT('',#5803);
#1881=VERTEX_POINT('',#5808);
#1882=VERTEX_POINT('',#5812);
#1883=VERTEX_POINT('',#5816);
#1884=VERTEX_POINT('',#5832);
#1885=VERTEX_POINT('',#5833);
#1886=VERTEX_POINT('',#5835);
#1887=VERTEX_POINT('',#5837);
#1888=VERTEX_POINT('',#5841);
#1889=VERTEX_POINT('',#5843);
#1890=VERTEX_POINT('',#5847);
#1891=VERTEX_POINT('',#5849);
#1892=VERTEX_POINT('',#5853);
#1893=VERTEX_POINT('',#5855);
#1894=VERTEX_POINT('',#5859);
#1895=VERTEX_POINT('',#5861);
#1896=VERTEX_POINT('',#5865);
#1897=VERTEX_POINT('',#5867);
#1898=VERTEX_POINT('',#5871);
#1899=VERTEX_POINT('',#5873);
#1900=VERTEX_POINT('',#5877);
#1901=VERTEX_POINT('',#5879);
#1902=VERTEX_POINT('',#5883);
#1903=VERTEX_POINT('',#5885);
#1904=VERTEX_POINT('',#5889);
#1905=VERTEX_POINT('',#5891);
#1906=VERTEX_POINT('',#5900);
#1907=VERTEX_POINT('',#5901);
#1908=VERTEX_POINT('',#5903);
#1909=VERTEX_POINT('',#5905);
#1910=VERTEX_POINT('',#5909);
#1911=VERTEX_POINT('',#5911);
#1912=VERTEX_POINT('',#5915);
#1913=VERTEX_POINT('',#5917);
#1914=VERTEX_POINT('',#5921);
#1915=VERTEX_POINT('',#5923);
#1916=VERTEX_POINT('',#5927);
#1917=VERTEX_POINT('',#5929);
#1918=VERTEX_POINT('',#5933);
#1919=VERTEX_POINT('',#5935);
#1920=VERTEX_POINT('',#5939);
#1921=VERTEX_POINT('',#5941);
#1922=VERTEX_POINT('',#5945);
#1923=VERTEX_POINT('',#5947);
#1924=VERTEX_POINT('',#5951);
#1925=VERTEX_POINT('',#5953);
#1926=VERTEX_POINT('',#5957);
#1927=VERTEX_POINT('',#5959);
#1928=VERTEX_POINT('',#5968);
#1929=VERTEX_POINT('',#5969);
#1930=VERTEX_POINT('',#5971);
#1931=VERTEX_POINT('',#5973);
#1932=VERTEX_POINT('',#5977);
#1933=VERTEX_POINT('',#5979);
#1934=VERTEX_POINT('',#5983);
#1935=VERTEX_POINT('',#5985);
#1936=VERTEX_POINT('',#5994);
#1937=VERTEX_POINT('',#5996);
#1938=VERTEX_POINT('',#6000);
#1939=VERTEX_POINT('',#6001);
#1940=VERTEX_POINT('',#6003);
#1941=VERTEX_POINT('',#6005);
#1942=VERTEX_POINT('',#6009);
#1943=VERTEX_POINT('',#6011);
#1944=VERTEX_POINT('',#6015);
#1945=VERTEX_POINT('',#6017);
#1946=VERTEX_POINT('',#6026);
#1947=VERTEX_POINT('',#6027);
#1948=VERTEX_POINT('',#6029);
#1949=VERTEX_POINT('',#6031);
#1950=VERTEX_POINT('',#6035);
#1951=VERTEX_POINT('',#6037);
#1952=VERTEX_POINT('',#6041);
#1953=VERTEX_POINT('',#6043);
#1954=VERTEX_POINT('',#6047);
#1955=VERTEX_POINT('',#6049);
#1956=VERTEX_POINT('',#6053);
#1957=VERTEX_POINT('',#6055);
#1958=VERTEX_POINT('',#6064);
#1959=VERTEX_POINT('',#6065);
#1960=VERTEX_POINT('',#6067);
#1961=VERTEX_POINT('',#6069);
#1962=VERTEX_POINT('',#6073);
#1963=VERTEX_POINT('',#6075);
#1964=VERTEX_POINT('',#6079);
#1965=VERTEX_POINT('',#6081);
#1966=EDGE_CURVE('',#1636,#1636,#1559,.T.);
#1967=EDGE_CURVE('',#1636,#1637,#721,.T.);
#1968=EDGE_CURVE('',#1637,#1637,#1560,.T.);
#1969=EDGE_CURVE('',#1638,#1638,#1561,.T.);
#1970=EDGE_CURVE('',#1638,#1639,#722,.T.);
#1971=EDGE_CURVE('',#1639,#1639,#1562,.T.);
#1972=EDGE_CURVE('',#1640,#1641,#723,.T.);
#1973=EDGE_CURVE('',#1642,#1640,#724,.T.);
#1974=EDGE_CURVE('',#1642,#1643,#725,.T.);
#1975=EDGE_CURVE('',#1641,#1643,#726,.T.);
#1976=EDGE_CURVE('',#1643,#1642,#1563,.T.);
#1977=EDGE_CURVE('',#1644,#1645,#727,.T.);
#1978=EDGE_CURVE('',#1646,#1644,#728,.T.);
#1979=EDGE_CURVE('',#1646,#1647,#729,.T.);
#1980=EDGE_CURVE('',#1645,#1647,#730,.T.);
#1981=EDGE_CURVE('',#1647,#1646,#1564,.T.);
#1982=EDGE_CURVE('',#1641,#1648,#1565,.T.);
#1983=EDGE_CURVE('',#1648,#1644,#1566,.T.);
#1984=EDGE_CURVE('',#1645,#1640,#1567,.T.);
#1985=EDGE_CURVE('',#1649,#1650,#731,.T.);
#1986=EDGE_CURVE('',#1651,#1649,#732,.T.);
#1987=EDGE_CURVE('',#1651,#1652,#733,.T.);
#1988=EDGE_CURVE('',#1650,#1652,#734,.T.);
#1989=EDGE_CURVE('',#1652,#1651,#1568,.T.);
#1990=EDGE_CURVE('',#1653,#1654,#735,.T.);
#1991=EDGE_CURVE('',#1655,#1653,#736,.T.);
#1992=EDGE_CURVE('',#1655,#1656,#737,.T.);
#1993=EDGE_CURVE('',#1654,#1656,#738,.T.);
#1994=EDGE_CURVE('',#1656,#1655,#1569,.T.);
#1995=EDGE_CURVE('',#1654,#1649,#1570,.T.);
#1996=EDGE_CURVE('',#1657,#1653,#1571,.T.);
#1997=EDGE_CURVE('',#1657,#1648,#739,.T.);
#1998=EDGE_CURVE('',#1650,#1657,#1572,.T.);
#1999=EDGE_CURVE('',#1658,#1658,#1573,.T.);
#2000=EDGE_CURVE('',#1658,#1659,#1574,.T.);
#2001=EDGE_CURVE('',#1659,#1659,#1575,.T.);
#2002=EDGE_CURVE('',#1660,#1660,#1576,.T.);
#2003=EDGE_CURVE('',#1661,#1661,#1577,.T.);
#2004=EDGE_CURVE('',#1661,#1662,#740,.T.);
#2005=EDGE_CURVE('',#1662,#1663,#1578,.T.);
#2006=EDGE_CURVE('',#1663,#1662,#1579,.T.);
#2007=EDGE_CURVE('',#1663,#1664,#741,.T.);
#2008=EDGE_CURVE('',#1664,#1664,#1580,.T.);
#2009=EDGE_CURVE('',#1665,#1666,#1581,.T.);
#2010=EDGE_CURVE('',#1666,#1667,#742,.T.);
#2011=EDGE_CURVE('',#1667,#1668,#1582,.T.);
#2012=EDGE_CURVE('',#1668,#1665,#743,.T.);
#2013=EDGE_CURVE('',#1669,#1666,#744,.T.);
#2014=EDGE_CURVE('',#1670,#1669,#745,.T.);
#2015=EDGE_CURVE('',#1667,#1670,#746,.T.);
#2016=EDGE_CURVE('',#1671,#1672,#1583,.T.);
#2017=EDGE_CURVE('',#1672,#1673,#747,.T.);
#2018=EDGE_CURVE('',#1673,#1674,#1584,.T.);
#2019=EDGE_CURVE('',#1674,#1671,#748,.T.);
#2020=EDGE_CURVE('',#1675,#1672,#749,.T.);
#2021=EDGE_CURVE('',#1675,#1676,#750,.T.);
#2022=EDGE_CURVE('',#1673,#1676,#751,.T.);
#2023=EDGE_CURVE('',#1677,#1678,#1585,.T.);
#2024=EDGE_CURVE('',#1678,#1679,#752,.T.);
#2025=EDGE_CURVE('',#1679,#1680,#1586,.T.);
#2026=EDGE_CURVE('',#1680,#1677,#753,.T.);
#2027=EDGE_CURVE('',#1681,#1680,#754,.T.);
#2028=EDGE_CURVE('',#1682,#1681,#755,.T.);
#2029=EDGE_CURVE('',#1677,#1682,#756,.T.);
#2030=EDGE_CURVE('',#1668,#1671,#757,.T.);
#2031=EDGE_CURVE('',#1674,#1665,#758,.T.);
#2032=EDGE_CURVE('',#1679,#1683,#759,.T.);
#2033=EDGE_CURVE('',#1683,#1684,#760,.T.);
#2034=EDGE_CURVE('',#1684,#1685,#761,.T.);
#2035=EDGE_CURVE('',#1686,#1685,#762,.T.);
#2036=EDGE_CURVE('',#1687,#1686,#763,.T.);
#2037=EDGE_CURVE('',#1687,#1688,#764,.T.);
#2038=EDGE_CURVE('',#1688,#1689,#765,.T.);
#2039=EDGE_CURVE('',#1681,#1689,#1587,.T.);
#2040=EDGE_CURVE('',#1690,#1691,#766,.T.);
#2041=EDGE_CURVE('',#1691,#1692,#767,.T.);
#2042=EDGE_CURVE('',#1692,#1693,#768,.T.);
#2043=EDGE_CURVE('',#1693,#1694,#769,.T.);
#2044=EDGE_CURVE('',#1694,#1695,#770,.T.);
#2045=EDGE_CURVE('',#1695,#1696,#771,.T.);
#2046=EDGE_CURVE('',#1696,#1697,#772,.T.);
#2047=EDGE_CURVE('',#1697,#1690,#773,.T.);
#2048=EDGE_CURVE('',#1698,#1698,#1588,.T.);
#2049=EDGE_CURVE('',#1699,#1699,#1589,.T.);
#2050=EDGE_CURVE('',#1700,#1700,#1590,.T.);
#2051=EDGE_CURVE('',#1701,#1682,#1591,.T.);
#2052=EDGE_CURVE('',#1689,#1701,#774,.T.);
#2053=EDGE_CURVE('',#1688,#1702,#775,.T.);
#2054=EDGE_CURVE('',#1702,#1703,#776,.T.);
#2055=EDGE_CURVE('',#1701,#1703,#777,.T.);
#2056=EDGE_CURVE('',#1696,#1704,#778,.T.);
#2057=EDGE_CURVE('',#1704,#1705,#779,.T.);
#2058=EDGE_CURVE('',#1705,#1706,#780,.T.);
#2059=EDGE_CURVE('',#1706,#1707,#781,.T.);
#2060=EDGE_CURVE('',#1707,#1697,#782,.T.);
#2061=EDGE_CURVE('',#1704,#1708,#783,.T.);
#2062=EDGE_CURVE('',#1709,#1708,#784,.T.);
#2063=EDGE_CURVE('',#1705,#1709,#785,.T.);
#2064=EDGE_CURVE('',#1710,#1709,#786,.T.);
#2065=EDGE_CURVE('',#1706,#1710,#787,.T.);
#2066=EDGE_CURVE('',#1711,#1710,#788,.T.);
#2067=EDGE_CURVE('',#1707,#1711,#789,.T.);
#2068=EDGE_CURVE('',#1690,#1711,#790,.T.);
#2069=EDGE_CURVE('',#1708,#1691,#791,.T.);
#2070=EDGE_CURVE('',#1712,#1713,#792,.T.);
#2071=EDGE_CURVE('',#1714,#1713,#793,.T.);
#2072=EDGE_CURVE('',#1714,#1715,#794,.T.);
#2073=EDGE_CURVE('',#1715,#1716,#795,.T.);
#2074=EDGE_CURVE('',#1716,#1717,#796,.T.);
#2075=EDGE_CURVE('',#1717,#1712,#797,.T.);
#2076=EDGE_CURVE('',#1718,#1714,#798,.T.);
#2077=EDGE_CURVE('',#1719,#1718,#799,.T.);
#2078=EDGE_CURVE('',#1715,#1719,#800,.T.);
#2079=EDGE_CURVE('',#1720,#1719,#801,.T.);
#2080=EDGE_CURVE('',#1716,#1720,#802,.T.);
#2081=EDGE_CURVE('',#1721,#1720,#803,.T.);
#2082=EDGE_CURVE('',#1717,#1721,#804,.T.);
#2083=EDGE_CURVE('',#1722,#1721,#805,.T.);
#2084=EDGE_CURVE('',#1712,#1722,#806,.T.);
#2085=EDGE_CURVE('',#1723,#1722,#807,.T.);
#2086=EDGE_CURVE('',#1723,#1718,#808,.T.);
#2087=EDGE_CURVE('',#1724,#1725,#809,.T.);
#2088=EDGE_CURVE('',#1724,#1726,#810,.T.);
#2089=EDGE_CURVE('',#1727,#1726,#811,.T.);
#2090=EDGE_CURVE('',#1725,#1727,#812,.T.);
#2091=EDGE_CURVE('',#1713,#1728,#813,.T.);
#2092=EDGE_CURVE('',#1728,#1729,#814,.T.);
#2093=EDGE_CURVE('',#1729,#1730,#815,.T.);
#2094=EDGE_CURVE('',#1730,#1731,#816,.T.);
#2095=EDGE_CURVE('',#1731,#1723,#817,.T.);
#2096=EDGE_CURVE('',#1732,#1733,#818,.T.);
#2097=EDGE_CURVE('',#1728,#1732,#819,.T.);
#2098=EDGE_CURVE('',#1731,#1733,#820,.T.);
#2099=EDGE_CURVE('',#1734,#1735,#821,.T.);
#2100=EDGE_CURVE('',#1734,#1692,#822,.T.);
#2101=EDGE_CURVE('',#1735,#1695,#823,.T.);
#2102=EDGE_CURVE('',#1736,#1732,#824,.T.);
#2103=EDGE_CURVE('',#1729,#1736,#825,.T.);
#2104=EDGE_CURVE('',#1735,#1737,#826,.T.);
#2105=EDGE_CURVE('',#1737,#1694,#827,.T.);
#2106=EDGE_CURVE('',#1733,#1738,#828,.T.);
#2107=EDGE_CURVE('',#1730,#1738,#829,.T.);
#2108=EDGE_CURVE('',#1738,#1736,#830,.T.);
#2109=EDGE_CURVE('',#1737,#1739,#831,.T.);
#2110=EDGE_CURVE('',#1739,#1693,#832,.T.);
#2111=EDGE_CURVE('',#1739,#1734,#833,.T.);
#2112=EDGE_CURVE('',#1740,#1741,#834,.T.);
#2113=EDGE_CURVE('',#1740,#1742,#835,.T.);
#2114=EDGE_CURVE('',#1743,#1742,#836,.T.);
#2115=EDGE_CURVE('',#1741,#1743,#837,.T.);
#2116=EDGE_CURVE('',#1741,#1744,#1592,.T.);
#2117=EDGE_CURVE('',#1745,#1743,#1593,.T.);
#2118=EDGE_CURVE('',#1744,#1745,#838,.T.);
#2119=EDGE_CURVE('',#1744,#1746,#839,.T.);
#2120=EDGE_CURVE('',#1747,#1745,#840,.T.);
#2121=EDGE_CURVE('',#1746,#1747,#841,.T.);
#2122=EDGE_CURVE('',#1746,#1740,#1594,.T.);
#2123=EDGE_CURVE('',#1742,#1747,#1595,.T.);
#2124=EDGE_CURVE('',#1702,#1724,#1596,.T.);
#2125=EDGE_CURVE('',#1687,#1702,#1597,.T.);
#2126=EDGE_CURVE('',#1726,#1686,#1598,.T.);
#2127=EDGE_CURVE('',#1748,#1684,#1599,.T.);
#2128=EDGE_CURVE('',#1725,#1748,#1600,.T.);
#2129=EDGE_CURVE('',#1685,#1727,#1601,.T.);
#2130=EDGE_CURVE('',#1748,#1683,#842,.T.);
#2131=EDGE_CURVE('',#1670,#1675,#843,.T.);
#2132=EDGE_CURVE('',#1749,#1749,#1602,.T.);
#2133=EDGE_CURVE('',#1750,#1750,#1603,.T.);
#2134=EDGE_CURVE('',#1750,#1749,#844,.T.);
#2135=EDGE_CURVE('',#1676,#1669,#845,.T.);
#2136=EDGE_CURVE('',#1751,#1751,#1604,.T.);
#2137=EDGE_CURVE('',#1751,#1700,#846,.T.);
#2138=EDGE_CURVE('',#1752,#1752,#1605,.T.);
#2139=EDGE_CURVE('',#1752,#1699,#847,.T.);
#2140=EDGE_CURVE('',#1660,#1698,#848,.T.);
#2141=EDGE_CURVE('',#1753,#1748,#849,.T.);
#2142=EDGE_CURVE('',#1703,#1753,#850,.T.);
#2143=EDGE_CURVE('',#1753,#1678,#851,.T.);
#2144=EDGE_CURVE('',#1754,#1755,#1606,.T.);
#2145=EDGE_CURVE('',#1756,#1754,#852,.T.);
#2146=EDGE_CURVE('',#1757,#1756,#1607,.T.);
#2147=EDGE_CURVE('',#1755,#1757,#853,.T.);
#2148=EDGE_CURVE('',#1758,#1759,#854,.T.);
#2149=EDGE_CURVE('',#1755,#1758,#855,.T.);
#2150=EDGE_CURVE('',#1757,#1759,#856,.T.);
#2151=EDGE_CURVE('',#1759,#1760,#1608,.T.);
#2152=EDGE_CURVE('',#1756,#1760,#857,.T.);
#2153=EDGE_CURVE('',#1760,#1761,#858,.T.);
#2154=EDGE_CURVE('',#1754,#1761,#859,.T.);
#2155=EDGE_CURVE('',#1761,#1758,#1609,.T.);
#2156=EDGE_CURVE('',#1762,#1763,#860,.T.);
#2157=EDGE_CURVE('',#1762,#1764,#861,.T.);
#2158=EDGE_CURVE('',#1765,#1764,#862,.T.);
#2159=EDGE_CURVE('',#1763,#1765,#863,.T.);
#2160=EDGE_CURVE('',#1763,#1766,#864,.T.);
#2161=EDGE_CURVE('',#1767,#1765,#865,.T.);
#2162=EDGE_CURVE('',#1766,#1767,#866,.T.);
#2163=EDGE_CURVE('',#1766,#1768,#867,.T.);
#2164=EDGE_CURVE('',#1769,#1767,#868,.T.);
#2165=EDGE_CURVE('',#1768,#1769,#869,.T.);
#2166=EDGE_CURVE('',#1768,#1762,#870,.T.);
#2167=EDGE_CURVE('',#1764,#1769,#871,.T.);
#2168=EDGE_CURVE('',#1770,#1770,#1610,.T.);
#2169=EDGE_CURVE('',#1770,#1771,#872,.T.);
#2170=EDGE_CURVE('',#1771,#1771,#1611,.T.);
#2171=EDGE_CURVE('',#1772,#1773,#873,.T.);
#2172=EDGE_CURVE('',#1772,#1774,#874,.T.);
#2173=EDGE_CURVE('',#1775,#1774,#875,.T.);
#2174=EDGE_CURVE('',#1773,#1775,#876,.T.);
#2175=EDGE_CURVE('',#1773,#1772,#1612,.T.);
#2176=EDGE_CURVE('',#1774,#1775,#1613,.T.);
#2177=EDGE_CURVE('',#1776,#1777,#1614,.T.);
#2178=EDGE_CURVE('',#1777,#1778,#877,.T.);
#2179=EDGE_CURVE('',#1778,#1779,#1615,.T.);
#2180=EDGE_CURVE('',#1779,#1776,#878,.T.);
#2181=EDGE_CURVE('',#1780,#1781,#879,.T.);
#2182=EDGE_CURVE('',#1782,#1780,#1616,.T.);
#2183=EDGE_CURVE('',#1783,#1782,#880,.T.);
#2184=EDGE_CURVE('',#1781,#1783,#1617,.T.);
#2185=EDGE_CURVE('',#1782,#1778,#881,.T.);
#2186=EDGE_CURVE('',#1783,#1777,#882,.T.);
#2187=EDGE_CURVE('',#1780,#1779,#883,.T.);
#2188=EDGE_CURVE('',#1781,#1776,#884,.T.);
#2189=EDGE_CURVE('',#1784,#1785,#885,.T.);
#2190=EDGE_CURVE('',#1785,#1786,#886,.T.);
#2191=EDGE_CURVE('',#1787,#1786,#887,.T.);
#2192=EDGE_CURVE('',#1784,#1787,#888,.T.);
#2193=EDGE_CURVE('',#1788,#1784,#889,.T.);
#2194=EDGE_CURVE('',#1789,#1787,#890,.T.);
#2195=EDGE_CURVE('',#1788,#1789,#891,.T.);
#2196=EDGE_CURVE('',#1790,#1788,#892,.T.);
#2197=EDGE_CURVE('',#1791,#1789,#893,.T.);
#2198=EDGE_CURVE('',#1790,#1791,#894,.T.);
#2199=EDGE_CURVE('',#1785,#1790,#895,.T.);
#2200=EDGE_CURVE('',#1786,#1791,#896,.T.);
#2201=EDGE_CURVE('',#1792,#1793,#897,.T.);
#2202=EDGE_CURVE('',#1793,#1794,#898,.T.);
#2203=EDGE_CURVE('',#1795,#1794,#899,.T.);
#2204=EDGE_CURVE('',#1792,#1795,#900,.T.);
#2205=EDGE_CURVE('',#1796,#1792,#901,.T.);
#2206=EDGE_CURVE('',#1797,#1795,#902,.T.);
#2207=EDGE_CURVE('',#1796,#1797,#903,.T.);
#2208=EDGE_CURVE('',#1798,#1796,#904,.T.);
#2209=EDGE_CURVE('',#1799,#1797,#905,.T.);
#2210=EDGE_CURVE('',#1798,#1799,#906,.T.);
#2211=EDGE_CURVE('',#1793,#1798,#907,.T.);
#2212=EDGE_CURVE('',#1794,#1799,#908,.T.);
#2213=EDGE_CURVE('',#1800,#1801,#909,.T.);
#2214=EDGE_CURVE('',#1801,#1802,#910,.T.);
#2215=EDGE_CURVE('',#1803,#1802,#911,.T.);
#2216=EDGE_CURVE('',#1800,#1803,#912,.T.);
#2217=EDGE_CURVE('',#1804,#1800,#913,.T.);
#2218=EDGE_CURVE('',#1805,#1803,#914,.T.);
#2219=EDGE_CURVE('',#1804,#1805,#915,.T.);
#2220=EDGE_CURVE('',#1806,#1804,#916,.T.);
#2221=EDGE_CURVE('',#1807,#1805,#917,.T.);
#2222=EDGE_CURVE('',#1806,#1807,#918,.T.);
#2223=EDGE_CURVE('',#1801,#1806,#919,.T.);
#2224=EDGE_CURVE('',#1802,#1807,#920,.T.);
#2225=EDGE_CURVE('',#1808,#1808,#1618,.T.);
#2226=EDGE_CURVE('',#1808,#1809,#921,.T.);
#2227=EDGE_CURVE('',#1809,#1809,#1619,.T.);
#2228=EDGE_CURVE('',#1810,#1811,#922,.T.);
#2229=EDGE_CURVE('',#1811,#1812,#923,.T.);
#2230=EDGE_CURVE('',#1813,#1812,#924,.T.);
#2231=EDGE_CURVE('',#1810,#1813,#925,.T.);
#2232=EDGE_CURVE('',#1814,#1810,#926,.T.);
#2233=EDGE_CURVE('',#1815,#1813,#927,.T.);
#2234=EDGE_CURVE('',#1814,#1815,#928,.T.);
#2235=EDGE_CURVE('',#1816,#1814,#929,.T.);
#2236=EDGE_CURVE('',#1817,#1815,#930,.T.);
#2237=EDGE_CURVE('',#1816,#1817,#931,.T.);
#2238=EDGE_CURVE('',#1811,#1816,#932,.T.);
#2239=EDGE_CURVE('',#1812,#1817,#933,.T.);
#2240=EDGE_CURVE('',#1818,#1819,#1620,.T.);
#2241=EDGE_CURVE('',#1819,#1820,#934,.T.);
#2242=EDGE_CURVE('',#1820,#1821,#1621,.T.);
#2243=EDGE_CURVE('',#1821,#1818,#935,.T.);
#2244=EDGE_CURVE('',#1822,#1819,#936,.T.);
#2245=EDGE_CURVE('',#1823,#1822,#937,.T.);
#2246=EDGE_CURVE('',#1824,#1823,#938,.T.);
#2247=EDGE_CURVE('',#1825,#1824,#939,.T.);
#2248=EDGE_CURVE('',#1826,#1825,#940,.T.);
#2249=EDGE_CURVE('',#1827,#1826,#941,.T.);
#2250=EDGE_CURVE('',#1820,#1827,#942,.T.);
#2251=EDGE_CURVE('',#1828,#1829,#943,.T.);
#2252=EDGE_CURVE('',#1830,#1828,#944,.T.);
#2253=EDGE_CURVE('',#1831,#1830,#945,.T.);
#2254=EDGE_CURVE('',#1829,#1831,#946,.T.);
#2255=EDGE_CURVE('',#1832,#1833,#1622,.T.);
#2256=EDGE_CURVE('',#1833,#1834,#947,.T.);
#2257=EDGE_CURVE('',#1834,#1835,#1623,.T.);
#2258=EDGE_CURVE('',#1835,#1832,#948,.T.);
#2259=EDGE_CURVE('',#1821,#1836,#949,.T.);
#2260=EDGE_CURVE('',#1836,#1837,#1624,.T.);
#2261=EDGE_CURVE('',#1837,#1834,#950,.T.);
#2262=EDGE_CURVE('',#1833,#1838,#951,.T.);
#2263=EDGE_CURVE('',#1838,#1839,#1625,.T.);
#2264=EDGE_CURVE('',#1839,#1818,#952,.T.);
#2265=EDGE_CURVE('',#1840,#1840,#1626,.T.);
#2266=EDGE_CURVE('',#1841,#1842,#1627,.T.);
#2267=EDGE_CURVE('',#1842,#1843,#953,.T.);
#2268=EDGE_CURVE('',#1843,#1844,#1628,.T.);
#2269=EDGE_CURVE('',#1844,#1841,#954,.T.);
#2270=EDGE_CURVE('',#1842,#1845,#955,.T.);
#2271=EDGE_CURVE('',#1845,#1846,#956,.T.);
#2272=EDGE_CURVE('',#1846,#1847,#957,.T.);
#2273=EDGE_CURVE('',#1847,#1848,#958,.T.);
#2274=EDGE_CURVE('',#1848,#1849,#959,.T.);
#2275=EDGE_CURVE('',#1849,#1850,#960,.T.);
#2276=EDGE_CURVE('',#1850,#1843,#961,.T.);
#2277=EDGE_CURVE('',#1851,#1852,#962,.T.);
#2278=EDGE_CURVE('',#1852,#1853,#963,.T.);
#2279=EDGE_CURVE('',#1853,#1854,#964,.T.);
#2280=EDGE_CURVE('',#1854,#1851,#965,.T.);
#2281=EDGE_CURVE('',#1855,#1841,#966,.T.);
#2282=EDGE_CURVE('',#1855,#1838,#967,.T.);
#2283=EDGE_CURVE('',#1856,#1832,#968,.T.);
#2284=EDGE_CURVE('',#1856,#1845,#969,.T.);
#2285=EDGE_CURVE('',#1857,#1858,#1629,.T.);
#2286=EDGE_CURVE('',#1858,#1859,#970,.T.);
#2287=EDGE_CURVE('',#1859,#1860,#1630,.T.);
#2288=EDGE_CURVE('',#1860,#1857,#971,.T.);
#2289=EDGE_CURVE('',#1861,#1859,#972,.T.);
#2290=EDGE_CURVE('',#1822,#1861,#973,.T.);
#2291=EDGE_CURVE('',#1862,#1839,#974,.T.);
#2292=EDGE_CURVE('',#1862,#1860,#975,.T.);
#2293=EDGE_CURVE('',#1858,#1863,#976,.T.);
#2294=EDGE_CURVE('',#1863,#1864,#977,.T.);
#2295=EDGE_CURVE('',#1864,#1865,#978,.T.);
#2296=EDGE_CURVE('',#1865,#1866,#979,.T.);
#2297=EDGE_CURVE('',#1866,#1867,#980,.T.);
#2298=EDGE_CURVE('',#1867,#1861,#981,.T.);
#2299=EDGE_CURVE('',#1868,#1869,#982,.T.);
#2300=EDGE_CURVE('',#1869,#1870,#983,.T.);
#2301=EDGE_CURVE('',#1870,#1871,#984,.T.);
#2302=EDGE_CURVE('',#1871,#1868,#985,.T.);
#2303=EDGE_CURVE('',#1828,#1868,#986,.T.);
#2304=EDGE_CURVE('',#1830,#1871,#987,.T.);
#2305=EDGE_CURVE('',#1831,#1870,#988,.T.);
#2306=EDGE_CURVE('',#1829,#1869,#989,.T.);
#2307=EDGE_CURVE('',#1823,#1867,#990,.T.);
#2308=EDGE_CURVE('',#1824,#1866,#991,.T.);
#2309=EDGE_CURVE('',#1825,#1865,#992,.T.);
#2310=EDGE_CURVE('',#1826,#1864,#993,.T.);
#2311=EDGE_CURVE('',#1827,#1863,#994,.T.);
#2312=EDGE_CURVE('',#1840,#1872,#995,.T.);
#2313=EDGE_CURVE('',#1872,#1872,#1631,.T.);
#2314=EDGE_CURVE('',#1873,#1874,#1632,.T.);
#2315=EDGE_CURVE('',#1873,#1837,#996,.T.);
#2316=EDGE_CURVE('',#1874,#1836,#997,.T.);
#2317=EDGE_CURVE('',#1857,#1874,#998,.T.);
#2318=EDGE_CURVE('',#1862,#1855,#1633,.T.);
#2319=EDGE_CURVE('',#1875,#1876,#999,.T.);
#2320=EDGE_CURVE('',#1876,#1851,#1000,.T.);
#2321=EDGE_CURVE('',#1875,#1854,#1001,.T.);
#2322=EDGE_CURVE('',#1877,#1875,#1002,.T.);
#2323=EDGE_CURVE('',#1877,#1853,#1003,.T.);
#2324=EDGE_CURVE('',#1878,#1877,#1004,.T.);
#2325=EDGE_CURVE('',#1878,#1852,#1005,.T.);
#2326=EDGE_CURVE('',#1876,#1878,#1006,.T.);
#2327=EDGE_CURVE('',#1879,#1880,#1007,.T.);
#2328=EDGE_CURVE('',#1879,#1850,#1008,.T.);
#2329=EDGE_CURVE('',#1880,#1849,#1009,.T.);
#2330=EDGE_CURVE('',#1880,#1881,#1010,.T.);
#2331=EDGE_CURVE('',#1881,#1848,#1011,.T.);
#2332=EDGE_CURVE('',#1881,#1882,#1012,.T.);
#2333=EDGE_CURVE('',#1882,#1847,#1013,.T.);
#2334=EDGE_CURVE('',#1882,#1883,#1014,.T.);
#2335=EDGE_CURVE('',#1883,#1846,#1015,.T.);
#2336=EDGE_CURVE('',#1883,#1856,#1016,.T.);
#2337=EDGE_CURVE('',#1873,#1844,#1017,.T.);
#2338=EDGE_CURVE('',#1835,#1879,#1018,.T.);
#2339=EDGE_CURVE('',#1884,#1885,#1019,.T.);
#2340=EDGE_CURVE('',#1885,#1886,#1020,.T.);
#2341=EDGE_CURVE('',#1887,#1886,#1021,.T.);
#2342=EDGE_CURVE('',#1884,#1887,#1022,.T.);
#2343=EDGE_CURVE('',#1884,#1888,#1023,.T.);
#2344=EDGE_CURVE('',#1889,#1887,#1024,.T.);
#2345=EDGE_CURVE('',#1888,#1889,#1025,.T.);
#2346=EDGE_CURVE('',#1888,#1890,#1026,.T.);
#2347=EDGE_CURVE('',#1891,#1889,#1027,.T.);
#2348=EDGE_CURVE('',#1890,#1891,#1028,.T.);
#2349=EDGE_CURVE('',#1890,#1892,#1029,.T.);
#2350=EDGE_CURVE('',#1893,#1891,#1030,.T.);
#2351=EDGE_CURVE('',#1892,#1893,#1031,.T.);
#2352=EDGE_CURVE('',#1894,#1892,#1032,.T.);
#2353=EDGE_CURVE('',#1895,#1893,#1033,.T.);
#2354=EDGE_CURVE('',#1894,#1895,#1034,.T.);
#2355=EDGE_CURVE('',#1896,#1894,#1035,.T.);
#2356=EDGE_CURVE('',#1897,#1895,#1036,.T.);
#2357=EDGE_CURVE('',#1896,#1897,#1037,.T.);
#2358=EDGE_CURVE('',#1898,#1896,#1038,.T.);
#2359=EDGE_CURVE('',#1899,#1897,#1039,.T.);
#2360=EDGE_CURVE('',#1898,#1899,#1040,.T.);
#2361=EDGE_CURVE('',#1900,#1898,#1041,.T.);
#2362=EDGE_CURVE('',#1901,#1899,#1042,.T.);
#2363=EDGE_CURVE('',#1900,#1901,#1043,.T.);
#2364=EDGE_CURVE('',#1902,#1900,#1044,.T.);
#2365=EDGE_CURVE('',#1903,#1901,#1045,.T.);
#2366=EDGE_CURVE('',#1902,#1903,#1046,.T.);
#2367=EDGE_CURVE('',#1904,#1902,#1047,.T.);
#2368=EDGE_CURVE('',#1905,#1903,#1048,.T.);
#2369=EDGE_CURVE('',#1904,#1905,#1049,.T.);
#2370=EDGE_CURVE('',#1885,#1904,#1050,.T.);
#2371=EDGE_CURVE('',#1886,#1905,#1051,.T.);
#2372=EDGE_CURVE('',#1906,#1907,#1052,.T.);
#2373=EDGE_CURVE('',#1906,#1908,#1053,.T.);
#2374=EDGE_CURVE('',#1908,#1909,#1054,.T.);
#2375=EDGE_CURVE('',#1907,#1909,#1055,.T.);
#2376=EDGE_CURVE('',#1906,#1910,#1056,.T.);
#2377=EDGE_CURVE('',#1910,#1911,#1057,.T.);
#2378=EDGE_CURVE('',#1911,#1908,#1058,.T.);
#2379=EDGE_CURVE('',#1910,#1912,#1059,.T.);
#2380=EDGE_CURVE('',#1912,#1913,#1060,.T.);
#2381=EDGE_CURVE('',#1913,#1911,#1061,.T.);
#2382=EDGE_CURVE('',#1912,#1914,#1062,.T.);
#2383=EDGE_CURVE('',#1914,#1915,#1063,.T.);
#2384=EDGE_CURVE('',#1915,#1913,#1064,.T.);
#2385=EDGE_CURVE('',#1916,#1914,#1065,.T.);
#2386=EDGE_CURVE('',#1916,#1917,#1066,.T.);
#2387=EDGE_CURVE('',#1917,#1915,#1067,.T.);
#2388=EDGE_CURVE('',#1918,#1916,#1068,.T.);
#2389=EDGE_CURVE('',#1918,#1919,#1069,.T.);
#2390=EDGE_CURVE('',#1919,#1917,#1070,.T.);
#2391=EDGE_CURVE('',#1920,#1918,#1071,.T.);
#2392=EDGE_CURVE('',#1920,#1921,#1072,.T.);
#2393=EDGE_CURVE('',#1921,#1919,#1073,.T.);
#2394=EDGE_CURVE('',#1922,#1920,#1074,.T.);
#2395=EDGE_CURVE('',#1922,#1923,#1075,.T.);
#2396=EDGE_CURVE('',#1923,#1921,#1076,.T.);
#2397=EDGE_CURVE('',#1924,#1922,#1077,.T.);
#2398=EDGE_CURVE('',#1924,#1925,#1078,.T.);
#2399=EDGE_CURVE('',#1925,#1923,#1079,.T.);
#2400=EDGE_CURVE('',#1926,#1924,#1080,.T.);
#2401=EDGE_CURVE('',#1926,#1927,#1081,.T.);
#2402=EDGE_CURVE('',#1927,#1925,#1082,.T.);
#2403=EDGE_CURVE('',#1907,#1926,#1083,.T.);
#2404=EDGE_CURVE('',#1909,#1927,#1084,.T.);
#2405=EDGE_CURVE('',#1928,#1929,#1085,.T.);
#2406=EDGE_CURVE('',#1929,#1930,#1086,.T.);
#2407=EDGE_CURVE('',#1931,#1930,#1087,.T.);
#2408=EDGE_CURVE('',#1928,#1931,#1088,.T.);
#2409=EDGE_CURVE('',#1932,#1928,#1089,.T.);
#2410=EDGE_CURVE('',#1933,#1931,#1090,.T.);
#2411=EDGE_CURVE('',#1932,#1933,#1091,.T.);
#2412=EDGE_CURVE('',#1934,#1932,#1092,.T.);
#2413=EDGE_CURVE('',#1935,#1933,#1093,.T.);
#2414=EDGE_CURVE('',#1934,#1935,#1094,.T.);
#2415=EDGE_CURVE('',#1929,#1934,#1095,.T.);
#2416=EDGE_CURVE('',#1930,#1935,#1096,.T.);
#2417=EDGE_CURVE('',#1936,#1936,#1634,.T.);
#2418=EDGE_CURVE('',#1936,#1937,#1097,.T.);
#2419=EDGE_CURVE('',#1937,#1937,#1635,.T.);
#2420=EDGE_CURVE('',#1938,#1939,#1098,.T.);
#2421=EDGE_CURVE('',#1938,#1940,#1099,.T.);
#2422=EDGE_CURVE('',#1941,#1940,#1100,.T.);
#2423=EDGE_CURVE('',#1939,#1941,#1101,.T.);
#2424=EDGE_CURVE('',#1939,#1942,#1102,.T.);
#2425=EDGE_CURVE('',#1943,#1941,#1103,.T.);
#2426=EDGE_CURVE('',#1942,#1943,#1104,.T.);
#2427=EDGE_CURVE('',#1942,#1944,#1105,.T.);
#2428=EDGE_CURVE('',#1945,#1943,#1106,.T.);
#2429=EDGE_CURVE('',#1944,#1945,#1107,.T.);
#2430=EDGE_CURVE('',#1944,#1938,#1108,.T.);
#2431=EDGE_CURVE('',#1940,#1945,#1109,.T.);
#2432=EDGE_CURVE('',#1946,#1947,#1110,.T.);
#2433=EDGE_CURVE('',#1947,#1948,#1111,.T.);
#2434=EDGE_CURVE('',#1949,#1948,#1112,.T.);
#2435=EDGE_CURVE('',#1946,#1949,#1113,.T.);
#2436=EDGE_CURVE('',#1950,#1946,#1114,.T.);
#2437=EDGE_CURVE('',#1951,#1949,#1115,.T.);
#2438=EDGE_CURVE('',#1950,#1951,#1116,.T.);
#2439=EDGE_CURVE('',#1952,#1950,#1117,.T.);
#2440=EDGE_CURVE('',#1953,#1951,#1118,.T.);
#2441=EDGE_CURVE('',#1952,#1953,#1119,.T.);
#2442=EDGE_CURVE('',#1954,#1952,#1120,.T.);
#2443=EDGE_CURVE('',#1955,#1953,#1121,.T.);
#2444=EDGE_CURVE('',#1954,#1955,#1122,.T.);
#2445=EDGE_CURVE('',#1956,#1954,#1123,.T.);
#2446=EDGE_CURVE('',#1957,#1955,#1124,.T.);
#2447=EDGE_CURVE('',#1956,#1957,#1125,.T.);
#2448=EDGE_CURVE('',#1947,#1956,#1126,.T.);
#2449=EDGE_CURVE('',#1948,#1957,#1127,.T.);
#2450=EDGE_CURVE('',#1958,#1959,#1128,.T.);
#2451=EDGE_CURVE('',#1958,#1960,#1129,.T.);
#2452=EDGE_CURVE('',#1961,#1960,#1130,.T.);
#2453=EDGE_CURVE('',#1959,#1961,#1131,.T.);
#2454=EDGE_CURVE('',#1959,#1962,#1132,.T.);
#2455=EDGE_CURVE('',#1963,#1961,#1133,.T.);
#2456=EDGE_CURVE('',#1962,#1963,#1134,.T.);
#2457=EDGE_CURVE('',#1962,#1964,#1135,.T.);
#2458=EDGE_CURVE('',#1965,#1963,#1136,.T.);
#2459=EDGE_CURVE('',#1964,#1965,#1137,.T.);
#2460=EDGE_CURVE('',#1964,#1958,#1138,.T.);
#2461=EDGE_CURVE('',#1960,#1965,#1139,.T.);
#2462=ORIENTED_EDGE('',*,*,#1966,.T.);
#2463=ORIENTED_EDGE('',*,*,#1967,.T.);
#2464=ORIENTED_EDGE('',*,*,#1968,.F.);
#2465=ORIENTED_EDGE('',*,*,#1967,.F.);
#2466=ORIENTED_EDGE('',*,*,#1966,.F.);
#2467=ORIENTED_EDGE('',*,*,#1969,.T.);
#2468=ORIENTED_EDGE('',*,*,#1970,.T.);
#2469=ORIENTED_EDGE('',*,*,#1971,.F.);
#2470=ORIENTED_EDGE('',*,*,#1970,.F.);
#2471=ORIENTED_EDGE('',*,*,#1969,.F.);
#2472=ORIENTED_EDGE('',*,*,#1972,.F.);
#2473=ORIENTED_EDGE('',*,*,#1973,.F.);
#2474=ORIENTED_EDGE('',*,*,#1974,.T.);
#2475=ORIENTED_EDGE('',*,*,#1975,.F.);
#2476=ORIENTED_EDGE('',*,*,#1976,.F.);
#2477=ORIENTED_EDGE('',*,*,#1974,.F.);
#2478=ORIENTED_EDGE('',*,*,#1977,.F.);
#2479=ORIENTED_EDGE('',*,*,#1978,.F.);
#2480=ORIENTED_EDGE('',*,*,#1979,.T.);
#2481=ORIENTED_EDGE('',*,*,#1980,.F.);
#2482=ORIENTED_EDGE('',*,*,#1979,.F.);
#2483=ORIENTED_EDGE('',*,*,#1981,.F.);
#2484=ORIENTED_EDGE('',*,*,#1972,.T.);
#2485=ORIENTED_EDGE('',*,*,#1982,.T.);
#2486=ORIENTED_EDGE('',*,*,#1983,.T.);
#2487=ORIENTED_EDGE('',*,*,#1977,.T.);
#2488=ORIENTED_EDGE('',*,*,#1984,.T.);
#2489=ORIENTED_EDGE('',*,*,#1968,.T.);
#2490=ORIENTED_EDGE('',*,*,#1985,.F.);
#2491=ORIENTED_EDGE('',*,*,#1986,.F.);
#2492=ORIENTED_EDGE('',*,*,#1987,.T.);
#2493=ORIENTED_EDGE('',*,*,#1988,.F.);
#2494=ORIENTED_EDGE('',*,*,#1989,.F.);
#2495=ORIENTED_EDGE('',*,*,#1987,.F.);
#2496=ORIENTED_EDGE('',*,*,#1990,.F.);
#2497=ORIENTED_EDGE('',*,*,#1991,.F.);
#2498=ORIENTED_EDGE('',*,*,#1992,.T.);
#2499=ORIENTED_EDGE('',*,*,#1993,.F.);
#2500=ORIENTED_EDGE('',*,*,#1992,.F.);
#2501=ORIENTED_EDGE('',*,*,#1994,.F.);
#2502=ORIENTED_EDGE('',*,*,#1995,.F.);
#2503=ORIENTED_EDGE('',*,*,#1993,.T.);
#2504=ORIENTED_EDGE('',*,*,#1994,.T.);
#2505=ORIENTED_EDGE('',*,*,#1991,.T.);
#2506=ORIENTED_EDGE('',*,*,#1996,.F.);
#2507=ORIENTED_EDGE('',*,*,#1997,.T.);
#2508=ORIENTED_EDGE('',*,*,#1982,.F.);
#2509=ORIENTED_EDGE('',*,*,#1975,.T.);
#2510=ORIENTED_EDGE('',*,*,#1976,.T.);
#2511=ORIENTED_EDGE('',*,*,#1973,.T.);
#2512=ORIENTED_EDGE('',*,*,#1984,.F.);
#2513=ORIENTED_EDGE('',*,*,#1980,.T.);
#2514=ORIENTED_EDGE('',*,*,#1981,.T.);
#2515=ORIENTED_EDGE('',*,*,#1978,.T.);
#2516=ORIENTED_EDGE('',*,*,#1983,.F.);
#2517=ORIENTED_EDGE('',*,*,#1997,.F.);
#2518=ORIENTED_EDGE('',*,*,#1998,.F.);
#2519=ORIENTED_EDGE('',*,*,#1988,.T.);
#2520=ORIENTED_EDGE('',*,*,#1989,.T.);
#2521=ORIENTED_EDGE('',*,*,#1986,.T.);
#2522=ORIENTED_EDGE('',*,*,#1985,.T.);
#2523=ORIENTED_EDGE('',*,*,#1998,.T.);
#2524=ORIENTED_EDGE('',*,*,#1996,.T.);
#2525=ORIENTED_EDGE('',*,*,#1990,.T.);
#2526=ORIENTED_EDGE('',*,*,#1995,.T.);
#2527=ORIENTED_EDGE('',*,*,#1971,.T.);
#2528=ORIENTED_EDGE('',*,*,#1999,.T.);
#2529=ORIENTED_EDGE('',*,*,#2000,.T.);
#2530=ORIENTED_EDGE('',*,*,#2001,.F.);
#2531=ORIENTED_EDGE('',*,*,#2000,.F.);
#2532=ORIENTED_EDGE('',*,*,#1999,.F.);
#2533=ORIENTED_EDGE('',*,*,#2002,.T.);
#2534=ORIENTED_EDGE('',*,*,#2003,.T.);
#2535=ORIENTED_EDGE('',*,*,#2004,.T.);
#2536=ORIENTED_EDGE('',*,*,#2005,.T.);
#2537=ORIENTED_EDGE('',*,*,#2006,.T.);
#2538=ORIENTED_EDGE('',*,*,#2004,.F.);
#2539=ORIENTED_EDGE('',*,*,#2005,.F.);
#2540=ORIENTED_EDGE('',*,*,#2006,.F.);
#2541=ORIENTED_EDGE('',*,*,#2007,.T.);
#2542=ORIENTED_EDGE('',*,*,#2008,.F.);
#2543=ORIENTED_EDGE('',*,*,#2007,.F.);
#2544=ORIENTED_EDGE('',*,*,#2003,.F.);
#2545=ORIENTED_EDGE('',*,*,#2009,.T.);
#2546=ORIENTED_EDGE('',*,*,#2010,.T.);
#2547=ORIENTED_EDGE('',*,*,#2011,.T.);
#2548=ORIENTED_EDGE('',*,*,#2012,.T.);
#2549=ORIENTED_EDGE('',*,*,#2010,.F.);
#2550=ORIENTED_EDGE('',*,*,#2013,.F.);
#2551=ORIENTED_EDGE('',*,*,#2014,.F.);
#2552=ORIENTED_EDGE('',*,*,#2015,.F.);
#2553=ORIENTED_EDGE('',*,*,#2016,.T.);
#2554=ORIENTED_EDGE('',*,*,#2017,.T.);
#2555=ORIENTED_EDGE('',*,*,#2018,.T.);
#2556=ORIENTED_EDGE('',*,*,#2019,.T.);
#2557=ORIENTED_EDGE('',*,*,#2017,.F.);
#2558=ORIENTED_EDGE('',*,*,#2020,.F.);
#2559=ORIENTED_EDGE('',*,*,#2021,.T.);
#2560=ORIENTED_EDGE('',*,*,#2022,.F.);
#2561=ORIENTED_EDGE('',*,*,#2023,.T.);
#2562=ORIENTED_EDGE('',*,*,#2024,.T.);
#2563=ORIENTED_EDGE('',*,*,#2025,.T.);
#2564=ORIENTED_EDGE('',*,*,#2026,.T.);
#2565=ORIENTED_EDGE('',*,*,#2026,.F.);
#2566=ORIENTED_EDGE('',*,*,#2027,.F.);
#2567=ORIENTED_EDGE('',*,*,#2028,.F.);
#2568=ORIENTED_EDGE('',*,*,#2029,.F.);
#2569=ORIENTED_EDGE('',*,*,#2030,.T.);
#2570=ORIENTED_EDGE('',*,*,#2019,.F.);
#2571=ORIENTED_EDGE('',*,*,#2031,.T.);
#2572=ORIENTED_EDGE('',*,*,#2012,.F.);
#2573=ORIENTED_EDGE('',*,*,#2025,.F.);
#2574=ORIENTED_EDGE('',*,*,#2032,.T.);
#2575=ORIENTED_EDGE('',*,*,#2033,.T.);
#2576=ORIENTED_EDGE('',*,*,#2034,.T.);
#2577=ORIENTED_EDGE('',*,*,#2035,.F.);
#2578=ORIENTED_EDGE('',*,*,#2036,.F.);
#2579=ORIENTED_EDGE('',*,*,#2037,.T.);
#2580=ORIENTED_EDGE('',*,*,#2038,.T.);
#2581=ORIENTED_EDGE('',*,*,#2039,.F.);
#2582=ORIENTED_EDGE('',*,*,#2027,.T.);
#2583=ORIENTED_EDGE('',*,*,#2040,.T.);
#2584=ORIENTED_EDGE('',*,*,#2041,.T.);
#2585=ORIENTED_EDGE('',*,*,#2042,.T.);
#2586=ORIENTED_EDGE('',*,*,#2043,.T.);
#2587=ORIENTED_EDGE('',*,*,#2044,.T.);
#2588=ORIENTED_EDGE('',*,*,#2045,.T.);
#2589=ORIENTED_EDGE('',*,*,#2046,.T.);
#2590=ORIENTED_EDGE('',*,*,#2047,.T.);
#2591=ORIENTED_EDGE('',*,*,#2048,.T.);
#2592=ORIENTED_EDGE('',*,*,#2049,.T.);
#2593=ORIENTED_EDGE('',*,*,#2050,.T.);
#2594=ORIENTED_EDGE('',*,*,#2051,.T.);
#2595=ORIENTED_EDGE('',*,*,#2028,.T.);
#2596=ORIENTED_EDGE('',*,*,#2039,.T.);
#2597=ORIENTED_EDGE('',*,*,#2052,.T.);
#2598=ORIENTED_EDGE('',*,*,#2052,.F.);
#2599=ORIENTED_EDGE('',*,*,#2038,.F.);
#2600=ORIENTED_EDGE('',*,*,#2053,.T.);
#2601=ORIENTED_EDGE('',*,*,#2054,.T.);
#2602=ORIENTED_EDGE('',*,*,#2055,.F.);
#2603=ORIENTED_EDGE('',*,*,#2046,.F.);
#2604=ORIENTED_EDGE('',*,*,#2056,.T.);
#2605=ORIENTED_EDGE('',*,*,#2057,.T.);
#2606=ORIENTED_EDGE('',*,*,#2058,.T.);
#2607=ORIENTED_EDGE('',*,*,#2059,.T.);
#2608=ORIENTED_EDGE('',*,*,#2060,.T.);
#2609=ORIENTED_EDGE('',*,*,#2061,.T.);
#2610=ORIENTED_EDGE('',*,*,#2062,.F.);
#2611=ORIENTED_EDGE('',*,*,#2063,.F.);
#2612=ORIENTED_EDGE('',*,*,#2057,.F.);
#2613=ORIENTED_EDGE('',*,*,#2063,.T.);
#2614=ORIENTED_EDGE('',*,*,#2064,.F.);
#2615=ORIENTED_EDGE('',*,*,#2065,.F.);
#2616=ORIENTED_EDGE('',*,*,#2058,.F.);
#2617=ORIENTED_EDGE('',*,*,#2065,.T.);
#2618=ORIENTED_EDGE('',*,*,#2066,.F.);
#2619=ORIENTED_EDGE('',*,*,#2067,.F.);
#2620=ORIENTED_EDGE('',*,*,#2059,.F.);
#2621=ORIENTED_EDGE('',*,*,#2067,.T.);
#2622=ORIENTED_EDGE('',*,*,#2068,.F.);
#2623=ORIENTED_EDGE('',*,*,#2047,.F.);
#2624=ORIENTED_EDGE('',*,*,#2060,.F.);
#2625=ORIENTED_EDGE('',*,*,#2040,.F.);
#2626=ORIENTED_EDGE('',*,*,#2068,.T.);
#2627=ORIENTED_EDGE('',*,*,#2066,.T.);
#2628=ORIENTED_EDGE('',*,*,#2064,.T.);
#2629=ORIENTED_EDGE('',*,*,#2062,.T.);
#2630=ORIENTED_EDGE('',*,*,#2069,.T.);
#2631=ORIENTED_EDGE('',*,*,#2070,.T.);
#2632=ORIENTED_EDGE('',*,*,#2071,.F.);
#2633=ORIENTED_EDGE('',*,*,#2072,.T.);
#2634=ORIENTED_EDGE('',*,*,#2073,.T.);
#2635=ORIENTED_EDGE('',*,*,#2074,.T.);
#2636=ORIENTED_EDGE('',*,*,#2075,.T.);
#2637=ORIENTED_EDGE('',*,*,#2076,.F.);
#2638=ORIENTED_EDGE('',*,*,#2077,.F.);
#2639=ORIENTED_EDGE('',*,*,#2078,.F.);
#2640=ORIENTED_EDGE('',*,*,#2072,.F.);
#2641=ORIENTED_EDGE('',*,*,#2078,.T.);
#2642=ORIENTED_EDGE('',*,*,#2079,.F.);
#2643=ORIENTED_EDGE('',*,*,#2080,.F.);
#2644=ORIENTED_EDGE('',*,*,#2073,.F.);
#2645=ORIENTED_EDGE('',*,*,#2080,.T.);
#2646=ORIENTED_EDGE('',*,*,#2081,.F.);
#2647=ORIENTED_EDGE('',*,*,#2082,.F.);
#2648=ORIENTED_EDGE('',*,*,#2074,.F.);
#2649=ORIENTED_EDGE('',*,*,#2082,.T.);
#2650=ORIENTED_EDGE('',*,*,#2083,.F.);
#2651=ORIENTED_EDGE('',*,*,#2084,.F.);
#2652=ORIENTED_EDGE('',*,*,#2075,.F.);
#2653=ORIENTED_EDGE('',*,*,#2085,.T.);
#2654=ORIENTED_EDGE('',*,*,#2083,.T.);
#2655=ORIENTED_EDGE('',*,*,#2081,.T.);
#2656=ORIENTED_EDGE('',*,*,#2079,.T.);
#2657=ORIENTED_EDGE('',*,*,#2077,.T.);
#2658=ORIENTED_EDGE('',*,*,#2086,.F.);
#2659=ORIENTED_EDGE('',*,*,#2087,.F.);
#2660=ORIENTED_EDGE('',*,*,#2088,.T.);
#2661=ORIENTED_EDGE('',*,*,#2089,.F.);
#2662=ORIENTED_EDGE('',*,*,#2090,.F.);
#2663=ORIENTED_EDGE('',*,*,#2086,.T.);
#2664=ORIENTED_EDGE('',*,*,#2076,.T.);
#2665=ORIENTED_EDGE('',*,*,#2071,.T.);
#2666=ORIENTED_EDGE('',*,*,#2091,.T.);
#2667=ORIENTED_EDGE('',*,*,#2092,.T.);
#2668=ORIENTED_EDGE('',*,*,#2093,.T.);
#2669=ORIENTED_EDGE('',*,*,#2094,.T.);
#2670=ORIENTED_EDGE('',*,*,#2095,.T.);
#2671=ORIENTED_EDGE('',*,*,#2096,.F.);
#2672=ORIENTED_EDGE('',*,*,#2097,.F.);
#2673=ORIENTED_EDGE('',*,*,#2091,.F.);
#2674=ORIENTED_EDGE('',*,*,#2070,.F.);
#2675=ORIENTED_EDGE('',*,*,#2084,.T.);
#2676=ORIENTED_EDGE('',*,*,#2085,.F.);
#2677=ORIENTED_EDGE('',*,*,#2095,.F.);
#2678=ORIENTED_EDGE('',*,*,#2098,.T.);
#2679=ORIENTED_EDGE('',*,*,#2099,.F.);
#2680=ORIENTED_EDGE('',*,*,#2100,.T.);
#2681=ORIENTED_EDGE('',*,*,#2041,.F.);
#2682=ORIENTED_EDGE('',*,*,#2069,.F.);
#2683=ORIENTED_EDGE('',*,*,#2061,.F.);
#2684=ORIENTED_EDGE('',*,*,#2056,.F.);
#2685=ORIENTED_EDGE('',*,*,#2045,.F.);
#2686=ORIENTED_EDGE('',*,*,#2101,.F.);
#2687=ORIENTED_EDGE('',*,*,#2102,.F.);
#2688=ORIENTED_EDGE('',*,*,#2103,.F.);
#2689=ORIENTED_EDGE('',*,*,#2092,.F.);
#2690=ORIENTED_EDGE('',*,*,#2097,.T.);
#2691=ORIENTED_EDGE('',*,*,#2104,.F.);
#2692=ORIENTED_EDGE('',*,*,#2101,.T.);
#2693=ORIENTED_EDGE('',*,*,#2044,.F.);
#2694=ORIENTED_EDGE('',*,*,#2105,.F.);
#2695=ORIENTED_EDGE('',*,*,#2106,.F.);
#2696=ORIENTED_EDGE('',*,*,#2098,.F.);
#2697=ORIENTED_EDGE('',*,*,#2094,.F.);
#2698=ORIENTED_EDGE('',*,*,#2107,.T.);
#2699=ORIENTED_EDGE('',*,*,#2108,.F.);
#2700=ORIENTED_EDGE('',*,*,#2107,.F.);
#2701=ORIENTED_EDGE('',*,*,#2093,.F.);
#2702=ORIENTED_EDGE('',*,*,#2103,.T.);
#2703=ORIENTED_EDGE('',*,*,#2109,.F.);
#2704=ORIENTED_EDGE('',*,*,#2105,.T.);
#2705=ORIENTED_EDGE('',*,*,#2043,.F.);
#2706=ORIENTED_EDGE('',*,*,#2110,.F.);
#2707=ORIENTED_EDGE('',*,*,#2111,.F.);
#2708=ORIENTED_EDGE('',*,*,#2110,.T.);
#2709=ORIENTED_EDGE('',*,*,#2042,.F.);
#2710=ORIENTED_EDGE('',*,*,#2100,.F.);
#2711=ORIENTED_EDGE('',*,*,#2112,.F.);
#2712=ORIENTED_EDGE('',*,*,#2113,.T.);
#2713=ORIENTED_EDGE('',*,*,#2114,.F.);
#2714=ORIENTED_EDGE('',*,*,#2115,.F.);
#2715=ORIENTED_EDGE('',*,*,#2109,.T.);
#2716=ORIENTED_EDGE('',*,*,#2111,.T.);
#2717=ORIENTED_EDGE('',*,*,#2099,.T.);
#2718=ORIENTED_EDGE('',*,*,#2104,.T.);
#2719=ORIENTED_EDGE('',*,*,#2116,.F.);
#2720=ORIENTED_EDGE('',*,*,#2115,.T.);
#2721=ORIENTED_EDGE('',*,*,#2117,.F.);
#2722=ORIENTED_EDGE('',*,*,#2118,.F.);
#2723=ORIENTED_EDGE('',*,*,#2119,.F.);
#2724=ORIENTED_EDGE('',*,*,#2118,.T.);
#2725=ORIENTED_EDGE('',*,*,#2120,.F.);
#2726=ORIENTED_EDGE('',*,*,#2121,.F.);
#2727=ORIENTED_EDGE('',*,*,#2108,.T.);
#2728=ORIENTED_EDGE('',*,*,#2102,.T.);
#2729=ORIENTED_EDGE('',*,*,#2096,.T.);
#2730=ORIENTED_EDGE('',*,*,#2106,.T.);
#2731=ORIENTED_EDGE('',*,*,#2122,.F.);
#2732=ORIENTED_EDGE('',*,*,#2121,.T.);
#2733=ORIENTED_EDGE('',*,*,#2123,.F.);
#2734=ORIENTED_EDGE('',*,*,#2113,.F.);
#2735=ORIENTED_EDGE('',*,*,#2124,.F.);
#2736=ORIENTED_EDGE('',*,*,#2125,.F.);
#2737=ORIENTED_EDGE('',*,*,#2036,.T.);
#2738=ORIENTED_EDGE('',*,*,#2126,.F.);
#2739=ORIENTED_EDGE('',*,*,#2088,.F.);
#2740=ORIENTED_EDGE('',*,*,#2127,.F.);
#2741=ORIENTED_EDGE('',*,*,#2128,.F.);
#2742=ORIENTED_EDGE('',*,*,#2090,.T.);
#2743=ORIENTED_EDGE('',*,*,#2129,.F.);
#2744=ORIENTED_EDGE('',*,*,#2034,.F.);
#2745=ORIENTED_EDGE('',*,*,#2129,.T.);
#2746=ORIENTED_EDGE('',*,*,#2089,.T.);
#2747=ORIENTED_EDGE('',*,*,#2126,.T.);
#2748=ORIENTED_EDGE('',*,*,#2035,.T.);
#2749=ORIENTED_EDGE('',*,*,#2123,.T.);
#2750=ORIENTED_EDGE('',*,*,#2120,.T.);
#2751=ORIENTED_EDGE('',*,*,#2117,.T.);
#2752=ORIENTED_EDGE('',*,*,#2114,.T.);
#2753=ORIENTED_EDGE('',*,*,#2125,.T.);
#2754=ORIENTED_EDGE('',*,*,#2053,.F.);
#2755=ORIENTED_EDGE('',*,*,#2037,.F.);
#2756=ORIENTED_EDGE('',*,*,#2127,.T.);
#2757=ORIENTED_EDGE('',*,*,#2033,.F.);
#2758=ORIENTED_EDGE('',*,*,#2130,.F.);
#2759=ORIENTED_EDGE('',*,*,#2112,.T.);
#2760=ORIENTED_EDGE('',*,*,#2116,.T.);
#2761=ORIENTED_EDGE('',*,*,#2119,.T.);
#2762=ORIENTED_EDGE('',*,*,#2122,.T.);
#2763=ORIENTED_EDGE('',*,*,#2030,.F.);
#2764=ORIENTED_EDGE('',*,*,#2011,.F.);
#2765=ORIENTED_EDGE('',*,*,#2015,.T.);
#2766=ORIENTED_EDGE('',*,*,#2131,.T.);
#2767=ORIENTED_EDGE('',*,*,#2020,.T.);
#2768=ORIENTED_EDGE('',*,*,#2016,.F.);
#2769=ORIENTED_EDGE('',*,*,#2132,.T.);
#2770=ORIENTED_EDGE('',*,*,#2133,.F.);
#2771=ORIENTED_EDGE('',*,*,#2134,.T.);
#2772=ORIENTED_EDGE('',*,*,#2132,.F.);
#2773=ORIENTED_EDGE('',*,*,#2134,.F.);
#2774=ORIENTED_EDGE('',*,*,#2014,.T.);
#2775=ORIENTED_EDGE('',*,*,#2135,.F.);
#2776=ORIENTED_EDGE('',*,*,#2021,.F.);
#2777=ORIENTED_EDGE('',*,*,#2131,.F.);
#2778=ORIENTED_EDGE('',*,*,#2031,.F.);
#2779=ORIENTED_EDGE('',*,*,#2018,.F.);
#2780=ORIENTED_EDGE('',*,*,#2022,.T.);
#2781=ORIENTED_EDGE('',*,*,#2135,.T.);
#2782=ORIENTED_EDGE('',*,*,#2013,.T.);
#2783=ORIENTED_EDGE('',*,*,#2009,.F.);
#2784=ORIENTED_EDGE('',*,*,#2133,.T.);
#2785=ORIENTED_EDGE('',*,*,#2136,.F.);
#2786=ORIENTED_EDGE('',*,*,#2137,.T.);
#2787=ORIENTED_EDGE('',*,*,#2050,.F.);
#2788=ORIENTED_EDGE('',*,*,#2137,.F.);
#2789=ORIENTED_EDGE('',*,*,#2138,.F.);
#2790=ORIENTED_EDGE('',*,*,#2139,.T.);
#2791=ORIENTED_EDGE('',*,*,#2049,.F.);
#2792=ORIENTED_EDGE('',*,*,#2139,.F.);
#2793=ORIENTED_EDGE('',*,*,#2002,.F.);
#2794=ORIENTED_EDGE('',*,*,#2140,.T.);
#2795=ORIENTED_EDGE('',*,*,#2048,.F.);
#2796=ORIENTED_EDGE('',*,*,#2140,.F.);
#2797=ORIENTED_EDGE('',*,*,#2128,.T.);
#2798=ORIENTED_EDGE('',*,*,#2141,.F.);
#2799=ORIENTED_EDGE('',*,*,#2142,.F.);
#2800=ORIENTED_EDGE('',*,*,#2054,.F.);
#2801=ORIENTED_EDGE('',*,*,#2124,.T.);
#2802=ORIENTED_EDGE('',*,*,#2087,.T.);
#2803=ORIENTED_EDGE('',*,*,#2024,.F.);
#2804=ORIENTED_EDGE('',*,*,#2143,.F.);
#2805=ORIENTED_EDGE('',*,*,#2141,.T.);
#2806=ORIENTED_EDGE('',*,*,#2130,.T.);
#2807=ORIENTED_EDGE('',*,*,#2032,.F.);
#2808=ORIENTED_EDGE('',*,*,#2023,.F.);
#2809=ORIENTED_EDGE('',*,*,#2029,.T.);
#2810=ORIENTED_EDGE('',*,*,#2051,.F.);
#2811=ORIENTED_EDGE('',*,*,#2055,.T.);
#2812=ORIENTED_EDGE('',*,*,#2142,.T.);
#2813=ORIENTED_EDGE('',*,*,#2143,.T.);
#2814=ORIENTED_EDGE('',*,*,#2001,.T.);
#2815=ORIENTED_EDGE('',*,*,#2008,.T.);
#2816=ORIENTED_EDGE('',*,*,#2138,.T.);
#2817=ORIENTED_EDGE('',*,*,#2136,.T.);
#2818=ORIENTED_EDGE('',*,*,#2144,.F.);
#2819=ORIENTED_EDGE('',*,*,#2145,.F.);
#2820=ORIENTED_EDGE('',*,*,#2146,.F.);
#2821=ORIENTED_EDGE('',*,*,#2147,.F.);
#2822=ORIENTED_EDGE('',*,*,#2148,.F.);
#2823=ORIENTED_EDGE('',*,*,#2149,.F.);
#2824=ORIENTED_EDGE('',*,*,#2147,.T.);
#2825=ORIENTED_EDGE('',*,*,#2150,.T.);
#2826=ORIENTED_EDGE('',*,*,#2151,.F.);
#2827=ORIENTED_EDGE('',*,*,#2150,.F.);
#2828=ORIENTED_EDGE('',*,*,#2146,.T.);
#2829=ORIENTED_EDGE('',*,*,#2152,.T.);
#2830=ORIENTED_EDGE('',*,*,#2153,.F.);
#2831=ORIENTED_EDGE('',*,*,#2152,.F.);
#2832=ORIENTED_EDGE('',*,*,#2145,.T.);
#2833=ORIENTED_EDGE('',*,*,#2154,.T.);
#2834=ORIENTED_EDGE('',*,*,#2155,.F.);
#2835=ORIENTED_EDGE('',*,*,#2154,.F.);
#2836=ORIENTED_EDGE('',*,*,#2144,.T.);
#2837=ORIENTED_EDGE('',*,*,#2149,.T.);
#2838=ORIENTED_EDGE('',*,*,#2153,.T.);
#2839=ORIENTED_EDGE('',*,*,#2155,.T.);
#2840=ORIENTED_EDGE('',*,*,#2148,.T.);
#2841=ORIENTED_EDGE('',*,*,#2151,.T.);
#2842=ORIENTED_EDGE('',*,*,#2156,.F.);
#2843=ORIENTED_EDGE('',*,*,#2157,.T.);
#2844=ORIENTED_EDGE('',*,*,#2158,.F.);
#2845=ORIENTED_EDGE('',*,*,#2159,.F.);
#2846=ORIENTED_EDGE('',*,*,#2160,.F.);
#2847=ORIENTED_EDGE('',*,*,#2159,.T.);
#2848=ORIENTED_EDGE('',*,*,#2161,.F.);
#2849=ORIENTED_EDGE('',*,*,#2162,.F.);
#2850=ORIENTED_EDGE('',*,*,#2163,.F.);
#2851=ORIENTED_EDGE('',*,*,#2162,.T.);
#2852=ORIENTED_EDGE('',*,*,#2164,.F.);
#2853=ORIENTED_EDGE('',*,*,#2165,.F.);
#2854=ORIENTED_EDGE('',*,*,#2166,.F.);
#2855=ORIENTED_EDGE('',*,*,#2165,.T.);
#2856=ORIENTED_EDGE('',*,*,#2167,.F.);
#2857=ORIENTED_EDGE('',*,*,#2157,.F.);
#2858=ORIENTED_EDGE('',*,*,#2168,.F.);
#2859=ORIENTED_EDGE('',*,*,#2169,.T.);
#2860=ORIENTED_EDGE('',*,*,#2170,.F.);
#2861=ORIENTED_EDGE('',*,*,#2169,.F.);
#2862=ORIENTED_EDGE('',*,*,#2171,.F.);
#2863=ORIENTED_EDGE('',*,*,#2172,.T.);
#2864=ORIENTED_EDGE('',*,*,#2173,.F.);
#2865=ORIENTED_EDGE('',*,*,#2174,.F.);
#2866=ORIENTED_EDGE('',*,*,#2175,.F.);
#2867=ORIENTED_EDGE('',*,*,#2174,.T.);
#2868=ORIENTED_EDGE('',*,*,#2176,.F.);
#2869=ORIENTED_EDGE('',*,*,#2172,.F.);
#2870=ORIENTED_EDGE('',*,*,#2176,.T.);
#2871=ORIENTED_EDGE('',*,*,#2173,.T.);
#2872=ORIENTED_EDGE('',*,*,#2168,.T.);
#2873=ORIENTED_EDGE('',*,*,#2167,.T.);
#2874=ORIENTED_EDGE('',*,*,#2164,.T.);
#2875=ORIENTED_EDGE('',*,*,#2161,.T.);
#2876=ORIENTED_EDGE('',*,*,#2158,.T.);
#2877=ORIENTED_EDGE('',*,*,#2177,.T.);
#2878=ORIENTED_EDGE('',*,*,#2178,.T.);
#2879=ORIENTED_EDGE('',*,*,#2179,.T.);
#2880=ORIENTED_EDGE('',*,*,#2180,.T.);
#2881=ORIENTED_EDGE('',*,*,#2171,.T.);
#2882=ORIENTED_EDGE('',*,*,#2175,.T.);
#2883=ORIENTED_EDGE('',*,*,#2170,.T.);
#2884=ORIENTED_EDGE('',*,*,#2181,.F.);
#2885=ORIENTED_EDGE('',*,*,#2182,.F.);
#2886=ORIENTED_EDGE('',*,*,#2183,.F.);
#2887=ORIENTED_EDGE('',*,*,#2184,.F.);
#2888=ORIENTED_EDGE('',*,*,#2183,.T.);
#2889=ORIENTED_EDGE('',*,*,#2185,.T.);
#2890=ORIENTED_EDGE('',*,*,#2178,.F.);
#2891=ORIENTED_EDGE('',*,*,#2186,.F.);
#2892=ORIENTED_EDGE('',*,*,#2182,.T.);
#2893=ORIENTED_EDGE('',*,*,#2187,.T.);
#2894=ORIENTED_EDGE('',*,*,#2179,.F.);
#2895=ORIENTED_EDGE('',*,*,#2185,.F.);
#2896=ORIENTED_EDGE('',*,*,#2181,.T.);
#2897=ORIENTED_EDGE('',*,*,#2188,.T.);
#2898=ORIENTED_EDGE('',*,*,#2180,.F.);
#2899=ORIENTED_EDGE('',*,*,#2187,.F.);
#2900=ORIENTED_EDGE('',*,*,#2184,.T.);
#2901=ORIENTED_EDGE('',*,*,#2186,.T.);
#2902=ORIENTED_EDGE('',*,*,#2177,.F.);
#2903=ORIENTED_EDGE('',*,*,#2188,.F.);
#2904=ORIENTED_EDGE('',*,*,#2156,.T.);
#2905=ORIENTED_EDGE('',*,*,#2160,.T.);
#2906=ORIENTED_EDGE('',*,*,#2163,.T.);
#2907=ORIENTED_EDGE('',*,*,#2166,.T.);
#2908=ORIENTED_EDGE('',*,*,#2189,.T.);
#2909=ORIENTED_EDGE('',*,*,#2190,.T.);
#2910=ORIENTED_EDGE('',*,*,#2191,.F.);
#2911=ORIENTED_EDGE('',*,*,#2192,.F.);
#2912=ORIENTED_EDGE('',*,*,#2193,.T.);
#2913=ORIENTED_EDGE('',*,*,#2192,.T.);
#2914=ORIENTED_EDGE('',*,*,#2194,.F.);
#2915=ORIENTED_EDGE('',*,*,#2195,.F.);
#2916=ORIENTED_EDGE('',*,*,#2196,.T.);
#2917=ORIENTED_EDGE('',*,*,#2195,.T.);
#2918=ORIENTED_EDGE('',*,*,#2197,.F.);
#2919=ORIENTED_EDGE('',*,*,#2198,.F.);
#2920=ORIENTED_EDGE('',*,*,#2199,.T.);
#2921=ORIENTED_EDGE('',*,*,#2198,.T.);
#2922=ORIENTED_EDGE('',*,*,#2200,.F.);
#2923=ORIENTED_EDGE('',*,*,#2190,.F.);
#2924=ORIENTED_EDGE('',*,*,#2201,.T.);
#2925=ORIENTED_EDGE('',*,*,#2202,.T.);
#2926=ORIENTED_EDGE('',*,*,#2203,.F.);
#2927=ORIENTED_EDGE('',*,*,#2204,.F.);
#2928=ORIENTED_EDGE('',*,*,#2205,.T.);
#2929=ORIENTED_EDGE('',*,*,#2204,.T.);
#2930=ORIENTED_EDGE('',*,*,#2206,.F.);
#2931=ORIENTED_EDGE('',*,*,#2207,.F.);
#2932=ORIENTED_EDGE('',*,*,#2208,.T.);
#2933=ORIENTED_EDGE('',*,*,#2207,.T.);
#2934=ORIENTED_EDGE('',*,*,#2209,.F.);
#2935=ORIENTED_EDGE('',*,*,#2210,.F.);
#2936=ORIENTED_EDGE('',*,*,#2211,.T.);
#2937=ORIENTED_EDGE('',*,*,#2210,.T.);
#2938=ORIENTED_EDGE('',*,*,#2212,.F.);
#2939=ORIENTED_EDGE('',*,*,#2202,.F.);
#2940=ORIENTED_EDGE('',*,*,#2213,.T.);
#2941=ORIENTED_EDGE('',*,*,#2214,.T.);
#2942=ORIENTED_EDGE('',*,*,#2215,.F.);
#2943=ORIENTED_EDGE('',*,*,#2216,.F.);
#2944=ORIENTED_EDGE('',*,*,#2217,.T.);
#2945=ORIENTED_EDGE('',*,*,#2216,.T.);
#2946=ORIENTED_EDGE('',*,*,#2218,.F.);
#2947=ORIENTED_EDGE('',*,*,#2219,.F.);
#2948=ORIENTED_EDGE('',*,*,#2220,.T.);
#2949=ORIENTED_EDGE('',*,*,#2219,.T.);
#2950=ORIENTED_EDGE('',*,*,#2221,.F.);
#2951=ORIENTED_EDGE('',*,*,#2222,.F.);
#2952=ORIENTED_EDGE('',*,*,#2223,.T.);
#2953=ORIENTED_EDGE('',*,*,#2222,.T.);
#2954=ORIENTED_EDGE('',*,*,#2224,.F.);
#2955=ORIENTED_EDGE('',*,*,#2214,.F.);
#2956=ORIENTED_EDGE('',*,*,#2224,.T.);
#2957=ORIENTED_EDGE('',*,*,#2221,.T.);
#2958=ORIENTED_EDGE('',*,*,#2218,.T.);
#2959=ORIENTED_EDGE('',*,*,#2215,.T.);
#2960=ORIENTED_EDGE('',*,*,#2212,.T.);
#2961=ORIENTED_EDGE('',*,*,#2209,.T.);
#2962=ORIENTED_EDGE('',*,*,#2206,.T.);
#2963=ORIENTED_EDGE('',*,*,#2203,.T.);
#2964=ORIENTED_EDGE('',*,*,#2200,.T.);
#2965=ORIENTED_EDGE('',*,*,#2197,.T.);
#2966=ORIENTED_EDGE('',*,*,#2194,.T.);
#2967=ORIENTED_EDGE('',*,*,#2191,.T.);
#2968=ORIENTED_EDGE('',*,*,#2223,.F.);
#2969=ORIENTED_EDGE('',*,*,#2213,.F.);
#2970=ORIENTED_EDGE('',*,*,#2217,.F.);
#2971=ORIENTED_EDGE('',*,*,#2220,.F.);
#2972=ORIENTED_EDGE('',*,*,#2211,.F.);
#2973=ORIENTED_EDGE('',*,*,#2201,.F.);
#2974=ORIENTED_EDGE('',*,*,#2205,.F.);
#2975=ORIENTED_EDGE('',*,*,#2208,.F.);
#2976=ORIENTED_EDGE('',*,*,#2199,.F.);
#2977=ORIENTED_EDGE('',*,*,#2189,.F.);
#2978=ORIENTED_EDGE('',*,*,#2193,.F.);
#2979=ORIENTED_EDGE('',*,*,#2196,.F.);
#2980=ORIENTED_EDGE('',*,*,#2225,.F.);
#2981=ORIENTED_EDGE('',*,*,#2226,.T.);
#2982=ORIENTED_EDGE('',*,*,#2227,.T.);
#2983=ORIENTED_EDGE('',*,*,#2226,.F.);
#2984=ORIENTED_EDGE('',*,*,#2225,.T.);
#2985=ORIENTED_EDGE('',*,*,#2227,.F.);
#2986=ORIENTED_EDGE('',*,*,#2228,.T.);
#2987=ORIENTED_EDGE('',*,*,#2229,.T.);
#2988=ORIENTED_EDGE('',*,*,#2230,.F.);
#2989=ORIENTED_EDGE('',*,*,#2231,.F.);
#2990=ORIENTED_EDGE('',*,*,#2232,.T.);
#2991=ORIENTED_EDGE('',*,*,#2231,.T.);
#2992=ORIENTED_EDGE('',*,*,#2233,.F.);
#2993=ORIENTED_EDGE('',*,*,#2234,.F.);
#2994=ORIENTED_EDGE('',*,*,#2235,.T.);
#2995=ORIENTED_EDGE('',*,*,#2234,.T.);
#2996=ORIENTED_EDGE('',*,*,#2236,.F.);
#2997=ORIENTED_EDGE('',*,*,#2237,.F.);
#2998=ORIENTED_EDGE('',*,*,#2238,.T.);
#2999=ORIENTED_EDGE('',*,*,#2237,.T.);
#3000=ORIENTED_EDGE('',*,*,#2239,.F.);
#3001=ORIENTED_EDGE('',*,*,#2229,.F.);
#3002=ORIENTED_EDGE('',*,*,#2239,.T.);
#3003=ORIENTED_EDGE('',*,*,#2236,.T.);
#3004=ORIENTED_EDGE('',*,*,#2233,.T.);
#3005=ORIENTED_EDGE('',*,*,#2230,.T.);
#3006=ORIENTED_EDGE('',*,*,#2238,.F.);
#3007=ORIENTED_EDGE('',*,*,#2228,.F.);
#3008=ORIENTED_EDGE('',*,*,#2232,.F.);
#3009=ORIENTED_EDGE('',*,*,#2235,.F.);
#3010=ORIENTED_EDGE('',*,*,#2240,.T.);
#3011=ORIENTED_EDGE('',*,*,#2241,.T.);
#3012=ORIENTED_EDGE('',*,*,#2242,.T.);
#3013=ORIENTED_EDGE('',*,*,#2243,.T.);
#3014=ORIENTED_EDGE('',*,*,#2241,.F.);
#3015=ORIENTED_EDGE('',*,*,#2244,.F.);
#3016=ORIENTED_EDGE('',*,*,#2245,.F.);
#3017=ORIENTED_EDGE('',*,*,#2246,.F.);
#3018=ORIENTED_EDGE('',*,*,#2247,.F.);
#3019=ORIENTED_EDGE('',*,*,#2248,.F.);
#3020=ORIENTED_EDGE('',*,*,#2249,.F.);
#3021=ORIENTED_EDGE('',*,*,#2250,.F.);
#3022=ORIENTED_EDGE('',*,*,#2251,.F.);
#3023=ORIENTED_EDGE('',*,*,#2252,.F.);
#3024=ORIENTED_EDGE('',*,*,#2253,.F.);
#3025=ORIENTED_EDGE('',*,*,#2254,.F.);
#3026=ORIENTED_EDGE('',*,*,#2255,.T.);
#3027=ORIENTED_EDGE('',*,*,#2256,.T.);
#3028=ORIENTED_EDGE('',*,*,#2257,.T.);
#3029=ORIENTED_EDGE('',*,*,#2258,.T.);
#3030=ORIENTED_EDGE('',*,*,#2243,.F.);
#3031=ORIENTED_EDGE('',*,*,#2259,.T.);
#3032=ORIENTED_EDGE('',*,*,#2260,.T.);
#3033=ORIENTED_EDGE('',*,*,#2261,.T.);
#3034=ORIENTED_EDGE('',*,*,#2256,.F.);
#3035=ORIENTED_EDGE('',*,*,#2262,.T.);
#3036=ORIENTED_EDGE('',*,*,#2263,.T.);
#3037=ORIENTED_EDGE('',*,*,#2264,.T.);
#3038=ORIENTED_EDGE('',*,*,#2265,.T.);
#3039=ORIENTED_EDGE('',*,*,#2266,.T.);
#3040=ORIENTED_EDGE('',*,*,#2267,.T.);
#3041=ORIENTED_EDGE('',*,*,#2268,.T.);
#3042=ORIENTED_EDGE('',*,*,#2269,.T.);
#3043=ORIENTED_EDGE('',*,*,#2267,.F.);
#3044=ORIENTED_EDGE('',*,*,#2270,.T.);
#3045=ORIENTED_EDGE('',*,*,#2271,.T.);
#3046=ORIENTED_EDGE('',*,*,#2272,.T.);
#3047=ORIENTED_EDGE('',*,*,#2273,.T.);
#3048=ORIENTED_EDGE('',*,*,#2274,.T.);
#3049=ORIENTED_EDGE('',*,*,#2275,.T.);
#3050=ORIENTED_EDGE('',*,*,#2276,.T.);
#3051=ORIENTED_EDGE('',*,*,#2277,.T.);
#3052=ORIENTED_EDGE('',*,*,#2278,.T.);
#3053=ORIENTED_EDGE('',*,*,#2279,.T.);
#3054=ORIENTED_EDGE('',*,*,#2280,.T.);
#3055=ORIENTED_EDGE('',*,*,#2266,.F.);
#3056=ORIENTED_EDGE('',*,*,#2281,.F.);
#3057=ORIENTED_EDGE('',*,*,#2282,.T.);
#3058=ORIENTED_EDGE('',*,*,#2262,.F.);
#3059=ORIENTED_EDGE('',*,*,#2255,.F.);
#3060=ORIENTED_EDGE('',*,*,#2283,.F.);
#3061=ORIENTED_EDGE('',*,*,#2284,.T.);
#3062=ORIENTED_EDGE('',*,*,#2270,.F.);
#3063=ORIENTED_EDGE('',*,*,#2285,.T.);
#3064=ORIENTED_EDGE('',*,*,#2286,.T.);
#3065=ORIENTED_EDGE('',*,*,#2287,.T.);
#3066=ORIENTED_EDGE('',*,*,#2288,.T.);
#3067=ORIENTED_EDGE('',*,*,#2287,.F.);
#3068=ORIENTED_EDGE('',*,*,#2289,.F.);
#3069=ORIENTED_EDGE('',*,*,#2290,.F.);
#3070=ORIENTED_EDGE('',*,*,#2244,.T.);
#3071=ORIENTED_EDGE('',*,*,#2240,.F.);
#3072=ORIENTED_EDGE('',*,*,#2264,.F.);
#3073=ORIENTED_EDGE('',*,*,#2291,.F.);
#3074=ORIENTED_EDGE('',*,*,#2292,.T.);
#3075=ORIENTED_EDGE('',*,*,#2286,.F.);
#3076=ORIENTED_EDGE('',*,*,#2293,.T.);
#3077=ORIENTED_EDGE('',*,*,#2294,.T.);
#3078=ORIENTED_EDGE('',*,*,#2295,.T.);
#3079=ORIENTED_EDGE('',*,*,#2296,.T.);
#3080=ORIENTED_EDGE('',*,*,#2297,.T.);
#3081=ORIENTED_EDGE('',*,*,#2298,.T.);
#3082=ORIENTED_EDGE('',*,*,#2289,.T.);
#3083=ORIENTED_EDGE('',*,*,#2299,.T.);
#3084=ORIENTED_EDGE('',*,*,#2300,.T.);
#3085=ORIENTED_EDGE('',*,*,#2301,.T.);
#3086=ORIENTED_EDGE('',*,*,#2302,.T.);
#3087=ORIENTED_EDGE('',*,*,#2252,.T.);
#3088=ORIENTED_EDGE('',*,*,#2303,.T.);
#3089=ORIENTED_EDGE('',*,*,#2302,.F.);
#3090=ORIENTED_EDGE('',*,*,#2304,.F.);
#3091=ORIENTED_EDGE('',*,*,#2253,.T.);
#3092=ORIENTED_EDGE('',*,*,#2304,.T.);
#3093=ORIENTED_EDGE('',*,*,#2301,.F.);
#3094=ORIENTED_EDGE('',*,*,#2305,.F.);
#3095=ORIENTED_EDGE('',*,*,#2254,.T.);
#3096=ORIENTED_EDGE('',*,*,#2305,.T.);
#3097=ORIENTED_EDGE('',*,*,#2300,.F.);
#3098=ORIENTED_EDGE('',*,*,#2306,.F.);
#3099=ORIENTED_EDGE('',*,*,#2251,.T.);
#3100=ORIENTED_EDGE('',*,*,#2306,.T.);
#3101=ORIENTED_EDGE('',*,*,#2299,.F.);
#3102=ORIENTED_EDGE('',*,*,#2303,.F.);
#3103=ORIENTED_EDGE('',*,*,#2245,.T.);
#3104=ORIENTED_EDGE('',*,*,#2290,.T.);
#3105=ORIENTED_EDGE('',*,*,#2298,.F.);
#3106=ORIENTED_EDGE('',*,*,#2307,.F.);
#3107=ORIENTED_EDGE('',*,*,#2246,.T.);
#3108=ORIENTED_EDGE('',*,*,#2307,.T.);
#3109=ORIENTED_EDGE('',*,*,#2297,.F.);
#3110=ORIENTED_EDGE('',*,*,#2308,.F.);
#3111=ORIENTED_EDGE('',*,*,#2247,.T.);
#3112=ORIENTED_EDGE('',*,*,#2308,.T.);
#3113=ORIENTED_EDGE('',*,*,#2296,.F.);
#3114=ORIENTED_EDGE('',*,*,#2309,.F.);
#3115=ORIENTED_EDGE('',*,*,#2248,.T.);
#3116=ORIENTED_EDGE('',*,*,#2309,.T.);
#3117=ORIENTED_EDGE('',*,*,#2295,.F.);
#3118=ORIENTED_EDGE('',*,*,#2310,.F.);
#3119=ORIENTED_EDGE('',*,*,#2249,.T.);
#3120=ORIENTED_EDGE('',*,*,#2310,.T.);
#3121=ORIENTED_EDGE('',*,*,#2294,.F.);
#3122=ORIENTED_EDGE('',*,*,#2311,.F.);
#3123=ORIENTED_EDGE('',*,*,#2265,.F.);
#3124=ORIENTED_EDGE('',*,*,#2312,.T.);
#3125=ORIENTED_EDGE('',*,*,#2313,.F.);
#3126=ORIENTED_EDGE('',*,*,#2312,.F.);
#3127=ORIENTED_EDGE('',*,*,#2314,.F.);
#3128=ORIENTED_EDGE('',*,*,#2315,.T.);
#3129=ORIENTED_EDGE('',*,*,#2260,.F.);
#3130=ORIENTED_EDGE('',*,*,#2316,.F.);
#3131=ORIENTED_EDGE('',*,*,#2285,.F.);
#3132=ORIENTED_EDGE('',*,*,#2317,.T.);
#3133=ORIENTED_EDGE('',*,*,#2316,.T.);
#3134=ORIENTED_EDGE('',*,*,#2259,.F.);
#3135=ORIENTED_EDGE('',*,*,#2242,.F.);
#3136=ORIENTED_EDGE('',*,*,#2250,.T.);
#3137=ORIENTED_EDGE('',*,*,#2311,.T.);
#3138=ORIENTED_EDGE('',*,*,#2293,.F.);
#3139=ORIENTED_EDGE('',*,*,#2318,.F.);
#3140=ORIENTED_EDGE('',*,*,#2291,.T.);
#3141=ORIENTED_EDGE('',*,*,#2263,.F.);
#3142=ORIENTED_EDGE('',*,*,#2282,.F.);
#3143=ORIENTED_EDGE('',*,*,#2319,.T.);
#3144=ORIENTED_EDGE('',*,*,#2320,.T.);
#3145=ORIENTED_EDGE('',*,*,#2280,.F.);
#3146=ORIENTED_EDGE('',*,*,#2321,.F.);
#3147=ORIENTED_EDGE('',*,*,#2322,.T.);
#3148=ORIENTED_EDGE('',*,*,#2321,.T.);
#3149=ORIENTED_EDGE('',*,*,#2279,.F.);
#3150=ORIENTED_EDGE('',*,*,#2323,.F.);
#3151=ORIENTED_EDGE('',*,*,#2324,.T.);
#3152=ORIENTED_EDGE('',*,*,#2323,.T.);
#3153=ORIENTED_EDGE('',*,*,#2278,.F.);
#3154=ORIENTED_EDGE('',*,*,#2325,.F.);
#3155=ORIENTED_EDGE('',*,*,#2326,.T.);
#3156=ORIENTED_EDGE('',*,*,#2325,.T.);
#3157=ORIENTED_EDGE('',*,*,#2277,.F.);
#3158=ORIENTED_EDGE('',*,*,#2320,.F.);
#3159=ORIENTED_EDGE('',*,*,#2327,.F.);
#3160=ORIENTED_EDGE('',*,*,#2328,.T.);
#3161=ORIENTED_EDGE('',*,*,#2275,.F.);
#3162=ORIENTED_EDGE('',*,*,#2329,.F.);
#3163=ORIENTED_EDGE('',*,*,#2330,.F.);
#3164=ORIENTED_EDGE('',*,*,#2329,.T.);
#3165=ORIENTED_EDGE('',*,*,#2274,.F.);
#3166=ORIENTED_EDGE('',*,*,#2331,.F.);
#3167=ORIENTED_EDGE('',*,*,#2332,.F.);
#3168=ORIENTED_EDGE('',*,*,#2331,.T.);
#3169=ORIENTED_EDGE('',*,*,#2273,.F.);
#3170=ORIENTED_EDGE('',*,*,#2333,.F.);
#3171=ORIENTED_EDGE('',*,*,#2334,.F.);
#3172=ORIENTED_EDGE('',*,*,#2333,.T.);
#3173=ORIENTED_EDGE('',*,*,#2272,.F.);
#3174=ORIENTED_EDGE('',*,*,#2335,.F.);
#3175=ORIENTED_EDGE('',*,*,#2336,.F.);
#3176=ORIENTED_EDGE('',*,*,#2335,.T.);
#3177=ORIENTED_EDGE('',*,*,#2271,.F.);
#3178=ORIENTED_EDGE('',*,*,#2284,.F.);
#3179=ORIENTED_EDGE('',*,*,#2269,.F.);
#3180=ORIENTED_EDGE('',*,*,#2337,.F.);
#3181=ORIENTED_EDGE('',*,*,#2314,.T.);
#3182=ORIENTED_EDGE('',*,*,#2317,.F.);
#3183=ORIENTED_EDGE('',*,*,#2288,.F.);
#3184=ORIENTED_EDGE('',*,*,#2292,.F.);
#3185=ORIENTED_EDGE('',*,*,#2318,.T.);
#3186=ORIENTED_EDGE('',*,*,#2281,.T.);
#3187=ORIENTED_EDGE('',*,*,#2313,.T.);
#3188=ORIENTED_EDGE('',*,*,#2268,.F.);
#3189=ORIENTED_EDGE('',*,*,#2276,.F.);
#3190=ORIENTED_EDGE('',*,*,#2328,.F.);
#3191=ORIENTED_EDGE('',*,*,#2338,.F.);
#3192=ORIENTED_EDGE('',*,*,#2257,.F.);
#3193=ORIENTED_EDGE('',*,*,#2261,.F.);
#3194=ORIENTED_EDGE('',*,*,#2315,.F.);
#3195=ORIENTED_EDGE('',*,*,#2337,.T.);
#3196=ORIENTED_EDGE('',*,*,#2258,.F.);
#3197=ORIENTED_EDGE('',*,*,#2338,.T.);
#3198=ORIENTED_EDGE('',*,*,#2327,.T.);
#3199=ORIENTED_EDGE('',*,*,#2330,.T.);
#3200=ORIENTED_EDGE('',*,*,#2332,.T.);
#3201=ORIENTED_EDGE('',*,*,#2334,.T.);
#3202=ORIENTED_EDGE('',*,*,#2336,.T.);
#3203=ORIENTED_EDGE('',*,*,#2283,.T.);
#3204=ORIENTED_EDGE('',*,*,#2326,.F.);
#3205=ORIENTED_EDGE('',*,*,#2319,.F.);
#3206=ORIENTED_EDGE('',*,*,#2322,.F.);
#3207=ORIENTED_EDGE('',*,*,#2324,.F.);
#3208=ORIENTED_EDGE('',*,*,#2339,.T.);
#3209=ORIENTED_EDGE('',*,*,#2340,.T.);
#3210=ORIENTED_EDGE('',*,*,#2341,.F.);
#3211=ORIENTED_EDGE('',*,*,#2342,.F.);
#3212=ORIENTED_EDGE('',*,*,#2343,.F.);
#3213=ORIENTED_EDGE('',*,*,#2342,.T.);
#3214=ORIENTED_EDGE('',*,*,#2344,.F.);
#3215=ORIENTED_EDGE('',*,*,#2345,.F.);
#3216=ORIENTED_EDGE('',*,*,#2346,.F.);
#3217=ORIENTED_EDGE('',*,*,#2345,.T.);
#3218=ORIENTED_EDGE('',*,*,#2347,.F.);
#3219=ORIENTED_EDGE('',*,*,#2348,.F.);
#3220=ORIENTED_EDGE('',*,*,#2349,.F.);
#3221=ORIENTED_EDGE('',*,*,#2348,.T.);
#3222=ORIENTED_EDGE('',*,*,#2350,.F.);
#3223=ORIENTED_EDGE('',*,*,#2351,.F.);
#3224=ORIENTED_EDGE('',*,*,#2352,.T.);
#3225=ORIENTED_EDGE('',*,*,#2351,.T.);
#3226=ORIENTED_EDGE('',*,*,#2353,.F.);
#3227=ORIENTED_EDGE('',*,*,#2354,.F.);
#3228=ORIENTED_EDGE('',*,*,#2355,.T.);
#3229=ORIENTED_EDGE('',*,*,#2354,.T.);
#3230=ORIENTED_EDGE('',*,*,#2356,.F.);
#3231=ORIENTED_EDGE('',*,*,#2357,.F.);
#3232=ORIENTED_EDGE('',*,*,#2358,.T.);
#3233=ORIENTED_EDGE('',*,*,#2357,.T.);
#3234=ORIENTED_EDGE('',*,*,#2359,.F.);
#3235=ORIENTED_EDGE('',*,*,#2360,.F.);
#3236=ORIENTED_EDGE('',*,*,#2361,.T.);
#3237=ORIENTED_EDGE('',*,*,#2360,.T.);
#3238=ORIENTED_EDGE('',*,*,#2362,.F.);
#3239=ORIENTED_EDGE('',*,*,#2363,.F.);
#3240=ORIENTED_EDGE('',*,*,#2364,.T.);
#3241=ORIENTED_EDGE('',*,*,#2363,.T.);
#3242=ORIENTED_EDGE('',*,*,#2365,.F.);
#3243=ORIENTED_EDGE('',*,*,#2366,.F.);
#3244=ORIENTED_EDGE('',*,*,#2367,.T.);
#3245=ORIENTED_EDGE('',*,*,#2366,.T.);
#3246=ORIENTED_EDGE('',*,*,#2368,.F.);
#3247=ORIENTED_EDGE('',*,*,#2369,.F.);
#3248=ORIENTED_EDGE('',*,*,#2370,.T.);
#3249=ORIENTED_EDGE('',*,*,#2369,.T.);
#3250=ORIENTED_EDGE('',*,*,#2371,.F.);
#3251=ORIENTED_EDGE('',*,*,#2340,.F.);
#3252=ORIENTED_EDGE('',*,*,#2371,.T.);
#3253=ORIENTED_EDGE('',*,*,#2368,.T.);
#3254=ORIENTED_EDGE('',*,*,#2365,.T.);
#3255=ORIENTED_EDGE('',*,*,#2362,.T.);
#3256=ORIENTED_EDGE('',*,*,#2359,.T.);
#3257=ORIENTED_EDGE('',*,*,#2356,.T.);
#3258=ORIENTED_EDGE('',*,*,#2353,.T.);
#3259=ORIENTED_EDGE('',*,*,#2350,.T.);
#3260=ORIENTED_EDGE('',*,*,#2347,.T.);
#3261=ORIENTED_EDGE('',*,*,#2344,.T.);
#3262=ORIENTED_EDGE('',*,*,#2341,.T.);
#3263=ORIENTED_EDGE('',*,*,#2370,.F.);
#3264=ORIENTED_EDGE('',*,*,#2339,.F.);
#3265=ORIENTED_EDGE('',*,*,#2343,.T.);
#3266=ORIENTED_EDGE('',*,*,#2346,.T.);
#3267=ORIENTED_EDGE('',*,*,#2349,.T.);
#3268=ORIENTED_EDGE('',*,*,#2352,.F.);
#3269=ORIENTED_EDGE('',*,*,#2355,.F.);
#3270=ORIENTED_EDGE('',*,*,#2358,.F.);
#3271=ORIENTED_EDGE('',*,*,#2361,.F.);
#3272=ORIENTED_EDGE('',*,*,#2364,.F.);
#3273=ORIENTED_EDGE('',*,*,#2367,.F.);
#3274=ORIENTED_EDGE('',*,*,#2372,.F.);
#3275=ORIENTED_EDGE('',*,*,#2373,.T.);
#3276=ORIENTED_EDGE('',*,*,#2374,.T.);
#3277=ORIENTED_EDGE('',*,*,#2375,.F.);
#3278=ORIENTED_EDGE('',*,*,#2376,.T.);
#3279=ORIENTED_EDGE('',*,*,#2377,.T.);
#3280=ORIENTED_EDGE('',*,*,#2378,.T.);
#3281=ORIENTED_EDGE('',*,*,#2373,.F.);
#3282=ORIENTED_EDGE('',*,*,#2379,.T.);
#3283=ORIENTED_EDGE('',*,*,#2380,.T.);
#3284=ORIENTED_EDGE('',*,*,#2381,.T.);
#3285=ORIENTED_EDGE('',*,*,#2377,.F.);
#3286=ORIENTED_EDGE('',*,*,#2382,.T.);
#3287=ORIENTED_EDGE('',*,*,#2383,.T.);
#3288=ORIENTED_EDGE('',*,*,#2384,.T.);
#3289=ORIENTED_EDGE('',*,*,#2380,.F.);
#3290=ORIENTED_EDGE('',*,*,#2385,.F.);
#3291=ORIENTED_EDGE('',*,*,#2386,.T.);
#3292=ORIENTED_EDGE('',*,*,#2387,.T.);
#3293=ORIENTED_EDGE('',*,*,#2383,.F.);
#3294=ORIENTED_EDGE('',*,*,#2388,.F.);
#3295=ORIENTED_EDGE('',*,*,#2389,.T.);
#3296=ORIENTED_EDGE('',*,*,#2390,.T.);
#3297=ORIENTED_EDGE('',*,*,#2386,.F.);
#3298=ORIENTED_EDGE('',*,*,#2391,.F.);
#3299=ORIENTED_EDGE('',*,*,#2392,.T.);
#3300=ORIENTED_EDGE('',*,*,#2393,.T.);
#3301=ORIENTED_EDGE('',*,*,#2389,.F.);
#3302=ORIENTED_EDGE('',*,*,#2394,.F.);
#3303=ORIENTED_EDGE('',*,*,#2395,.T.);
#3304=ORIENTED_EDGE('',*,*,#2396,.T.);
#3305=ORIENTED_EDGE('',*,*,#2392,.F.);
#3306=ORIENTED_EDGE('',*,*,#2397,.F.);
#3307=ORIENTED_EDGE('',*,*,#2398,.T.);
#3308=ORIENTED_EDGE('',*,*,#2399,.T.);
#3309=ORIENTED_EDGE('',*,*,#2395,.F.);
#3310=ORIENTED_EDGE('',*,*,#2400,.F.);
#3311=ORIENTED_EDGE('',*,*,#2401,.T.);
#3312=ORIENTED_EDGE('',*,*,#2402,.T.);
#3313=ORIENTED_EDGE('',*,*,#2398,.F.);
#3314=ORIENTED_EDGE('',*,*,#2403,.F.);
#3315=ORIENTED_EDGE('',*,*,#2375,.T.);
#3316=ORIENTED_EDGE('',*,*,#2404,.T.);
#3317=ORIENTED_EDGE('',*,*,#2401,.F.);
#3318=ORIENTED_EDGE('',*,*,#2404,.F.);
#3319=ORIENTED_EDGE('',*,*,#2374,.F.);
#3320=ORIENTED_EDGE('',*,*,#2378,.F.);
#3321=ORIENTED_EDGE('',*,*,#2381,.F.);
#3322=ORIENTED_EDGE('',*,*,#2384,.F.);
#3323=ORIENTED_EDGE('',*,*,#2387,.F.);
#3324=ORIENTED_EDGE('',*,*,#2390,.F.);
#3325=ORIENTED_EDGE('',*,*,#2393,.F.);
#3326=ORIENTED_EDGE('',*,*,#2396,.F.);
#3327=ORIENTED_EDGE('',*,*,#2399,.F.);
#3328=ORIENTED_EDGE('',*,*,#2402,.F.);
#3329=ORIENTED_EDGE('',*,*,#2403,.T.);
#3330=ORIENTED_EDGE('',*,*,#2400,.T.);
#3331=ORIENTED_EDGE('',*,*,#2397,.T.);
#3332=ORIENTED_EDGE('',*,*,#2394,.T.);
#3333=ORIENTED_EDGE('',*,*,#2391,.T.);
#3334=ORIENTED_EDGE('',*,*,#2388,.T.);
#3335=ORIENTED_EDGE('',*,*,#2385,.T.);
#3336=ORIENTED_EDGE('',*,*,#2382,.F.);
#3337=ORIENTED_EDGE('',*,*,#2379,.F.);
#3338=ORIENTED_EDGE('',*,*,#2376,.F.);
#3339=ORIENTED_EDGE('',*,*,#2372,.T.);
#3340=ORIENTED_EDGE('',*,*,#2405,.T.);
#3341=ORIENTED_EDGE('',*,*,#2406,.T.);
#3342=ORIENTED_EDGE('',*,*,#2407,.F.);
#3343=ORIENTED_EDGE('',*,*,#2408,.F.);
#3344=ORIENTED_EDGE('',*,*,#2409,.T.);
#3345=ORIENTED_EDGE('',*,*,#2408,.T.);
#3346=ORIENTED_EDGE('',*,*,#2410,.F.);
#3347=ORIENTED_EDGE('',*,*,#2411,.F.);
#3348=ORIENTED_EDGE('',*,*,#2412,.T.);
#3349=ORIENTED_EDGE('',*,*,#2411,.T.);
#3350=ORIENTED_EDGE('',*,*,#2413,.F.);
#3351=ORIENTED_EDGE('',*,*,#2414,.F.);
#3352=ORIENTED_EDGE('',*,*,#2415,.T.);
#3353=ORIENTED_EDGE('',*,*,#2414,.T.);
#3354=ORIENTED_EDGE('',*,*,#2416,.F.);
#3355=ORIENTED_EDGE('',*,*,#2406,.F.);
#3356=ORIENTED_EDGE('',*,*,#2416,.T.);
#3357=ORIENTED_EDGE('',*,*,#2413,.T.);
#3358=ORIENTED_EDGE('',*,*,#2410,.T.);
#3359=ORIENTED_EDGE('',*,*,#2407,.T.);
#3360=ORIENTED_EDGE('',*,*,#2415,.F.);
#3361=ORIENTED_EDGE('',*,*,#2405,.F.);
#3362=ORIENTED_EDGE('',*,*,#2409,.F.);
#3363=ORIENTED_EDGE('',*,*,#2412,.F.);
#3364=ORIENTED_EDGE('',*,*,#2417,.F.);
#3365=ORIENTED_EDGE('',*,*,#2418,.T.);
#3366=ORIENTED_EDGE('',*,*,#2419,.F.);
#3367=ORIENTED_EDGE('',*,*,#2418,.F.);
#3368=ORIENTED_EDGE('',*,*,#2420,.F.);
#3369=ORIENTED_EDGE('',*,*,#2421,.T.);
#3370=ORIENTED_EDGE('',*,*,#2422,.F.);
#3371=ORIENTED_EDGE('',*,*,#2423,.F.);
#3372=ORIENTED_EDGE('',*,*,#2424,.F.);
#3373=ORIENTED_EDGE('',*,*,#2423,.T.);
#3374=ORIENTED_EDGE('',*,*,#2425,.F.);
#3375=ORIENTED_EDGE('',*,*,#2426,.F.);
#3376=ORIENTED_EDGE('',*,*,#2427,.F.);
#3377=ORIENTED_EDGE('',*,*,#2426,.T.);
#3378=ORIENTED_EDGE('',*,*,#2428,.F.);
#3379=ORIENTED_EDGE('',*,*,#2429,.F.);
#3380=ORIENTED_EDGE('',*,*,#2430,.F.);
#3381=ORIENTED_EDGE('',*,*,#2429,.T.);
#3382=ORIENTED_EDGE('',*,*,#2431,.F.);
#3383=ORIENTED_EDGE('',*,*,#2421,.F.);
#3384=ORIENTED_EDGE('',*,*,#2431,.T.);
#3385=ORIENTED_EDGE('',*,*,#2428,.T.);
#3386=ORIENTED_EDGE('',*,*,#2425,.T.);
#3387=ORIENTED_EDGE('',*,*,#2422,.T.);
#3388=ORIENTED_EDGE('',*,*,#2417,.T.);
#3389=ORIENTED_EDGE('',*,*,#2430,.T.);
#3390=ORIENTED_EDGE('',*,*,#2420,.T.);
#3391=ORIENTED_EDGE('',*,*,#2424,.T.);
#3392=ORIENTED_EDGE('',*,*,#2427,.T.);
#3393=ORIENTED_EDGE('',*,*,#2419,.T.);
#3394=ORIENTED_EDGE('',*,*,#2432,.T.);
#3395=ORIENTED_EDGE('',*,*,#2433,.T.);
#3396=ORIENTED_EDGE('',*,*,#2434,.F.);
#3397=ORIENTED_EDGE('',*,*,#2435,.F.);
#3398=ORIENTED_EDGE('',*,*,#2436,.T.);
#3399=ORIENTED_EDGE('',*,*,#2435,.T.);
#3400=ORIENTED_EDGE('',*,*,#2437,.F.);
#3401=ORIENTED_EDGE('',*,*,#2438,.F.);
#3402=ORIENTED_EDGE('',*,*,#2439,.T.);
#3403=ORIENTED_EDGE('',*,*,#2438,.T.);
#3404=ORIENTED_EDGE('',*,*,#2440,.F.);
#3405=ORIENTED_EDGE('',*,*,#2441,.F.);
#3406=ORIENTED_EDGE('',*,*,#2442,.T.);
#3407=ORIENTED_EDGE('',*,*,#2441,.T.);
#3408=ORIENTED_EDGE('',*,*,#2443,.F.);
#3409=ORIENTED_EDGE('',*,*,#2444,.F.);
#3410=ORIENTED_EDGE('',*,*,#2445,.T.);
#3411=ORIENTED_EDGE('',*,*,#2444,.T.);
#3412=ORIENTED_EDGE('',*,*,#2446,.F.);
#3413=ORIENTED_EDGE('',*,*,#2447,.F.);
#3414=ORIENTED_EDGE('',*,*,#2448,.T.);
#3415=ORIENTED_EDGE('',*,*,#2447,.T.);
#3416=ORIENTED_EDGE('',*,*,#2449,.F.);
#3417=ORIENTED_EDGE('',*,*,#2433,.F.);
#3418=ORIENTED_EDGE('',*,*,#2449,.T.);
#3419=ORIENTED_EDGE('',*,*,#2446,.T.);
#3420=ORIENTED_EDGE('',*,*,#2443,.T.);
#3421=ORIENTED_EDGE('',*,*,#2440,.T.);
#3422=ORIENTED_EDGE('',*,*,#2437,.T.);
#3423=ORIENTED_EDGE('',*,*,#2434,.T.);
#3424=ORIENTED_EDGE('',*,*,#2448,.F.);
#3425=ORIENTED_EDGE('',*,*,#2432,.F.);
#3426=ORIENTED_EDGE('',*,*,#2436,.F.);
#3427=ORIENTED_EDGE('',*,*,#2439,.F.);
#3428=ORIENTED_EDGE('',*,*,#2442,.F.);
#3429=ORIENTED_EDGE('',*,*,#2445,.F.);
#3430=ORIENTED_EDGE('',*,*,#2450,.F.);
#3431=ORIENTED_EDGE('',*,*,#2451,.T.);
#3432=ORIENTED_EDGE('',*,*,#2452,.F.);
#3433=ORIENTED_EDGE('',*,*,#2453,.F.);
#3434=ORIENTED_EDGE('',*,*,#2454,.F.);
#3435=ORIENTED_EDGE('',*,*,#2453,.T.);
#3436=ORIENTED_EDGE('',*,*,#2455,.F.);
#3437=ORIENTED_EDGE('',*,*,#2456,.F.);
#3438=ORIENTED_EDGE('',*,*,#2457,.F.);
#3439=ORIENTED_EDGE('',*,*,#2456,.T.);
#3440=ORIENTED_EDGE('',*,*,#2458,.F.);
#3441=ORIENTED_EDGE('',*,*,#2459,.F.);
#3442=ORIENTED_EDGE('',*,*,#2460,.F.);
#3443=ORIENTED_EDGE('',*,*,#2459,.T.);
#3444=ORIENTED_EDGE('',*,*,#2461,.F.);
#3445=ORIENTED_EDGE('',*,*,#2451,.F.);
#3446=ORIENTED_EDGE('',*,*,#2460,.T.);
#3447=ORIENTED_EDGE('',*,*,#2450,.T.);
#3448=ORIENTED_EDGE('',*,*,#2454,.T.);
#3449=ORIENTED_EDGE('',*,*,#2457,.T.);
#3450=ORIENTED_EDGE('',*,*,#2461,.T.);
#3451=ORIENTED_EDGE('',*,*,#2458,.T.);
#3452=ORIENTED_EDGE('',*,*,#2455,.T.);
#3453=ORIENTED_EDGE('',*,*,#2452,.T.);
#3454=CYLINDRICAL_SURFACE('',#3751,1.18);
#3455=CYLINDRICAL_SURFACE('',#3755,1.18);
#3456=CYLINDRICAL_SURFACE('',#3775,2.73);
#3457=CYLINDRICAL_SURFACE('',#3791,2.08000000000001);
#3458=CYLINDRICAL_SURFACE('',#3794,0.999999999999998);
#3459=CYLINDRICAL_SURFACE('',#3798,0.999999999999998);
#3460=CYLINDRICAL_SURFACE('',#3802,2.);
#3461=CYLINDRICAL_SURFACE('',#3811,2.);
#3462=CYLINDRICAL_SURFACE('',#3836,9.95);
#3463=CYLINDRICAL_SURFACE('',#3840,9.95);
#3464=CYLINDRICAL_SURFACE('',#3843,11.25);
#3465=CYLINDRICAL_SURFACE('',#3847,11.25);
#3466=CYLINDRICAL_SURFACE('',#3857,1.5);
#3467=CYLINDRICAL_SURFACE('',#3861,1.5);
#3468=CYLINDRICAL_SURFACE('',#3863,1.5);
#3469=CYLINDRICAL_SURFACE('',#3865,2.73);
#3470=CYLINDRICAL_SURFACE('',#3874,9.94999999999996);
#3471=CYLINDRICAL_SURFACE('',#3877,9.95);
#3472=CYLINDRICAL_SURFACE('',#3884,0.75);
#3473=CYLINDRICAL_SURFACE('',#3888,4.99999999999999);
#3474=CYLINDRICAL_SURFACE('',#3900,9.94999999999996);
#3475=CYLINDRICAL_SURFACE('',#3902,9.95);
#3476=CYLINDRICAL_SURFACE('',#3918,0.75);
#3477=CYLINDRICAL_SURFACE('',#3930,1.5);
#3478=CYLINDRICAL_SURFACE('',#3934,1.49999999999999);
#3479=CYLINDRICAL_SURFACE('',#3941,1.50000000000002);
#3480=CYLINDRICAL_SURFACE('',#3946,1.50000000000002);
#3481=CYLINDRICAL_SURFACE('',#3960,5.);
#3482=CYLINDRICAL_SURFACE('',#3962,7.00000000000001);
#3483=CYLINDRICAL_SURFACE('',#3965,7.00000000000001);
#3484=CYLINDRICAL_SURFACE('',#4016,10.1100892143901);
#3485=ADVANCED_FACE('',(#282),#3454,.F.);
#3486=ADVANCED_FACE('',(#283),#112,.T.);
#3487=ADVANCED_FACE('',(#284),#3455,.F.);
#3488=ADVANCED_FACE('',(#285),#113,.T.);
#3489=ADVANCED_FACE('',(#286),#114,.T.);
#3490=ADVANCED_FACE('',(#287),#115,.T.);
#3491=ADVANCED_FACE('',(#288),#116,.T.);
#3492=ADVANCED_FACE('',(#289),#117,.T.);
#3493=ADVANCED_FACE('',(#290,#79),#118,.T.);
#3494=ADVANCED_FACE('',(#291),#119,.T.);
#3495=ADVANCED_FACE('',(#292),#120,.T.);
#3496=ADVANCED_FACE('',(#293),#121,.T.);
#3497=ADVANCED_FACE('',(#294),#122,.T.);
#3498=ADVANCED_FACE('',(#295),#3456,.T.);
#3499=ADVANCED_FACE('',(#296,#80),#123,.T.);
#3500=ADVANCED_FACE('',(#297),#40,.T.);
#3501=ADVANCED_FACE('',(#298,#81),#124,.T.);
#3502=ADVANCED_FACE('',(#299),#39,.T.);
#3503=ADVANCED_FACE('',(#300),#3457,.T.);
#3504=ADVANCED_FACE('',(#301),#125,.T.);
#3505=ADVANCED_FACE('',(#302),#3458,.F.);
#3506=ADVANCED_FACE('',(#303),#126,.T.);
#3507=ADVANCED_FACE('',(#304),#3459,.F.);
#3508=ADVANCED_FACE('',(#305),#127,.T.);
#3509=ADVANCED_FACE('',(#306),#3460,.T.);
#3510=ADVANCED_FACE('',(#307,#82),#128,.T.);
#3511=ADVANCED_FACE('',(#308,#83,#84,#85,#86),#129,.T.);
#3512=ADVANCED_FACE('',(#309),#3461,.T.);
#3513=ADVANCED_FACE('',(#310),#130,.T.);
#3514=ADVANCED_FACE('',(#311),#131,.T.);
#3515=ADVANCED_FACE('',(#312),#132,.T.);
#3516=ADVANCED_FACE('',(#313),#133,.T.);
#3517=ADVANCED_FACE('',(#314),#134,.T.);
#3518=ADVANCED_FACE('',(#315),#135,.T.);
#3519=ADVANCED_FACE('',(#316),#136,.T.);
#3520=ADVANCED_FACE('',(#317),#137,.T.);
#3521=ADVANCED_FACE('',(#318),#138,.T.);
#3522=ADVANCED_FACE('',(#319),#139,.T.);
#3523=ADVANCED_FACE('',(#320),#140,.T.);
#3524=ADVANCED_FACE('',(#321),#141,.T.);
#3525=ADVANCED_FACE('',(#322),#142,.T.);
#3526=ADVANCED_FACE('',(#323,#87),#143,.T.);
#3527=ADVANCED_FACE('',(#324),#144,.T.);
#3528=ADVANCED_FACE('',(#325),#145,.T.);
#3529=ADVANCED_FACE('',(#326),#146,.T.);
#3530=ADVANCED_FACE('',(#327),#147,.T.);
#3531=ADVANCED_FACE('',(#328),#148,.T.);
#3532=ADVANCED_FACE('',(#329),#149,.T.);
#3533=ADVANCED_FACE('',(#330),#150,.T.);
#3534=ADVANCED_FACE('',(#331),#151,.T.);
#3535=ADVANCED_FACE('',(#332,#88),#152,.T.);
#3536=ADVANCED_FACE('',(#333),#3462,.F.);
#3537=ADVANCED_FACE('',(#334,#89),#153,.T.);
#3538=ADVANCED_FACE('',(#335),#3463,.F.);
#3539=ADVANCED_FACE('',(#336),#3464,.T.);
#3540=ADVANCED_FACE('',(#337),#3465,.T.);
#3541=ADVANCED_FACE('',(#338,#90),#154,.T.);
#3542=ADVANCED_FACE('',(#339),#155,.T.);
#3543=ADVANCED_FACE('',(#340),#156,.T.);
#3544=ADVANCED_FACE('',(#341),#157,.T.);
#3545=ADVANCED_FACE('',(#342,#91),#158,.T.);
#3546=ADVANCED_FACE('',(#343),#3466,.F.);
#3547=ADVANCED_FACE('',(#344),#159,.T.);
#3548=ADVANCED_FACE('',(#345,#92),#160,.T.);
#3549=ADVANCED_FACE('',(#346),#3467,.F.);
#3550=ADVANCED_FACE('',(#347),#3468,.F.);
#3551=ADVANCED_FACE('',(#348),#3469,.F.);
#3552=ADVANCED_FACE('',(#349),#161,.T.);
#3553=ADVANCED_FACE('',(#350),#162,.T.);
#3554=ADVANCED_FACE('',(#351,#93,#94,#95,#96),#163,.T.);
#3555=ADVANCED_FACE('',(#352),#164,.T.);
#3556=ADVANCED_FACE('',(#353),#165,.T.);
#3557=ADVANCED_FACE('',(#354),#3470,.T.);
#3558=ADVANCED_FACE('',(#355),#166,.T.);
#3559=ADVANCED_FACE('',(#356),#3471,.T.);
#3560=ADVANCED_FACE('',(#357),#167,.T.);
#3561=ADVANCED_FACE('',(#358),#168,.T.);
#3562=ADVANCED_FACE('',(#359),#169,.T.);
#3563=ADVANCED_FACE('',(#360),#170,.T.);
#3564=ADVANCED_FACE('',(#361),#171,.T.);
#3565=ADVANCED_FACE('',(#362),#3472,.F.);
#3566=ADVANCED_FACE('',(#363),#172,.T.);
#3567=ADVANCED_FACE('',(#364),#3473,.T.);
#3568=ADVANCED_FACE('',(#365,#97,#98),#173,.T.);
#3569=ADVANCED_FACE('',(#366,#99),#174,.T.);
#3570=ADVANCED_FACE('',(#367),#175,.T.);
#3571=ADVANCED_FACE('',(#368),#176,.T.);
#3572=ADVANCED_FACE('',(#369),#177,.T.);
#3573=ADVANCED_FACE('',(#370),#3474,.T.);
#3574=ADVANCED_FACE('',(#371),#178,.T.);
#3575=ADVANCED_FACE('',(#372),#3475,.T.);
#3576=ADVANCED_FACE('',(#373),#179,.T.);
#3577=ADVANCED_FACE('',(#374),#180,.T.);
#3578=ADVANCED_FACE('',(#375),#181,.T.);
#3579=ADVANCED_FACE('',(#376),#182,.T.);
#3580=ADVANCED_FACE('',(#377),#183,.T.);
#3581=ADVANCED_FACE('',(#378),#184,.T.);
#3582=ADVANCED_FACE('',(#379),#185,.T.);
#3583=ADVANCED_FACE('',(#380),#186,.T.);
#3584=ADVANCED_FACE('',(#381),#187,.T.);
#3585=ADVANCED_FACE('',(#382),#188,.T.);
#3586=ADVANCED_FACE('',(#383),#189,.T.);
#3587=ADVANCED_FACE('',(#384),#190,.T.);
#3588=ADVANCED_FACE('',(#385),#191,.T.);
#3589=ADVANCED_FACE('',(#386,#100,#101),#192,.T.);
#3590=ADVANCED_FACE('',(#387,#102,#103),#193,.T.);
#3591=ADVANCED_FACE('',(#388),#3476,.T.);
#3592=ADVANCED_FACE('',(#389),#194,.T.);
#3593=ADVANCED_FACE('',(#390),#195,.T.);
#3594=ADVANCED_FACE('',(#391),#196,.T.);
#3595=ADVANCED_FACE('',(#392),#197,.T.);
#3596=ADVANCED_FACE('',(#393),#198,.T.);
#3597=ADVANCED_FACE('',(#394),#199,.T.);
#3598=ADVANCED_FACE('',(#395),#200,.T.);
#3599=ADVANCED_FACE('',(#396),#201,.T.);
#3600=ADVANCED_FACE('',(#397),#3477,.F.);
#3601=ADVANCED_FACE('',(#398,#104),#202,.T.);
#3602=ADVANCED_FACE('',(#399),#3478,.F.);
#3603=ADVANCED_FACE('',(#400,#105),#203,.T.);
#3604=ADVANCED_FACE('',(#401),#3479,.T.);
#3605=ADVANCED_FACE('',(#402,#106),#204,.T.);
#3606=ADVANCED_FACE('',(#403),#205,.T.);
#3607=ADVANCED_FACE('',(#404),#3480,.T.);
#3608=ADVANCED_FACE('',(#405),#206,.T.);
#3609=ADVANCED_FACE('',(#406,#107),#207,.T.);
#3610=ADVANCED_FACE('',(#407),#208,.T.);
#3611=ADVANCED_FACE('',(#408),#209,.T.);
#3612=ADVANCED_FACE('',(#409),#210,.T.);
#3613=ADVANCED_FACE('',(#410),#211,.T.);
#3614=ADVANCED_FACE('',(#411),#212,.T.);
#3615=ADVANCED_FACE('',(#412),#213,.T.);
#3616=ADVANCED_FACE('',(#413),#214,.T.);
#3617=ADVANCED_FACE('',(#414),#215,.T.);
#3618=ADVANCED_FACE('',(#415),#216,.T.);
#3619=ADVANCED_FACE('',(#416),#3481,.F.);
#3620=ADVANCED_FACE('',(#417),#3482,.T.);
#3621=ADVANCED_FACE('',(#418),#217,.T.);
#3622=ADVANCED_FACE('',(#419),#3483,.T.);
#3623=ADVANCED_FACE('',(#420),#218,.T.);
#3624=ADVANCED_FACE('',(#421),#219,.T.);
#3625=ADVANCED_FACE('',(#422),#220,.T.);
#3626=ADVANCED_FACE('',(#423),#221,.T.);
#3627=ADVANCED_FACE('',(#424),#222,.T.);
#3628=ADVANCED_FACE('',(#425),#223,.T.);
#3629=ADVANCED_FACE('',(#426),#224,.T.);
#3630=ADVANCED_FACE('',(#427),#225,.T.);
#3631=ADVANCED_FACE('',(#428),#226,.T.);
#3632=ADVANCED_FACE('',(#429,#108),#227,.T.);
#3633=ADVANCED_FACE('',(#430),#228,.T.);
#3634=ADVANCED_FACE('',(#431,#109),#229,.T.);
#3635=ADVANCED_FACE('',(#432),#230,.T.);
#3636=ADVANCED_FACE('',(#433),#231,.T.);
#3637=ADVANCED_FACE('',(#434),#232,.T.);
#3638=ADVANCED_FACE('',(#435),#233,.T.);
#3639=ADVANCED_FACE('',(#436),#234,.T.);
#3640=ADVANCED_FACE('',(#437),#235,.T.);
#3641=ADVANCED_FACE('',(#438),#236,.T.);
#3642=ADVANCED_FACE('',(#439),#237,.T.);
#3643=ADVANCED_FACE('',(#440),#238,.T.);
#3644=ADVANCED_FACE('',(#441),#239,.T.);
#3645=ADVANCED_FACE('',(#442),#240,.T.);
#3646=ADVANCED_FACE('',(#443),#241,.T.);
#3647=ADVANCED_FACE('',(#444),#242,.F.);
#3648=ADVANCED_FACE('',(#445),#243,.F.);
#3649=ADVANCED_FACE('',(#446),#244,.F.);
#3650=ADVANCED_FACE('',(#447),#245,.F.);
#3651=ADVANCED_FACE('',(#448),#246,.F.);
#3652=ADVANCED_FACE('',(#449),#247,.F.);
#3653=ADVANCED_FACE('',(#450),#248,.F.);
#3654=ADVANCED_FACE('',(#451),#249,.F.);
#3655=ADVANCED_FACE('',(#452),#250,.F.);
#3656=ADVANCED_FACE('',(#453),#251,.F.);
#3657=ADVANCED_FACE('',(#454),#252,.F.);
#3658=ADVANCED_FACE('',(#455),#253,.F.);
#3659=ADVANCED_FACE('',(#456),#254,.F.);
#3660=ADVANCED_FACE('',(#457),#255,.T.);
#3661=ADVANCED_FACE('',(#458),#256,.T.);
#3662=ADVANCED_FACE('',(#459),#257,.T.);
#3663=ADVANCED_FACE('',(#460),#258,.T.);
#3664=ADVANCED_FACE('',(#461),#259,.T.);
#3665=ADVANCED_FACE('',(#462),#260,.T.);
#3666=ADVANCED_FACE('',(#463),#261,.F.);
#3667=ADVANCED_FACE('',(#464),#3484,.F.);
#3668=ADVANCED_FACE('',(#465),#262,.T.);
#3669=ADVANCED_FACE('',(#466),#263,.T.);
#3670=ADVANCED_FACE('',(#467),#264,.T.);
#3671=ADVANCED_FACE('',(#468),#265,.T.);
#3672=ADVANCED_FACE('',(#469,#110),#266,.T.);
#3673=ADVANCED_FACE('',(#470,#111),#267,.F.);
#3674=ADVANCED_FACE('',(#471),#268,.T.);
#3675=ADVANCED_FACE('',(#472),#269,.T.);
#3676=ADVANCED_FACE('',(#473),#270,.T.);
#3677=ADVANCED_FACE('',(#474),#271,.T.);
#3678=ADVANCED_FACE('',(#475),#272,.T.);
#3679=ADVANCED_FACE('',(#476),#273,.T.);
#3680=ADVANCED_FACE('',(#477),#274,.T.);
#3681=ADVANCED_FACE('',(#478),#275,.F.);
#3682=ADVANCED_FACE('',(#479),#276,.T.);
#3683=ADVANCED_FACE('',(#480),#277,.T.);
#3684=ADVANCED_FACE('',(#481),#278,.T.);
#3685=ADVANCED_FACE('',(#482),#279,.T.);
#3686=ADVANCED_FACE('',(#483),#280,.T.);
#3687=ADVANCED_FACE('',(#484),#281,.T.);
#3688=CLOSED_SHELL('',(#3485,#3486,#3487,#3488,#3489,#3490,#3491,#3492,
#3493,#3494,#3495,#3496,#3497,#3498,#3499));
#3689=CLOSED_SHELL('',(#3500,#3501,#3502,#3503,#3504,#3505,#3506,#3507,
#3508,#3509,#3510,#3511,#3512,#3513,#3514,#3515,#3516,#3517,#3518,#3519,
#3520,#3521,#3522,#3523,#3524,#3525,#3526,#3527,#3528,#3529,#3530,#3531,
#3532,#3533,#3534,#3535,#3536,#3537,#3538,#3539,#3540,#3541,#3542,#3543,
#3544,#3545,#3546,#3547,#3548,#3549,#3550,#3551,#3552,#3553,#3554));
#3690=CLOSED_SHELL('',(#3555,#3556,#3557,#3558,#3559,#3560));
#3691=CLOSED_SHELL('',(#3561,#3562,#3563,#3564,#3565,#3566,#3567,#3568,
#3569,#3570,#3571,#3572,#3573,#3574,#3575,#3576));
#3692=CLOSED_SHELL('',(#3577,#3578,#3579,#3580,#3581,#3582,#3583,#3584,
#3585,#3586,#3587,#3588,#3589,#3590));
#3693=CLOSED_SHELL('',(#3591,#3592,#3593));
#3694=CLOSED_SHELL('',(#3594,#3595,#3596,#3597,#3598,#3599));
#3695=CLOSED_SHELL('',(#3600,#3601,#3602,#3603,#3604,#3605,#3606,#3607,
#3608,#3609,#3610,#3611,#3612,#3613,#3614,#3615,#3616,#3617,#3618,#3619,
#3620,#3621,#3622,#3623,#3624,#3625,#3626,#3627,#3628,#3629,#3630,#3631,
#3632,#3633,#3634));
#3696=CLOSED_SHELL('',(#3635,#3636,#3637,#3638,#3639,#3640,#3641,#3642,
#3643,#3644,#3645,#3646,#3647));
#3697=CLOSED_SHELL('',(#3648,#3649,#3650,#3651,#3652,#3653,#3654,#3655,
#3656,#3657,#3658,#3659,#3660));
#3698=CLOSED_SHELL('',(#3661,#3662,#3663,#3664,#3665,#3666));
#3699=CLOSED_SHELL('',(#3667,#3668,#3669,#3670,#3671,#3672,#3673));
#3700=CLOSED_SHELL('',(#3674,#3675,#3676,#3677,#3678,#3679,#3680,#3681));
#3701=CLOSED_SHELL('',(#3682,#3683,#3684,#3685,#3686,#3687));
#3702=DERIVED_UNIT_ELEMENT(#3710,1.);
#3703=DERIVED_UNIT_ELEMENT(#6108,-3.);
#3704=DERIVED_UNIT_ELEMENT(#3710,1.);
#3705=DERIVED_UNIT_ELEMENT(#6108,-3.);
#3706=DERIVED_UNIT_ELEMENT(#3710,1.);
#3707=DERIVED_UNIT_ELEMENT(#6108,-3.);
#3708=DERIVED_UNIT_ELEMENT(#3710,1.);
#3709=DERIVED_UNIT_ELEMENT(#6108,-3.);
#3710=(
MASS_UNIT()
NAMED_UNIT(*)
SI_UNIT(.KILO.,.GRAM.)
);
#3711=DERIVED_UNIT((#3702,#3703));
#3712=DERIVED_UNIT((#3704,#3705));
#3713=DERIVED_UNIT((#3706,#3707));
#3714=DERIVED_UNIT((#3708,#3709));
#3715=MEASURE_REPRESENTATION_ITEM('density measure',
POSITIVE_RATIO_MEASURE(7850.),#3711);
#3716=MEASURE_REPRESENTATION_ITEM('density measure',
POSITIVE_RATIO_MEASURE(7850.),#3712);
#3717=MEASURE_REPRESENTATION_ITEM('density measure',
POSITIVE_RATIO_MEASURE(7850.),#3713);
#3718=MEASURE_REPRESENTATION_ITEM('density measure',
POSITIVE_RATIO_MEASURE(7850.),#3714);
#3719=PROPERTY_DEFINITION_REPRESENTATION(#3739,#3727);
#3720=PROPERTY_DEFINITION_REPRESENTATION(#3740,#3728);
#3721=PROPERTY_DEFINITION_REPRESENTATION(#3741,#3729);
#3722=PROPERTY_DEFINITION_REPRESENTATION(#3742,#3730);
#3723=PROPERTY_DEFINITION_REPRESENTATION(#3743,#3731);
#3724=PROPERTY_DEFINITION_REPRESENTATION(#3744,#3732);
#3725=PROPERTY_DEFINITION_REPRESENTATION(#3745,#3733);
#3726=PROPERTY_DEFINITION_REPRESENTATION(#3746,#3734);
#3727=REPRESENTATION('material name',(#3735),#6102);
#3728=REPRESENTATION('density',(#3715),#6102);
#3729=REPRESENTATION('material name',(#3736),#6103);
#3730=REPRESENTATION('density',(#3716),#6103);
#3731=REPRESENTATION('material name',(#3737),#6104);
#3732=REPRESENTATION('density',(#3717),#6104);
#3733=REPRESENTATION('material name',(#3738),#6105);
#3734=REPRESENTATION('density',(#3718),#6105);
#3735=DESCRIPTIVE_REPRESENTATION_ITEM('Steel','Steel');
#3736=DESCRIPTIVE_REPRESENTATION_ITEM('Steel','Steel');
#3737=DESCRIPTIVE_REPRESENTATION_ITEM('Steel','Steel');
#3738=DESCRIPTIVE_REPRESENTATION_ITEM('Steel','Steel');
#3739=PROPERTY_DEFINITION('material property','material name',#6143);
#3740=PROPERTY_DEFINITION('material property','density of part',#6143);
#3741=PROPERTY_DEFINITION('material property','material name',#6144);
#3742=PROPERTY_DEFINITION('material property','density of part',#6144);
#3743=PROPERTY_DEFINITION('material property','material name',#6145);
#3744=PROPERTY_DEFINITION('material property','density of part',#6145);
#3745=PROPERTY_DEFINITION('material property','material name',#6146);
#3746=PROPERTY_DEFINITION('material property','density of part',#6146);
#3747=AXIS2_PLACEMENT_3D('',#5048,#4041,#4042);
#3748=AXIS2_PLACEMENT_3D('',#5049,#4043,#4044);
#3749=AXIS2_PLACEMENT_3D('',#5050,#4045,#4046);
#3750=AXIS2_PLACEMENT_3D('',#5051,#4047,#4048);
#3751=AXIS2_PLACEMENT_3D('',#5052,#4049,#4050);
#3752=AXIS2_PLACEMENT_3D('',#5054,#4051,#4052);
#3753=AXIS2_PLACEMENT_3D('',#5057,#4054,#4055);
#3754=AXIS2_PLACEMENT_3D('',#5058,#4056,#4057);
#3755=AXIS2_PLACEMENT_3D('',#5059,#4058,#4059);
#3756=AXIS2_PLACEMENT_3D('',#5061,#4060,#4061);
#3757=AXIS2_PLACEMENT_3D('',#5064,#4063,#4064);
#3758=AXIS2_PLACEMENT_3D('',#5065,#4065,#4066);
#3759=AXIS2_PLACEMENT_3D('',#5066,#4067,#4068);
#3760=AXIS2_PLACEMENT_3D('',#5075,#4073,#4074);
#3761=AXIS2_PLACEMENT_3D('',#5076,#4075,#4076);
#3762=AXIS2_PLACEMENT_3D('',#5077,#4077,#4078);
#3763=AXIS2_PLACEMENT_3D('',#5086,#4083,#4084);
#3764=AXIS2_PLACEMENT_3D('',#5087,#4085,#4086);
#3765=AXIS2_PLACEMENT_3D('',#5088,#4087,#4088);
#3766=AXIS2_PLACEMENT_3D('',#5090,#4089,#4090);
#3767=AXIS2_PLACEMENT_3D('',#5091,#4091,#4092);
#3768=AXIS2_PLACEMENT_3D('',#5092,#4093,#4094);
#3769=AXIS2_PLACEMENT_3D('',#5093,#4095,#4096);
#3770=AXIS2_PLACEMENT_3D('',#5102,#4101,#4102);
#3771=AXIS2_PLACEMENT_3D('',#5103,#4103,#4104);
#3772=AXIS2_PLACEMENT_3D('',#5104,#4105,#4106);
#3773=AXIS2_PLACEMENT_3D('',#5113,#4111,#4112);
#3774=AXIS2_PLACEMENT_3D('',#5114,#4113,#4114);
#3775=AXIS2_PLACEMENT_3D('',#5115,#4115,#4116);
#3776=AXIS2_PLACEMENT_3D('',#5116,#4117,#4118);
#3777=AXIS2_PLACEMENT_3D('',#5118,#4119,#4120);
#3778=AXIS2_PLACEMENT_3D('',#5120,#4122,#4123);
#3779=AXIS2_PLACEMENT_3D('',#5121,#4124,#4125);
#3780=AXIS2_PLACEMENT_3D('',#5122,#4126,#4127);
#3781=AXIS2_PLACEMENT_3D('',#5123,#4128,#4129);
#3782=AXIS2_PLACEMENT_3D('',#5125,#4130,#4131);
#3783=AXIS2_PLACEMENT_3D('',#5127,#4132,#4133);
#3784=AXIS2_PLACEMENT_3D('',#5128,#4134,#4135);
#3785=AXIS2_PLACEMENT_3D('',#5129,#4136,#4137);
#3786=AXIS2_PLACEMENT_3D('',#5131,#4138,#4139);
#3787=AXIS2_PLACEMENT_3D('',#5132,#4140,#4141);
#3788=AXIS2_PLACEMENT_3D('',#5134,#4142,#4143);
#3789=AXIS2_PLACEMENT_3D('',#5138,#4145,#4146);
#3790=AXIS2_PLACEMENT_3D('',#5139,#4147,#4148);
#3791=AXIS2_PLACEMENT_3D('',#5140,#4149,#4150);
#3792=AXIS2_PLACEMENT_3D('',#5143,#4152,#4153);
#3793=AXIS2_PLACEMENT_3D('',#5144,#4154,#4155);
#3794=AXIS2_PLACEMENT_3D('',#5145,#4156,#4157);
#3795=AXIS2_PLACEMENT_3D('',#5148,#4158,#4159);
#3796=AXIS2_PLACEMENT_3D('',#5152,#4161,#4162);
#3797=AXIS2_PLACEMENT_3D('',#5154,#4164,#4165);
#3798=AXIS2_PLACEMENT_3D('',#5160,#4169,#4170);
#3799=AXIS2_PLACEMENT_3D('',#5163,#4171,#4172);
#3800=AXIS2_PLACEMENT_3D('',#5167,#4174,#4175);
#3801=AXIS2_PLACEMENT_3D('',#5169,#4177,#4178);
#3802=AXIS2_PLACEMENT_3D('',#5175,#4182,#4183);
#3803=AXIS2_PLACEMENT_3D('',#5178,#4184,#4185);
#3804=AXIS2_PLACEMENT_3D('',#5182,#4187,#4188);
#3805=AXIS2_PLACEMENT_3D('',#5184,#4190,#4191);
#3806=AXIS2_PLACEMENT_3D('',#5192,#4197,#4198);
#3807=AXIS2_PLACEMENT_3D('',#5207,#4206,#4207);
#3808=AXIS2_PLACEMENT_3D('',#5225,#4216,#4217);
#3809=AXIS2_PLACEMENT_3D('',#5227,#4218,#4219);
#3810=AXIS2_PLACEMENT_3D('',#5229,#4220,#4221);
#3811=AXIS2_PLACEMENT_3D('',#5230,#4222,#4223);
#3812=AXIS2_PLACEMENT_3D('',#5232,#4224,#4225);
#3813=AXIS2_PLACEMENT_3D('',#5234,#4227,#4228);
#3814=AXIS2_PLACEMENT_3D('',#5240,#4232,#4233);
#3815=AXIS2_PLACEMENT_3D('',#5250,#4239,#4240);
#3816=AXIS2_PLACEMENT_3D('',#5256,#4244,#4245);
#3817=AXIS2_PLACEMENT_3D('',#5260,#4248,#4249);
#3818=AXIS2_PLACEMENT_3D('',#5264,#4252,#4253);
#3819=AXIS2_PLACEMENT_3D('',#5266,#4255,#4256);
#3820=AXIS2_PLACEMENT_3D('',#5268,#4258,#4259);
#3821=AXIS2_PLACEMENT_3D('',#5281,#4266,#4267);
#3822=AXIS2_PLACEMENT_3D('',#5287,#4271,#4272);
#3823=AXIS2_PLACEMENT_3D('',#5291,#4275,#4276);
#3824=AXIS2_PLACEMENT_3D('',#5295,#4279,#4280);
#3825=AXIS2_PLACEMENT_3D('',#5299,#4283,#4284);
#3826=AXIS2_PLACEMENT_3D('',#5303,#4287,#4288);
#3827=AXIS2_PLACEMENT_3D('',#5321,#4298,#4299);
#3828=AXIS2_PLACEMENT_3D('',#5327,#4303,#4304);
#3829=AXIS2_PLACEMENT_3D('',#5333,#4308,#4309);
#3830=AXIS2_PLACEMENT_3D('',#5337,#4312,#4313);
#3831=AXIS2_PLACEMENT_3D('',#5341,#4316,#4317);
#3832=AXIS2_PLACEMENT_3D('',#5345,#4320,#4321);
#3833=AXIS2_PLACEMENT_3D('',#5347,#4323,#4324);
#3834=AXIS2_PLACEMENT_3D('',#5351,#4327,#4328);
#3835=AXIS2_PLACEMENT_3D('',#5353,#4330,#4331);
#3836=AXIS2_PLACEMENT_3D('',#5362,#4336,#4337);
#3837=AXIS2_PLACEMENT_3D('',#5364,#4338,#4339);
#3838=AXIS2_PLACEMENT_3D('',#5366,#4340,#4341);
#3839=AXIS2_PLACEMENT_3D('',#5368,#4343,#4344);
#3840=AXIS2_PLACEMENT_3D('',#5374,#4348,#4349);
#3841=AXIS2_PLACEMENT_3D('',#5375,#4350,#4351);
#3842=AXIS2_PLACEMENT_3D('',#5376,#4352,#4353);
#3843=AXIS2_PLACEMENT_3D('',#5377,#4354,#4355);
#3844=AXIS2_PLACEMENT_3D('',#5378,#4356,#4357);
#3845=AXIS2_PLACEMENT_3D('',#5379,#4358,#4359);
#3846=AXIS2_PLACEMENT_3D('',#5380,#4360,#4361);
#3847=AXIS2_PLACEMENT_3D('',#5381,#4362,#4363);
#3848=AXIS2_PLACEMENT_3D('',#5383,#4364,#4365);
#3849=AXIS2_PLACEMENT_3D('',#5384,#4366,#4367);
#3850=AXIS2_PLACEMENT_3D('',#5385,#4368,#4369);
#3851=AXIS2_PLACEMENT_3D('',#5386,#4370,#4371);
#3852=AXIS2_PLACEMENT_3D('',#5387,#4372,#4373);
#3853=AXIS2_PLACEMENT_3D('',#5388,#4374,#4375);
#3854=AXIS2_PLACEMENT_3D('',#5390,#4377,#4378);
#3855=AXIS2_PLACEMENT_3D('',#5391,#4379,#4380);
#3856=AXIS2_PLACEMENT_3D('',#5394,#4382,#4383);
#3857=AXIS2_PLACEMENT_3D('',#5395,#4384,#4385);
#3858=AXIS2_PLACEMENT_3D('',#5397,#4386,#4387);
#3859=AXIS2_PLACEMENT_3D('',#5399,#4389,#4390);
#3860=AXIS2_PLACEMENT_3D('',#5401,#4392,#4393);
#3861=AXIS2_PLACEMENT_3D('',#5402,#4394,#4395);
#3862=AXIS2_PLACEMENT_3D('',#5404,#4396,#4397);
#3863=AXIS2_PLACEMENT_3D('',#5406,#4399,#4400);
#3864=AXIS2_PLACEMENT_3D('',#5408,#4401,#4402);
#3865=AXIS2_PLACEMENT_3D('',#5410,#4404,#4405);
#3866=AXIS2_PLACEMENT_3D('',#5412,#4407,#4408);
#3867=AXIS2_PLACEMENT_3D('',#5416,#4411,#4412);
#3868=AXIS2_PLACEMENT_3D('',#5418,#4414,#4415);
#3869=AXIS2_PLACEMENT_3D('',#5419,#4416,#4417);
#3870=AXIS2_PLACEMENT_3D('',#5420,#4418,#4419);
#3871=AXIS2_PLACEMENT_3D('',#5423,#4420,#4421);
#3872=AXIS2_PLACEMENT_3D('',#5427,#4423,#4424);
#3873=AXIS2_PLACEMENT_3D('',#5429,#4426,#4427);
#3874=AXIS2_PLACEMENT_3D('',#5435,#4431,#4432);
#3875=AXIS2_PLACEMENT_3D('',#5437,#4433,#4434);
#3876=AXIS2_PLACEMENT_3D('',#5439,#4436,#4437);
#3877=AXIS2_PLACEMENT_3D('',#5443,#4440,#4441);
#3878=AXIS2_PLACEMENT_3D('',#5444,#4442,#4443);
#3879=AXIS2_PLACEMENT_3D('',#5445,#4444,#4445);
#3880=AXIS2_PLACEMENT_3D('',#5446,#4446,#4447);
#3881=AXIS2_PLACEMENT_3D('',#5455,#4452,#4453);
#3882=AXIS2_PLACEMENT_3D('',#5461,#4457,#4458);
#3883=AXIS2_PLACEMENT_3D('',#5467,#4462,#4463);
#3884=AXIS2_PLACEMENT_3D('',#5470,#4466,#4467);
#3885=AXIS2_PLACEMENT_3D('',#5472,#4468,#4469);
#3886=AXIS2_PLACEMENT_3D('',#5475,#4471,#4472);
#3887=AXIS2_PLACEMENT_3D('',#5476,#4473,#4474);
#3888=AXIS2_PLACEMENT_3D('',#5485,#4479,#4480);
#3889=AXIS2_PLACEMENT_3D('',#5486,#4481,#4482);
#3890=AXIS2_PLACEMENT_3D('',#5487,#4483,#4484);
#3891=AXIS2_PLACEMENT_3D('',#5488,#4485,#4486);
#3892=AXIS2_PLACEMENT_3D('',#5489,#4487,#4488);
#3893=AXIS2_PLACEMENT_3D('',#5492,#4489,#4490);
#3894=AXIS2_PLACEMENT_3D('',#5496,#4492,#4493);
#3895=AXIS2_PLACEMENT_3D('',#5498,#4495,#4496);
#3896=AXIS2_PLACEMENT_3D('',#5499,#4497,#4498);
#3897=AXIS2_PLACEMENT_3D('',#5504,#4500,#4501);
#3898=AXIS2_PLACEMENT_3D('',#5507,#4503,#4504);
#3899=AXIS2_PLACEMENT_3D('',#5508,#4505,#4506);
#3900=AXIS2_PLACEMENT_3D('',#5511,#4509,#4510);
#3901=AXIS2_PLACEMENT_3D('',#5513,#4512,#4513);
#3902=AXIS2_PLACEMENT_3D('',#5515,#4515,#4516);
#3903=AXIS2_PLACEMENT_3D('',#5516,#4517,#4518);
#3904=AXIS2_PLACEMENT_3D('',#5517,#4519,#4520);
#3905=AXIS2_PLACEMENT_3D('',#5526,#4525,#4526);
#3906=AXIS2_PLACEMENT_3D('',#5532,#4530,#4531);
#3907=AXIS2_PLACEMENT_3D('',#5538,#4535,#4536);
#3908=AXIS2_PLACEMENT_3D('',#5541,#4539,#4540);
#3909=AXIS2_PLACEMENT_3D('',#5550,#4545,#4546);
#3910=AXIS2_PLACEMENT_3D('',#5556,#4550,#4551);
#3911=AXIS2_PLACEMENT_3D('',#5562,#4555,#4556);
#3912=AXIS2_PLACEMENT_3D('',#5565,#4559,#4560);
#3913=AXIS2_PLACEMENT_3D('',#5574,#4565,#4566);
#3914=AXIS2_PLACEMENT_3D('',#5580,#4570,#4571);
#3915=AXIS2_PLACEMENT_3D('',#5586,#4575,#4576);
#3916=AXIS2_PLACEMENT_3D('',#5589,#4579,#4580);
#3917=AXIS2_PLACEMENT_3D('',#5590,#4581,#4582);
#3918=AXIS2_PLACEMENT_3D('',#5591,#4583,#4584);
#3919=AXIS2_PLACEMENT_3D('',#5593,#4585,#4586);
#3920=AXIS2_PLACEMENT_3D('',#5596,#4588,#4589);
#3921=AXIS2_PLACEMENT_3D('',#5597,#4590,#4591);
#3922=AXIS2_PLACEMENT_3D('',#5598,#4592,#4593);
#3923=AXIS2_PLACEMENT_3D('',#5599,#4594,#4595);
#3924=AXIS2_PLACEMENT_3D('',#5600,#4596,#4597);
#3925=AXIS2_PLACEMENT_3D('',#5609,#4602,#4603);
#3926=AXIS2_PLACEMENT_3D('',#5615,#4607,#4608);
#3927=AXIS2_PLACEMENT_3D('',#5621,#4612,#4613);
#3928=AXIS2_PLACEMENT_3D('',#5624,#4616,#4617);
#3929=AXIS2_PLACEMENT_3D('',#5625,#4618,#4619);
#3930=AXIS2_PLACEMENT_3D('',#5626,#4620,#4621);
#3931=AXIS2_PLACEMENT_3D('',#5629,#4622,#4623);
#3932=AXIS2_PLACEMENT_3D('',#5633,#4625,#4626);
#3933=AXIS2_PLACEMENT_3D('',#5635,#4628,#4629);
#3934=AXIS2_PLACEMENT_3D('',#5657,#4641,#4642);
#3935=AXIS2_PLACEMENT_3D('',#5660,#4643,#4644);
#3936=AXIS2_PLACEMENT_3D('',#5664,#4646,#4647);
#3937=AXIS2_PLACEMENT_3D('',#5666,#4649,#4650);
#3938=AXIS2_PLACEMENT_3D('',#5670,#4652,#4653);
#3939=AXIS2_PLACEMENT_3D('',#5675,#4656,#4657);
#3940=AXIS2_PLACEMENT_3D('',#5678,#4659,#4660);
#3941=AXIS2_PLACEMENT_3D('',#5679,#4661,#4662);
#3942=AXIS2_PLACEMENT_3D('',#5682,#4663,#4664);
#3943=AXIS2_PLACEMENT_3D('',#5686,#4666,#4667);
#3944=AXIS2_PLACEMENT_3D('',#5688,#4669,#4670);
#3945=AXIS2_PLACEMENT_3D('',#5710,#4682,#4683);
#3946=AXIS2_PLACEMENT_3D('',#5717,#4688,#4689);
#3947=AXIS2_PLACEMENT_3D('',#5720,#4690,#4691);
#3948=AXIS2_PLACEMENT_3D('',#5724,#4693,#4694);
#3949=AXIS2_PLACEMENT_3D('',#5726,#4696,#4697);
#3950=AXIS2_PLACEMENT_3D('',#5733,#4702,#4703);
#3951=AXIS2_PLACEMENT_3D('',#5753,#4714,#4715);
#3952=AXIS2_PLACEMENT_3D('',#5756,#4718,#4719);
#3953=AXIS2_PLACEMENT_3D('',#5758,#4721,#4722);
#3954=AXIS2_PLACEMENT_3D('',#5760,#4724,#4725);
#3955=AXIS2_PLACEMENT_3D('',#5761,#4726,#4727);
#3956=AXIS2_PLACEMENT_3D('',#5763,#4729,#4730);
#3957=AXIS2_PLACEMENT_3D('',#5765,#4732,#4733);
#3958=AXIS2_PLACEMENT_3D('',#5767,#4735,#4736);
#3959=AXIS2_PLACEMENT_3D('',#5769,#4738,#4739);
#3960=AXIS2_PLACEMENT_3D('',#5771,#4741,#4742);
#3961=AXIS2_PLACEMENT_3D('',#5774,#4744,#4745);
#3962=AXIS2_PLACEMENT_3D('',#5775,#4746,#4747);
#3963=AXIS2_PLACEMENT_3D('',#5778,#4748,#4749);
#3964=AXIS2_PLACEMENT_3D('',#5781,#4752,#4753);
#3965=AXIS2_PLACEMENT_3D('',#5783,#4755,#4756);
#3966=AXIS2_PLACEMENT_3D('',#5784,#4757,#4758);
#3967=AXIS2_PLACEMENT_3D('',#5785,#4759,#4760);
#3968=AXIS2_PLACEMENT_3D('',#5791,#4764,#4765);
#3969=AXIS2_PLACEMENT_3D('',#5795,#4768,#4769);
#3970=AXIS2_PLACEMENT_3D('',#5799,#4772,#4773);
#3971=AXIS2_PLACEMENT_3D('',#5801,#4775,#4776);
#3972=AXIS2_PLACEMENT_3D('',#5807,#4780,#4781);
#3973=AXIS2_PLACEMENT_3D('',#5811,#4784,#4785);
#3974=AXIS2_PLACEMENT_3D('',#5815,#4788,#4789);
#3975=AXIS2_PLACEMENT_3D('',#5819,#4792,#4793);
#3976=AXIS2_PLACEMENT_3D('',#5821,#4795,#4796);
#3977=AXIS2_PLACEMENT_3D('',#5823,#4798,#4799);
#3978=AXIS2_PLACEMENT_3D('',#5825,#4801,#4802);
#3979=AXIS2_PLACEMENT_3D('',#5826,#4803,#4804);
#3980=AXIS2_PLACEMENT_3D('',#5827,#4805,#4806);
#3981=AXIS2_PLACEMENT_3D('',#5828,#4807,#4808);
#3982=AXIS2_PLACEMENT_3D('',#5829,#4809,#4810);
#3983=AXIS2_PLACEMENT_3D('',#5830,#4811,#4812);
#3984=AXIS2_PLACEMENT_3D('',#5831,#4813,#4814);
#3985=AXIS2_PLACEMENT_3D('',#5840,#4819,#4820);
#3986=AXIS2_PLACEMENT_3D('',#5846,#4824,#4825);
#3987=AXIS2_PLACEMENT_3D('',#5852,#4829,#4830);
#3988=AXIS2_PLACEMENT_3D('',#5858,#4834,#4835);
#3989=AXIS2_PLACEMENT_3D('',#5864,#4839,#4840);
#3990=AXIS2_PLACEMENT_3D('',#5870,#4844,#4845);
#3991=AXIS2_PLACEMENT_3D('',#5876,#4849,#4850);
#3992=AXIS2_PLACEMENT_3D('',#5882,#4854,#4855);
#3993=AXIS2_PLACEMENT_3D('',#5888,#4859,#4860);
#3994=AXIS2_PLACEMENT_3D('',#5894,#4864,#4865);
#3995=AXIS2_PLACEMENT_3D('',#5897,#4868,#4869);
#3996=AXIS2_PLACEMENT_3D('',#5898,#4870,#4871);
#3997=AXIS2_PLACEMENT_3D('',#5899,#4872,#4873);
#3998=AXIS2_PLACEMENT_3D('',#5908,#4878,#4879);
#3999=AXIS2_PLACEMENT_3D('',#5914,#4883,#4884);
#4000=AXIS2_PLACEMENT_3D('',#5920,#4888,#4889);
#4001=AXIS2_PLACEMENT_3D('',#5926,#4893,#4894);
#4002=AXIS2_PLACEMENT_3D('',#5932,#4898,#4899);
#4003=AXIS2_PLACEMENT_3D('',#5938,#4903,#4904);
#4004=AXIS2_PLACEMENT_3D('',#5944,#4908,#4909);
#4005=AXIS2_PLACEMENT_3D('',#5950,#4913,#4914);
#4006=AXIS2_PLACEMENT_3D('',#5956,#4918,#4919);
#4007=AXIS2_PLACEMENT_3D('',#5962,#4923,#4924);
#4008=AXIS2_PLACEMENT_3D('',#5965,#4927,#4928);
#4009=AXIS2_PLACEMENT_3D('',#5966,#4929,#4930);
#4010=AXIS2_PLACEMENT_3D('',#5967,#4931,#4932);
#4011=AXIS2_PLACEMENT_3D('',#5976,#4937,#4938);
#4012=AXIS2_PLACEMENT_3D('',#5982,#4942,#4943);
#4013=AXIS2_PLACEMENT_3D('',#5988,#4947,#4948);
#4014=AXIS2_PLACEMENT_3D('',#5991,#4951,#4952);
#4015=AXIS2_PLACEMENT_3D('',#5992,#4953,#4954);
#4016=AXIS2_PLACEMENT_3D('',#5993,#4955,#4956);
#4017=AXIS2_PLACEMENT_3D('',#5995,#4957,#4958);
#4018=AXIS2_PLACEMENT_3D('',#5998,#4960,#4961);
#4019=AXIS2_PLACEMENT_3D('',#5999,#4962,#4963);
#4020=AXIS2_PLACEMENT_3D('',#6008,#4968,#4969);
#4021=AXIS2_PLACEMENT_3D('',#6014,#4973,#4974);
#4022=AXIS2_PLACEMENT_3D('',#6020,#4978,#4979);
#4023=AXIS2_PLACEMENT_3D('',#6023,#4982,#4983);
#4024=AXIS2_PLACEMENT_3D('',#6024,#4984,#4985);
#4025=AXIS2_PLACEMENT_3D('',#6025,#4986,#4987);
#4026=AXIS2_PLACEMENT_3D('',#6034,#4992,#4993);
#4027=AXIS2_PLACEMENT_3D('',#6040,#4997,#4998);
#4028=AXIS2_PLACEMENT_3D('',#6046,#5002,#5003);
#4029=AXIS2_PLACEMENT_3D('',#6052,#5007,#5008);
#4030=AXIS2_PLACEMENT_3D('',#6058,#5012,#5013);
#4031=AXIS2_PLACEMENT_3D('',#6061,#5016,#5017);
#4032=AXIS2_PLACEMENT_3D('',#6062,#5018,#5019);
#4033=AXIS2_PLACEMENT_3D('',#6063,#5020,#5021);
#4034=AXIS2_PLACEMENT_3D('',#6072,#5026,#5027);
#4035=AXIS2_PLACEMENT_3D('',#6078,#5031,#5032);
#4036=AXIS2_PLACEMENT_3D('',#6084,#5036,#5037);
#4037=AXIS2_PLACEMENT_3D('',#6087,#5040,#5041);
#4038=AXIS2_PLACEMENT_3D('',#6088,#5042,#5043);
#4039=AXIS2_PLACEMENT_3D('',#6089,#5044,#5045);
#4040=AXIS2_PLACEMENT_3D('',#6090,#5046,#5047);
#4041=DIRECTION('axis',(0.,0.,1.));
#4042=DIRECTION('refdir',(1.,0.,0.));
#4043=DIRECTION('axis',(0.,0.,1.));
#4044=DIRECTION('refdir',(1.,0.,0.));
#4045=DIRECTION('axis',(0.,0.,1.));
#4046=DIRECTION('refdir',(1.,0.,0.));
#4047=DIRECTION('axis',(0.,0.,1.));
#4048=DIRECTION('refdir',(1.,0.,0.));
#4049=DIRECTION('center_axis',(0.,1.,0.));
#4050=DIRECTION('ref_axis',(1.,0.,0.));
#4051=DIRECTION('center_axis',(9.17921724688724E-16,1.,2.94081229625378E-16));
#4052=DIRECTION('ref_axis',(0.813826036051074,0.,0.581108581114921));
#4053=DIRECTION('',(0.,-1.,0.));
#4054=DIRECTION('center_axis',(0.,1.,0.));
#4055=DIRECTION('ref_axis',(0.813826036051074,0.,0.581108581114921));
#4056=DIRECTION('center_axis',(0.,-1.,0.));
#4057=DIRECTION('ref_axis',(0.,0.,-1.));
#4058=DIRECTION('center_axis',(0.,-1.,0.));
#4059=DIRECTION('ref_axis',(1.,0.,0.));
#4060=DIRECTION('center_axis',(9.17921724688724E-16,-1.,-2.94081229625378E-16));
#4061=DIRECTION('ref_axis',(0.813826036051074,0.,-0.581108581114921));
#4062=DIRECTION('',(0.,1.,0.));
#4063=DIRECTION('center_axis',(0.,-1.,0.));
#4064=DIRECTION('ref_axis',(0.813826036051074,0.,-0.581108581114921));
#4065=DIRECTION('center_axis',(0.,1.,0.));
#4066=DIRECTION('ref_axis',(0.,0.,1.));
#4067=DIRECTION('center_axis',(0.,0.,-1.));
#4068=DIRECTION('ref_axis',(-1.,0.,0.));
#4069=DIRECTION('',(1.,0.,0.));
#4070=DIRECTION('',(0.,-1.,0.));
#4071=DIRECTION('',(1.,0.,0.));
#4072=DIRECTION('',(0.,1.,0.));
#4073=DIRECTION('center_axis',(0.,-1.,0.));
#4074=DIRECTION('ref_axis',(0.,0.,-1.));
#4075=DIRECTION('center_axis',(-1.74422987617007E-31,1.,2.52323414687535E-15));
#4076=DIRECTION('ref_axis',(-0.735379346011991,1.62670040238118E-15,-0.677655677655678));
#4077=DIRECTION('center_axis',(0.,0.,1.));
#4078=DIRECTION('ref_axis',(1.,0.,0.));
#4079=DIRECTION('',(-1.,0.,0.));
#4080=DIRECTION('',(0.,-1.,0.));
#4081=DIRECTION('',(-1.,0.,0.));
#4082=DIRECTION('',(0.,1.,0.));
#4083=DIRECTION('center_axis',(0.,-1.,0.));
#4084=DIRECTION('ref_axis',(0.,0.,-1.));
#4085=DIRECTION('center_axis',(-1.65904146685269E-15,1.,-3.78484758845238E-15));
#4086=DIRECTION('ref_axis',(0.735379631047048,4.06675100595295E-15,0.677655368340802));
#4087=DIRECTION('center_axis',(0.,-1.,0.));
#4088=DIRECTION('ref_axis',(0.,0.,-1.));
#4089=DIRECTION('center_axis',(3.07364760452955E-15,-1.,-6.46417896540608E-22));
#4090=DIRECTION('ref_axis',(0.735379631047048,2.44005060357177E-15,0.677655368340801));
#4091=DIRECTION('center_axis',(3.07364760452955E-15,-1.,-6.46417896540608E-22));
#4092=DIRECTION('ref_axis',(0.735379631047048,2.44005060357177E-15,0.677655368340801));
#4093=DIRECTION('center_axis',(-2.21202978007752E-14,-1.,8.63784401165772E-15));
#4094=DIRECTION('ref_axis',(-1.,2.1960455432146E-14,3.05006325446472E-16));
#4095=DIRECTION('center_axis',(0.,0.,1.));
#4096=DIRECTION('ref_axis',(1.,0.,0.));
#4097=DIRECTION('',(1.,0.,0.));
#4098=DIRECTION('',(0.,1.,0.));
#4099=DIRECTION('',(1.,0.,0.));
#4100=DIRECTION('',(0.,-1.,0.));
#4101=DIRECTION('center_axis',(0.,1.,0.));
#4102=DIRECTION('ref_axis',(0.,0.,1.));
#4103=DIRECTION('center_axis',(-5.53013822284231E-16,-1.,-3.78484758845238E-15));
#4104=DIRECTION('ref_axis',(-0.735379631047047,-2.44005060357177E-15,0.677655368340802));
#4105=DIRECTION('center_axis',(0.,0.,-1.));
#4106=DIRECTION('ref_axis',(-1.,0.,0.));
#4107=DIRECTION('',(-1.,0.,0.));
#4108=DIRECTION('',(0.,1.,0.));
#4109=DIRECTION('',(-1.,0.,0.));
#4110=DIRECTION('',(0.,-1.,0.));
#4111=DIRECTION('center_axis',(0.,1.,0.));
#4112=DIRECTION('ref_axis',(0.,0.,1.));
#4113=DIRECTION('center_axis',(-1.10602807326782E-15,-1.,-1.32561470588925E-29));
#4114=DIRECTION('ref_axis',(0.735379346011992,-8.1335020119059E-16,-0.677655677655677));
#4115=DIRECTION('center_axis',(0.,1.,0.));
#4116=DIRECTION('ref_axis',(-1.,0.,0.));
#4117=DIRECTION('center_axis',(1.69972514407267E-14,1.,-5.43708338836276E-15));
#4118=DIRECTION('ref_axis',(-0.735379631047047,1.62670040238118E-14,0.677655368340803));
#4119=DIRECTION('center_axis',(4.61047146332728E-15,1.,6.00119721186655E-16));
#4120=DIRECTION('ref_axis',(0.735379346011993,-3.25340080476236E-15,-0.677655677655676));
#4121=DIRECTION('',(0.,-1.,0.));
#4122=DIRECTION('center_axis',(4.61047146332728E-15,1.,6.00119721186655E-16));
#4123=DIRECTION('ref_axis',(0.735379346011993,-3.25340080476236E-15,-0.677655677655676));
#4124=DIRECTION('center_axis',(0.,1.,0.));
#4125=DIRECTION('ref_axis',(0.,0.,1.));
#4126=DIRECTION('axis',(0.,0.,1.));
#4127=DIRECTION('refdir',(1.,0.,0.));
#4128=DIRECTION('center_axis',(1.82173604458936E-16,1.,1.31285686921576E-16));
#4129=DIRECTION('ref_axis',(0.,0.,1.));
#4130=DIRECTION('center_axis',(0.,-1.,0.));
#4131=DIRECTION('ref_axis',(1.20771434571347E-16,0.,-1.));
#4132=DIRECTION('center_axis',(-1.,1.82173604458936E-16,1.22464679914735E-16));
#4133=DIRECTION('ref_axis',(-1.22464679914735E-16,0.,-1.));
#4134=DIRECTION('center_axis',(2.87418396286637E-16,-1.,-2.87418396286636E-16));
#4135=DIRECTION('ref_axis',(-6.12323399573678E-17,3.46944695195361E-16,
-1.));
#4136=DIRECTION('center_axis',(0.,1.,0.));
#4137=DIRECTION('ref_axis',(0.,0.,1.));
#4138=DIRECTION('center_axis',(2.49016680118478E-32,-1.,-4.06675100595296E-16));
#4139=DIRECTION('ref_axis',(-1.,0.,3.1118075582587E-16));
#4140=DIRECTION('center_axis',(-9.84073258767116E-16,-1.,2.35546312662102E-15));
#4141=DIRECTION('ref_axis',(0.813826036051073,-2.16964427474556E-15,-0.581108581114922));
#4142=DIRECTION('center_axis',(-2.83754328795795E-16,-1.,-1.88891120945616E-15));
#4143=DIRECTION('ref_axis',(0.813826036051074,1.15049018095871E-15,-0.581108581114921));
#4144=DIRECTION('',(-0.575461908797885,-0.707106781186543,0.410905818312057));
#4145=DIRECTION('center_axis',(5.20744055352257E-16,1.,1.66834543729782E-16));
#4146=DIRECTION('ref_axis',(0.813826036051073,0.,0.581108581114921));
#4147=DIRECTION('center_axis',(5.20744055352257E-16,1.,1.66834543729782E-16));
#4148=DIRECTION('ref_axis',(0.813826036051073,0.,0.581108581114921));
#4149=DIRECTION('center_axis',(0.,1.,0.));
#4150=DIRECTION('ref_axis',(1.,0.,0.));
#4151=DIRECTION('',(0.,-1.,0.));
#4152=DIRECTION('center_axis',(2.63291276238407E-16,-1.,1.75269165108191E-15));
#4153=DIRECTION('ref_axis',(0.813826036051073,-1.06752213906265E-15,-0.581108581114921));
#4154=DIRECTION('center_axis',(0.,1.,0.));
#4155=DIRECTION('ref_axis',(0.,0.,1.));
#4156=DIRECTION('center_axis',(0.,-1.,0.));
#4157=DIRECTION('ref_axis',(1.,0.,0.));
#4158=DIRECTION('center_axis',(-6.70078870827233E-16,1.,-6.70078870827233E-16));
#4159=DIRECTION('ref_axis',(1.,5.55111512312578E-16,0.));
#4160=DIRECTION('',(0.,-1.,0.));
#4161=DIRECTION('center_axis',(-6.70078870827233E-16,-1.,-6.70078870827233E-16));
#4162=DIRECTION('ref_axis',(5.55111512312578E-16,-5.55111512312578E-16,
1.));
#4163=DIRECTION('',(0.,1.,0.));
#4164=DIRECTION('center_axis',(-1.,0.,0.));
#4165=DIRECTION('ref_axis',(0.,0.,1.));
#4166=DIRECTION('',(0.,0.,1.));
#4167=DIRECTION('',(0.,1.,0.));
#4168=DIRECTION('',(0.,0.,-1.));
#4169=DIRECTION('center_axis',(0.,1.,0.));
#4170=DIRECTION('ref_axis',(-1.,0.,0.));
#4171=DIRECTION('center_axis',(6.70078870827233E-16,-1.,-6.70078870827233E-16));
#4172=DIRECTION('ref_axis',(-1.,-5.55111512312578E-16,0.));
#4173=DIRECTION('',(0.,1.,0.));
#4174=DIRECTION('center_axis',(6.70078870827233E-16,1.,-6.70078870827233E-16));
#4175=DIRECTION('ref_axis',(-5.55111512312578E-16,5.55111512312578E-16,
1.));
#4176=DIRECTION('',(0.,-1.,0.));
#4177=DIRECTION('center_axis',(1.,0.,0.));
#4178=DIRECTION('ref_axis',(0.,0.,-1.));
#4179=DIRECTION('',(0.,0.,1.));
#4180=DIRECTION('',(0.,1.,0.));
#4181=DIRECTION('',(0.,0.,-1.));
#4182=DIRECTION('center_axis',(0.,1.,0.));
#4183=DIRECTION('ref_axis',(1.,0.,0.));
#4184=DIRECTION('center_axis',(2.68031548330892E-15,-1.,-2.68031548330892E-15));
#4185=DIRECTION('ref_axis',(1.,2.7755575615629E-15,3.88578058618806E-15));
#4186=DIRECTION('',(0.,-1.,0.));
#4187=DIRECTION('center_axis',(2.68031548330892E-15,1.,-2.68031548330892E-15));
#4188=DIRECTION('ref_axis',(-3.88578058618806E-15,-2.7755575615629E-15,
-1.));
#4189=DIRECTION('',(0.,1.,0.));
#4190=DIRECTION('center_axis',(0.,0.,-1.));
#4191=DIRECTION('ref_axis',(-1.,0.,0.));
#4192=DIRECTION('',(1.,0.,0.));
#4193=DIRECTION('',(0.,-1.,0.));
#4194=DIRECTION('',(-1.,0.,0.));
#4195=DIRECTION('',(1.,0.,0.));
#4196=DIRECTION('',(-1.,0.,0.));
#4197=DIRECTION('center_axis',(0.,-1.,0.));
#4198=DIRECTION('ref_axis',(0.,0.,-1.));
#4199=DIRECTION('',(0.,0.,1.));
#4200=DIRECTION('',(-1.,0.,0.));
#4201=DIRECTION('',(0.,0.,1.));
#4202=DIRECTION('',(1.,0.,0.));
#4203=DIRECTION('',(0.,0.,1.));
#4204=DIRECTION('',(-1.,0.,0.));
#4205=DIRECTION('',(0.,0.,-1.));
#4206=DIRECTION('center_axis',(0.,1.,0.));
#4207=DIRECTION('ref_axis',(-1.,0.,-3.33066907387547E-15));
#4208=DIRECTION('',(0.,0.,-1.));
#4209=DIRECTION('',(1.,0.,0.));
#4210=DIRECTION('',(0.,0.,-1.));
#4211=DIRECTION('',(-1.,0.,0.));
#4212=DIRECTION('',(0.,0.,1.));
#4213=DIRECTION('',(1.,0.,0.));
#4214=DIRECTION('',(0.,0.,1.));
#4215=DIRECTION('',(1.,0.,0.));
#4216=DIRECTION('center_axis',(-2.22418938078258E-18,1.,1.39894013176899E-15));
#4217=DIRECTION('ref_axis',(-0.813826036051074,8.13350201190591E-16,-0.581108581114921));
#4218=DIRECTION('center_axis',(-7.26146448094816E-16,1.,2.31472713918093E-15));
#4219=DIRECTION('ref_axis',(-0.813826036051073,7.40148683083438E-16,-0.581108581114922));
#4220=DIRECTION('center_axis',(-7.26146448094816E-16,1.,2.31472713918092E-15));
#4221=DIRECTION('ref_axis',(-0.813826036051073,7.40148683083438E-16,-0.581108581114922));
#4222=DIRECTION('center_axis',(0.,1.,0.));
#4223=DIRECTION('ref_axis',(0.,0.,-1.));
#4224=DIRECTION('center_axis',(0.,-1.,0.));
#4225=DIRECTION('ref_axis',(1.66533453693774E-15,0.,-1.));
#4226=DIRECTION('',(0.,1.,0.));
#4227=DIRECTION('center_axis',(-1.,0.,0.));
#4228=DIRECTION('ref_axis',(0.,0.,1.));
#4229=DIRECTION('',(0.,1.,0.));
#4230=DIRECTION('',(0.,1.,0.));
#4231=DIRECTION('',(0.,0.,1.));
#4232=DIRECTION('center_axis',(-1.,0.,0.));
#4233=DIRECTION('ref_axis',(0.,0.,1.));
#4234=DIRECTION('',(0.,-1.,0.));
#4235=DIRECTION('',(0.,0.,-1.));
#4236=DIRECTION('',(0.,-1.,0.));
#4237=DIRECTION('',(0.,0.,1.));
#4238=DIRECTION('',(0.,1.,0.));
#4239=DIRECTION('center_axis',(0.,1.,0.));
#4240=DIRECTION('ref_axis',(0.,0.,1.));
#4241=DIRECTION('',(1.,0.,0.));
#4242=DIRECTION('',(0.,0.,1.));
#4243=DIRECTION('',(1.,0.,0.));
#4244=DIRECTION('center_axis',(0.,0.,-1.));
#4245=DIRECTION('ref_axis',(-1.,0.,0.));
#4246=DIRECTION('',(0.,1.,0.));
#4247=DIRECTION('',(1.,0.,0.));
#4248=DIRECTION('center_axis',(0.,-1.,0.));
#4249=DIRECTION('ref_axis',(0.,0.,-1.));
#4250=DIRECTION('',(0.,0.,-1.));
#4251=DIRECTION('',(1.,0.,0.));
#4252=DIRECTION('center_axis',(0.,0.,1.));
#4253=DIRECTION('ref_axis',(1.,0.,0.));
#4254=DIRECTION('',(0.,-1.,0.));
#4255=DIRECTION('center_axis',(1.,0.,0.));
#4256=DIRECTION('ref_axis',(0.,0.,-1.));
#4257=DIRECTION('',(0.,1.,0.));
#4258=DIRECTION('center_axis',(-1.,0.,0.));
#4259=DIRECTION('ref_axis',(0.,0.,1.));
#4260=DIRECTION('',(0.,-1.,0.));
#4261=DIRECTION('',(0.,0.,-1.));
#4262=DIRECTION('',(0.,1.,0.));
#4263=DIRECTION('',(0.,0.,-1.));
#4264=DIRECTION('',(0.,-1.,0.));
#4265=DIRECTION('',(0.,0.,1.));
#4266=DIRECTION('center_axis',(0.,0.,1.));
#4267=DIRECTION('ref_axis',(1.,0.,0.));
#4268=DIRECTION('',(-1.,0.,0.));
#4269=DIRECTION('',(0.,-1.,0.));
#4270=DIRECTION('',(1.,0.,0.));
#4271=DIRECTION('center_axis',(0.,1.,0.));
#4272=DIRECTION('ref_axis',(0.,0.,1.));
#4273=DIRECTION('',(0.,0.,1.));
#4274=DIRECTION('',(1.,0.,0.));
#4275=DIRECTION('center_axis',(0.,0.,-1.));
#4276=DIRECTION('ref_axis',(-1.,0.,0.));
#4277=DIRECTION('',(0.,1.,0.));
#4278=DIRECTION('',(1.,0.,0.));
#4279=DIRECTION('center_axis',(0.,-1.,0.));
#4280=DIRECTION('ref_axis',(0.,0.,-1.));
#4281=DIRECTION('',(0.,0.,-1.));
#4282=DIRECTION('',(1.,0.,0.));
#4283=DIRECTION('center_axis',(1.,0.,0.));
#4284=DIRECTION('ref_axis',(0.,0.,-1.));
#4285=DIRECTION('',(0.,1.,0.));
#4286=DIRECTION('',(0.,0.,1.));
#4287=DIRECTION('center_axis',(0.,1.,0.));
#4288=DIRECTION('ref_axis',(0.,0.,1.));
#4289=DIRECTION('',(1.,0.,0.));
#4290=DIRECTION('',(0.,0.,1.));
#4291=DIRECTION('',(-1.,0.,0.));
#4292=DIRECTION('',(0.,0.,1.));
#4293=DIRECTION('',(-1.,0.,0.));
#4294=DIRECTION('',(0.,0.,-1.));
#4295=DIRECTION('',(1.,0.,0.));
#4296=DIRECTION('',(0.,0.,1.));
#4297=DIRECTION('',(-1.,0.,0.));
#4298=DIRECTION('center_axis',(0.,0.,-1.));
#4299=DIRECTION('ref_axis',(-1.,0.,0.));
#4300=DIRECTION('',(1.,0.,0.));
#4301=DIRECTION('',(0.,-1.,0.));
#4302=DIRECTION('',(0.,-1.,0.));
#4303=DIRECTION('center_axis',(0.,0.,-1.));
#4304=DIRECTION('ref_axis',(-1.,0.,0.));
#4305=DIRECTION('',(-1.,0.,0.));
#4306=DIRECTION('',(0.,-1.,0.));
#4307=DIRECTION('',(0.,-1.,0.));
#4308=DIRECTION('center_axis',(1.,0.,0.));
#4309=DIRECTION('ref_axis',(0.,0.,-1.));
#4310=DIRECTION('',(0.,0.,1.));
#4311=DIRECTION('',(0.,-1.,0.));
#4312=DIRECTION('center_axis',(1.,0.,0.));
#4313=DIRECTION('ref_axis',(0.,0.,-1.));
#4314=DIRECTION('',(0.,0.,-1.));
#4315=DIRECTION('',(0.,-1.,0.));
#4316=DIRECTION('center_axis',(-1.,0.,0.));
#4317=DIRECTION('ref_axis',(0.,0.,1.));
#4318=DIRECTION('',(0.,0.,-1.));
#4319=DIRECTION('',(0.,-1.,0.));
#4320=DIRECTION('center_axis',(0.,0.,1.));
#4321=DIRECTION('ref_axis',(1.,0.,0.));
#4322=DIRECTION('',(-1.,0.,0.));
#4323=DIRECTION('center_axis',(0.,0.,1.));
#4324=DIRECTION('ref_axis',(1.,0.,0.));
#4325=DIRECTION('',(1.,0.,0.));
#4326=DIRECTION('',(0.,-1.,0.));
#4327=DIRECTION('center_axis',(-1.,0.,0.));
#4328=DIRECTION('ref_axis',(0.,0.,1.));
#4329=DIRECTION('',(0.,0.,1.));
#4330=DIRECTION('center_axis',(0.,1.,0.));
#4331=DIRECTION('ref_axis',(0.,0.,1.));
#4332=DIRECTION('',(1.,0.,0.));
#4333=DIRECTION('',(0.,0.,1.));
#4334=DIRECTION('',(-1.,0.,0.));
#4335=DIRECTION('',(0.,0.,1.));
#4336=DIRECTION('center_axis',(0.,0.,1.));
#4337=DIRECTION('ref_axis',(0.657139657517014,-0.753768844221106,0.));
#4338=DIRECTION('center_axis',(1.30175689228861E-15,0.,1.));
#4339=DIRECTION('ref_axis',(0.657139657517014,0.753768844221105,-8.92641627839322E-16));
#4340=DIRECTION('center_axis',(0.,0.,-1.));
#4341=DIRECTION('ref_axis',(0.657139657517014,-0.753768844221106,0.));
#4342=DIRECTION('',(0.,0.,1.));
#4343=DIRECTION('center_axis',(0.,-1.,0.));
#4344=DIRECTION('ref_axis',(0.,0.,-1.));
#4345=DIRECTION('',(-1.,0.,0.));
#4346=DIRECTION('',(1.,0.,0.));
#4347=DIRECTION('',(0.,0.,1.));
#4348=DIRECTION('center_axis',(0.,0.,1.));
#4349=DIRECTION('ref_axis',(-0.657139657517014,0.753768844221105,0.));
#4350=DIRECTION('center_axis',(-1.30175689228861E-15,0.,1.));
#4351=DIRECTION('ref_axis',(-0.657139657517014,-0.753768844221106,-8.92641627839322E-16));
#4352=DIRECTION('center_axis',(0.,0.,-1.));
#4353=DIRECTION('ref_axis',(-0.657139657517014,0.753768844221106,0.));
#4354=DIRECTION('center_axis',(0.,0.,1.));
#4355=DIRECTION('ref_axis',(-0.633999649491669,0.773333333333331,0.));
#4356=DIRECTION('center_axis',(0.,0.,-1.));
#4357=DIRECTION('ref_axis',(-0.633999649491669,0.773333333333331,0.));
#4358=DIRECTION('center_axis',(-3.71207586634061E-15,-1.75683758818213E-15,
-1.));
#4359=DIRECTION('ref_axis',(-1.,-1.14723045877932E-15,3.55271367880049E-15));
#4360=DIRECTION('center_axis',(2.15707970641509E-15,0.,1.));
#4361=DIRECTION('ref_axis',(-0.63399964949167,-0.773333333333331,1.1842378929335E-15));
#4362=DIRECTION('center_axis',(0.,0.,1.));
#4363=DIRECTION('ref_axis',(0.633999649491669,-0.773333333333331,0.));
#4364=DIRECTION('center_axis',(0.,0.,-1.));
#4365=DIRECTION('ref_axis',(0.633999649491668,-0.773333333333331,0.));
#4366=DIRECTION('center_axis',(3.7120758663406E-15,1.75683758818213E-15,
-1.));
#4367=DIRECTION('ref_axis',(1.,-1.60365548001411E-15,3.55271367880049E-15));
#4368=DIRECTION('center_axis',(0.,0.,1.));
#4369=DIRECTION('ref_axis',(0.63399964949167,0.77333333333333,0.));
#4370=DIRECTION('center_axis',(0.,0.,1.));
#4371=DIRECTION('ref_axis',(1.,0.,0.));
#4372=DIRECTION('center_axis',(0.,0.,1.));
#4373=DIRECTION('ref_axis',(1.,0.,0.));
#4374=DIRECTION('center_axis',(0.,0.,1.));
#4375=DIRECTION('ref_axis',(1.,0.,0.));
#4376=DIRECTION('',(0.,-1.,0.));
#4377=DIRECTION('center_axis',(0.,0.,1.));
#4378=DIRECTION('ref_axis',(1.,0.,0.));
#4379=DIRECTION('center_axis',(0.,-1.,0.));
#4380=DIRECTION('ref_axis',(0.,0.,-1.));
#4381=DIRECTION('',(1.,0.,0.));
#4382=DIRECTION('center_axis',(-4.56371545479902E-17,1.,3.0379988618753E-16));
#4383=DIRECTION('ref_axis',(-0.813826036051073,1.85037170770859E-16,-0.581108581114921));
#4384=DIRECTION('center_axis',(0.,1.,0.));
#4385=DIRECTION('ref_axis',(-1.,0.,0.));
#4386=DIRECTION('center_axis',(-4.56371545479901E-17,-1.,-3.03799886187531E-16));
#4387=DIRECTION('ref_axis',(-0.813826036051073,-1.85037170770859E-16,0.581108581114922));
#4388=DIRECTION('',(0.,-1.,0.));
#4389=DIRECTION('center_axis',(0.,0.,-1.));
#4390=DIRECTION('ref_axis',(-1.,0.,0.));
#4391=DIRECTION('',(-1.,0.,0.));
#4392=DIRECTION('center_axis',(0.,1.,0.));
#4393=DIRECTION('ref_axis',(0.,0.,1.));
#4394=DIRECTION('center_axis',(0.,1.,0.));
#4395=DIRECTION('ref_axis',(-1.,0.,0.));
#4396=DIRECTION('center_axis',(1.78500593518937E-16,-1.,-1.33087149506944E-15));
#4397=DIRECTION('ref_axis',(-0.813826036051072,-7.40148683083439E-16,0.581108581114923));
#4398=DIRECTION('',(0.,-1.,0.));
#4399=DIRECTION('center_axis',(0.,1.,0.));
#4400=DIRECTION('ref_axis',(-1.,0.,0.));
#4401=DIRECTION('center_axis',(1.78500593518937E-16,-1.,-1.33087149506944E-15));
#4402=DIRECTION('ref_axis',(-0.813826036051075,-7.40148683083438E-16,0.58110858111492));
#4403=DIRECTION('',(0.,-1.,0.));
#4404=DIRECTION('center_axis',(0.,1.,0.));
#4405=DIRECTION('ref_axis',(-1.,0.,0.));
#4406=DIRECTION('',(0.,-1.,0.));
#4407=DIRECTION('center_axis',(0.,0.,1.));
#4408=DIRECTION('ref_axis',(1.,0.,0.));
#4409=DIRECTION('',(0.,-1.,0.));
#4410=DIRECTION('',(1.,0.,0.));
#4411=DIRECTION('center_axis',(1.,0.,0.));
#4412=DIRECTION('ref_axis',(0.,0.,-1.));
#4413=DIRECTION('',(0.,0.,-1.));
#4414=DIRECTION('center_axis',(0.,1.,0.));
#4415=DIRECTION('ref_axis',(0.,0.,1.));
#4416=DIRECTION('axis',(0.,0.,1.));
#4417=DIRECTION('refdir',(1.,0.,0.));
#4418=DIRECTION('center_axis',(0.,0.,-1.));
#4419=DIRECTION('ref_axis',(-1.,0.,0.));
#4420=DIRECTION('center_axis',(-1.30175689228861E-15,0.,1.));
#4421=DIRECTION('ref_axis',(-0.657139657517014,-0.753768844221106,-8.92641627839322E-16));
#4422=DIRECTION('',(-1.,0.,0.));
#4423=DIRECTION('center_axis',(1.30175689228861E-15,0.,1.));
#4424=DIRECTION('ref_axis',(0.657139657517014,0.753768844221105,-8.92641627839322E-16));
#4425=DIRECTION('',(1.,0.,0.));
#4426=DIRECTION('center_axis',(0.,-1.,0.));
#4427=DIRECTION('ref_axis',(0.,0.,-1.));
#4428=DIRECTION('',(1.,0.,0.));
#4429=DIRECTION('',(0.,0.,1.));
#4430=DIRECTION('',(0.,0.,1.));
#4431=DIRECTION('center_axis',(0.,0.,1.));
#4432=DIRECTION('ref_axis',(0.657139657517013,-0.753768844221107,0.));
#4433=DIRECTION('center_axis',(2.60351378457722E-15,0.,1.));
#4434=DIRECTION('ref_axis',(0.657139657517015,0.753768844221105,-1.78528325567865E-15));
#4435=DIRECTION('',(0.,0.,1.));
#4436=DIRECTION('center_axis',(0.,1.,0.));
#4437=DIRECTION('ref_axis',(0.,0.,1.));
#4438=DIRECTION('',(-1.,0.,0.));
#4439=DIRECTION('',(0.,0.,1.));
#4440=DIRECTION('center_axis',(0.,0.,1.));
#4441=DIRECTION('ref_axis',(-0.657139657517014,0.753768844221106,0.));
#4442=DIRECTION('center_axis',(-2.60351378457722E-15,0.,1.));
#4443=DIRECTION('ref_axis',(-0.657139657517014,-0.753768844221106,-1.78528325567864E-15));
#4444=DIRECTION('center_axis',(0.,0.,1.));
#4445=DIRECTION('ref_axis',(1.,0.,0.));
#4446=DIRECTION('center_axis',(0.,-1.,0.));
#4447=DIRECTION('ref_axis',(0.,0.,-1.));
#4448=DIRECTION('',(-1.,0.,0.));
#4449=DIRECTION('',(0.,0.,1.));
#4450=DIRECTION('',(1.,0.,0.));
#4451=DIRECTION('',(0.,0.,1.));
#4452=DIRECTION('center_axis',(1.,0.,0.));
#4453=DIRECTION('ref_axis',(0.,0.,-1.));
#4454=DIRECTION('',(0.,-1.,0.));
#4455=DIRECTION('',(0.,1.,0.));
#4456=DIRECTION('',(0.,0.,1.));
#4457=DIRECTION('center_axis',(0.,1.,0.));
#4458=DIRECTION('ref_axis',(0.,0.,1.));
#4459=DIRECTION('',(1.,0.,0.));
#4460=DIRECTION('',(-1.,0.,0.));
#4461=DIRECTION('',(0.,0.,1.));
#4462=DIRECTION('center_axis',(-1.,0.,0.));
#4463=DIRECTION('ref_axis',(0.,0.,1.));
#4464=DIRECTION('',(0.,1.,0.));
#4465=DIRECTION('',(0.,-1.,0.));
#4466=DIRECTION('center_axis',(0.,0.,1.));
#4467=DIRECTION('ref_axis',(-1.,0.,0.));
#4468=DIRECTION('center_axis',(-6.47683947683939E-17,4.0737136637113E-14,
-1.));
#4469=DIRECTION('ref_axis',(-0.813826036051074,-0.581108581114921,-2.368475785867E-14));
#4470=DIRECTION('',(0.,0.,-1.));
#4471=DIRECTION('center_axis',(-2.85600949630298E-15,2.1293943921111E-14,
1.));
#4472=DIRECTION('ref_axis',(-0.813826036051074,0.581108581114921,-1.1842378929335E-14));
#4473=DIRECTION('center_axis',(0.,1.,0.));
#4474=DIRECTION('ref_axis',(0.,0.,1.));
#4475=DIRECTION('',(1.,0.,0.));
#4476=DIRECTION('',(0.,0.,1.));
#4477=DIRECTION('',(-1.,0.,0.));
#4478=DIRECTION('',(0.,0.,1.));
#4479=DIRECTION('center_axis',(0.,0.,1.));
#4480=DIRECTION('ref_axis',(-6.66133814775095E-16,-1.,0.));
#4481=DIRECTION('center_axis',(0.,0.,-1.));
#4482=DIRECTION('ref_axis',(-0.645216242820962,0.764000000000001,0.));
#4483=DIRECTION('center_axis',(0.,-2.01401002199575E-15,1.));
#4484=DIRECTION('ref_axis',(0.645216242820962,0.764000000000001,1.77635683940025E-15));
#4485=DIRECTION('center_axis',(0.,0.,1.));
#4486=DIRECTION('ref_axis',(1.,0.,0.));
#4487=DIRECTION('center_axis',(0.,0.,1.));
#4488=DIRECTION('ref_axis',(1.,0.,0.));
#4489=DIRECTION('center_axis',(-2.60351378457722E-15,0.,1.));
#4490=DIRECTION('ref_axis',(-0.657139657517014,-0.753768844221106,-1.78528325567864E-15));
#4491=DIRECTION('',(1.,0.,0.));
#4492=DIRECTION('center_axis',(2.60351378457722E-15,0.,1.));
#4493=DIRECTION('ref_axis',(0.657139657517014,0.753768844221105,-1.78528325567864E-15));
#4494=DIRECTION('',(-1.,0.,0.));
#4495=DIRECTION('center_axis',(0.,0.,1.));
#4496=DIRECTION('ref_axis',(1.,0.,0.));
#4497=DIRECTION('center_axis',(0.,0.,-1.));
#4498=DIRECTION('ref_axis',(-1.,0.,0.));
#4499=DIRECTION('',(-1.,0.,0.));
#4500=DIRECTION('center_axis',(2.60351378457722E-15,0.,1.));
#4501=DIRECTION('ref_axis',(0.657139657517015,0.753768844221105,-1.78528325567865E-15));
#4502=DIRECTION('',(1.,0.,0.));
#4503=DIRECTION('center_axis',(-2.60351378457722E-15,0.,1.));
#4504=DIRECTION('ref_axis',(-0.657139657517014,-0.753768844221106,-1.78528325567864E-15));
#4505=DIRECTION('center_axis',(0.,-1.,0.));
#4506=DIRECTION('ref_axis',(0.,0.,-1.));
#4507=DIRECTION('',(0.,0.,1.));
#4508=DIRECTION('',(0.,0.,1.));
#4509=DIRECTION('center_axis',(0.,0.,1.));
#4510=DIRECTION('ref_axis',(0.657139657517013,-0.753768844221107,0.));
#4511=DIRECTION('',(0.,0.,1.));
#4512=DIRECTION('center_axis',(0.,1.,0.));
#4513=DIRECTION('ref_axis',(0.,0.,1.));
#4514=DIRECTION('',(0.,0.,1.));
#4515=DIRECTION('center_axis',(0.,0.,1.));
#4516=DIRECTION('ref_axis',(-0.657139657517014,0.753768844221106,0.));
#4517=DIRECTION('center_axis',(0.,0.,1.));
#4518=DIRECTION('ref_axis',(1.,0.,0.));
#4519=DIRECTION('center_axis',(1.,0.,1.08845394571093E-14));
#4520=DIRECTION('ref_axis',(1.08845394571093E-14,0.,-1.));
#4521=DIRECTION('',(-1.11022302462515E-14,0.,1.));
#4522=DIRECTION('',(0.,-1.,0.));
#4523=DIRECTION('',(-1.11022302462515E-14,0.,1.));
#4524=DIRECTION('',(0.,-1.,0.));
#4525=DIRECTION('center_axis',(0.,0.,1.));
#4526=DIRECTION('ref_axis',(1.,0.,0.));
#4527=DIRECTION('',(-1.,0.,0.));
#4528=DIRECTION('',(-1.,0.,0.));
#4529=DIRECTION('',(0.,-1.,0.));
#4530=DIRECTION('center_axis',(-1.,0.,0.));
#4531=DIRECTION('ref_axis',(0.,0.,1.));
#4532=DIRECTION('',(0.,0.,-1.));
#4533=DIRECTION('',(0.,0.,-1.));
#4534=DIRECTION('',(0.,-1.,0.));
#4535=DIRECTION('center_axis',(0.,0.,-1.));
#4536=DIRECTION('ref_axis',(-1.,0.,0.));
#4537=DIRECTION('',(1.,0.,0.));
#4538=DIRECTION('',(1.,0.,0.));
#4539=DIRECTION('center_axis',(0.,0.,-1.));
#4540=DIRECTION('ref_axis',(-1.,0.,0.));
#4541=DIRECTION('',(1.,0.,0.));
#4542=DIRECTION('',(0.,-1.,0.));
#4543=DIRECTION('',(1.,0.,0.));
#4544=DIRECTION('',(0.,-1.,0.));
#4545=DIRECTION('center_axis',(1.,0.,0.));
#4546=DIRECTION('ref_axis',(0.,0.,-1.));
#4547=DIRECTION('',(0.,0.,1.));
#4548=DIRECTION('',(0.,0.,1.));
#4549=DIRECTION('',(0.,-1.,0.));
#4550=DIRECTION('center_axis',(0.,0.,1.));
#4551=DIRECTION('ref_axis',(1.,0.,0.));
#4552=DIRECTION('',(-1.,0.,0.));
#4553=DIRECTION('',(-1.,0.,0.));
#4554=DIRECTION('',(0.,-1.,0.));
#4555=DIRECTION('center_axis',(-1.,0.,1.08845394571093E-14));
#4556=DIRECTION('ref_axis',(1.08845394571093E-14,0.,1.));
#4557=DIRECTION('',(-1.11022302462515E-14,0.,-1.));
#4558=DIRECTION('',(-1.11022302462515E-14,0.,-1.));
#4559=DIRECTION('center_axis',(0.,0.,-1.));
#4560=DIRECTION('ref_axis',(-1.,0.,0.));
#4561=DIRECTION('',(1.,0.,0.));
#4562=DIRECTION('',(0.,-1.,0.));
#4563=DIRECTION('',(1.,0.,0.));
#4564=DIRECTION('',(0.,-1.,0.));
#4565=DIRECTION('center_axis',(-1.,0.,0.));
#4566=DIRECTION('ref_axis',(0.,0.,1.));
#4567=DIRECTION('',(0.,0.,-1.));
#4568=DIRECTION('',(0.,0.,-1.));
#4569=DIRECTION('',(0.,-1.,0.));
#4570=DIRECTION('center_axis',(0.,0.,1.));
#4571=DIRECTION('ref_axis',(1.,0.,0.));
#4572=DIRECTION('',(-1.,0.,0.));
#4573=DIRECTION('',(-1.,0.,0.));
#4574=DIRECTION('',(0.,-1.,0.));
#4575=DIRECTION('center_axis',(1.,0.,0.));
#4576=DIRECTION('ref_axis',(0.,0.,-1.));
#4577=DIRECTION('',(0.,0.,1.));
#4578=DIRECTION('',(0.,0.,1.));
#4579=DIRECTION('center_axis',(0.,-1.,0.));
#4580=DIRECTION('ref_axis',(0.,0.,-1.));
#4581=DIRECTION('center_axis',(0.,1.,0.));
#4582=DIRECTION('ref_axis',(0.,0.,1.));
#4583=DIRECTION('center_axis',(0.,0.,1.));
#4584=DIRECTION('ref_axis',(-1.,0.,0.));
#4585=DIRECTION('center_axis',(6.47683947683966E-17,4.07371366371129E-14,
1.));
#4586=DIRECTION('ref_axis',(-0.813826036051074,0.581108581114921,-2.368475785867E-14));
#4587=DIRECTION('',(0.,0.,-1.));
#4588=DIRECTION('center_axis',(-2.85600949630298E-15,2.1293943921111E-14,
1.));
#4589=DIRECTION('ref_axis',(-0.813826036051074,0.581108581114921,-1.1842378929335E-14));
#4590=DIRECTION('center_axis',(0.,0.,1.));
#4591=DIRECTION('ref_axis',(1.,0.,0.));
#4592=DIRECTION('center_axis',(0.,0.,-1.));
#4593=DIRECTION('ref_axis',(-1.,0.,0.));
#4594=DIRECTION('axis',(0.,0.,1.));
#4595=DIRECTION('refdir',(1.,0.,0.));
#4596=DIRECTION('center_axis',(0.,0.,-1.));
#4597=DIRECTION('ref_axis',(-1.,0.,0.));
#4598=DIRECTION('',(1.,0.,0.));
#4599=DIRECTION('',(0.,-1.,0.));
#4600=DIRECTION('',(1.,0.,0.));
#4601=DIRECTION('',(0.,-1.,0.));
#4602=DIRECTION('center_axis',(-1.,0.,0.));
#4603=DIRECTION('ref_axis',(0.,0.,1.));
#4604=DIRECTION('',(0.,0.,-1.));
#4605=DIRECTION('',(0.,0.,-1.));
#4606=DIRECTION('',(0.,-1.,0.));
#4607=DIRECTION('center_axis',(0.,0.,1.));
#4608=DIRECTION('ref_axis',(1.,0.,0.));
#4609=DIRECTION('',(-1.,0.,0.));
#4610=DIRECTION('',(-1.,0.,0.));
#4611=DIRECTION('',(0.,-1.,0.));
#4612=DIRECTION('center_axis',(1.,0.,0.));
#4613=DIRECTION('ref_axis',(0.,0.,-1.));
#4614=DIRECTION('',(0.,0.,1.));
#4615=DIRECTION('',(0.,0.,1.));
#4616=DIRECTION('center_axis',(0.,-1.,0.));
#4617=DIRECTION('ref_axis',(0.,0.,-1.));
#4618=DIRECTION('center_axis',(0.,1.,0.));
#4619=DIRECTION('ref_axis',(0.,0.,1.));
#4620=DIRECTION('center_axis',(1.,0.,0.));
#4621=DIRECTION('ref_axis',(0.,1.,0.));
#4622=DIRECTION('center_axis',(-1.,0.,0.));
#4623=DIRECTION('ref_axis',(0.,1.,5.92118946466744E-15));
#4624=DIRECTION('',(1.,0.,0.));
#4625=DIRECTION('center_axis',(1.,0.,0.));
#4626=DIRECTION('ref_axis',(0.,8.88178419700118E-15,1.));
#4627=DIRECTION('',(-1.,0.,0.));
#4628=DIRECTION('center_axis',(0.,-1.,0.));
#4629=DIRECTION('ref_axis',(0.,0.,-1.));
#4630=DIRECTION('',(0.,0.,1.));
#4631=DIRECTION('',(1.,0.,0.));
#4632=DIRECTION('',(0.,0.,1.));
#4633=DIRECTION('',(-1.,0.,0.));
#4634=DIRECTION('',(0.,0.,-1.));
#4635=DIRECTION('',(1.,0.,0.));
#4636=DIRECTION('',(0.,0.,-1.));
#4637=DIRECTION('',(-1.,0.,0.));
#4638=DIRECTION('',(0.,0.,1.));
#4639=DIRECTION('',(1.,0.,0.));
#4640=DIRECTION('',(0.,0.,-1.));
#4641=DIRECTION('center_axis',(1.,0.,0.));
#4642=DIRECTION('ref_axis',(0.,0.,1.));
#4643=DIRECTION('center_axis',(-1.,0.,0.));
#4644=DIRECTION('ref_axis',(0.,-8.88178419700118E-15,1.));
#4645=DIRECTION('',(1.,0.,0.));
#4646=DIRECTION('center_axis',(1.,0.,0.));
#4647=DIRECTION('ref_axis',(0.,-1.,5.92118946466744E-15));
#4648=DIRECTION('',(-1.,0.,0.));
#4649=DIRECTION('center_axis',(0.,0.,-1.));
#4650=DIRECTION('ref_axis',(-1.,0.,0.));
#4651=DIRECTION('',(0.,-1.,0.));
#4652=DIRECTION('center_axis',(3.0626842058625E-15,0.,-1.));
#4653=DIRECTION('ref_axis',(0.585714285714286,-0.810517597285959,1.26882631385732E-15));
#4654=DIRECTION('',(0.,-1.,0.));
#4655=DIRECTION('',(0.,1.,0.));
#4656=DIRECTION('center_axis',(-3.0626842058625E-15,0.,-1.));
#4657=DIRECTION('ref_axis',(-0.585714285714285,0.81051759728596,1.26882631385732E-15));
#4658=DIRECTION('',(0.,1.,0.));
#4659=DIRECTION('center_axis',(-8.66518108106155E-16,2.77612680766357E-16,
1.));
#4660=DIRECTION('ref_axis',(-0.813826036051074,0.581108581114921,0.));
#4661=DIRECTION('center_axis',(-1.,0.,0.));
#4662=DIRECTION('ref_axis',(0.,-1.,0.));
#4663=DIRECTION('center_axis',(1.,0.,0.));
#4664=DIRECTION('ref_axis',(0.,-1.,-5.92118946466752E-15));
#4665=DIRECTION('',(1.,0.,0.));
#4666=DIRECTION('center_axis',(-1.,0.,0.));
#4667=DIRECTION('ref_axis',(0.,1.48029736616688E-15,1.));
#4668=DIRECTION('',(-1.,0.,0.));
#4669=DIRECTION('center_axis',(0.,-1.,0.));
#4670=DIRECTION('ref_axis',(0.,0.,-1.));
#4671=DIRECTION('',(0.,0.,-1.));
#4672=DIRECTION('',(-1.,0.,0.));
#4673=DIRECTION('',(0.,0.,-1.));
#4674=DIRECTION('',(1.,0.,0.));
#4675=DIRECTION('',(0.,0.,1.));
#4676=DIRECTION('',(-1.,0.,0.));
#4677=DIRECTION('',(0.,0.,1.));
#4678=DIRECTION('',(-1.,0.,0.));
#4679=DIRECTION('',(0.,0.,1.));
#4680=DIRECTION('',(1.,0.,0.));
#4681=DIRECTION('',(0.,0.,-1.));
#4682=DIRECTION('center_axis',(-1.,0.,0.));
#4683=DIRECTION('ref_axis',(0.,0.,1.));
#4684=DIRECTION('',(0.,-1.,0.));
#4685=DIRECTION('',(0.,0.,-1.));
#4686=DIRECTION('',(0.,0.,1.));
#4687=DIRECTION('',(0.,-1.,0.));
#4688=DIRECTION('center_axis',(1.,0.,0.));
#4689=DIRECTION('ref_axis',(0.,1.,0.));
#4690=DIRECTION('center_axis',(-1.,0.,0.));
#4691=DIRECTION('ref_axis',(0.,1.,5.92118946466744E-15));
#4692=DIRECTION('',(-1.,0.,0.));
#4693=DIRECTION('center_axis',(1.,0.,0.));
#4694=DIRECTION('ref_axis',(0.,1.0362081563168E-14,1.));
#4695=DIRECTION('',(1.,0.,0.));
#4696=DIRECTION('center_axis',(-1.,0.,0.));
#4697=DIRECTION('ref_axis',(0.,0.,1.));
#4698=DIRECTION('',(0.,0.,1.));
#4699=DIRECTION('',(0.,1.,0.));
#4700=DIRECTION('',(0.,0.,-1.));
#4701=DIRECTION('',(0.,1.,0.));
#4702=DIRECTION('center_axis',(0.,1.,0.));
#4703=DIRECTION('ref_axis',(0.,0.,1.));
#4704=DIRECTION('',(0.,0.,-1.));
#4705=DIRECTION('',(1.,0.,0.));
#4706=DIRECTION('',(0.,0.,-1.));
#4707=DIRECTION('',(-1.,0.,0.));
#4708=DIRECTION('',(0.,0.,1.));
#4709=DIRECTION('',(1.,0.,0.));
#4710=DIRECTION('',(-1.,0.,0.));
#4711=DIRECTION('',(0.,0.,-1.));
#4712=DIRECTION('',(1.,0.,0.));
#4713=DIRECTION('',(0.,0.,1.));
#4714=DIRECTION('center_axis',(-1.,0.,0.));
#4715=DIRECTION('ref_axis',(0.,0.,1.));
#4716=DIRECTION('',(0.,1.,0.));
#4717=DIRECTION('',(0.,1.,0.));
#4718=DIRECTION('center_axis',(0.,0.,1.));
#4719=DIRECTION('ref_axis',(1.,0.,0.));
#4720=DIRECTION('',(0.,1.,0.));
#4721=DIRECTION('center_axis',(1.,0.,0.));
#4722=DIRECTION('ref_axis',(0.,0.,-1.));
#4723=DIRECTION('',(0.,1.,0.));
#4724=DIRECTION('center_axis',(0.,0.,-1.));
#4725=DIRECTION('ref_axis',(-1.,0.,0.));
#4726=DIRECTION('center_axis',(0.,0.,1.));
#4727=DIRECTION('ref_axis',(1.,0.,0.));
#4728=DIRECTION('',(0.,1.,0.));
#4729=DIRECTION('center_axis',(-1.,0.,0.));
#4730=DIRECTION('ref_axis',(0.,0.,1.));
#4731=DIRECTION('',(0.,1.,0.));
#4732=DIRECTION('center_axis',(0.,0.,-1.));
#4733=DIRECTION('ref_axis',(-1.,0.,0.));
#4734=DIRECTION('',(0.,1.,0.));
#4735=DIRECTION('center_axis',(1.,0.,0.));
#4736=DIRECTION('ref_axis',(0.,0.,-1.));
#4737=DIRECTION('',(0.,1.,0.));
#4738=DIRECTION('center_axis',(0.,0.,1.));
#4739=DIRECTION('ref_axis',(1.,0.,0.));
#4740=DIRECTION('',(0.,1.,0.));
#4741=DIRECTION('center_axis',(0.,0.,-1.));
#4742=DIRECTION('ref_axis',(-1.,0.,0.));
#4743=DIRECTION('',(0.,0.,1.));
#4744=DIRECTION('center_axis',(-4.38116683660706E-16,2.91647890740029E-15,
-1.));
#4745=DIRECTION('ref_axis',(-0.813826036051074,-0.581108581114921,-1.77635683940025E-15));
#4746=DIRECTION('center_axis',(0.,0.,-1.));
#4747=DIRECTION('ref_axis',(0.585714285714286,0.810517597285959,0.));
#4748=DIRECTION('center_axis',(3.0626842058625E-15,0.,1.));
#4749=DIRECTION('ref_axis',(0.585714285714287,0.810517597285958,-1.26882631385732E-15));
#4750=DIRECTION('',(0.,0.,-1.));
#4751=DIRECTION('',(0.,0.,-1.));
#4752=DIRECTION('center_axis',(1.,0.,0.));
#4753=DIRECTION('ref_axis',(0.,0.,-1.));
#4754=DIRECTION('',(0.,-1.,0.));
#4755=DIRECTION('center_axis',(0.,0.,-1.));
#4756=DIRECTION('ref_axis',(-0.585714285714286,-0.810517597285959,0.));
#4757=DIRECTION('center_axis',(-3.0626842058625E-15,0.,1.));
#4758=DIRECTION('ref_axis',(-0.585714285714285,-0.810517597285959,-1.26882631385732E-15));
#4759=DIRECTION('center_axis',(-1.,0.,0.));
#4760=DIRECTION('ref_axis',(0.,0.,1.));
#4761=DIRECTION('',(0.,0.,-1.));
#4762=DIRECTION('',(0.,-1.,0.));
#4763=DIRECTION('',(0.,-1.,0.));
#4764=DIRECTION('center_axis',(0.,0.,-1.));
#4765=DIRECTION('ref_axis',(-1.,0.,0.));
#4766=DIRECTION('',(1.,0.,0.));
#4767=DIRECTION('',(0.,-1.,0.));
#4768=DIRECTION('center_axis',(1.,0.,0.));
#4769=DIRECTION('ref_axis',(0.,0.,-1.));
#4770=DIRECTION('',(0.,0.,1.));
#4771=DIRECTION('',(0.,-1.,0.));
#4772=DIRECTION('center_axis',(0.,0.,1.));
#4773=DIRECTION('ref_axis',(1.,0.,0.));
#4774=DIRECTION('',(-1.,0.,0.));
#4775=DIRECTION('center_axis',(0.,0.,1.));
#4776=DIRECTION('ref_axis',(1.,0.,0.));
#4777=DIRECTION('',(1.,0.,0.));
#4778=DIRECTION('',(0.,-1.,0.));
#4779=DIRECTION('',(0.,-1.,0.));
#4780=DIRECTION('center_axis',(1.,0.,0.));
#4781=DIRECTION('ref_axis',(0.,0.,-1.));
#4782=DIRECTION('',(0.,0.,-1.));
#4783=DIRECTION('',(0.,-1.,0.));
#4784=DIRECTION('center_axis',(0.,0.,-1.));
#4785=DIRECTION('ref_axis',(-1.,0.,0.));
#4786=DIRECTION('',(-1.,0.,0.));
#4787=DIRECTION('',(0.,-1.,0.));
#4788=DIRECTION('center_axis',(-1.,0.,0.));
#4789=DIRECTION('ref_axis',(0.,0.,1.));
#4790=DIRECTION('',(0.,0.,1.));
#4791=DIRECTION('',(0.,-1.,0.));
#4792=DIRECTION('center_axis',(0.,0.,1.));
#4793=DIRECTION('ref_axis',(1.,0.,0.));
#4794=DIRECTION('',(1.,0.,0.));
#4795=DIRECTION('center_axis',(0.,0.,1.));
#4796=DIRECTION('ref_axis',(1.,0.,0.));
#4797=DIRECTION('',(0.,-1.,0.));
#4798=DIRECTION('center_axis',(1.,0.,0.));
#4799=DIRECTION('ref_axis',(0.,0.,-1.));
#4800=DIRECTION('',(0.,0.,-1.));
#4801=DIRECTION('center_axis',(0.,1.,0.));
#4802=DIRECTION('ref_axis',(0.,0.,1.));
#4803=DIRECTION('',(0.,0.,1.));
#4804=DIRECTION('',(1.,0.,0.));
#4805=DIRECTION('',(0.,0.,1.));
#4806=DIRECTION('',(1.,0.,0.));
#4807=DIRECTION('',(0.,0.,1.));
#4808=DIRECTION('',(1.,0.,0.));
#4809=DIRECTION('',(0.,0.,1.));
#4810=DIRECTION('',(1.,0.,0.));
#4811=DIRECTION('',(0.,0.,1.));
#4812=DIRECTION('',(1.,0.,0.));
#4813=DIRECTION('center_axis',(2.78501505201845E-16,-0.258819045102521,
0.965925826289068));
#4814=DIRECTION('ref_axis',(1.,7.20814936359562E-17,-2.69011796534841E-16));
#4815=DIRECTION('',(1.,7.20814936359562E-17,-2.69011796534841E-16));
#4816=DIRECTION('',(0.,0.965925826289068,0.258819045102521));
#4817=DIRECTION('',(1.,7.20814936359562E-17,-2.69011796534841E-16));
#4818=DIRECTION('',(0.,0.965925826289068,0.258819045102521));
#4819=DIRECTION('center_axis',(-0.972173932474387,-0.0606310033207893,0.226277984907063));
#4820=DIRECTION('ref_axis',(0.234260207925475,-0.251617128876583,0.939047909022015));
#4821=DIRECTION('',(-0.234260207925475,0.251617128876583,-0.939047909022015));
#4822=DIRECTION('',(0.234260207925475,-0.251617128876583,0.939047909022015));
#4823=DIRECTION('',(0.,0.965925826289068,0.258819045102521));
#4824=DIRECTION('center_axis',(0.,-0.258819045102521,0.965925826289068));
#4825=DIRECTION('ref_axis',(1.,0.,0.));
#4826=DIRECTION('',(-1.,0.,0.));
#4827=DIRECTION('',(1.,0.,0.));
#4828=DIRECTION('',(0.,0.965925826289068,0.258819045102521));
#4829=DIRECTION('center_axis',(-0.778972223055917,-0.16229466429758,0.605691932955903));
#4830=DIRECTION('ref_axis',(0.627058430855787,-0.20161284693272,0.752429388211519));
#4831=DIRECTION('',(-0.627058430855787,0.20161284693272,-0.752429388211519));
#4832=DIRECTION('',(0.627058430855787,-0.20161284693272,0.752429388211519));
#4833=DIRECTION('',(0.,0.965925826289068,0.258819045102521));
#4834=DIRECTION('center_axis',(0.,0.258819045102521,-0.965925826289068));
#4835=DIRECTION('ref_axis',(-1.,0.,0.));
#4836=DIRECTION('',(-1.,0.,0.));
#4837=DIRECTION('',(-1.,0.,0.));
#4838=DIRECTION('',(0.,0.965925826289068,0.258819045102521));
#4839=DIRECTION('center_axis',(1.,0.,0.));
#4840=DIRECTION('ref_axis',(0.,0.258819045102521,-0.965925826289068));
#4841=DIRECTION('',(0.,0.258819045102521,-0.965925826289068));
#4842=DIRECTION('',(0.,0.258819045102521,-0.965925826289068));
#4843=DIRECTION('',(0.,0.965925826289068,0.258819045102521));
#4844=DIRECTION('center_axis',(0.554700196225228,0.215350462657792,-0.803698868072345));
#4845=DIRECTION('ref_axis',(-0.832050294337845,0.143566975105194,-0.535799245381561));
#4846=DIRECTION('',(-0.832050294337845,0.143566975105194,-0.535799245381561));
#4847=DIRECTION('',(-0.832050294337845,0.143566975105194,-0.535799245381561));
#4848=DIRECTION('',(0.,0.965925826289068,0.258819045102521));
#4849=DIRECTION('center_axis',(0.,0.258819045102521,-0.965925826289068));
#4850=DIRECTION('ref_axis',(-1.,0.,0.));
#4851=DIRECTION('',(-1.,0.,0.));
#4852=DIRECTION('',(-1.,0.,0.));
#4853=DIRECTION('',(0.,0.965925826289068,0.258819045102521));
#4854=DIRECTION('center_axis',(0.554700196225228,0.215350462657792,-0.803698868072345));
#4855=DIRECTION('ref_axis',(-0.832050294337844,0.143566975105194,-0.535799245381562));
#4856=DIRECTION('',(-0.832050294337844,0.143566975105194,-0.535799245381562));
#4857=DIRECTION('',(-0.832050294337844,0.143566975105194,-0.535799245381562));
#4858=DIRECTION('',(0.,0.965925826289068,0.258819045102521));
#4859=DIRECTION('center_axis',(0.,0.258819045102521,-0.965925826289068));
#4860=DIRECTION('ref_axis',(-1.,0.,0.));
#4861=DIRECTION('',(-1.,0.,0.));
#4862=DIRECTION('',(-1.,0.,0.));
#4863=DIRECTION('',(0.,0.965925826289068,0.258819045102521));
#4864=DIRECTION('center_axis',(0.968412959415395,-0.0645370050843972,0.240855381943301));
#4865=DIRECTION('ref_axis',(0.249351839849472,0.250643717420799,-0.935415088012357));
#4866=DIRECTION('',(0.249351839849472,0.250643717420799,-0.935415088012357));
#4867=DIRECTION('',(0.249351839849472,0.250643717420799,-0.935415088012357));
#4868=DIRECTION('center_axis',(0.,0.965925826289068,0.258819045102521));
#4869=DIRECTION('ref_axis',(0.,-0.258819045102521,0.965925826289068));
#4870=DIRECTION('center_axis',(0.,0.965925826289068,0.258819045102521));
#4871=DIRECTION('ref_axis',(-1.,0.,0.));
#4872=DIRECTION('center_axis',(-2.78501505201845E-16,-0.258819045102521,
-0.965925826289068));
#4873=DIRECTION('ref_axis',(1.,-7.20814936359562E-17,-2.69011796534841E-16));
#4874=DIRECTION('',(1.,-7.20814936359562E-17,-2.69011796534841E-16));
#4875=DIRECTION('',(0.,-0.965925826289068,0.258819045102521));
#4876=DIRECTION('',(1.,-7.20814936359562E-17,-2.69011796534841E-16));
#4877=DIRECTION('',(0.,-0.965925826289068,0.258819045102521));
#4878=DIRECTION('center_axis',(0.972173932474387,-0.0606310033207893,-0.226277984907063));
#4879=DIRECTION('ref_axis',(0.234260207925475,0.251617128876583,0.939047909022015));
#4880=DIRECTION('',(-0.234260207925475,-0.251617128876583,-0.939047909022015));
#4881=DIRECTION('',(0.,-0.965925826289068,0.258819045102521));
#4882=DIRECTION('',(0.234260207925475,0.251617128876583,0.939047909022015));
#4883=DIRECTION('center_axis',(0.,-0.258819045102521,-0.965925826289068));
#4884=DIRECTION('ref_axis',(1.,0.,0.));
#4885=DIRECTION('',(-1.,0.,0.));
#4886=DIRECTION('',(0.,-0.965925826289068,0.258819045102521));
#4887=DIRECTION('',(1.,0.,0.));
#4888=DIRECTION('center_axis',(0.778972223055917,-0.16229466429758,-0.605691932955903));
#4889=DIRECTION('ref_axis',(0.627058430855787,0.20161284693272,0.752429388211519));
#4890=DIRECTION('',(-0.627058430855787,-0.20161284693272,-0.752429388211519));
#4891=DIRECTION('',(0.,-0.965925826289068,0.258819045102521));
#4892=DIRECTION('',(0.627058430855787,0.20161284693272,0.752429388211519));
#4893=DIRECTION('center_axis',(0.,0.258819045102521,0.965925826289068));
#4894=DIRECTION('ref_axis',(-1.,0.,0.));
#4895=DIRECTION('',(-1.,0.,0.));
#4896=DIRECTION('',(0.,-0.965925826289068,0.258819045102521));
#4897=DIRECTION('',(-1.,0.,0.));
#4898=DIRECTION('center_axis',(-1.,0.,0.));
#4899=DIRECTION('ref_axis',(0.,-0.258819045102521,-0.965925826289068));
#4900=DIRECTION('',(0.,-0.258819045102521,-0.965925826289068));
#4901=DIRECTION('',(0.,-0.965925826289068,0.258819045102521));
#4902=DIRECTION('',(0.,-0.258819045102521,-0.965925826289068));
#4903=DIRECTION('center_axis',(-0.554700196225228,0.215350462657792,0.803698868072345));
#4904=DIRECTION('ref_axis',(-0.832050294337845,-0.143566975105194,-0.535799245381561));
#4905=DIRECTION('',(-0.832050294337845,-0.143566975105194,-0.535799245381561));
#4906=DIRECTION('',(0.,-0.965925826289068,0.258819045102521));
#4907=DIRECTION('',(-0.832050294337845,-0.143566975105194,-0.535799245381561));
#4908=DIRECTION('center_axis',(0.,0.258819045102521,0.965925826289068));
#4909=DIRECTION('ref_axis',(-1.,0.,0.));
#4910=DIRECTION('',(-1.,0.,0.));
#4911=DIRECTION('',(0.,-0.965925826289068,0.258819045102521));
#4912=DIRECTION('',(-1.,0.,0.));
#4913=DIRECTION('center_axis',(-0.554700196225228,0.215350462657792,0.803698868072345));
#4914=DIRECTION('ref_axis',(-0.832050294337844,-0.143566975105194,-0.535799245381562));
#4915=DIRECTION('',(-0.832050294337844,-0.143566975105194,-0.535799245381562));
#4916=DIRECTION('',(0.,-0.965925826289068,0.258819045102521));
#4917=DIRECTION('',(-0.832050294337844,-0.143566975105194,-0.535799245381562));
#4918=DIRECTION('center_axis',(0.,0.258819045102521,0.965925826289068));
#4919=DIRECTION('ref_axis',(-1.,0.,0.));
#4920=DIRECTION('',(-1.,0.,0.));
#4921=DIRECTION('',(0.,-0.965925826289068,0.258819045102521));
#4922=DIRECTION('',(-1.,0.,0.));
#4923=DIRECTION('center_axis',(-0.968412959415395,-0.0645370050843972,-0.240855381943301));
#4924=DIRECTION('ref_axis',(0.249351839849472,-0.250643717420799,-0.935415088012357));
#4925=DIRECTION('',(0.249351839849472,-0.250643717420799,-0.935415088012357));
#4926=DIRECTION('',(0.249351839849472,-0.250643717420799,-0.935415088012357));
#4927=DIRECTION('center_axis',(0.,0.965925826289068,-0.258819045102521));
#4928=DIRECTION('ref_axis',(0.,0.258819045102521,0.965925826289068));
#4929=DIRECTION('center_axis',(0.,0.965925826289068,-0.258819045102521));
#4930=DIRECTION('ref_axis',(-1.,0.,0.));
#4931=DIRECTION('center_axis',(0.,1.,0.));
#4932=DIRECTION('ref_axis',(1.,0.,0.));
#4933=DIRECTION('',(1.,0.,0.));
#4934=DIRECTION('',(0.,0.,-1.));
#4935=DIRECTION('',(1.,0.,0.));
#4936=DIRECTION('',(0.,0.,-1.));
#4937=DIRECTION('center_axis',(-1.,0.,0.));
#4938=DIRECTION('ref_axis',(0.,1.,0.));
#4939=DIRECTION('',(0.,1.,0.));
#4940=DIRECTION('',(0.,1.,0.));
#4941=DIRECTION('',(0.,0.,-1.));
#4942=DIRECTION('center_axis',(0.,-1.,0.));
#4943=DIRECTION('ref_axis',(-1.,0.,0.));
#4944=DIRECTION('',(-1.,0.,0.));
#4945=DIRECTION('',(-1.,0.,0.));
#4946=DIRECTION('',(0.,0.,-1.));
#4947=DIRECTION('center_axis',(1.,0.,0.));
#4948=DIRECTION('ref_axis',(0.,-1.,0.));
#4949=DIRECTION('',(0.,-1.,0.));
#4950=DIRECTION('',(0.,-1.,0.));
#4951=DIRECTION('center_axis',(0.,0.,-1.));
#4952=DIRECTION('ref_axis',(-1.,0.,0.));
#4953=DIRECTION('center_axis',(0.,0.,-1.));
#4954=DIRECTION('ref_axis',(1.,0.,0.));
#4955=DIRECTION('center_axis',(0.,0.,-1.));
#4956=DIRECTION('ref_axis',(-1.,0.,0.));
#4957=DIRECTION('center_axis',(0.,0.,-1.));
#4958=DIRECTION('ref_axis',(-1.,0.,0.));
#4959=DIRECTION('',(0.,0.,-1.));
#4960=DIRECTION('center_axis',(0.,0.,1.));
#4961=DIRECTION('ref_axis',(-1.,0.,0.));
#4962=DIRECTION('center_axis',(1.,0.,0.));
#4963=DIRECTION('ref_axis',(0.,1.,0.));
#4964=DIRECTION('',(0.,-1.,0.));
#4965=DIRECTION('',(0.,0.,1.));
#4966=DIRECTION('',(0.,1.,0.));
#4967=DIRECTION('',(0.,0.,1.));
#4968=DIRECTION('center_axis',(0.,-1.,0.));
#4969=DIRECTION('ref_axis',(1.,0.,0.));
#4970=DIRECTION('',(-1.,0.,0.));
#4971=DIRECTION('',(1.,0.,0.));
#4972=DIRECTION('',(0.,0.,1.));
#4973=DIRECTION('center_axis',(-1.,0.,0.));
#4974=DIRECTION('ref_axis',(0.,-1.,0.));
#4975=DIRECTION('',(0.,1.,0.));
#4976=DIRECTION('',(0.,-1.,0.));
#4977=DIRECTION('',(0.,0.,1.));
#4978=DIRECTION('center_axis',(0.,1.,0.));
#4979=DIRECTION('ref_axis',(-1.,0.,0.));
#4980=DIRECTION('',(1.,0.,0.));
#4981=DIRECTION('',(-1.,0.,0.));
#4982=DIRECTION('center_axis',(0.,0.,1.));
#4983=DIRECTION('ref_axis',(1.,0.,0.));
#4984=DIRECTION('center_axis',(0.,0.,1.));
#4985=DIRECTION('ref_axis',(-1.,0.,0.));
#4986=DIRECTION('center_axis',(0.125225913504479,0.980839620381517,0.149238432304854));
#4987=DIRECTION('ref_axis',(-0.630471555070888,0.194816937379278,-0.751366740784189));
#4988=DIRECTION('',(-0.630471555070888,0.194816937379278,-0.751366740784189));
#4989=DIRECTION('',(-0.766044443118978,0.,0.642787609686539));
#4990=DIRECTION('',(-0.630471555070888,0.194816937379278,-0.751366740784189));
#4991=DIRECTION('',(-0.766044443118978,0.,0.642787609686539));
#4992=DIRECTION('center_axis',(0.17414157160049,0.962602938293638,0.207533843574886));
#4993=DIRECTION('ref_axis',(-0.618749241783007,0.270916192185801,-0.737396631809842));
#4994=DIRECTION('',(-0.618749241783007,0.270916192185801,-0.737396631809842));
#4995=DIRECTION('',(-0.618749241783007,0.270916192185801,-0.737396631809842));
#4996=DIRECTION('',(-0.766044443118978,0.,0.642787609686539));
#4997=DIRECTION('center_axis',(0.642786098991314,0.00216805064275865,0.766042642742517));
#4998=DIRECTION('ref_axis',(-0.0013935960903382,0.999997649775443,-0.0016608231472858));
#4999=DIRECTION('',(-0.0013935960903382,0.999997649775443,-0.0016608231472858));
#5000=DIRECTION('',(-0.0013935960903382,0.999997649775443,-0.0016608231472858));
#5001=DIRECTION('',(-0.766044443118978,0.,0.642787609686539));
#5002=DIRECTION('center_axis',(0.198504157266595,-0.951121265025513,0.23656804256735));
#5003=DIRECTION('ref_axis',(0.611368964467787,0.308817647190488,0.728601159805087));
#5004=DIRECTION('',(0.611368964467787,0.308817647190488,0.728601159805087));
#5005=DIRECTION('',(0.611368964467787,0.308817647190488,0.728601159805087));
#5006=DIRECTION('',(-0.766044443118978,0.,0.642787609686539));
#5007=DIRECTION('center_axis',(0.133172321824602,-0.978302977209912,0.158708592968581));
#5008=DIRECTION('ref_axis',(0.628841032269984,0.207179354140856,0.749423559378405));
#5009=DIRECTION('',(0.628841032269984,0.207179354140856,0.749423559378405));
#5010=DIRECTION('',(0.628841032269984,0.207179354140856,0.749423559378405));
#5011=DIRECTION('',(-0.766044443118978,0.,0.642787609686539));
#5012=DIRECTION('center_axis',(-0.642787609686539,-1.92592994438724E-34,
-0.766044443118978));
#5013=DIRECTION('ref_axis',(-1.4724124068816E-18,-1.,1.2355007075552E-18));
#5014=DIRECTION('',(-1.4724124068816E-18,-1.,1.2355007075552E-18));
#5015=DIRECTION('',(-1.4724124068816E-18,-1.,1.2355007075552E-18));
#5016=DIRECTION('center_axis',(-0.766044443118978,0.,0.642787609686539));
#5017=DIRECTION('ref_axis',(0.642787609686539,0.,0.766044443118978));
#5018=DIRECTION('center_axis',(-0.766044443118978,-2.67338996866079E-19,
0.642787609686539));
#5019=DIRECTION('ref_axis',(2.04793552978262E-19,-1.,-1.71842194771544E-19));
#5020=DIRECTION('center_axis',(-1.,0.,0.));
#5021=DIRECTION('ref_axis',(0.,1.,0.));
#5022=DIRECTION('',(0.,-1.,0.));
#5023=DIRECTION('',(0.,0.,-1.));
#5024=DIRECTION('',(0.,1.,0.));
#5025=DIRECTION('',(0.,0.,-1.));
#5026=DIRECTION('center_axis',(0.,-1.,0.));
#5027=DIRECTION('ref_axis',(-1.,0.,0.));
#5028=DIRECTION('',(1.,0.,0.));
#5029=DIRECTION('',(-1.,0.,0.));
#5030=DIRECTION('',(0.,0.,-1.));
#5031=DIRECTION('center_axis',(1.,0.,0.));
#5032=DIRECTION('ref_axis',(0.,-1.,0.));
#5033=DIRECTION('',(0.,1.,0.));
#5034=DIRECTION('',(0.,-1.,0.));
#5035=DIRECTION('',(0.,0.,-1.));
#5036=DIRECTION('center_axis',(0.,1.,0.));
#5037=DIRECTION('ref_axis',(1.,0.,0.));
#5038=DIRECTION('',(-1.,0.,0.));
#5039=DIRECTION('',(1.,0.,0.));
#5040=DIRECTION('center_axis',(0.,0.,1.));
#5041=DIRECTION('ref_axis',(-1.,0.,0.));
#5042=DIRECTION('center_axis',(0.,0.,-1.));
#5043=DIRECTION('ref_axis',(-1.,0.,0.));
#5044=DIRECTION('',(-1.,-1.17719298102976E-31,-1.69309011255336E-15));
#5045=DIRECTION('',(-1.87350135405495E-15,-5.09314812546791E-15,1.));
#5046=DIRECTION('',(-1.,-1.17719298102976E-31,-1.69309011255336E-15));
#5047=DIRECTION('',(-1.87350135405495E-15,-5.09314812546791E-15,1.));
#5048=CARTESIAN_POINT('',(0.,0.,0.));
#5049=CARTESIAN_POINT('',(0.,0.,0.));
#5050=CARTESIAN_POINT('',(0.,0.,0.));
#5051=CARTESIAN_POINT('',(0.,0.,0.));
#5052=CARTESIAN_POINT('Origin',(0.,-15.73,0.));
#5053=CARTESIAN_POINT('',(-1.18,-12.75,1.44508322299388E-16));
#5054=CARTESIAN_POINT('Origin',(-1.38777878078145E-16,-12.75,-8.29364225699939E-17));
#5055=CARTESIAN_POINT('',(-1.18,-18.71,1.44508322299388E-16));
#5056=CARTESIAN_POINT('',(-1.18,-15.73,1.44508322299388E-16));
#5057=CARTESIAN_POINT('Origin',(-1.38777878078145E-16,-18.71,-8.29364225699939E-17));
#5058=CARTESIAN_POINT('Origin',(-1.19,-12.75,0.));
#5059=CARTESIAN_POINT('Origin',(0.,15.73,0.));
#5060=CARTESIAN_POINT('',(-1.18,12.75,-1.44508322299388E-16));
#5061=CARTESIAN_POINT('Origin',(-1.38777878078145E-16,12.75,8.29364225699939E-17));
#5062=CARTESIAN_POINT('',(-1.18,18.71,-1.44508322299388E-16));
#5063=CARTESIAN_POINT('',(-1.18,15.73,-1.44508322299388E-16));
#5064=CARTESIAN_POINT('Origin',(-1.38777878078145E-16,18.71,8.29364225699939E-17));
#5065=CARTESIAN_POINT('Origin',(0.,12.75,-1.19));
#5066=CARTESIAN_POINT('Origin',(2.77555756156289E-16,-18.72,-1.85));
#5067=CARTESIAN_POINT('',(-2.00758561461274,-18.71,-1.85));
#5068=CARTESIAN_POINT('',(2.00758561461274,-18.71,-1.85));
#5069=CARTESIAN_POINT('',(-2.00758561461274,-18.71,-1.85));
#5070=CARTESIAN_POINT('',(-2.00758561461274,-10.75,-1.85));
#5071=CARTESIAN_POINT('',(-2.00758561461274,-10.75,-1.85));
#5072=CARTESIAN_POINT('',(2.00758561461274,-10.75,-1.85));
#5073=CARTESIAN_POINT('',(-2.00758561461274,-10.75,-1.85));
#5074=CARTESIAN_POINT('',(2.00758561461274,-18.71,-1.85));
#5075=CARTESIAN_POINT('Origin',(-2.01758561461274,-10.75,-2.29));
#5076=CARTESIAN_POINT('Origin',(-2.22044604925031E-15,-10.75,1.11022302462516E-15));
#5077=CARTESIAN_POINT('Origin',(0.,-18.72,1.84999843850591));
#5078=CARTESIAN_POINT('',(2.0075870528714,-18.71,1.84999843879726));
#5079=CARTESIAN_POINT('',(-2.0075870528714,-18.71,1.84999843879726));
#5080=CARTESIAN_POINT('',(2.00758561461274,-18.71,1.84999843850591));
#5081=CARTESIAN_POINT('',(2.0075870528714,-10.75,1.84999843879726));
#5082=CARTESIAN_POINT('',(2.00758705353608,-10.75,1.84999843850591));
#5083=CARTESIAN_POINT('',(-2.0075870528714,-10.75,1.84999843879726));
#5084=CARTESIAN_POINT('',(2.00758561461274,-10.75,1.84999843850591));
#5085=CARTESIAN_POINT('',(-2.00758705353608,-18.71,1.84999843850591));
#5086=CARTESIAN_POINT('Origin',(-2.01758639275844,-10.75,2.28999921925296));
#5087=CARTESIAN_POINT('Origin',(-1.11022302462516E-15,-10.75,-5.55111512312578E-16));
#5088=CARTESIAN_POINT('Origin',(0.,-18.71,1.85999915557039));
#5089=CARTESIAN_POINT('',(2.73,-18.71,-3.34328576167228E-16));
#5090=CARTESIAN_POINT('Origin',(-3.33066907387547E-15,-18.71,8.32667268468867E-16));
#5091=CARTESIAN_POINT('Origin',(-3.33066907387547E-15,-18.71,8.32667268468867E-16));
#5092=CARTESIAN_POINT('Origin',(-7.21644966006352E-15,-18.7100000000001,
-8.32667268468867E-16));
#5093=CARTESIAN_POINT('Origin',(2.77555756156289E-16,18.72,1.84999843850591));
#5094=CARTESIAN_POINT('',(-2.0075870528714,18.71,1.84999843879726));
#5095=CARTESIAN_POINT('',(2.0075870528714,18.71,1.84999843879726));
#5096=CARTESIAN_POINT('',(-2.00758561461274,18.71,1.84999843850591));
#5097=CARTESIAN_POINT('',(-2.0075870528714,10.75,1.84999843879726));
#5098=CARTESIAN_POINT('',(-2.00758705353608,10.75,1.84999843850591));
#5099=CARTESIAN_POINT('',(2.0075870528714,10.75,1.84999843879726));
#5100=CARTESIAN_POINT('',(-2.00758561461274,10.75,1.84999843850591));
#5101=CARTESIAN_POINT('',(2.00758705353608,18.71,1.84999843850591));
#5102=CARTESIAN_POINT('Origin',(2.77555756156289E-16,10.75,1.83999843850591));
#5103=CARTESIAN_POINT('Origin',(0.,10.75,0.));
#5104=CARTESIAN_POINT('Origin',(0.,18.72,-1.85));
#5105=CARTESIAN_POINT('',(2.00758561461274,18.71,-1.85));
#5106=CARTESIAN_POINT('',(-2.00758561461274,18.71,-1.85));
#5107=CARTESIAN_POINT('',(2.00758561461274,18.71,-1.85));
#5108=CARTESIAN_POINT('',(2.00758561461274,10.75,-1.85));
#5109=CARTESIAN_POINT('',(2.00758561461274,10.75,-1.85));
#5110=CARTESIAN_POINT('',(-2.00758561461274,10.75,-1.85));
#5111=CARTESIAN_POINT('',(2.00758561461274,10.75,-1.85));
#5112=CARTESIAN_POINT('',(-2.00758561461274,18.71,-1.85));
#5113=CARTESIAN_POINT('Origin',(-5.55111512312578E-16,10.75,-2.74));
#5114=CARTESIAN_POINT('Origin',(-2.4980018054066E-15,10.75,1.94289029309402E-15));
#5115=CARTESIAN_POINT('Origin',(5.55111512312578E-16,4.44089209850063E-15,
0.));
#5116=CARTESIAN_POINT('Origin',(-4.44089209850063E-15,18.71,2.45617174572786E-15));
#5117=CARTESIAN_POINT('',(2.73,18.71,-3.34328576167228E-16));
#5118=CARTESIAN_POINT('Origin',(-2.4980018054066E-15,18.71,-1.94289029309402E-15));
#5119=CARTESIAN_POINT('',(2.73,4.44089209850063E-15,-3.34328576167228E-16));
#5120=CARTESIAN_POINT('Origin',(-2.4980018054066E-15,18.71,-1.94289029309402E-15));
#5121=CARTESIAN_POINT('Origin',(0.491184488813285,18.71,1.85999915557039));
#5122=CARTESIAN_POINT('',(0.,0.,0.));
#5123=CARTESIAN_POINT('Origin',(-5.20417042793042E-17,9.47,1.11022302462516E-15));
#5124=CARTESIAN_POINT('',(-3.98232937350406E-16,9.62,-3.05));
#5125=CARTESIAN_POINT('Origin',(-5.55111512312578E-16,9.62,2.95797756350618E-17));
#5126=CARTESIAN_POINT('',(-4.43928680006457E-16,9.47,-3.2));
#5127=CARTESIAN_POINT('Origin',(-4.25558978019247E-16,9.47,-3.05));
#5128=CARTESIAN_POINT('Origin',(0.,9.47,1.08043463627292E-16));
#5129=CARTESIAN_POINT('Origin',(0.,9.62,-3.06));
#5130=CARTESIAN_POINT('',(2.73,9.62,-3.34328576167227E-16));
#5131=CARTESIAN_POINT('Origin',(0.,9.62,-8.49523463404625E-16));
#5132=CARTESIAN_POINT('Origin',(2.4980018054066E-15,11.355,11.2199984385059));
#5133=CARTESIAN_POINT('',(-1.57068424957856,11.37,12.3415380000577));
#5134=CARTESIAN_POINT('Origin',(1.11022302462516E-15,11.37,11.2199984385059));
#5135=CARTESIAN_POINT('',(-1.69275815498623,11.22,12.4287042872249));
#5136=CARTESIAN_POINT('',(-1.58289164011933,11.355,12.3502546287744));
#5137=CARTESIAN_POINT('',(-2.08000000000002,11.22,11.2199984385059));
#5138=CARTESIAN_POINT('Origin',(8.32667268468867E-16,11.22,11.2199984385059));
#5139=CARTESIAN_POINT('Origin',(8.32667268468867E-16,11.22,11.2199984385059));
#5140=CARTESIAN_POINT('Origin',(-8.88178419700125E-15,10.345,11.2199984385059));
#5141=CARTESIAN_POINT('',(-2.08000000000002,9.47,11.2199984385059));
#5142=CARTESIAN_POINT('',(-2.08000000000002,10.345,11.2199984385059));
#5143=CARTESIAN_POINT('Origin',(8.32667268468867E-16,9.47,11.2199984385059));
#5144=CARTESIAN_POINT('Origin',(2.77555756156289E-16,11.37,9.27999843850591));
#5145=CARTESIAN_POINT('Origin',(-3.5,0.,-12.33));
#5146=CARTESIAN_POINT('',(-3.5,1.5,-11.33));
#5147=CARTESIAN_POINT('',(-2.5,1.5,-12.33));
#5148=CARTESIAN_POINT('Origin',(-3.5,1.5,-12.33));
#5149=CARTESIAN_POINT('',(-2.5,-1.5,-12.33));
#5150=CARTESIAN_POINT('',(-2.5,1.5,-12.33));
#5151=CARTESIAN_POINT('',(-3.5,-1.5,-11.33));
#5152=CARTESIAN_POINT('Origin',(-3.5,-1.5,-12.33));
#5153=CARTESIAN_POINT('',(-3.5,-1.5,-11.33));
#5154=CARTESIAN_POINT('Origin',(-2.5,-1.51,-14.43));
#5155=CARTESIAN_POINT('',(-2.5,1.5,-16.53));
#5156=CARTESIAN_POINT('',(-2.5,1.5,-16.53));
#5157=CARTESIAN_POINT('',(-2.5,-1.5,-16.53));
#5158=CARTESIAN_POINT('',(-2.5,-1.5,-16.53));
#5159=CARTESIAN_POINT('',(-2.5,-1.5,-12.33));
#5160=CARTESIAN_POINT('Origin',(3.5,0.,-12.33));
#5161=CARTESIAN_POINT('',(3.5,-1.5,-11.33));
#5162=CARTESIAN_POINT('',(2.5,-1.5,-12.33));
#5163=CARTESIAN_POINT('Origin',(3.5,-1.5,-12.33));
#5164=CARTESIAN_POINT('',(2.5,1.5,-12.33));
#5165=CARTESIAN_POINT('',(2.5,-1.5,-12.33));
#5166=CARTESIAN_POINT('',(3.5,1.5,-11.33));
#5167=CARTESIAN_POINT('Origin',(3.5,1.5,-12.33));
#5168=CARTESIAN_POINT('',(3.5,1.5,-11.33));
#5169=CARTESIAN_POINT('Origin',(2.5,-1.51,-14.43));
#5170=CARTESIAN_POINT('',(2.5,-1.5,-16.53));
#5171=CARTESIAN_POINT('',(2.5,-1.5,-16.53));
#5172=CARTESIAN_POINT('',(2.5,1.5,-16.53));
#5173=CARTESIAN_POINT('',(2.5,-1.5,-16.53));
#5174=CARTESIAN_POINT('',(2.5,1.5,-12.33));
#5175=CARTESIAN_POINT('Origin',(9.25000000000001,0.,-9.33));
#5176=CARTESIAN_POINT('',(9.25,9.47,-11.33));
#5177=CARTESIAN_POINT('',(11.25,9.47,-9.33));
#5178=CARTESIAN_POINT('Origin',(9.25000000000001,9.47,-9.33000000000001));
#5179=CARTESIAN_POINT('',(11.25,-9.47,-9.33));
#5180=CARTESIAN_POINT('',(11.25,9.47,-9.33));
#5181=CARTESIAN_POINT('',(9.25,-9.47,-11.33));
#5182=CARTESIAN_POINT('Origin',(9.25000000000001,-9.47,-9.33000000000001));
#5183=CARTESIAN_POINT('',(9.25,-9.47,-11.33));
#5184=CARTESIAN_POINT('Origin',(1.11022302462516E-15,-9.48,-11.33));
#5185=CARTESIAN_POINT('',(-9.25,-9.47,-11.33));
#5186=CARTESIAN_POINT('',(-9.25,-9.47,-11.33));
#5187=CARTESIAN_POINT('',(-9.25,9.47,-11.33));
#5188=CARTESIAN_POINT('',(-9.25,9.47,-11.33));
#5189=CARTESIAN_POINT('',(9.25,9.47,-11.33));
#5190=CARTESIAN_POINT('',(-3.5,-1.5,-11.33));
#5191=CARTESIAN_POINT('',(3.5,1.5,-11.33));
#5192=CARTESIAN_POINT('Origin',(0.,-9.47,36.88));
#5193=CARTESIAN_POINT('',(11.25,-9.47,25.27));
#5194=CARTESIAN_POINT('',(11.25,-9.47,-9.33));
#5195=CARTESIAN_POINT('',(7.13249605678127,-9.47,25.27));
#5196=CARTESIAN_POINT('',(11.25,-9.47,25.27));
#5197=CARTESIAN_POINT('',(7.13249605678127,-9.47,36.87));
#5198=CARTESIAN_POINT('',(7.13249605678127,-9.47,25.27));
#5199=CARTESIAN_POINT('',(-7.13249605678127,-9.47,36.87));
#5200=CARTESIAN_POINT('',(-7.13249605678127,-9.47,36.87));
#5201=CARTESIAN_POINT('',(-7.13249605678127,-9.47,25.27));
#5202=CARTESIAN_POINT('',(-7.13249605678127,-9.47,25.27));
#5203=CARTESIAN_POINT('',(-11.25,-9.47,25.27));
#5204=CARTESIAN_POINT('',(-7.13249605678127,-9.47,25.27));
#5205=CARTESIAN_POINT('',(-11.25,-9.47,-9.33000000000001));
#5206=CARTESIAN_POINT('',(-11.25,-9.47,25.27));
#5207=CARTESIAN_POINT('Origin',(-9.25,-9.47,-9.33000000000001));
#5208=CARTESIAN_POINT('',(2.5,-9.47,32.37));
#5209=CARTESIAN_POINT('',(2.5,-9.47,31.37));
#5210=CARTESIAN_POINT('',(2.5,-9.47,32.37));
#5211=CARTESIAN_POINT('',(3.,-9.47,31.37));
#5212=CARTESIAN_POINT('',(2.5,-9.47,31.37));
#5213=CARTESIAN_POINT('',(3.,-9.47,28.87));
#5214=CARTESIAN_POINT('',(3.,-9.47,31.37));
#5215=CARTESIAN_POINT('',(-3.,-9.47,28.87));
#5216=CARTESIAN_POINT('',(3.,-9.47,28.87));
#5217=CARTESIAN_POINT('',(-3.,-9.47,31.37));
#5218=CARTESIAN_POINT('',(-3.,-9.47,28.87));
#5219=CARTESIAN_POINT('',(-2.5,-9.47,31.37));
#5220=CARTESIAN_POINT('',(-3.,-9.47,31.37));
#5221=CARTESIAN_POINT('',(-2.5,-9.47,32.37));
#5222=CARTESIAN_POINT('',(-2.5,-9.47,31.37));
#5223=CARTESIAN_POINT('',(-2.5,-9.47,32.37));
#5224=CARTESIAN_POINT('',(2.73,-9.47,-3.34328576167228E-16));
#5225=CARTESIAN_POINT('Origin',(0.,-9.47,5.92416413604672E-17));
#5226=CARTESIAN_POINT('',(10.25,-9.47,20.11));
#5227=CARTESIAN_POINT('Origin',(8.75,-9.47,20.11));
#5228=CARTESIAN_POINT('',(-7.24999999999999,-9.47,20.11));
#5229=CARTESIAN_POINT('Origin',(-8.75,-9.47,20.11));
#5230=CARTESIAN_POINT('Origin',(-9.25,0.,-9.33));
#5231=CARTESIAN_POINT('',(-11.25,9.47,-9.33000000000001));
#5232=CARTESIAN_POINT('Origin',(-9.25,9.47,-9.33));
#5233=CARTESIAN_POINT('',(-11.25,-9.47,-9.33000000000001));
#5234=CARTESIAN_POINT('Origin',(-11.25,-9.48,7.97));
#5235=CARTESIAN_POINT('',(-11.25,-0.77,25.27));
#5236=CARTESIAN_POINT('',(-11.25,-9.47,25.27));
#5237=CARTESIAN_POINT('',(-11.25,9.47,25.27));
#5238=CARTESIAN_POINT('',(-11.25,-0.77,25.27));
#5239=CARTESIAN_POINT('',(-11.25,9.47,-9.33000000000001));
#5240=CARTESIAN_POINT('Origin',(-2.5,-12.48,31.37));
#5241=CARTESIAN_POINT('',(-2.5,-11.47,31.37));
#5242=CARTESIAN_POINT('',(-2.5,-9.47,31.37));
#5243=CARTESIAN_POINT('',(-2.5,-11.47,30.37));
#5244=CARTESIAN_POINT('',(-2.5,-11.47,31.37));
#5245=CARTESIAN_POINT('',(-2.5,-12.47,30.37));
#5246=CARTESIAN_POINT('',(-2.5,-11.47,30.37));
#5247=CARTESIAN_POINT('',(-2.5,-12.47,32.37));
#5248=CARTESIAN_POINT('',(-2.5,-12.47,30.37));
#5249=CARTESIAN_POINT('',(-2.5,-12.47,32.37));
#5250=CARTESIAN_POINT('Origin',(-2.51,-11.47,30.87));
#5251=CARTESIAN_POINT('',(2.5,-11.47,31.37));
#5252=CARTESIAN_POINT('',(-2.5,-11.47,31.37));
#5253=CARTESIAN_POINT('',(2.5,-11.47,30.37));
#5254=CARTESIAN_POINT('',(2.5,-11.47,30.37));
#5255=CARTESIAN_POINT('',(-2.5,-11.47,30.37));
#5256=CARTESIAN_POINT('Origin',(-2.51,-11.97,30.37));
#5257=CARTESIAN_POINT('',(2.5,-12.47,30.37));
#5258=CARTESIAN_POINT('',(2.5,-12.47,30.37));
#5259=CARTESIAN_POINT('',(-2.5,-12.47,30.37));
#5260=CARTESIAN_POINT('Origin',(-2.51,-12.47,31.37));
#5261=CARTESIAN_POINT('',(2.5,-12.47,32.37));
#5262=CARTESIAN_POINT('',(2.5,-12.47,32.37));
#5263=CARTESIAN_POINT('',(-2.5,-12.47,32.37));
#5264=CARTESIAN_POINT('Origin',(-2.51,-10.97,32.37));
#5265=CARTESIAN_POINT('',(2.5,-9.47,32.37));
#5266=CARTESIAN_POINT('Origin',(2.5,-12.48,31.37));
#5267=CARTESIAN_POINT('',(2.5,-11.47,31.37));
#5268=CARTESIAN_POINT('Origin',(-2.5,7.92,31.37));
#5269=CARTESIAN_POINT('',(-2.5,9.93,31.37));
#5270=CARTESIAN_POINT('',(-2.5,7.93,31.37));
#5271=CARTESIAN_POINT('',(-2.5,9.93,31.37));
#5272=CARTESIAN_POINT('',(-2.5,7.93,32.37));
#5273=CARTESIAN_POINT('',(-2.5,7.93,32.37));
#5274=CARTESIAN_POINT('',(-2.5,10.93,32.37));
#5275=CARTESIAN_POINT('',(-2.5,7.93,32.37));
#5276=CARTESIAN_POINT('',(-2.5,10.93,30.37));
#5277=CARTESIAN_POINT('',(-2.5,10.93,32.37));
#5278=CARTESIAN_POINT('',(-2.5,9.93,30.37));
#5279=CARTESIAN_POINT('',(-2.5,10.93,30.37));
#5280=CARTESIAN_POINT('',(-2.5,9.93,30.37));
#5281=CARTESIAN_POINT('Origin',(-2.51,9.43,32.37));
#5282=CARTESIAN_POINT('',(2.5,7.93,32.37));
#5283=CARTESIAN_POINT('',(2.5,7.93,32.37));
#5284=CARTESIAN_POINT('',(2.5,10.93,32.37));
#5285=CARTESIAN_POINT('',(2.5,10.93,32.37));
#5286=CARTESIAN_POINT('',(-2.5,10.93,32.37));
#5287=CARTESIAN_POINT('Origin',(-2.51,10.93,31.37));
#5288=CARTESIAN_POINT('',(2.5,10.93,30.37));
#5289=CARTESIAN_POINT('',(2.5,10.93,30.37));
#5290=CARTESIAN_POINT('',(-2.5,10.93,30.37));
#5291=CARTESIAN_POINT('Origin',(-2.51,10.43,30.37));
#5292=CARTESIAN_POINT('',(2.5,9.93,30.37));
#5293=CARTESIAN_POINT('',(2.5,9.93,30.37));
#5294=CARTESIAN_POINT('',(-2.5,9.93,30.37));
#5295=CARTESIAN_POINT('Origin',(-2.51,9.93,30.87));
#5296=CARTESIAN_POINT('',(2.5,9.93,31.37));
#5297=CARTESIAN_POINT('',(2.5,9.93,31.37));
#5298=CARTESIAN_POINT('',(-2.5,9.93,31.37));
#5299=CARTESIAN_POINT('Origin',(2.5,7.92,31.37));
#5300=CARTESIAN_POINT('',(2.5,7.93,31.37));
#5301=CARTESIAN_POINT('',(2.5,7.93,31.37));
#5302=CARTESIAN_POINT('',(2.5,7.93,31.37));
#5303=CARTESIAN_POINT('Origin',(0.,7.93,25.26));
#5304=CARTESIAN_POINT('',(-7.13249605678127,7.93,25.27));
#5305=CARTESIAN_POINT('',(7.13249605678127,7.93,25.27));
#5306=CARTESIAN_POINT('',(-7.13249605678127,7.93,25.27));
#5307=CARTESIAN_POINT('',(-7.13249605678127,7.93,36.87));
#5308=CARTESIAN_POINT('',(-7.13249605678127,7.93,25.27));
#5309=CARTESIAN_POINT('',(7.13249605678127,7.93,36.87));
#5310=CARTESIAN_POINT('',(7.13249605678127,7.93,36.87));
#5311=CARTESIAN_POINT('',(7.13249605678127,7.93,25.27));
#5312=CARTESIAN_POINT('',(-3.,7.93,31.37));
#5313=CARTESIAN_POINT('',(-2.5,7.93,31.37));
#5314=CARTESIAN_POINT('',(-3.,7.93,28.87));
#5315=CARTESIAN_POINT('',(-3.,7.93,31.37));
#5316=CARTESIAN_POINT('',(3.,7.93,28.87));
#5317=CARTESIAN_POINT('',(-3.,7.93,28.87));
#5318=CARTESIAN_POINT('',(3.,7.93,31.37));
#5319=CARTESIAN_POINT('',(3.,7.93,28.87));
#5320=CARTESIAN_POINT('',(3.,7.93,31.37));
#5321=CARTESIAN_POINT('Origin',(0.,9.94,31.37));
#5322=CARTESIAN_POINT('',(-3.,6.73,31.37));
#5323=CARTESIAN_POINT('',(3.,6.73,31.37));
#5324=CARTESIAN_POINT('',(-3.,6.73,31.37));
#5325=CARTESIAN_POINT('',(-3.,7.93,31.37));
#5326=CARTESIAN_POINT('',(3.,7.93,31.37));
#5327=CARTESIAN_POINT('Origin',(0.,-8.26,31.37));
#5328=CARTESIAN_POINT('',(3.,-8.27,31.37));
#5329=CARTESIAN_POINT('',(-3.,-8.27,31.37));
#5330=CARTESIAN_POINT('',(3.,-8.27,31.37));
#5331=CARTESIAN_POINT('',(3.,-8.27,31.37));
#5332=CARTESIAN_POINT('',(-3.,-8.27,31.37));
#5333=CARTESIAN_POINT('Origin',(-3.,7.94,30.12));
#5334=CARTESIAN_POINT('',(-3.,6.73,28.87));
#5335=CARTESIAN_POINT('',(-3.,6.73,28.87));
#5336=CARTESIAN_POINT('',(-3.,7.93,28.87));
#5337=CARTESIAN_POINT('Origin',(-3.,-8.26,30.12));
#5338=CARTESIAN_POINT('',(-3.,-8.27,28.87));
#5339=CARTESIAN_POINT('',(-3.,-8.27,31.37));
#5340=CARTESIAN_POINT('',(-3.,-8.27,28.87));
#5341=CARTESIAN_POINT('Origin',(3.,7.94,30.12));
#5342=CARTESIAN_POINT('',(3.,6.73,28.87));
#5343=CARTESIAN_POINT('',(3.,6.73,31.37));
#5344=CARTESIAN_POINT('',(3.,7.93,28.87));
#5345=CARTESIAN_POINT('Origin',(0.,7.94,28.87));
#5346=CARTESIAN_POINT('',(3.,6.73,28.87));
#5347=CARTESIAN_POINT('Origin',(0.,-8.26,28.87));
#5348=CARTESIAN_POINT('',(3.,-8.27,28.87));
#5349=CARTESIAN_POINT('',(-3.,-8.27,28.87));
#5350=CARTESIAN_POINT('',(3.,-8.27,28.87));
#5351=CARTESIAN_POINT('Origin',(3.,-8.26,30.12));
#5352=CARTESIAN_POINT('',(3.,-8.27,28.87));
#5353=CARTESIAN_POINT('Origin',(0.,-8.27,25.26));
#5354=CARTESIAN_POINT('',(-6.53853959229429,-8.27,25.27));
#5355=CARTESIAN_POINT('',(6.53853959229429,-8.27,25.27));
#5356=CARTESIAN_POINT('',(-6.53853959229429,-8.27,25.27));
#5357=CARTESIAN_POINT('',(-6.53853959229429,-8.27,36.87));
#5358=CARTESIAN_POINT('',(-6.53853959229429,-8.27,25.27));
#5359=CARTESIAN_POINT('',(6.53853959229429,-8.27,36.87));
#5360=CARTESIAN_POINT('',(6.53853959229429,-8.27,36.87));
#5361=CARTESIAN_POINT('',(6.53853959229429,-8.27,25.27));
#5362=CARTESIAN_POINT('Origin',(4.44089209850063E-15,-0.770000000000001,
31.07));
#5363=CARTESIAN_POINT('',(6.53853959229429,6.73,25.27));
#5364=CARTESIAN_POINT('Origin',(-1.11022302462516E-15,-0.769999999999997,
25.27));
#5365=CARTESIAN_POINT('',(6.53853959229429,6.73,36.87));
#5366=CARTESIAN_POINT('Origin',(-1.11022302462516E-15,-0.769999999999992,
36.87));
#5367=CARTESIAN_POINT('',(6.53853959229429,6.73,25.27));
#5368=CARTESIAN_POINT('Origin',(0.,6.73,25.26));
#5369=CARTESIAN_POINT('',(-6.53853959229429,6.73,25.27));
#5370=CARTESIAN_POINT('',(6.53853959229429,6.73,25.27));
#5371=CARTESIAN_POINT('',(-6.53853959229429,6.73,36.87));
#5372=CARTESIAN_POINT('',(-6.53853959229429,6.73,36.87));
#5373=CARTESIAN_POINT('',(-6.53853959229429,6.73,25.27));
#5374=CARTESIAN_POINT('Origin',(4.44089209850063E-15,-0.770000000000002,
31.07));
#5375=CARTESIAN_POINT('Origin',(1.11022302462516E-15,-0.77,25.27));
#5376=CARTESIAN_POINT('Origin',(1.11022302462516E-15,-0.770000000000001,
36.87));
#5377=CARTESIAN_POINT('Origin',(1.55431223447522E-14,-0.769999999999986,
31.07));
#5378=CARTESIAN_POINT('Origin',(2.88657986402541E-14,-0.769999999999998,
25.27));
#5379=CARTESIAN_POINT('Origin',(4.44089209850063E-14,-0.769999999999985,
25.27));
#5380=CARTESIAN_POINT('Origin',(3.5527136788005E-14,-0.770000000000003,
36.87));
#5381=CARTESIAN_POINT('Origin',(-1.88737914186277E-14,-0.770000000000015,
31.07));
#5382=CARTESIAN_POINT('',(11.25,-0.77,25.27));
#5383=CARTESIAN_POINT('Origin',(-2.22044604925031E-14,-0.769999999999996,
25.27));
#5384=CARTESIAN_POINT('Origin',(-3.77475828372553E-14,-0.769999999999984,
25.27));
#5385=CARTESIAN_POINT('Origin',(-4.88498130835069E-14,-0.77,36.87));
#5386=CARTESIAN_POINT('Origin',(0.,-9.48,36.87));
#5387=CARTESIAN_POINT('Origin',(-9.19124802839064,-9.48,25.27));
#5388=CARTESIAN_POINT('Origin',(9.19124802839064,-9.48,25.27));
#5389=CARTESIAN_POINT('',(11.25,-0.77,25.27));
#5390=CARTESIAN_POINT('Origin',(-1.11022302462516E-15,-8.28,25.27));
#5391=CARTESIAN_POINT('Origin',(0.,-1.5,-11.32));
#5392=CARTESIAN_POINT('',(-2.5,-1.5,-16.53));
#5393=CARTESIAN_POINT('',(1.5,-1.5,-13.93));
#5394=CARTESIAN_POINT('Origin',(2.77555756156289E-16,-1.5,-13.93));
#5395=CARTESIAN_POINT('Origin',(1.66533453693773E-15,0.,-13.93));
#5396=CARTESIAN_POINT('',(1.5,1.5,-13.93));
#5397=CARTESIAN_POINT('Origin',(0.,1.5,-13.93));
#5398=CARTESIAN_POINT('',(1.5,0.,-13.93));
#5399=CARTESIAN_POINT('Origin',(0.,-1.51,-16.53));
#5400=CARTESIAN_POINT('',(2.5,1.5,-16.53));
#5401=CARTESIAN_POINT('Origin',(0.,1.5,-11.32));
#5402=CARTESIAN_POINT('Origin',(-8.75,0.,20.11));
#5403=CARTESIAN_POINT('',(-7.24999999999999,9.47,20.11));
#5404=CARTESIAN_POINT('Origin',(-8.75,9.47,20.11));
#5405=CARTESIAN_POINT('',(-7.24999999999999,0.,20.11));
#5406=CARTESIAN_POINT('Origin',(8.75,0.,20.11));
#5407=CARTESIAN_POINT('',(10.25,9.47,20.11));
#5408=CARTESIAN_POINT('Origin',(8.75,9.47,20.11));
#5409=CARTESIAN_POINT('',(10.25,0.,20.11));
#5410=CARTESIAN_POINT('Origin',(5.55111512312578E-16,0.0749999999999995,
0.));
#5411=CARTESIAN_POINT('',(2.73,0.0749999999999995,-3.34328576167228E-16));
#5412=CARTESIAN_POINT('Origin',(0.,-0.780000000000002,25.27));
#5413=CARTESIAN_POINT('',(11.25,9.47,25.27));
#5414=CARTESIAN_POINT('',(11.25,9.47,25.27));
#5415=CARTESIAN_POINT('',(-11.25,9.47,25.27));
#5416=CARTESIAN_POINT('Origin',(11.25,-9.48,7.97));
#5417=CARTESIAN_POINT('',(11.25,9.47,25.27));
#5418=CARTESIAN_POINT('Origin',(0.,9.47,25.28));
#5419=CARTESIAN_POINT('',(0.,0.,0.));
#5420=CARTESIAN_POINT('Origin',(0.,-8.28,25.27));
#5421=CARTESIAN_POINT('',(-6.53853959229429,6.73,25.27));
#5422=CARTESIAN_POINT('',(-6.53853959229429,-8.27,25.27));
#5423=CARTESIAN_POINT('Origin',(1.11022302462516E-15,-0.77,25.27));
#5424=CARTESIAN_POINT('',(6.53853959229429,6.73,25.27));
#5425=CARTESIAN_POINT('',(6.53853959229429,6.73,25.27));
#5426=CARTESIAN_POINT('',(6.53853959229429,-8.27,25.27));
#5427=CARTESIAN_POINT('Origin',(-1.11022302462516E-15,-0.769999999999997,
25.27));
#5428=CARTESIAN_POINT('',(-6.53853959229429,-8.27,25.27));
#5429=CARTESIAN_POINT('Origin',(0.,-8.27,25.26));
#5430=CARTESIAN_POINT('',(-6.53853959229429,-8.27,45.27));
#5431=CARTESIAN_POINT('',(6.53853959229429,-8.27,45.27));
#5432=CARTESIAN_POINT('',(-6.53853959229429,-8.27,45.27));
#5433=CARTESIAN_POINT('',(-6.53853959229429,-8.27,25.27));
#5434=CARTESIAN_POINT('',(6.53853959229429,-8.27,25.27));
#5435=CARTESIAN_POINT('Origin',(4.21884749357559E-14,-0.77000000000002,
35.27));
#5436=CARTESIAN_POINT('',(6.53853959229429,6.73,45.27));
#5437=CARTESIAN_POINT('Origin',(1.11022302462516E-15,-0.769999999999991,
45.27));
#5438=CARTESIAN_POINT('',(6.53853959229429,6.73,25.27));
#5439=CARTESIAN_POINT('Origin',(0.,6.73,25.26));
#5440=CARTESIAN_POINT('',(-6.53853959229429,6.73,45.27));
#5441=CARTESIAN_POINT('',(6.53853959229429,6.73,45.27));
#5442=CARTESIAN_POINT('',(-6.53853959229429,6.73,25.27));
#5443=CARTESIAN_POINT('Origin',(3.33066907387547E-15,-0.770000000000003,
35.27));
#5444=CARTESIAN_POINT('Origin',(1.11022302462516E-15,-0.77,45.27));
#5445=CARTESIAN_POINT('Origin',(0.,-8.28,45.27));
#5446=CARTESIAN_POINT('Origin',(0.,-3.22,50.26));
#5447=CARTESIAN_POINT('',(3.,-3.22,50.27));
#5448=CARTESIAN_POINT('',(-3.,-3.22,50.27));
#5449=CARTESIAN_POINT('',(3.,-3.22,50.27));
#5450=CARTESIAN_POINT('',(3.,-3.22,52.27));
#5451=CARTESIAN_POINT('',(3.,-3.22,50.27));
#5452=CARTESIAN_POINT('',(-3.,-3.22,52.27));
#5453=CARTESIAN_POINT('',(-3.,-3.22,52.27));
#5454=CARTESIAN_POINT('',(-3.,-3.22,50.27));
#5455=CARTESIAN_POINT('Origin',(-3.,-3.72,50.26));
#5456=CARTESIAN_POINT('',(-3.,-4.22,50.27));
#5457=CARTESIAN_POINT('',(-3.,-3.22,50.27));
#5458=CARTESIAN_POINT('',(-3.,-4.22,52.27));
#5459=CARTESIAN_POINT('',(-3.,-4.22,52.27));
#5460=CARTESIAN_POINT('',(-3.,-4.22,50.27));
#5461=CARTESIAN_POINT('Origin',(0.,-4.22,50.26));
#5462=CARTESIAN_POINT('',(3.,-4.22,50.27));
#5463=CARTESIAN_POINT('',(-3.,-4.22,50.27));
#5464=CARTESIAN_POINT('',(3.,-4.22,52.27));
#5465=CARTESIAN_POINT('',(3.,-4.22,52.27));
#5466=CARTESIAN_POINT('',(3.,-4.22,50.27));
#5467=CARTESIAN_POINT('Origin',(3.,-3.72,50.26));
#5468=CARTESIAN_POINT('',(3.,-4.22,50.27));
#5469=CARTESIAN_POINT('',(3.,-3.22,52.27));
#5470=CARTESIAN_POINT('Origin',(1.38777878078145E-16,-0.77,51.27));
#5471=CARTESIAN_POINT('',(0.75,-0.77,52.27));
#5472=CARTESIAN_POINT('Origin',(1.38777878078145E-16,-0.77,52.27));
#5473=CARTESIAN_POINT('',(0.75,-0.77,50.27));
#5474=CARTESIAN_POINT('',(0.75,-0.77,51.27));
#5475=CARTESIAN_POINT('Origin',(1.38777878078145E-16,-0.77,50.27));
#5476=CARTESIAN_POINT('Origin',(4.9960036108132E-15,3.05,50.26));
#5477=CARTESIAN_POINT('',(-3.22608121410481,3.05,50.27));
#5478=CARTESIAN_POINT('',(3.22608121410481,3.05,50.27));
#5479=CARTESIAN_POINT('',(-3.22608121410481,3.05,50.27));
#5480=CARTESIAN_POINT('',(-3.22608121410481,3.05,52.27));
#5481=CARTESIAN_POINT('',(-3.22608121410481,3.05,50.27));
#5482=CARTESIAN_POINT('',(3.22608121410481,3.05,52.27));
#5483=CARTESIAN_POINT('',(3.22608121410481,3.05,52.27));
#5484=CARTESIAN_POINT('',(3.22608121410481,3.05,50.27));
#5485=CARTESIAN_POINT('Origin',(-3.33066907387547E-15,-0.77,51.27));
#5486=CARTESIAN_POINT('Origin',(5.55111512312578E-16,-0.770000000000001,
50.27));
#5487=CARTESIAN_POINT('Origin',(-5.55111512312578E-16,-0.770000000000001,
52.27));
#5488=CARTESIAN_POINT('Origin',(0.,-5.78,52.27));
#5489=CARTESIAN_POINT('Origin',(0.,-8.28,50.27));
#5490=CARTESIAN_POINT('',(-6.53853959229429,6.73,50.27));
#5491=CARTESIAN_POINT('',(-6.53853959229429,-8.27,50.27));
#5492=CARTESIAN_POINT('Origin',(1.11022302462516E-15,-0.77,50.27));
#5493=CARTESIAN_POINT('',(6.53853959229429,-8.27,50.27));
#5494=CARTESIAN_POINT('',(-6.53853959229429,-8.27,50.27));
#5495=CARTESIAN_POINT('',(6.53853959229429,6.73,50.27));
#5496=CARTESIAN_POINT('Origin',(-1.11022302462516E-15,-0.769999999999997,
50.27));
#5497=CARTESIAN_POINT('',(6.53853959229429,6.73,50.27));
#5498=CARTESIAN_POINT('Origin',(0.,-1.53,50.27));
#5499=CARTESIAN_POINT('Origin',(0.,-8.28,45.27));
#5500=CARTESIAN_POINT('',(6.53853959229429,6.73,45.27));
#5501=CARTESIAN_POINT('',(-6.53853959229429,6.73,45.27));
#5502=CARTESIAN_POINT('',(6.53853959229429,6.73,45.27));
#5503=CARTESIAN_POINT('',(6.53853959229429,-8.27,45.27));
#5504=CARTESIAN_POINT('Origin',(1.11022302462516E-15,-0.769999999999991,
45.27));
#5505=CARTESIAN_POINT('',(-6.53853959229429,-8.27,45.27));
#5506=CARTESIAN_POINT('',(-6.53853959229429,-8.27,45.27));
#5507=CARTESIAN_POINT('Origin',(1.11022302462516E-15,-0.77,45.27));
#5508=CARTESIAN_POINT('Origin',(0.,-8.27,45.26));
#5509=CARTESIAN_POINT('',(6.53853959229429,-8.27,45.27));
#5510=CARTESIAN_POINT('',(-6.53853959229429,-8.27,45.27));
#5511=CARTESIAN_POINT('Origin',(4.21884749357559E-14,-0.77000000000002,
47.77));
#5512=CARTESIAN_POINT('',(6.53853959229429,6.73,45.27));
#5513=CARTESIAN_POINT('Origin',(0.,6.73,45.26));
#5514=CARTESIAN_POINT('',(-6.53853959229429,6.73,45.27));
#5515=CARTESIAN_POINT('Origin',(3.33066907387547E-15,-0.770000000000003,
47.77));
#5516=CARTESIAN_POINT('Origin',(0.,-4.23,50.27));
#5517=CARTESIAN_POINT('Origin',(-8.09999999999994,-8.26,47.77));
#5518=CARTESIAN_POINT('',(-8.09999999999994,-8.27,47.27));
#5519=CARTESIAN_POINT('',(-8.09999999999995,-8.27,48.27));
#5520=CARTESIAN_POINT('',(-8.09999999999994,-8.27,47.27));
#5521=CARTESIAN_POINT('',(-8.09999999999995,-8.52,48.27));
#5522=CARTESIAN_POINT('',(-8.09999999999995,-8.27,48.27));
#5523=CARTESIAN_POINT('',(-8.09999999999994,-8.52,47.27));
#5524=CARTESIAN_POINT('',(-8.09999999999994,-8.52,47.27));
#5525=CARTESIAN_POINT('',(-8.09999999999994,-8.27,47.27));
#5526=CARTESIAN_POINT('Origin',(-7.09999999999995,-8.26,47.27));
#5527=CARTESIAN_POINT('',(-6.09999999999995,-8.27,47.27));
#5528=CARTESIAN_POINT('',(-6.09999999999995,-8.27,47.27));
#5529=CARTESIAN_POINT('',(-6.09999999999995,-8.52,47.27));
#5530=CARTESIAN_POINT('',(-6.09999999999995,-8.52,47.27));
#5531=CARTESIAN_POINT('',(-6.09999999999995,-8.27,47.27));
#5532=CARTESIAN_POINT('Origin',(-6.09999999999995,-8.26,47.77));
#5533=CARTESIAN_POINT('',(-6.09999999999995,-8.27,48.27));
#5534=CARTESIAN_POINT('',(-6.09999999999995,-8.27,48.27));
#5535=CARTESIAN_POINT('',(-6.09999999999995,-8.52,48.27));
#5536=CARTESIAN_POINT('',(-6.09999999999995,-8.52,48.27));
#5537=CARTESIAN_POINT('',(-6.09999999999995,-8.27,48.27));
#5538=CARTESIAN_POINT('Origin',(-7.09999999999995,-8.26,48.27));
#5539=CARTESIAN_POINT('',(-8.09999999999995,-8.27,48.27));
#5540=CARTESIAN_POINT('',(-8.09999999999995,-8.52,48.27));
#5541=CARTESIAN_POINT('Origin',(7.09999999999995,-8.26,48.27));
#5542=CARTESIAN_POINT('',(6.09999999999994,-8.27,48.27));
#5543=CARTESIAN_POINT('',(8.09999999999995,-8.27,48.27));
#5544=CARTESIAN_POINT('',(6.09999999999994,-8.27,48.27));
#5545=CARTESIAN_POINT('',(8.09999999999995,-8.52,48.27));
#5546=CARTESIAN_POINT('',(8.09999999999995,-8.27,48.27));
#5547=CARTESIAN_POINT('',(6.09999999999994,-8.52,48.27));
#5548=CARTESIAN_POINT('',(6.09999999999994,-8.52,48.27));
#5549=CARTESIAN_POINT('',(6.09999999999994,-8.27,48.27));
#5550=CARTESIAN_POINT('Origin',(6.09999999999994,-8.26,47.77));
#5551=CARTESIAN_POINT('',(6.09999999999994,-8.27,47.27));
#5552=CARTESIAN_POINT('',(6.09999999999994,-8.27,47.27));
#5553=CARTESIAN_POINT('',(6.09999999999994,-8.52,47.27));
#5554=CARTESIAN_POINT('',(6.09999999999994,-8.52,47.27));
#5555=CARTESIAN_POINT('',(6.09999999999994,-8.27,47.27));
#5556=CARTESIAN_POINT('Origin',(7.09999999999994,-8.26,47.27));
#5557=CARTESIAN_POINT('',(8.09999999999994,-8.27,47.27));
#5558=CARTESIAN_POINT('',(8.09999999999994,-8.27,47.27));
#5559=CARTESIAN_POINT('',(8.09999999999994,-8.52,47.27));
#5560=CARTESIAN_POINT('',(8.09999999999994,-8.52,47.27));
#5561=CARTESIAN_POINT('',(8.09999999999994,-8.27,47.27));
#5562=CARTESIAN_POINT('Origin',(8.09999999999994,-8.26,47.77));
#5563=CARTESIAN_POINT('',(8.09999999999995,-8.27,48.27));
#5564=CARTESIAN_POINT('',(8.09999999999995,-8.52,48.27));
#5565=CARTESIAN_POINT('Origin',(-5.99520433297585E-14,-8.26,46.77));
#5566=CARTESIAN_POINT('',(-8.60000000000006,-8.27,46.77));
#5567=CARTESIAN_POINT('',(8.59999999999994,-8.27,46.77));
#5568=CARTESIAN_POINT('',(-8.60000000000006,-8.27,46.77));
#5569=CARTESIAN_POINT('',(8.59999999999994,-8.52,46.77));
#5570=CARTESIAN_POINT('',(8.59999999999994,-8.27,46.77));
#5571=CARTESIAN_POINT('',(-8.60000000000006,-8.52,46.77));
#5572=CARTESIAN_POINT('',(-8.60000000000006,-8.52,46.77));
#5573=CARTESIAN_POINT('',(-8.60000000000006,-8.27,46.77));
#5574=CARTESIAN_POINT('Origin',(-8.60000000000006,-8.26,47.77));
#5575=CARTESIAN_POINT('',(-8.60000000000006,-8.27,48.77));
#5576=CARTESIAN_POINT('',(-8.60000000000006,-8.27,48.77));
#5577=CARTESIAN_POINT('',(-8.60000000000006,-8.52,48.77));
#5578=CARTESIAN_POINT('',(-8.60000000000006,-8.52,48.77));
#5579=CARTESIAN_POINT('',(-8.60000000000006,-8.27,48.77));
#5580=CARTESIAN_POINT('Origin',(-5.88418203051333E-14,-8.26,48.77));
#5581=CARTESIAN_POINT('',(8.59999999999994,-8.27,48.77));
#5582=CARTESIAN_POINT('',(8.59999999999994,-8.27,48.77));
#5583=CARTESIAN_POINT('',(8.59999999999994,-8.52,48.77));
#5584=CARTESIAN_POINT('',(8.59999999999994,-8.52,48.77));
#5585=CARTESIAN_POINT('',(8.59999999999994,-8.27,48.77));
#5586=CARTESIAN_POINT('Origin',(8.59999999999994,-8.26,47.77));
#5587=CARTESIAN_POINT('',(8.59999999999994,-8.27,46.77));
#5588=CARTESIAN_POINT('',(8.59999999999994,-8.52,46.77));
#5589=CARTESIAN_POINT('Origin',(-8.61000000000006,-8.52,47.77));
#5590=CARTESIAN_POINT('Origin',(-5.88418203051333E-14,-8.27,46.76));
#5591=CARTESIAN_POINT('Origin',(2.77555756156289E-16,-0.77,51.52));
#5592=CARTESIAN_POINT('',(0.750000000000001,-0.77,52.77));
#5593=CARTESIAN_POINT('Origin',(1.38777878078145E-16,-0.77,52.77));
#5594=CARTESIAN_POINT('',(0.750000000000001,-0.77,50.27));
#5595=CARTESIAN_POINT('',(0.750000000000001,-0.77,51.52));
#5596=CARTESIAN_POINT('Origin',(1.38777878078145E-16,-0.77,50.27));
#5597=CARTESIAN_POINT('Origin',(0.,-1.53,52.77));
#5598=CARTESIAN_POINT('Origin',(0.,-1.53,50.27));
#5599=CARTESIAN_POINT('',(0.,0.,0.));
#5600=CARTESIAN_POINT('Origin',(0.,-8.51,45.77));
#5601=CARTESIAN_POINT('',(-4.07,-8.52,45.77));
#5602=CARTESIAN_POINT('',(4.07,-8.52,45.77));
#5603=CARTESIAN_POINT('',(-4.07,-8.52,45.77));
#5604=CARTESIAN_POINT('',(4.07,-9.22,45.77));
#5605=CARTESIAN_POINT('',(4.07,-8.52,45.77));
#5606=CARTESIAN_POINT('',(-4.07,-9.22,45.77));
#5607=CARTESIAN_POINT('',(-4.07,-9.22,45.77));
#5608=CARTESIAN_POINT('',(-4.07,-8.52,45.77));
#5609=CARTESIAN_POINT('Origin',(-4.07,-8.51,47.27));
#5610=CARTESIAN_POINT('',(-4.07,-8.52,48.77));
#5611=CARTESIAN_POINT('',(-4.07,-8.52,48.77));
#5612=CARTESIAN_POINT('',(-4.07,-9.22,48.77));
#5613=CARTESIAN_POINT('',(-4.07,-9.22,48.77));
#5614=CARTESIAN_POINT('',(-4.07,-8.52,48.77));
#5615=CARTESIAN_POINT('Origin',(0.,-8.51,48.77));
#5616=CARTESIAN_POINT('',(4.07,-8.52,48.77));
#5617=CARTESIAN_POINT('',(4.07,-8.52,48.77));
#5618=CARTESIAN_POINT('',(4.07,-9.22,48.77));
#5619=CARTESIAN_POINT('',(4.07,-9.22,48.77));
#5620=CARTESIAN_POINT('',(4.07,-8.52,48.77));
#5621=CARTESIAN_POINT('Origin',(4.07,-8.51,47.27));
#5622=CARTESIAN_POINT('',(4.07,-8.52,45.77));
#5623=CARTESIAN_POINT('',(4.07,-9.22,45.77));
#5624=CARTESIAN_POINT('Origin',(-4.08,-9.22,47.27));
#5625=CARTESIAN_POINT('Origin',(0.,-8.52,45.76));
#5626=CARTESIAN_POINT('Origin',(0.,6.43,48.97));
#5627=CARTESIAN_POINT('',(-4.1,6.43,50.47));
#5628=CARTESIAN_POINT('',(-4.1,7.93,48.97));
#5629=CARTESIAN_POINT('Origin',(-4.1,6.42999999999999,48.97));
#5630=CARTESIAN_POINT('',(4.1,7.93,48.97));
#5631=CARTESIAN_POINT('',(-4.1,7.93,48.97));
#5632=CARTESIAN_POINT('',(4.1,6.43,50.47));
#5633=CARTESIAN_POINT('Origin',(4.1,6.42999999999999,48.97));
#5634=CARTESIAN_POINT('',(4.1,6.43,50.47));
#5635=CARTESIAN_POINT('Origin',(0.,7.93,28.56));
#5636=CARTESIAN_POINT('',(-4.1,7.93,37.07));
#5637=CARTESIAN_POINT('',(-4.1,7.93,37.07));
#5638=CARTESIAN_POINT('',(-5.75,7.93,37.07));
#5639=CARTESIAN_POINT('',(-5.75,7.93,37.07));
#5640=CARTESIAN_POINT('',(-5.75,7.93,28.57));
#5641=CARTESIAN_POINT('',(-5.75,7.93,28.57));
#5642=CARTESIAN_POINT('',(5.75,7.93,28.57));
#5643=CARTESIAN_POINT('',(5.75,7.93,28.57));
#5644=CARTESIAN_POINT('',(5.75,7.93,37.07));
#5645=CARTESIAN_POINT('',(5.75,7.93,37.07));
#5646=CARTESIAN_POINT('',(4.1,7.93,37.07));
#5647=CARTESIAN_POINT('',(4.1,7.93,37.07));
#5648=CARTESIAN_POINT('',(4.1,7.93,48.97));
#5649=CARTESIAN_POINT('',(3.,7.93,35.37));
#5650=CARTESIAN_POINT('',(-3.,7.93,35.37));
#5651=CARTESIAN_POINT('',(3.,7.93,35.37));
#5652=CARTESIAN_POINT('',(3.,7.93,31.37));
#5653=CARTESIAN_POINT('',(3.,7.93,31.37));
#5654=CARTESIAN_POINT('',(-3.,7.93,31.37));
#5655=CARTESIAN_POINT('',(-3.,7.93,31.37));
#5656=CARTESIAN_POINT('',(-3.,7.93,35.37));
#5657=CARTESIAN_POINT('Origin',(0.,-7.97,48.97));
#5658=CARTESIAN_POINT('',(-4.1,-9.47,48.97));
#5659=CARTESIAN_POINT('',(-4.1,-7.97,50.47));
#5660=CARTESIAN_POINT('Origin',(-4.1,-7.96999999999999,48.97));
#5661=CARTESIAN_POINT('',(4.1,-7.97,50.47));
#5662=CARTESIAN_POINT('',(-4.1,-7.97,50.47));
#5663=CARTESIAN_POINT('',(4.1,-9.47,48.97));
#5664=CARTESIAN_POINT('Origin',(4.1,-7.96999999999999,48.97));
#5665=CARTESIAN_POINT('',(4.1,-9.47,48.97));
#5666=CARTESIAN_POINT('Origin',(0.,-7.98,50.47));
#5667=CARTESIAN_POINT('',(4.1,4.90362318100172,50.47));
#5668=CARTESIAN_POINT('',(4.1,6.43,50.47));
#5669=CARTESIAN_POINT('',(4.1,-6.44362318100172,50.47));
#5670=CARTESIAN_POINT('Origin',(-8.88178419700125E-15,-0.769999999999999,
50.47));
#5671=CARTESIAN_POINT('',(4.1,-6.44362318100172,50.47));
#5672=CARTESIAN_POINT('',(-4.1,-6.44362318100171,50.47));
#5673=CARTESIAN_POINT('',(-4.1,-7.97,50.47));
#5674=CARTESIAN_POINT('',(-4.1,4.90362318100171,50.47));
#5675=CARTESIAN_POINT('Origin',(-1.0547118733939E-14,-0.770000000000001,
50.47));
#5676=CARTESIAN_POINT('',(-4.1,4.90362318100171,50.47));
#5677=CARTESIAN_POINT('',(5.,-0.770000000000001,50.47));
#5678=CARTESIAN_POINT('Origin',(1.11022302462516E-15,-0.769999999999999,
50.47));
#5679=CARTESIAN_POINT('Origin',(0.,-9.16999999999998,49.97));
#5680=CARTESIAN_POINT('',(-4.1,-9.17,51.47));
#5681=CARTESIAN_POINT('',(-4.1,-10.67,49.97));
#5682=CARTESIAN_POINT('Origin',(-4.1,-9.17000000000001,49.97));
#5683=CARTESIAN_POINT('',(4.1,-10.67,49.97));
#5684=CARTESIAN_POINT('',(-4.1,-10.67,49.97));
#5685=CARTESIAN_POINT('',(4.1,-9.17,51.47));
#5686=CARTESIAN_POINT('Origin',(4.1,-9.17,49.97));
#5687=CARTESIAN_POINT('',(4.1,-9.17,51.47));
#5688=CARTESIAN_POINT('Origin',(-5.76,-10.67,39.27));
#5689=CARTESIAN_POINT('',(-4.1,-10.67,37.07));
#5690=CARTESIAN_POINT('',(-4.1,-10.67,49.97));
#5691=CARTESIAN_POINT('',(-5.75,-10.67,37.07));
#5692=CARTESIAN_POINT('',(-4.1,-10.67,37.07));
#5693=CARTESIAN_POINT('',(-5.75,-10.67,28.57));
#5694=CARTESIAN_POINT('',(-5.75,-10.67,37.07));
#5695=CARTESIAN_POINT('',(5.75,-10.67,28.57));
#5696=CARTESIAN_POINT('',(-5.75,-10.67,28.57));
#5697=CARTESIAN_POINT('',(5.75,-10.67,37.07));
#5698=CARTESIAN_POINT('',(5.75,-10.67,28.57));
#5699=CARTESIAN_POINT('',(4.1,-10.67,37.07));
#5700=CARTESIAN_POINT('',(5.75,-10.67,37.07));
#5701=CARTESIAN_POINT('',(4.1,-10.67,37.07));
#5702=CARTESIAN_POINT('',(3.,-10.67,31.37));
#5703=CARTESIAN_POINT('',(-3.,-10.67,31.37));
#5704=CARTESIAN_POINT('',(3.,-10.67,31.37));
#5705=CARTESIAN_POINT('',(-3.,-10.67,35.37));
#5706=CARTESIAN_POINT('',(-3.,-10.67,31.37));
#5707=CARTESIAN_POINT('',(3.,-10.67,35.37));
#5708=CARTESIAN_POINT('',(-3.,-10.67,35.37));
#5709=CARTESIAN_POINT('',(3.,-10.67,35.37));
#5710=CARTESIAN_POINT('Origin',(-4.1,-6.43362318100171,44.27));
#5711=CARTESIAN_POINT('',(-4.1,-6.44362318100171,51.47));
#5712=CARTESIAN_POINT('',(-4.1,-6.44362318100171,51.47));
#5713=CARTESIAN_POINT('',(-4.1,-6.44362318100171,51.47));
#5714=CARTESIAN_POINT('',(-4.1,-9.47,37.07));
#5715=CARTESIAN_POINT('',(-4.1,-9.47,37.07));
#5716=CARTESIAN_POINT('',(-4.1,-9.47,37.07));
#5717=CARTESIAN_POINT('Origin',(0.,7.62999999999998,49.97));
#5718=CARTESIAN_POINT('',(4.1,7.63,51.47));
#5719=CARTESIAN_POINT('',(4.1,9.13,49.97));
#5720=CARTESIAN_POINT('Origin',(4.1,7.62999999999999,49.97));
#5721=CARTESIAN_POINT('',(-4.1,9.13,49.97));
#5722=CARTESIAN_POINT('',(4.1,9.13,49.97));
#5723=CARTESIAN_POINT('',(-4.1,7.63,51.47));
#5724=CARTESIAN_POINT('Origin',(-4.1,7.62999999999998,49.97));
#5725=CARTESIAN_POINT('',(-4.1,7.63,51.47));
#5726=CARTESIAN_POINT('Origin',(-4.1,7.01681159050086,51.48));
#5727=CARTESIAN_POINT('',(-4.1,9.13,37.07));
#5728=CARTESIAN_POINT('',(-4.1,9.13,37.07));
#5729=CARTESIAN_POINT('',(-4.1,7.93,37.07));
#5730=CARTESIAN_POINT('',(-4.1,4.90362318100171,51.47));
#5731=CARTESIAN_POINT('',(-4.1,4.90362318100171,51.47));
#5732=CARTESIAN_POINT('',(-4.1,4.90362318100171,51.47));
#5733=CARTESIAN_POINT('Origin',(-5.76,9.13,39.27));
#5734=CARTESIAN_POINT('',(4.1,9.13,37.07));
#5735=CARTESIAN_POINT('',(4.1,9.13,49.97));
#5736=CARTESIAN_POINT('',(5.75,9.13,37.07));
#5737=CARTESIAN_POINT('',(4.1,9.13,37.07));
#5738=CARTESIAN_POINT('',(5.75,9.13,28.57));
#5739=CARTESIAN_POINT('',(5.75,9.13,37.07));
#5740=CARTESIAN_POINT('',(-5.75,9.13,28.57));
#5741=CARTESIAN_POINT('',(5.75,9.13,28.57));
#5742=CARTESIAN_POINT('',(-5.75,9.13,37.07));
#5743=CARTESIAN_POINT('',(-5.75,9.13,28.57));
#5744=CARTESIAN_POINT('',(-5.75,9.13,37.07));
#5745=CARTESIAN_POINT('',(3.,9.13,35.37));
#5746=CARTESIAN_POINT('',(-3.,9.13,35.37));
#5747=CARTESIAN_POINT('',(3.,9.13,35.37));
#5748=CARTESIAN_POINT('',(-3.,9.13,31.37));
#5749=CARTESIAN_POINT('',(-3.,9.13,35.37));
#5750=CARTESIAN_POINT('',(3.,9.13,31.37));
#5751=CARTESIAN_POINT('',(-3.,9.13,31.37));
#5752=CARTESIAN_POINT('',(3.,9.13,31.37));
#5753=CARTESIAN_POINT('Origin',(3.,7.92,33.37));
#5754=CARTESIAN_POINT('',(3.,7.93,35.37));
#5755=CARTESIAN_POINT('',(3.,7.93,31.37));
#5756=CARTESIAN_POINT('Origin',(0.,7.92,31.37));
#5757=CARTESIAN_POINT('',(-3.,7.93,31.37));
#5758=CARTESIAN_POINT('Origin',(-3.,7.92,33.37));
#5759=CARTESIAN_POINT('',(-3.,7.93,35.37));
#5760=CARTESIAN_POINT('Origin',(0.,7.92,35.37));
#5761=CARTESIAN_POINT('Origin',(-4.925,7.92,37.07));
#5762=CARTESIAN_POINT('',(-5.75,7.93,37.07));
#5763=CARTESIAN_POINT('Origin',(-5.75,7.92,32.82));
#5764=CARTESIAN_POINT('',(-5.75,7.93,28.57));
#5765=CARTESIAN_POINT('Origin',(0.,7.92,28.57));
#5766=CARTESIAN_POINT('',(5.75,7.93,28.57));
#5767=CARTESIAN_POINT('Origin',(5.75,7.92,32.82));
#5768=CARTESIAN_POINT('',(5.75,7.93,37.07));
#5769=CARTESIAN_POINT('Origin',(4.925,7.92,37.07));
#5770=CARTESIAN_POINT('',(4.1,7.93,37.07));
#5771=CARTESIAN_POINT('Origin',(1.11022302462516E-15,-0.77,50.97));
#5772=CARTESIAN_POINT('',(5.,-0.770000000000001,51.47));
#5773=CARTESIAN_POINT('',(5.,-0.770000000000001,50.97));
#5774=CARTESIAN_POINT('Origin',(1.11022302462516E-15,-0.770000000000001,
51.47));
#5775=CARTESIAN_POINT('Origin',(-4.9960036108132E-15,-0.769999999999997,
50.97));
#5776=CARTESIAN_POINT('',(4.1,-6.44362318100172,51.47));
#5777=CARTESIAN_POINT('',(4.1,4.90362318100172,51.47));
#5778=CARTESIAN_POINT('Origin',(-1.49880108324396E-14,-0.769999999999998,
51.47));
#5779=CARTESIAN_POINT('',(4.1,-6.44362318100172,51.47));
#5780=CARTESIAN_POINT('',(4.1,4.90362318100172,51.47));
#5781=CARTESIAN_POINT('Origin',(4.1,7.01681159050086,51.48));
#5782=CARTESIAN_POINT('',(4.1,7.63,51.47));
#5783=CARTESIAN_POINT('Origin',(8.32667268468867E-15,-0.769999999999991,
50.97));
#5784=CARTESIAN_POINT('Origin',(-1.11022302462516E-15,-0.769999999999994,
51.47));
#5785=CARTESIAN_POINT('Origin',(3.,-9.46,33.37));
#5786=CARTESIAN_POINT('',(3.,-9.47,35.37));
#5787=CARTESIAN_POINT('',(3.,-9.47,31.37));
#5788=CARTESIAN_POINT('',(3.,-9.47,35.37));
#5789=CARTESIAN_POINT('',(3.,-9.47,31.37));
#5790=CARTESIAN_POINT('',(3.,-9.47,35.37));
#5791=CARTESIAN_POINT('Origin',(0.,-9.46,35.37));
#5792=CARTESIAN_POINT('',(-3.,-9.47,35.37));
#5793=CARTESIAN_POINT('',(-3.,-9.47,35.37));
#5794=CARTESIAN_POINT('',(-3.,-9.47,35.37));
#5795=CARTESIAN_POINT('Origin',(-3.,-9.46,33.37));
#5796=CARTESIAN_POINT('',(-3.,-9.47,31.37));
#5797=CARTESIAN_POINT('',(-3.,-9.47,31.37));
#5798=CARTESIAN_POINT('',(-3.,-9.47,31.37));
#5799=CARTESIAN_POINT('Origin',(0.,-9.46,31.37));
#5800=CARTESIAN_POINT('',(3.,-9.47,31.37));
#5801=CARTESIAN_POINT('Origin',(4.925,-9.46,37.07));
#5802=CARTESIAN_POINT('',(4.1,-9.47,37.07));
#5803=CARTESIAN_POINT('',(5.75,-9.47,37.07));
#5804=CARTESIAN_POINT('',(4.1,-9.47,37.07));
#5805=CARTESIAN_POINT('',(4.1,-9.47,37.07));
#5806=CARTESIAN_POINT('',(5.75,-9.47,37.07));
#5807=CARTESIAN_POINT('Origin',(5.75,-9.46,32.82));
#5808=CARTESIAN_POINT('',(5.75,-9.47,28.57));
#5809=CARTESIAN_POINT('',(5.75,-9.47,37.07));
#5810=CARTESIAN_POINT('',(5.75,-9.47,28.57));
#5811=CARTESIAN_POINT('Origin',(0.,-9.46,28.57));
#5812=CARTESIAN_POINT('',(-5.75,-9.47,28.57));
#5813=CARTESIAN_POINT('',(5.75,-9.47,28.57));
#5814=CARTESIAN_POINT('',(-5.75,-9.47,28.57));
#5815=CARTESIAN_POINT('Origin',(-5.75,-9.46,32.82));
#5816=CARTESIAN_POINT('',(-5.75,-9.47,37.07));
#5817=CARTESIAN_POINT('',(-5.75,-9.47,28.57));
#5818=CARTESIAN_POINT('',(-5.75,-9.47,37.07));
#5819=CARTESIAN_POINT('Origin',(-4.925,-9.46,37.07));
#5820=CARTESIAN_POINT('',(-5.75,-9.47,37.07));
#5821=CARTESIAN_POINT('Origin',(0.,7.64,51.47));
#5822=CARTESIAN_POINT('',(4.1,-6.44362318100172,51.47));
#5823=CARTESIAN_POINT('Origin',(4.1,-6.43362318100172,44.27));
#5824=CARTESIAN_POINT('',(4.1,-9.47,48.97));
#5825=CARTESIAN_POINT('Origin',(0.,-9.47,28.56));
#5826=CARTESIAN_POINT('',(0.,0.,0.));
#5827=CARTESIAN_POINT('',(0.,0.,0.));
#5828=CARTESIAN_POINT('',(0.,0.,0.));
#5829=CARTESIAN_POINT('',(0.,0.,0.));
#5830=CARTESIAN_POINT('',(0.,0.,0.));
#5831=CARTESIAN_POINT('Origin',(58.8398385211953,123.523140830005,71.4924755715769));
#5832=CARTESIAN_POINT('',(58.8398385211953,123.523140830005,71.4924755715769));
#5833=CARTESIAN_POINT('',(154.513837021464,123.523140830005,71.4924755715769));
#5834=CARTESIAN_POINT('',(58.8398385211953,123.523140830005,71.4924755715769));
#5835=CARTESIAN_POINT('',(154.513837021464,129.31869578774,73.045389842192));
#5836=CARTESIAN_POINT('',(154.513837021464,123.523140830005,71.4924755715769));
#5837=CARTESIAN_POINT('',(58.8398385211953,129.31869578774,73.0453898421921));
#5838=CARTESIAN_POINT('',(58.8398385211953,129.31869578774,73.0453898421921));
#5839=CARTESIAN_POINT('',(58.8398385211953,123.523140830005,71.4924755715769));
#5840=CARTESIAN_POINT('Origin',(50.1918615047855,132.811867954127,36.826474006712));
#5841=CARTESIAN_POINT('',(50.1918615047855,132.811867954127,36.826474006712));
#5842=CARTESIAN_POINT('',(58.8398385211953,123.523140830005,71.4924755715769));
#5843=CARTESIAN_POINT('',(50.1918615047855,138.607422911861,38.3793882773271));
#5844=CARTESIAN_POINT('',(58.8398385211953,129.31869578774,73.0453898421921));
#5845=CARTESIAN_POINT('',(50.1918615047855,132.811867954127,36.826474006712));
#5846=CARTESIAN_POINT('Origin',(25.5765321362701,132.811867954127,36.826474006712));
#5847=CARTESIAN_POINT('',(25.5765321362701,132.811867954127,36.826474006712));
#5848=CARTESIAN_POINT('',(50.1918615047855,132.811867954127,36.826474006712));
#5849=CARTESIAN_POINT('',(25.5765321362701,138.607422911861,38.3793882773271));
#5850=CARTESIAN_POINT('',(50.1918615047855,138.607422911861,38.3793882773271));
#5851=CARTESIAN_POINT('',(25.5765321362701,132.811867954127,36.826474006712));
#5852=CARTESIAN_POINT('Origin',(0.,141.03527618041,6.13629669484373));
#5853=CARTESIAN_POINT('',(0.,141.03527618041,6.13629669484373));
#5854=CARTESIAN_POINT('',(25.5765321362701,132.811867954127,36.826474006712));
#5855=CARTESIAN_POINT('',(0.,146.830831138145,7.68921096545886));
#5856=CARTESIAN_POINT('',(25.5765321362701,138.607422911861,38.3793882773271));
#5857=CARTESIAN_POINT('',(0.,141.03527618041,6.13629669484373));
#5858=CARTESIAN_POINT('Origin',(98.0145441037836,141.03527618041,6.13629669484373));
#5859=CARTESIAN_POINT('',(98.0145441037836,141.03527618041,6.13629669484373));
#5860=CARTESIAN_POINT('',(98.0145441037836,141.03527618041,6.13629669484373));
#5861=CARTESIAN_POINT('',(98.0145441037836,146.830831138145,7.68921096545886));
#5862=CARTESIAN_POINT('',(98.0145441037836,146.830831138145,7.68921096545886));
#5863=CARTESIAN_POINT('',(98.0145441037836,141.03527618041,6.13629669484373));
#5864=CARTESIAN_POINT('Origin',(98.0145441037836,136.180904912321,24.2530569061564));
#5865=CARTESIAN_POINT('',(98.0145441037836,136.180904912321,24.2530569061564));
#5866=CARTESIAN_POINT('',(98.0145441037836,136.180904912321,24.2530569061564));
#5867=CARTESIAN_POINT('',(98.0145441037836,141.976459870055,25.8059711767715));
#5868=CARTESIAN_POINT('',(98.0145441037836,141.976459870055,25.8059711767715));
#5869=CARTESIAN_POINT('',(98.0145441037836,136.180904912321,24.2530569061564));
#5870=CARTESIAN_POINT('Origin',(104.673188702681,135.031982221145,28.5408947635931));
#5871=CARTESIAN_POINT('',(104.673188702681,135.031982221145,28.5408947635931));
#5872=CARTESIAN_POINT('',(104.673188702681,135.031982221145,28.5408947635931));
#5873=CARTESIAN_POINT('',(104.673188702681,140.827537178879,30.0938090342082));
#5874=CARTESIAN_POINT('',(104.673188702681,140.827537178879,30.0938090342082));
#5875=CARTESIAN_POINT('',(104.673188702681,135.031982221145,28.5408947635931));
#5876=CARTESIAN_POINT('Origin',(115.222009178353,135.031982221145,28.5408947635931));
#5877=CARTESIAN_POINT('',(115.222009178353,135.031982221145,28.5408947635931));
#5878=CARTESIAN_POINT('',(115.222009178353,135.031982221145,28.5408947635931));
#5879=CARTESIAN_POINT('',(115.222009178353,140.827537178879,30.0938090342082));
#5880=CARTESIAN_POINT('',(115.222009178353,140.827537178879,30.0938090342082));
#5881=CARTESIAN_POINT('',(115.222009178353,135.031982221145,28.5408947635931));
#5882=CARTESIAN_POINT('Origin',(118.014344010149,134.550175931297,30.3390203167117));
#5883=CARTESIAN_POINT('',(118.014344010149,134.550175931297,30.3390203167117));
#5884=CARTESIAN_POINT('',(118.014344010149,134.550175931297,30.3390203167117));
#5885=CARTESIAN_POINT('',(118.014344010149,140.345730889031,31.8919345873268));
#5886=CARTESIAN_POINT('',(118.014344010149,140.345730889031,31.8919345873268));
#5887=CARTESIAN_POINT('',(118.014344010149,134.550175931297,30.3390203167117));
#5888=CARTESIAN_POINT('Origin',(165.484036150674,134.550175931297,30.3390203167117));
#5889=CARTESIAN_POINT('',(165.484036150674,134.550175931297,30.3390203167117));
#5890=CARTESIAN_POINT('',(165.484036150674,134.550175931297,30.3390203167117));
#5891=CARTESIAN_POINT('',(165.484036150674,140.345730889031,31.8919345873268));
#5892=CARTESIAN_POINT('',(165.484036150674,140.345730889031,31.8919345873268));
#5893=CARTESIAN_POINT('',(165.484036150674,134.550175931297,30.3390203167117));
#5894=CARTESIAN_POINT('Origin',(154.513837021464,123.523140830005,71.4924755715769));
#5895=CARTESIAN_POINT('',(152.142880843206,121.139900863864,80.3868482118465));
#5896=CARTESIAN_POINT('',(152.142880843206,126.935455821598,81.9397624824616));
#5897=CARTESIAN_POINT('Origin',(82.7420180753371,138.074763462942,40.3673004038254));
#5898=CARTESIAN_POINT('Origin',(82.7420180753371,132.279208505208,38.8143861332103));
#5899=CARTESIAN_POINT('Origin',(58.8398385211953,16.4768591699946,71.4924755715769));
#5900=CARTESIAN_POINT('',(58.8398385211953,16.4768591699946,71.4924755715769));
#5901=CARTESIAN_POINT('',(154.513837021464,16.4768591699946,71.4924755715769));
#5902=CARTESIAN_POINT('',(58.8398385211953,16.4768591699946,71.4924755715769));
#5903=CARTESIAN_POINT('',(58.8398385211953,10.6813042122602,73.0453898421921));
#5904=CARTESIAN_POINT('',(58.8398385211953,16.4768591699946,71.4924755715769));
#5905=CARTESIAN_POINT('',(154.513837021464,10.6813042122602,73.045389842192));
#5906=CARTESIAN_POINT('',(58.8398385211953,10.6813042122602,73.0453898421921));
#5907=CARTESIAN_POINT('',(154.513837021464,16.4768591699946,71.4924755715769));
#5908=CARTESIAN_POINT('Origin',(50.1918615047855,7.18813204587299,36.826474006712));
#5909=CARTESIAN_POINT('',(50.1918615047855,7.18813204587297,36.826474006712));
#5910=CARTESIAN_POINT('',(58.8398385211953,16.4768591699946,71.4924755715769));
#5911=CARTESIAN_POINT('',(50.1918615047855,1.39257708813856,38.3793882773271));
#5912=CARTESIAN_POINT('',(50.1918615047855,7.18813204587297,36.826474006712));
#5913=CARTESIAN_POINT('',(58.8398385211953,10.6813042122602,73.0453898421921));
#5914=CARTESIAN_POINT('Origin',(25.5765321362701,7.18813204587297,36.826474006712));
#5915=CARTESIAN_POINT('',(25.5765321362701,7.18813204587297,36.826474006712));
#5916=CARTESIAN_POINT('',(50.1918615047855,7.18813204587297,36.826474006712));
#5917=CARTESIAN_POINT('',(25.5765321362701,1.39257708813856,38.3793882773271));
#5918=CARTESIAN_POINT('',(25.5765321362701,7.18813204587297,36.826474006712));
#5919=CARTESIAN_POINT('',(50.1918615047855,1.39257708813856,38.3793882773271));
#5920=CARTESIAN_POINT('Origin',(0.,-1.0352761804101,6.13629669484373));
#5921=CARTESIAN_POINT('',(0.,-1.0352761804101,6.13629669484373));
#5922=CARTESIAN_POINT('',(25.5765321362701,7.18813204587297,36.826474006712));
#5923=CARTESIAN_POINT('',(0.,-6.83083113814451,7.68921096545886));
#5924=CARTESIAN_POINT('',(0.,-1.0352761804101,6.13629669484373));
#5925=CARTESIAN_POINT('',(25.5765321362701,1.39257708813856,38.3793882773271));
#5926=CARTESIAN_POINT('Origin',(98.0145441037836,-1.0352761804101,6.13629669484373));
#5927=CARTESIAN_POINT('',(98.0145441037836,-1.0352761804101,6.13629669484373));
#5928=CARTESIAN_POINT('',(98.0145441037836,-1.0352761804101,6.13629669484373));
#5929=CARTESIAN_POINT('',(98.0145441037836,-6.83083113814451,7.68921096545886));
#5930=CARTESIAN_POINT('',(98.0145441037836,-1.0352761804101,6.13629669484373));
#5931=CARTESIAN_POINT('',(98.0145441037836,-6.83083113814451,7.68921096545886));
#5932=CARTESIAN_POINT('Origin',(98.0145441037836,3.81909508767944,24.2530569061564));
#5933=CARTESIAN_POINT('',(98.0145441037836,3.81909508767944,24.2530569061564));
#5934=CARTESIAN_POINT('',(98.0145441037836,3.81909508767944,24.2530569061564));
#5935=CARTESIAN_POINT('',(98.0145441037836,-1.97645987005497,25.8059711767715));
#5936=CARTESIAN_POINT('',(98.0145441037836,3.81909508767944,24.2530569061564));
#5937=CARTESIAN_POINT('',(98.0145441037836,-1.97645987005497,25.8059711767715));
#5938=CARTESIAN_POINT('Origin',(104.673188702681,4.96801777885519,28.5408947635931));
#5939=CARTESIAN_POINT('',(104.673188702681,4.96801777885519,28.5408947635931));
#5940=CARTESIAN_POINT('',(104.673188702681,4.96801777885519,28.5408947635931));
#5941=CARTESIAN_POINT('',(104.673188702681,-0.827537178879219,30.0938090342082));
#5942=CARTESIAN_POINT('',(104.673188702681,4.96801777885519,28.5408947635931));
#5943=CARTESIAN_POINT('',(104.673188702681,-0.827537178879219,30.0938090342082));
#5944=CARTESIAN_POINT('Origin',(115.222009178353,4.96801777885519,28.5408947635931));
#5945=CARTESIAN_POINT('',(115.222009178353,4.96801777885519,28.5408947635931));
#5946=CARTESIAN_POINT('',(115.222009178353,4.96801777885519,28.5408947635931));
#5947=CARTESIAN_POINT('',(115.222009178353,-0.827537178879219,30.0938090342082));
#5948=CARTESIAN_POINT('',(115.222009178353,4.96801777885519,28.5408947635931));
#5949=CARTESIAN_POINT('',(115.222009178353,-0.827537178879219,30.0938090342082));
#5950=CARTESIAN_POINT('Origin',(118.014344010149,5.44982406870307,30.3390203167117));
#5951=CARTESIAN_POINT('',(118.014344010149,5.44982406870307,30.3390203167117));
#5952=CARTESIAN_POINT('',(118.014344010149,5.44982406870307,30.3390203167117));
#5953=CARTESIAN_POINT('',(118.014344010149,-0.345730889031337,31.8919345873268));
#5954=CARTESIAN_POINT('',(118.014344010149,5.44982406870307,30.3390203167117));
#5955=CARTESIAN_POINT('',(118.014344010149,-0.345730889031337,31.8919345873268));
#5956=CARTESIAN_POINT('Origin',(165.484036150674,5.44982406870307,30.3390203167117));
#5957=CARTESIAN_POINT('',(165.484036150674,5.44982406870307,30.3390203167117));
#5958=CARTESIAN_POINT('',(165.484036150674,5.44982406870307,30.3390203167117));
#5959=CARTESIAN_POINT('',(165.484036150674,-0.345730889031337,31.8919345873268));
#5960=CARTESIAN_POINT('',(165.484036150674,5.44982406870307,30.3390203167117));
#5961=CARTESIAN_POINT('',(165.484036150674,-0.345730889031337,31.8919345873268));
#5962=CARTESIAN_POINT('Origin',(154.513837021464,16.4768591699946,71.4924755715769));
#5963=CARTESIAN_POINT('',(152.142880843206,18.8600991361363,80.3868482118465));
#5964=CARTESIAN_POINT('',(152.142880843206,13.0645441784018,81.9397624824616));
#5965=CARTESIAN_POINT('Origin',(82.7420180753371,1.92523653705782,40.3673004038254));
#5966=CARTESIAN_POINT('Origin',(82.7420180753371,7.72079149479223,38.8143861332103));
#5967=CARTESIAN_POINT('Origin',(25.6460413737412,138.262488644098,50.));
#5968=CARTESIAN_POINT('',(25.6460413737412,138.262488644098,50.));
#5969=CARTESIAN_POINT('',(31.6460413737412,138.262488644098,50.));
#5970=CARTESIAN_POINT('',(25.6460413737412,138.262488644098,50.));
#5971=CARTESIAN_POINT('',(31.6460413737412,138.262488644098,38.));
#5972=CARTESIAN_POINT('',(31.6460413737412,138.262488644098,50.));
#5973=CARTESIAN_POINT('',(25.6460413737412,138.262488644098,38.));
#5974=CARTESIAN_POINT('',(25.6460413737412,138.262488644098,38.));
#5975=CARTESIAN_POINT('',(25.6460413737412,138.262488644098,50.));
#5976=CARTESIAN_POINT('Origin',(25.6460413737412,1.9000165909334,50.));
#5977=CARTESIAN_POINT('',(25.6460413737412,1.9000165909334,50.));
#5978=CARTESIAN_POINT('',(25.6460413737412,1.9000165909334,50.));
#5979=CARTESIAN_POINT('',(25.6460413737412,1.9000165909334,38.));
#5980=CARTESIAN_POINT('',(25.6460413737412,1.9000165909334,38.));
#5981=CARTESIAN_POINT('',(25.6460413737412,1.9000165909334,50.));
#5982=CARTESIAN_POINT('Origin',(31.6460413737412,1.9000165909334,50.));
#5983=CARTESIAN_POINT('',(31.6460413737412,1.9000165909334,50.));
#5984=CARTESIAN_POINT('',(31.6460413737412,1.9000165909334,50.));
#5985=CARTESIAN_POINT('',(31.6460413737412,1.9000165909334,38.));
#5986=CARTESIAN_POINT('',(31.6460413737412,1.9000165909334,38.));
#5987=CARTESIAN_POINT('',(31.6460413737412,1.9000165909334,50.));
#5988=CARTESIAN_POINT('Origin',(31.6460413737412,138.262488644098,50.));
#5989=CARTESIAN_POINT('',(31.6460413737412,138.262488644098,50.));
#5990=CARTESIAN_POINT('',(31.6460413737412,138.262488644098,38.));
#5991=CARTESIAN_POINT('Origin',(28.6460413737412,70.0812526175155,38.));
#5992=CARTESIAN_POINT('Origin',(28.6460413737412,70.0812526175155,50.));
#5993=CARTESIAN_POINT('Origin',(121.752374774939,72.9293049748361,82.));
#5994=CARTESIAN_POINT('',(131.862463989329,72.9293049748361,82.));
#5995=CARTESIAN_POINT('Origin',(121.752374774939,72.9293049748361,82.));
#5996=CARTESIAN_POINT('',(131.862463989329,72.9293049748361,76.));
#5997=CARTESIAN_POINT('',(131.862463989329,72.9293049748361,82.));
#5998=CARTESIAN_POINT('Origin',(121.752374774939,72.9293049748361,76.));
#5999=CARTESIAN_POINT('Origin',(154.925550361551,10.7867255468934,76.));
#6000=CARTESIAN_POINT('',(154.925550361551,129.687741739073,76.));
#6001=CARTESIAN_POINT('',(154.925550361551,10.7867255468934,76.));
#6002=CARTESIAN_POINT('',(154.925550361551,129.687741739073,76.));
#6003=CARTESIAN_POINT('',(154.925550361551,129.687741739073,82.));
#6004=CARTESIAN_POINT('',(154.925550361551,129.687741739073,76.));
#6005=CARTESIAN_POINT('',(154.925550361551,10.7867255468934,82.));
#6006=CARTESIAN_POINT('',(154.925550361551,129.687741739073,82.));
#6007=CARTESIAN_POINT('',(154.925550361551,10.7867255468934,76.));
#6008=CARTESIAN_POINT('Origin',(58.5802824985112,10.7867255468934,76.));
#6009=CARTESIAN_POINT('',(58.5802824985112,10.7867255468934,76.));
#6010=CARTESIAN_POINT('',(154.925550361551,10.7867255468934,76.));
#6011=CARTESIAN_POINT('',(58.5802824985112,10.7867255468934,82.));
#6012=CARTESIAN_POINT('',(154.925550361551,10.7867255468934,82.));
#6013=CARTESIAN_POINT('',(58.5802824985112,10.7867255468934,76.));
#6014=CARTESIAN_POINT('Origin',(58.5802824985112,129.687741739073,76.));
#6015=CARTESIAN_POINT('',(58.5802824985112,129.687741739073,76.));
#6016=CARTESIAN_POINT('',(58.5802824985112,10.7867255468934,76.));
#6017=CARTESIAN_POINT('',(58.5802824985112,129.687741739073,82.));
#6018=CARTESIAN_POINT('',(58.5802824985112,10.7867255468934,82.));
#6019=CARTESIAN_POINT('',(58.5802824985112,129.687741739073,76.));
#6020=CARTESIAN_POINT('Origin',(154.925550361551,129.687741739073,76.));
#6021=CARTESIAN_POINT('',(58.5802824985112,129.687741739073,76.));
#6022=CARTESIAN_POINT('',(58.5802824985112,129.687741739073,82.));
#6023=CARTESIAN_POINT('Origin',(106.752916430031,70.2372336429832,82.));
#6024=CARTESIAN_POINT('Origin',(106.752916430031,70.2372336429832,76.));
#6025=CARTESIAN_POINT('Origin',(14.5845674755289,135.731275008751,25.58746173385));
#6026=CARTESIAN_POINT('',(14.5845674755289,135.731275008751,25.58746173385));
#6027=CARTESIAN_POINT('',(-1.16079972523614,140.596624113391,6.82286380562317));
#6028=CARTESIAN_POINT('',(24.0167622835288,132.816708458555,36.8283137823323));
#6029=CARTESIAN_POINT('',(-5.75706638395001,140.596624113391,10.6795894637424));
#6030=CARTESIAN_POINT('',(-1.16079972523614,140.596624113391,6.82286380562317));
#6031=CARTESIAN_POINT('',(9.98830081681504,135.731275008751,29.4441873919692));
#6032=CARTESIAN_POINT('',(19.4204956248149,132.816708458555,40.6850394404515));
#6033=CARTESIAN_POINT('',(14.5845674755289,135.731275008751,25.58746173385));
#6034=CARTESIAN_POINT('Origin',(23.9314228045305,131.638802188343,36.7266101516459));
#6035=CARTESIAN_POINT('',(23.9314228045305,131.638802188343,36.7266101516459));
#6036=CARTESIAN_POINT('',(23.9314228045305,131.638802188343,36.7266101516459));
#6037=CARTESIAN_POINT('',(19.3351561458166,131.638802188343,40.5833358097651));
#6038=CARTESIAN_POINT('',(19.3351561458166,131.638802188343,40.5833358097651));
#6039=CARTESIAN_POINT('',(23.9314228045305,131.638802188343,36.7266101516459));
#6040=CARTESIAN_POINT('Origin',(24.1021017625271,9.16532651914344,36.9300174130186));
#6041=CARTESIAN_POINT('',(24.1021017625271,9.16532651914344,36.9300174130186));
#6042=CARTESIAN_POINT('',(24.1021017625271,9.16532651914344,36.9300174130186));
#6043=CARTESIAN_POINT('',(19.5058351038132,9.16532651914345,40.7867430711378));
#6044=CARTESIAN_POINT('',(19.5058351038132,9.16532651914344,40.7867430711378));
#6045=CARTESIAN_POINT('',(24.1021017625271,9.16532651914344,36.9300174130186));
#6046=CARTESIAN_POINT('Origin',(14.1649555848503,4.14582719756839,25.0873877556385));
#6047=CARTESIAN_POINT('',(14.1649555848503,4.14582719756839,25.0873877556384));
#6048=CARTESIAN_POINT('',(0.767563103823479,-2.62152846642072,9.12099713498011));
#6049=CARTESIAN_POINT('',(9.56868892613642,4.14582719756838,28.9441134137577));
#6050=CARTESIAN_POINT('',(-3.82870355489039,-2.62152846642072,12.9777227930993));
#6051=CARTESIAN_POINT('',(14.1649555848503,4.14582719756839,25.0873877556384));
#6052=CARTESIAN_POINT('Origin',(-1.16079972523614,-0.903429965887947,6.82286380562317));
#6053=CARTESIAN_POINT('',(-1.16079972523614,-0.903429965887947,6.82286380562317));
#6054=CARTESIAN_POINT('',(-1.95049183850895,-1.16360367212241,5.88174539258698));
#6055=CARTESIAN_POINT('',(-5.75706638395001,-0.903429965887952,10.6795894637424));
#6056=CARTESIAN_POINT('',(-6.54675849722282,-1.16360367212241,9.73847105070622));
#6057=CARTESIAN_POINT('',(-1.16079972523614,-0.903429965887947,6.82286380562317));
#6058=CARTESIAN_POINT('Origin',(-1.16079972523614,140.596624113391,6.82286380562317));
#6059=CARTESIAN_POINT('',(-1.16079972523614,141.780979734061,6.82286380562317));
#6060=CARTESIAN_POINT('',(-5.75706638395001,141.780979734061,10.6795894637424));
#6061=CARTESIAN_POINT('Origin',(6.8743843599316,69.8465970737514,25.7331662674401));
#6062=CARTESIAN_POINT('Origin',(11.4706510186455,69.8465970737514,21.8764406093209));
#6063=CARTESIAN_POINT('Origin',(0.,0.,6.));
#6064=CARTESIAN_POINT('',(0.,140.,6.));
#6065=CARTESIAN_POINT('',(0.,0.,6.));
#6066=CARTESIAN_POINT('',(0.,140.,6.));
#6067=CARTESIAN_POINT('',(0.,140.,0.));
#6068=CARTESIAN_POINT('',(0.,140.,6.));
#6069=CARTESIAN_POINT('',(0.,0.,0.));
#6070=CARTESIAN_POINT('',(0.,140.,0.));
#6071=CARTESIAN_POINT('',(0.,0.,6.));
#6072=CARTESIAN_POINT('Origin',(170.,0.,6.));
#6073=CARTESIAN_POINT('',(170.,0.,6.));
#6074=CARTESIAN_POINT('',(0.,0.,6.));
#6075=CARTESIAN_POINT('',(170.,0.,0.));
#6076=CARTESIAN_POINT('',(0.,0.,0.));
#6077=CARTESIAN_POINT('',(170.,0.,6.));
#6078=CARTESIAN_POINT('Origin',(170.,140.,6.));
#6079=CARTESIAN_POINT('',(170.,140.,6.));
#6080=CARTESIAN_POINT('',(170.,0.,6.));
#6081=CARTESIAN_POINT('',(170.,140.,0.));
#6082=CARTESIAN_POINT('',(170.,0.,0.));
#6083=CARTESIAN_POINT('',(170.,140.,6.));
#6084=CARTESIAN_POINT('Origin',(0.,140.,6.));
#6085=CARTESIAN_POINT('',(170.,140.,6.));
#6086=CARTESIAN_POINT('',(170.,140.,0.));
#6087=CARTESIAN_POINT('Origin',(85.,70.,6.));
#6088=CARTESIAN_POINT('Origin',(85.,70.,0.));
#6089=CARTESIAN_POINT('',(155.,130.,20.));
#6090=CARTESIAN_POINT('',(155.,9.99999999999963,19.9999999999994));
#6091=UNCERTAINTY_MEASURE_WITH_UNIT(LENGTH_MEASURE(0.01),#6107,
'DISTANCE_ACCURACY_VALUE',
'Maximum model space distance between geometric entities at asserted c
onnectivities');
#6092=UNCERTAINTY_MEASURE_WITH_UNIT(LENGTH_MEASURE(0.01),#6107,
'DISTANCE_ACCURACY_VALUE',
'Maximum model space distance between geometric entities at asserted c
onnectivities');
#6093=UNCERTAINTY_MEASURE_WITH_UNIT(LENGTH_MEASURE(0.01),#6107,
'DISTANCE_ACCURACY_VALUE',
'Maximum model space distance between geometric entities at asserted c
onnectivities');
#6094=UNCERTAINTY_MEASURE_WITH_UNIT(LENGTH_MEASURE(0.01),#6107,
'DISTANCE_ACCURACY_VALUE',
'Maximum model space distance between geometric entities at asserted c
onnectivities');
#6095=UNCERTAINTY_MEASURE_WITH_UNIT(LENGTH_MEASURE(0.01),#6107,
'DISTANCE_ACCURACY_VALUE',
'Maximum model space distance between geometric entities at asserted c
onnectivities');
#6096=UNCERTAINTY_MEASURE_WITH_UNIT(LENGTH_MEASURE(0.01),#6107,
'DISTANCE_ACCURACY_VALUE',
'Maximum model space distance between geometric entities at asserted c
onnectivities');
#6097=UNCERTAINTY_MEASURE_WITH_UNIT(LENGTH_MEASURE(0.01),#6107,
'DISTANCE_ACCURACY_VALUE',
'Maximum model space distance between geometric entities at asserted c
onnectivities');
#6098=UNCERTAINTY_MEASURE_WITH_UNIT(LENGTH_MEASURE(0.01),#6107,
'DISTANCE_ACCURACY_VALUE',
'Maximum model space distance between geometric entities at asserted c
onnectivities');
#6099=(
GEOMETRIC_REPRESENTATION_CONTEXT(3)
GLOBAL_UNCERTAINTY_ASSIGNED_CONTEXT((#6091))
GLOBAL_UNIT_ASSIGNED_CONTEXT((#6107,#6109,#6110))
REPRESENTATION_CONTEXT('','3D')
);
#6100=(
GEOMETRIC_REPRESENTATION_CONTEXT(3)
GLOBAL_UNCERTAINTY_ASSIGNED_CONTEXT((#6092))
GLOBAL_UNIT_ASSIGNED_CONTEXT((#6107,#6109,#6110))
REPRESENTATION_CONTEXT('','3D')
);
#6101=(
GEOMETRIC_REPRESENTATION_CONTEXT(3)
GLOBAL_UNCERTAINTY_ASSIGNED_CONTEXT((#6093))
GLOBAL_UNIT_ASSIGNED_CONTEXT((#6107,#6109,#6110))
REPRESENTATION_CONTEXT('','3D')
);
#6102=(
GEOMETRIC_REPRESENTATION_CONTEXT(3)
GLOBAL_UNCERTAINTY_ASSIGNED_CONTEXT((#6094))
GLOBAL_UNIT_ASSIGNED_CONTEXT((#6107,#6109,#6110))
REPRESENTATION_CONTEXT('','3D')
);
#6103=(
GEOMETRIC_REPRESENTATION_CONTEXT(3)
GLOBAL_UNCERTAINTY_ASSIGNED_CONTEXT((#6095))
GLOBAL_UNIT_ASSIGNED_CONTEXT((#6107,#6109,#6110))
REPRESENTATION_CONTEXT('','3D')
);
#6104=(
GEOMETRIC_REPRESENTATION_CONTEXT(3)
GLOBAL_UNCERTAINTY_ASSIGNED_CONTEXT((#6096))
GLOBAL_UNIT_ASSIGNED_CONTEXT((#6107,#6109,#6110))
REPRESENTATION_CONTEXT('','3D')
);
#6105=(
GEOMETRIC_REPRESENTATION_CONTEXT(3)
GLOBAL_UNCERTAINTY_ASSIGNED_CONTEXT((#6097))
GLOBAL_UNIT_ASSIGNED_CONTEXT((#6107,#6109,#6110))
REPRESENTATION_CONTEXT('','3D')
);
#6106=(
GEOMETRIC_REPRESENTATION_CONTEXT(3)
GLOBAL_UNCERTAINTY_ASSIGNED_CONTEXT((#6098))
GLOBAL_UNIT_ASSIGNED_CONTEXT((#6107,#6109,#6110))
REPRESENTATION_CONTEXT('','3D')
);
#6107=(
LENGTH_UNIT()
NAMED_UNIT(*)
SI_UNIT(.MILLI.,.METRE.)
);
#6108=(
LENGTH_UNIT()
NAMED_UNIT(*)
SI_UNIT($,.METRE.)
);
#6109=(
NAMED_UNIT(*)
PLANE_ANGLE_UNIT()
SI_UNIT($,.RADIAN.)
);
#6110=(
NAMED_UNIT(*)
SI_UNIT($,.STERADIAN.)
SOLID_ANGLE_UNIT()
);
#6111=SHAPE_DEFINITION_REPRESENTATION(#6118,#6132);
#6112=SHAPE_DEFINITION_REPRESENTATION(#6119,#6133);
#6113=SHAPE_DEFINITION_REPRESENTATION(#6120,#6134);
#6114=SHAPE_DEFINITION_REPRESENTATION(#6121,#6135);
#6115=SHAPE_DEFINITION_REPRESENTATION(#6122,#6136);
#6116=SHAPE_DEFINITION_REPRESENTATION(#6123,#6137);
#6117=SHAPE_DEFINITION_REPRESENTATION(#6124,#6138);
#6118=PRODUCT_DEFINITION_SHAPE('',$,#6140);
#6119=PRODUCT_DEFINITION_SHAPE('',$,#6141);
#6120=PRODUCT_DEFINITION_SHAPE('',$,#6142);
#6121=PRODUCT_DEFINITION_SHAPE('',$,#6143);
#6122=PRODUCT_DEFINITION_SHAPE('',$,#6144);
#6123=PRODUCT_DEFINITION_SHAPE('',$,#6145);
#6124=PRODUCT_DEFINITION_SHAPE('',$,#6146);
#6125=PRODUCT_DEFINITION_SHAPE($,$,#32);
#6126=PRODUCT_DEFINITION_SHAPE($,$,#33);
#6127=PRODUCT_DEFINITION_SHAPE($,$,#34);
#6128=PRODUCT_DEFINITION_SHAPE($,$,#35);
#6129=PRODUCT_DEFINITION_SHAPE($,$,#36);
#6130=PRODUCT_DEFINITION_SHAPE($,$,#37);
#6131=PRODUCT_DEFINITION_SHAPE($,$,#38);
#6132=SHAPE_REPRESENTATION('',(#3747,#4039,#4040),#6099);
#6133=SHAPE_REPRESENTATION('',(#3748,#3983),#6100);
#6134=SHAPE_REPRESENTATION('',(#3749,#3979,#3980,#3981,#3982),#6101);
#6135=SHAPE_REPRESENTATION('',(#3750),#6102);
#6136=SHAPE_REPRESENTATION('',(#3780),#6103);
#6137=SHAPE_REPRESENTATION('',(#3869),#6104);
#6138=SHAPE_REPRESENTATION('',(#3923),#6105);
#6139=PRODUCT_DEFINITION_CONTEXT('part definition',#6162,'design');
#6140=PRODUCT_DEFINITION('Untitled','Untitled v1',#6147,#6139);
#6141=PRODUCT_DEFINITION('BO DC Motor','BO DC Motor v1',#6148,#6139);
#6142=PRODUCT_DEFINITION('BO DC Motor_1','BO DC Motor',#6149,#6139);
#6143=PRODUCT_DEFINITION('Motor Shaft','Motor Shaft',#6150,#6139);
#6144=PRODUCT_DEFINITION('Motor Casing','Motor Casing',#6151,#6139);
#6145=PRODUCT_DEFINITION('Driving Motor','Driving Motor',#6152,#6139);
#6146=PRODUCT_DEFINITION('Fasteners','Fasteners',#6153,#6139);
#6147=PRODUCT_DEFINITION_FORMATION('',$,#6164);
#6148=PRODUCT_DEFINITION_FORMATION('',$,#6165);
#6149=PRODUCT_DEFINITION_FORMATION('',$,#6166);
#6150=PRODUCT_DEFINITION_FORMATION('',$,#6167);
#6151=PRODUCT_DEFINITION_FORMATION('',$,#6168);
#6152=PRODUCT_DEFINITION_FORMATION('',$,#6169);
#6153=PRODUCT_DEFINITION_FORMATION('',$,#6170);
#6154=PRODUCT_RELATED_PRODUCT_CATEGORY('Untitled v1','Untitled v1',(#6164));
#6155=PRODUCT_RELATED_PRODUCT_CATEGORY('BO DC Motor v1',
'BO DC Motor v1',(#6165));
#6156=PRODUCT_RELATED_PRODUCT_CATEGORY('BO DC Motor','BO DC Motor',(#6166));
#6157=PRODUCT_RELATED_PRODUCT_CATEGORY('Motor Shaft','Motor Shaft',(#6167));
#6158=PRODUCT_RELATED_PRODUCT_CATEGORY('Motor Casing','Motor Casing',(#6168));
#6159=PRODUCT_RELATED_PRODUCT_CATEGORY('Driving Motor','Driving Motor',
(#6169));
#6160=PRODUCT_RELATED_PRODUCT_CATEGORY('Fasteners','Fasteners',(#6170));
#6161=APPLICATION_PROTOCOL_DEFINITION('international standard',
'automotive_design',2009,#6162);
#6162=APPLICATION_CONTEXT(
'Core Data for Automotive Mechanical Design Process');
#6163=PRODUCT_CONTEXT('part definition',#6162,'mechanical');
#6164=PRODUCT('Untitled','Untitled v1',$,(#6163));
#6165=PRODUCT('BO DC Motor','BO DC Motor v1',$,(#6163));
#6166=PRODUCT('BO DC Motor_1','BO DC Motor',$,(#6163));
#6167=PRODUCT('Motor Shaft','Motor Shaft',$,(#6163));
#6168=PRODUCT('Motor Casing','Motor Casing',$,(#6163));
#6169=PRODUCT('Driving Motor','Driving Motor',$,(#6163));
#6170=PRODUCT('Fasteners','Fasteners',$,(#6163));
#6171=PRESENTATION_STYLE_ASSIGNMENT((#6180));
#6172=PRESENTATION_STYLE_ASSIGNMENT((#6181));
#6173=PRESENTATION_STYLE_ASSIGNMENT((#6182));
#6174=PRESENTATION_STYLE_ASSIGNMENT((#6183));
#6175=PRESENTATION_STYLE_ASSIGNMENT((#6184));
#6176=PRESENTATION_STYLE_ASSIGNMENT((#6185));
#6177=PRESENTATION_STYLE_ASSIGNMENT((#6186));
#6178=PRESENTATION_STYLE_ASSIGNMENT((#6187));
#6179=PRESENTATION_STYLE_ASSIGNMENT((#6188));
#6180=SURFACE_STYLE_USAGE(.BOTH.,#6189);
#6181=SURFACE_STYLE_USAGE(.BOTH.,#6190);
#6182=SURFACE_STYLE_USAGE(.BOTH.,#6191);
#6183=SURFACE_STYLE_USAGE(.BOTH.,#6192);
#6184=SURFACE_STYLE_USAGE(.BOTH.,#6193);
#6185=SURFACE_STYLE_USAGE(.BOTH.,#6194);
#6186=SURFACE_STYLE_USAGE(.BOTH.,#6195);
#6187=SURFACE_STYLE_USAGE(.BOTH.,#6196);
#6188=SURFACE_STYLE_USAGE(.BOTH.,#6197);
#6189=SURFACE_SIDE_STYLE('',(#6198));
#6190=SURFACE_SIDE_STYLE('',(#6199));
#6191=SURFACE_SIDE_STYLE('',(#6200));
#6192=SURFACE_SIDE_STYLE('',(#6201));
#6193=SURFACE_SIDE_STYLE('',(#6202));
#6194=SURFACE_SIDE_STYLE('',(#6203));
#6195=SURFACE_SIDE_STYLE('',(#6204));
#6196=SURFACE_SIDE_STYLE('',(#6205));
#6197=SURFACE_SIDE_STYLE('',(#6206));
#6198=SURFACE_STYLE_FILL_AREA(#6207);
#6199=SURFACE_STYLE_FILL_AREA(#6208);
#6200=SURFACE_STYLE_FILL_AREA(#6209);
#6201=SURFACE_STYLE_FILL_AREA(#6210);
#6202=SURFACE_STYLE_FILL_AREA(#6211);
#6203=SURFACE_STYLE_FILL_AREA(#6212);
#6204=SURFACE_STYLE_FILL_AREA(#6213);
#6205=SURFACE_STYLE_FILL_AREA(#6214);
#6206=SURFACE_STYLE_FILL_AREA(#6215);
#6207=FILL_AREA_STYLE('Steel - Satin',(#6216));
#6208=FILL_AREA_STYLE('Opaque(239,247,255)',(#6217));
#6209=FILL_AREA_STYLE('Opaque(255,237,21)',(#6218));
#6210=FILL_AREA_STYLE('Opaque(191,191,191)',(#6219));
#6211=FILL_AREA_STYLE('Opaque(25,25,25)',(#6220));
#6212=FILL_AREA_STYLE('Opaque(237,206,195)',(#6221));
#6213=FILL_AREA_STYLE('Opaque(229,229,229)',(#6222));
#6214=FILL_AREA_STYLE('Opaque(179,179,179)',(#6223));
#6215=FILL_AREA_STYLE('Opaque(246,246,243)',(#6224));
#6216=FILL_AREA_STYLE_COLOUR('Steel - Satin',#6225);
#6217=FILL_AREA_STYLE_COLOUR('Opaque(239,247,255)',#6226);
#6218=FILL_AREA_STYLE_COLOUR('Opaque(255,237,21)',#6227);
#6219=FILL_AREA_STYLE_COLOUR('Opaque(191,191,191)',#6228);
#6220=FILL_AREA_STYLE_COLOUR('Opaque(25,25,25)',#6229);
#6221=FILL_AREA_STYLE_COLOUR('Opaque(237,206,195)',#6230);
#6222=FILL_AREA_STYLE_COLOUR('Opaque(229,229,229)',#6231);
#6223=FILL_AREA_STYLE_COLOUR('Opaque(179,179,179)',#6232);
#6224=FILL_AREA_STYLE_COLOUR('Opaque(246,246,243)',#6233);
#6225=COLOUR_RGB('Steel - Satin',0.627450980392157,0.627450980392157,0.627450980392157);
#6226=COLOUR_RGB('Opaque(239,247,255)',0.937254901960784,0.968627450980392,
1.);
#6227=COLOUR_RGB('Opaque(255,237,21)',1.,0.929411764705882,0.0823529411764706);
#6228=COLOUR_RGB('Opaque(191,191,191)',0.749019607843137,0.749019607843137,
0.749019607843137);
#6229=COLOUR_RGB('Opaque(25,25,25)',0.0980392156862745,0.0980392156862745,
0.0980392156862745);
#6230=COLOUR_RGB('Opaque(237,206,195)',0.929411764705882,0.807843137254902,
0.764705882352941);
#6231=COLOUR_RGB('Opaque(229,229,229)',0.898039215686275,0.898039215686275,
0.898039215686275);
#6232=COLOUR_RGB('Opaque(179,179,179)',0.701960784313725,0.701960784313725,
0.701960784313725);
#6233=COLOUR_RGB('Opaque(246,246,243)',0.964705882352941,0.964705882352941,
0.952941176470588);
ENDSEC;
END-ISO-10303-21;
